match_id,team,position_bin,central_progression_share,wide_progression_share,outcome,outcome_binary
7480,OL Reign,Center Back,0.5714285714285714,0.42857142857142855,Win,Win
7480,OL Reign,Central Midfield,0.7647058823529411,0.23529411764705882,Win,Win
7480,OL Reign,Fullback,0.18032786885245902,0.819672131147541,Win,Win
7480,OL Reign,Goalkeeper,0.9615384615384616,0.038461538461538464,Win,Win
7480,OL Reign,Striker,0.25,0.75,Win,Win
7480,OL Reign,Wide Forward,0.3333333333333333,0.6666666666666666,Win,Win
7480,Utah Royals,Attacking Midfield,0.42105263157894735,0.5789473684210527,Loss,Non-Win
7480,Utah Royals,Center Back,0.7192982456140351,0.2807017543859649,Loss,Non-Win
7480,Utah Royals,Defensive Midfield,0.7096774193548387,0.2903225806451613,Loss,Non-Win
7480,Utah Royals,Fullback,0.23809523809523808,0.7619047619047619,Loss,Non-Win
7480,Utah Royals,Goalkeeper,1.0,0.0,Loss,Non-Win
7480,Utah Royals,Striker,0.125,0.875,Loss,Non-Win
7480,Utah Royals,Wide Forward,0.5,0.5,Loss,Non-Win
7494,Houston Dash,Attacking Midfield,0.8666666666666667,0.13333333333333333,Loss,Non-Win
7494,Houston Dash,Center Back,0.5510204081632653,0.4489795918367347,Loss,Non-Win
7494,Houston Dash,Central Midfield,0.5833333333333334,0.4166666666666667,Loss,Non-Win
7494,Houston Dash,Defensive Midfield,1.0,0.0,Loss,Non-Win
7494,Houston Dash,Fullback,0.22413793103448276,0.7758620689655172,Loss,Non-Win
7494,Houston Dash,Goalkeeper,0.9545454545454546,0.045454545454545456,Loss,Non-Win
7494,Houston Dash,Striker,0.55,0.45,Loss,Non-Win
7494,Utah Royals,Attacking Midfield,0.6923076923076923,0.3076923076923077,Win,Win
7494,Utah Royals,Center Back,0.7391304347826086,0.2608695652173913,Win,Win
7494,Utah Royals,Central Midfield,0.72,0.28,Win,Win
7494,Utah Royals,Defensive Midfield,0.6615384615384615,0.3384615384615385,Win,Win
7494,Utah Royals,Fullback,0.24528301886792453,0.7547169811320755,Win,Win
7494,Utah Royals,Goalkeeper,1.0,0.0,Win,Win
7494,Utah Royals,Striker,0.42857142857142855,0.5714285714285714,Win,Win
7494,Utah Royals,Wide Forward,0.3333333333333333,0.6666666666666666,Win,Win
7497,Chicago Red Stars,Center Back,0.7948717948717948,0.20512820512820512,Draw,Non-Win
7497,Chicago Red Stars,Central Midfield,0.82,0.18,Draw,Non-Win
7497,Chicago Red Stars,Fullback,0.25,0.75,Draw,Non-Win
7497,Chicago Red Stars,Goalkeeper,0.9473684210526315,0.05263157894736842,Draw,Non-Win
7497,Chicago Red Stars,Striker,0.5769230769230769,0.4230769230769231,Draw,Non-Win
7497,Chicago Red Stars,Wide Forward,0.3235294117647059,0.6764705882352942,Draw,Non-Win
7497,North Carolina Courage,Center Back,0.6521739130434783,0.34782608695652173,Draw,Non-Win
7497,North Carolina Courage,Central Midfield,0.6304347826086957,0.3695652173913043,Draw,Non-Win
7497,North Carolina Courage,Defensive Midfield,0.4375,0.5625,Draw,Non-Win
7497,North Carolina Courage,Fullback,0.19402985074626866,0.8059701492537313,Draw,Non-Win
7497,North Carolina Courage,Goalkeeper,1.0,0.0,Draw,Non-Win
7497,North Carolina Courage,Striker,0.38461538461538464,0.6153846153846154,Draw,Non-Win
7497,North Carolina Courage,Wide Forward,0.6896551724137931,0.3103448275862069,Draw,Non-Win
7521,NJ/NY Gotham FC,Attacking Midfield,0.8181818181818182,0.18181818181818182,Loss,Non-Win
7521,NJ/NY Gotham FC,Center Back,0.5882352941176471,0.4117647058823529,Loss,Non-Win
7521,NJ/NY Gotham FC,Central Midfield,0.6470588235294118,0.35294117647058826,Loss,Non-Win
7521,NJ/NY Gotham FC,Defensive Midfield,1.0,0.0,Loss,Non-Win
7521,NJ/NY Gotham FC,Fullback,0.3333333333333333,0.6666666666666666,Loss,Non-Win
7521,NJ/NY Gotham FC,Goalkeeper,0.8571428571428571,0.14285714285714285,Loss,Non-Win
7521,NJ/NY Gotham FC,Striker,0.375,0.625,Loss,Non-Win
7521,NJ/NY Gotham FC,Wide Forward,0.4444444444444444,0.5555555555555556,Loss,Non-Win
7521,Utah Royals,Attacking Midfield,0.5555555555555556,0.4444444444444444,Win,Win
7521,Utah Royals,Center Back,0.6212121212121212,0.3787878787878788,Win,Win
7521,Utah Royals,Central Midfield,0.5,0.5,Win,Win
7521,Utah Royals,Fullback,0.14583333333333334,0.8541666666666666,Win,Win
7521,Utah Royals,Goalkeeper,0.9333333333333333,0.06666666666666667,Win,Win
7521,Utah Royals,Striker,0.4,0.6,Win,Win
7522,Houston Dash,Attacking Midfield,0.6923076923076923,0.3076923076923077,Draw,Non-Win
7522,Houston Dash,Center Back,0.5853658536585366,0.4146341463414634,Draw,Non-Win
7522,Houston Dash,Defensive Midfield,0.7317073170731707,0.2682926829268293,Draw,Non-Win
7522,Houston Dash,Fullback,0.08333333333333333,0.9166666666666666,Draw,Non-Win
7522,Houston Dash,Goalkeeper,0.9714285714285714,0.02857142857142857,Draw,Non-Win
7522,Houston Dash,Striker,0.6666666666666666,0.3333333333333333,Draw,Non-Win
7522,Houston Dash,Wide Forward,0.4782608695652174,0.5217391304347826,Draw,Non-Win
7522,North Carolina Courage,Center Back,0.6391752577319587,0.36082474226804123,Draw,Non-Win
7522,North Carolina Courage,Defensive Midfield,0.5681818181818182,0.4318181818181818,Draw,Non-Win
7522,North Carolina Courage,Fullback,0.11764705882352941,0.8823529411764706,Draw,Non-Win
7522,North Carolina Courage,Goalkeeper,0.9523809523809523,0.047619047619047616,Draw,Non-Win
7522,North Carolina Courage,Striker,0.3,0.7,Draw,Non-Win
7522,North Carolina Courage,Wide Forward,0.7560975609756098,0.24390243902439024,Draw,Non-Win
7523,OL Reign,Center Back,0.5362318840579711,0.463768115942029,Draw,Non-Win
7523,OL Reign,Central Midfield,0.7142857142857143,0.2857142857142857,Draw,Non-Win
7523,OL Reign,Fullback,0.13846153846153847,0.8615384615384616,Draw,Non-Win
7523,OL Reign,Goalkeeper,1.0,0.0,Draw,Non-Win
7523,OL Reign,Striker,0.4166666666666667,0.5833333333333334,Draw,Non-Win
7523,OL Reign,Wide Forward,0.5161290322580645,0.4838709677419355,Draw,Non-Win
7523,Orlando Pride,Attacking Midfield,0.36666666666666664,0.6333333333333333,Draw,Non-Win
7523,Orlando Pride,Center Back,0.5121951219512195,0.4878048780487805,Draw,Non-Win
7523,Orlando Pride,Defensive Midfield,0.2727272727272727,0.7272727272727273,Draw,Non-Win
7523,Orlando Pride,Fullback,0.15254237288135594,0.847457627118644,Draw,Non-Win
7523,Orlando Pride,Goalkeeper,0.9629629629629629,0.037037037037037035,Draw,Non-Win
7523,Orlando Pride,Striker,0.3076923076923077,0.6923076923076923,Draw,Non-Win
7523,Orlando Pride,Wide Forward,0.1935483870967742,0.8064516129032258,Draw,Non-Win
7524,Houston Dash,Attacking Midfield,0.8,0.2,Win,Win
7524,Houston Dash,Center Back,0.7368421052631579,0.2631578947368421,Win,Win
7524,Houston Dash,Defensive Midfield,0.7142857142857143,0.2857142857142857,Win,Win
7524,Houston Dash,Fullback,0.12727272727272726,0.8727272727272727,Win,Win
7524,Houston Dash,Goalkeeper,1.0,0.0,Win,Win
7524,Houston Dash,Striker,0.5454545454545454,0.45454545454545453,Win,Win
7524,Houston Dash,Wide Forward,0.41935483870967744,0.5806451612903226,Win,Win
7524,Orlando Pride,Center Back,0.6091954022988506,0.39080459770114945,Loss,Non-Win
7524,Orlando Pride,Central Midfield,0.5517241379310345,0.4482758620689655,Loss,Non-Win
7524,Orlando Pride,Defensive Midfield,0.5882352941176471,0.4117647058823529,Loss,Non-Win
7524,Orlando Pride,Fullback,0.41509433962264153,0.5849056603773585,Loss,Non-Win
7524,Orlando Pride,Goalkeeper,0.9090909090909091,0.09090909090909091,Loss,Non-Win
7524,Orlando Pride,Striker,0.625,0.375,Loss,Non-Win
7524,Orlando Pride,Wide Forward,0.3076923076923077,0.6923076923076923,Loss,Non-Win
7549,Iceland,Center Back,0.6829268292682927,0.3170731707317073,Loss,Non-Win
7549,Iceland,Defensive Midfield,0.46511627906976744,0.5348837209302325,Loss,Non-Win
7549,Iceland,Fullback,0.1,0.9,Loss,Non-Win
7549,Iceland,Goalkeeper,0.9565217391304348,0.043478260869565216,Loss,Non-Win
7549,Iceland,Striker,0.6,0.4,Loss,Non-Win
7549,Iceland,Wide Forward,0.45454545454545453,0.5454545454545454,Loss,Non-Win
7549,Nigeria,Attacking Midfield,1.0,0.0,Win,Win
7549,Nigeria,Center Back,0.5443037974683544,0.45569620253164556,Win,Win
7549,Nigeria,Central Midfield,0.6744186046511628,0.32558139534883723,Win,Win
7549,Nigeria,Defensive Midfield,1.0,0.0,Win,Win
7549,Nigeria,Fullback,1.0,0.0,Win,Win
7549,Nigeria,Goalkeeper,1.0,0.0,Win,Win
7549,Nigeria,Striker,0.4117647058823529,0.5882352941176471,Win,Win
7549,Nigeria,Wide Forward,0.14705882352941177,0.8529411764705882,Win,Win
7555,Colombia,Attacking Midfield,0.6052631578947368,0.39473684210526316,Win,Win
7555,Colombia,Center Back,0.6444444444444445,0.35555555555555557,Win,Win
7555,Colombia,Defensive Midfield,0.6875,0.3125,Win,Win
7555,Colombia,Fullback,0.1,0.9,Win,Win
7555,Colombia,Goalkeeper,0.8823529411764706,0.11764705882352941,Win,Win
7555,Colombia,Striker,0.5714285714285714,0.42857142857142855,Win,Win
7555,Colombia,Wide Forward,0.17777777777777778,0.8222222222222222,Win,Win
7555,Poland,Center Back,0.5,0.5,Loss,Non-Win
7555,Poland,Central Midfield,0.7575757575757576,0.24242424242424243,Loss,Non-Win
7555,Poland,Goalkeeper,0.9130434782608695,0.08695652173913043,Loss,Non-Win
7555,Poland,Striker,0.3076923076923077,0.6923076923076923,Loss,Non-Win
7555,Poland,Wide Forward,0.4,0.6,Loss,Non-Win
7557,Iran,Center Back,0.5,0.5,Draw,Non-Win
7557,Iran,Central Midfield,0.5454545454545454,0.45454545454545453,Draw,Non-Win
7557,Iran,Defensive Midfield,0.5714285714285714,0.42857142857142855,Draw,Non-Win
7557,Iran,Fullback,0.08571428571428572,0.9142857142857143,Draw,Non-Win
7557,Iran,Goalkeeper,0.9583333333333334,0.041666666666666664,Draw,Non-Win
7557,Iran,Striker,0.8571428571428571,0.14285714285714285,Draw,Non-Win
7557,Iran,Wide Forward,0.5,0.5,Draw,Non-Win
7557,Portugal,Center Back,0.7636363636363637,0.23636363636363636,Draw,Non-Win
7557,Portugal,Defensive Midfield,0.7534246575342466,0.2465753424657534,Draw,Non-Win
7557,Portugal,Fullback,0.13636363636363635,0.8636363636363636,Draw,Non-Win
7557,Portugal,Goalkeeper,1.0,0.0,Draw,Non-Win
7557,Portugal,Striker,0.3076923076923077,0.6923076923076923,Draw,Non-Win
7557,Portugal,Wide Forward,0.23076923076923078,0.7692307692307693,Draw,Non-Win
7563,Denmark,Center Back,0.5217391304347826,0.4782608695652174,Draw,Non-Win
7563,Denmark,Central Midfield,0.5217391304347826,0.4782608695652174,Draw,Non-Win
7563,Denmark,Defensive Midfield,0.3333333333333333,0.6666666666666666,Draw,Non-Win
7563,Denmark,Fullback,0.13157894736842105,0.868421052631579,Draw,Non-Win
7563,Denmark,Goalkeeper,0.9411764705882353,0.058823529411764705,Draw,Non-Win
7563,Denmark,Striker,0.2727272727272727,0.7272727272727273,Draw,Non-Win
7563,Denmark,Wide Forward,0.4666666666666667,0.5333333333333333,Draw,Non-Win
7563,France,Attacking Midfield,0.625,0.375,Draw,Non-Win
7563,France,Center Back,0.7252747252747253,0.27472527472527475,Draw,Non-Win
7563,France,Defensive Midfield,0.6538461538461539,0.34615384615384615,Draw,Non-Win
7563,France,Fullback,0.10714285714285714,0.8928571428571429,Draw,Non-Win
7563,France,Goalkeeper,0.96,0.04,Draw,Non-Win
7563,France,Striker,0.25,0.75,Draw,Non-Win
7563,France,Wide Forward,0.3181818181818182,0.6818181818181818,Draw,Non-Win
7570,Belgium,Center Back,0.4574468085106383,0.5425531914893617,Win,Win
7570,Belgium,Central Midfield,0.6304347826086957,0.3695652173913043,Win,Win
7570,Belgium,Goalkeeper,0.9655172413793104,0.034482758620689655,Win,Win
7570,Belgium,Striker,1.0,0.0,Win,Win
7570,Belgium,Wide Forward,0.3275862068965517,0.6724137931034483,Win,Win
7570,England,Attacking Midfield,0.6666666666666666,0.3333333333333333,Loss,Non-Win
7570,England,Center Back,0.5384615384615384,0.46153846153846156,Loss,Non-Win
7570,England,Defensive Midfield,0.9047619047619048,0.09523809523809523,Loss,Non-Win
7570,England,Goalkeeper,0.9583333333333334,0.041666666666666664,Loss,Non-Win
7570,England,Striker,0.6428571428571429,0.35714285714285715,Loss,Non-Win
7570,England,Wide Forward,0.18181818181818182,0.8181818181818182,Loss,Non-Win
7571,Colombia,Attacking Midfield,0.45454545454545453,0.5454545454545454,Win,Win
7571,Colombia,Center Back,0.7741935483870968,0.22580645161290322,Win,Win
7571,Colombia,Central Midfield,0.7037037037037037,0.2962962962962963,Win,Win
7571,Colombia,Fullback,0.06521739130434782,0.9347826086956522,Win,Win
7571,Colombia,Goalkeeper,0.9666666666666667,0.03333333333333333,Win,Win
7571,Colombia,Striker,1.0,0.0,Win,Win
7571,Colombia,Wide Forward,0.36585365853658536,0.6341463414634146,Win,Win
7571,Senegal,Center Back,0.5961538461538461,0.40384615384615385,Loss,Non-Win
7571,Senegal,Central Midfield,0.4482758620689655,0.5517241379310345,Loss,Non-Win
7571,Senegal,Fullback,0.1111111111111111,0.8888888888888888,Loss,Non-Win
7571,Senegal,Goalkeeper,0.8235294117647058,0.17647058823529413,Loss,Non-Win
7571,Senegal,Striker,0.6551724137931034,0.3448275862068966,Loss,Non-Win
7571,Senegal,Wide Forward,0.18181818181818182,0.8181818181818182,Loss,Non-Win
7572,Japan,Center Back,0.734375,0.265625,Loss,Non-Win
7572,Japan,Central Midfield,0.6136363636363636,0.38636363636363635,Loss,Non-Win
7572,Japan,Defensive Midfield,0.8571428571428571,0.14285714285714285,Loss,Non-Win
7572,Japan,Fullback,0.14285714285714285,0.8571428571428571,Loss,Non-Win
7572,Japan,Goalkeeper,0.8823529411764706,0.11764705882352941,Loss,Non-Win
7572,Japan,Striker,0.6363636363636364,0.36363636363636365,Loss,Non-Win
7572,Japan,Wide Forward,0.3793103448275862,0.6206896551724138,Loss,Non-Win
7572,Poland,Attacking Midfield,0.5833333333333334,0.4166666666666667,Win,Win
7572,Poland,Center Back,0.5396825396825397,0.4603174603174603,Win,Win
7572,Poland,Defensive Midfield,0.7096774193548387,0.2903225806451613,Win,Win
7572,Poland,Fullback,0.04878048780487805,0.9512195121951219,Win,Win
7572,Poland,Goalkeeper,0.9565217391304348,0.043478260869565216,Win,Win
7572,Poland,Striker,0.7142857142857143,0.2857142857142857,Win,Win
7572,Poland,Wide Forward,0.34375,0.65625,Win,Win
7576,Portugal,Center Back,0.5555555555555556,0.4444444444444444,Draw,Non-Win
7576,Portugal,Central Midfield,0.72,0.28,Draw,Non-Win
7576,Portugal,Fullback,0.1951219512195122,0.8048780487804879,Draw,Non-Win
7576,Portugal,Goalkeeper,0.9615384615384616,0.038461538461538464,Draw,Non-Win
7576,Portugal,Striker,0.4074074074074074,0.5925925925925926,Draw,Non-Win
7576,Portugal,Wide Forward,0.2631578947368421,0.7368421052631579,Draw,Non-Win
7576,Spain,Center Back,0.72,0.28,Draw,Non-Win
7576,Spain,Central Midfield,0.4166666666666667,0.5833333333333334,Draw,Non-Win
7576,Spain,Defensive Midfield,0.7857142857142857,0.21428571428571427,Draw,Non-Win
7576,Spain,Fullback,0.11538461538461539,0.8846153846153846,Draw,Non-Win
7576,Spain,Goalkeeper,1.0,0.0,Draw,Non-Win
7576,Spain,Striker,0.75,0.25,Draw,Non-Win
7576,Spain,Wide Forward,0.358974358974359,0.6410256410256411,Draw,Non-Win
7580,Argentina,Center Back,0.8533333333333334,0.14666666666666667,Loss,Non-Win
7580,Argentina,Central Midfield,0.6346153846153846,0.36538461538461536,Loss,Non-Win
7580,Argentina,Defensive Midfield,0.8,0.2,Loss,Non-Win
7580,Argentina,Fullback,0.17073170731707318,0.8292682926829268,Loss,Non-Win
7580,Argentina,Goalkeeper,0.8461538461538461,0.15384615384615385,Loss,Non-Win
7580,Argentina,Striker,0.3333333333333333,0.6666666666666666,Loss,Non-Win
7580,Argentina,Wide Forward,0.125,0.875,Loss,Non-Win
7580,France,Center Back,0.6595744680851063,0.3404255319148936,Win,Win
7580,France,Defensive Midfield,0.7111111111111111,0.28888888888888886,Win,Win
7580,France,Fullback,0.375,0.625,Win,Win
7580,France,Goalkeeper,0.9230769230769231,0.07692307692307693,Win,Win
7580,France,Striker,0.75,0.25,Win,Win
7580,France,Wide Forward,0.5294117647058824,0.47058823529411764,Win,Win
8649,France,Attacking Midfield,0.6428571428571429,0.35714285714285715,Win,Win
8649,France,Center Back,0.5833333333333334,0.4166666666666667,Win,Win
8649,France,Central Midfield,0.5423728813559322,0.4576271186440678,Win,Win
8649,France,Defensive Midfield,1.0,0.0,Win,Win
8649,France,Fullback,0.10204081632653061,0.8979591836734694,Win,Win
8649,France,Goalkeeper,0.9642857142857143,0.03571428571428571,Win,Win
8649,France,Striker,0.7142857142857143,0.2857142857142857,Win,Win
8649,France,Wide Forward,0.34782608695652173,0.6521739130434783,Win,Win
8649,Uruguay,Attacking Midfield,0.7,0.3,Loss,Non-Win
8649,Uruguay,Center Back,0.6521739130434783,0.34782608695652173,Loss,Non-Win
8649,Uruguay,Central Midfield,0.4864864864864865,0.5135135135135135,Loss,Non-Win
8649,Uruguay,Defensive Midfield,0.5,0.5,Loss,Non-Win
8649,Uruguay,Fullback,0.22857142857142856,0.7714285714285715,Loss,Non-Win
8649,Uruguay,Goalkeeper,1.0,0.0,Loss,Non-Win
8649,Uruguay,Striker,0.6666666666666666,0.3333333333333333,Loss,Non-Win
8649,Uruguay,Wide Forward,0.16666666666666666,0.8333333333333334,Loss,Non-Win
8651,England,Attacking Midfield,0.7391304347826086,0.2608695652173913,Win,Win
8651,England,Center Back,0.5875,0.4125,Win,Win
8651,England,Defensive Midfield,0.7428571428571429,0.2571428571428571,Win,Win
8651,England,Fullback,0.0,1.0,Win,Win
8651,England,Goalkeeper,1.0,0.0,Win,Win
8651,England,Striker,0.5789473684210527,0.42105263157894735,Win,Win
8651,England,Wide Forward,0.1891891891891892,0.8108108108108109,Win,Win
8651,Sweden,Center Back,0.6851851851851852,0.3148148148148148,Loss,Non-Win
8651,Sweden,Central Midfield,0.5862068965517241,0.41379310344827586,Loss,Non-Win
8651,Sweden,Fullback,0.029850746268656716,0.9701492537313433,Loss,Non-Win
8651,Sweden,Goalkeeper,0.9259259259259259,0.07407407407407407,Loss,Non-Win
8651,Sweden,Striker,0.2857142857142857,0.7142857142857143,Loss,Non-Win
8651,Sweden,Wide Forward,0.5357142857142857,0.4642857142857143,Loss,Non-Win
8657,Belgium,Center Back,0.49333333333333335,0.5066666666666667,Win,Win
8657,Belgium,Defensive Midfield,0.7567567567567568,0.24324324324324326,Win,Win
8657,Belgium,Fullback,0.15384615384615385,0.8461538461538461,Win,Win
8657,Belgium,Goalkeeper,0.9545454545454546,0.045454545454545456,Win,Win
8657,Belgium,Striker,0.8333333333333334,0.16666666666666666,Win,Win
8657,Belgium,Wide Forward,0.7321428571428571,0.26785714285714285,Win,Win
8657,England,Center Back,0.725,0.275,Loss,Non-Win
8657,England,Central Midfield,0.5384615384615384,0.46153846153846156,Loss,Non-Win
8657,England,Defensive Midfield,0.84375,0.15625,Loss,Non-Win
8657,England,Fullback,0.20930232558139536,0.7906976744186046,Loss,Non-Win
8657,England,Goalkeeper,1.0,0.0,Loss,Non-Win
8657,England,Striker,0.7368421052631579,0.2631578947368421,Loss,Non-Win
9602,Barcelona,Center Back,0.6333333333333333,0.36666666666666664,Win,Win
9602,Barcelona,Central Midfield,0.7619047619047619,0.23809523809523808,Win,Win
9602,Barcelona,Defensive Midfield,0.9565217391304348,0.043478260869565216,Win,Win
9602,Barcelona,Fullback,0.1891891891891892,0.8108108108108109,Win,Win
9602,Barcelona,Goalkeeper,1.0,0.0,Win,Win
9602,Barcelona,Striker,0.0,1.0,Win,Win
9602,Barcelona,Wide Forward,0.5609756097560976,0.43902439024390244,Win,Win
9602,Getafe,Attacking Midfield,0.4,0.6,Loss,Non-Win
9602,Getafe,Center Back,0.5789473684210527,0.42105263157894735,Loss,Non-Win
9602,Getafe,Defensive Midfield,0.47058823529411764,0.5294117647058824,Loss,Non-Win
9602,Getafe,Fullback,0.17391304347826086,0.8260869565217391,Loss,Non-Win
9602,Getafe,Goalkeeper,0.9393939393939394,0.06060606060606061,Loss,Non-Win
9602,Getafe,Striker,0.4166666666666667,0.5833333333333334,Loss,Non-Win
9602,Getafe,Wide Forward,0.21428571428571427,0.7857142857142857,Loss,Non-Win
9620,Barcelona,Center Back,0.7529411764705882,0.24705882352941178,Win,Win
9620,Barcelona,Defensive Midfield,0.7777777777777778,0.2222222222222222,Win,Win
9620,Barcelona,Fullback,0.125,0.875,Win,Win
9620,Barcelona,Goalkeeper,1.0,0.0,Win,Win
9620,Barcelona,Striker,0.6842105263157895,0.3157894736842105,Win,Win
9620,Barcelona,Wide Forward,0.5454545454545454,0.45454545454545453,Win,Win
9620,Girona,Attacking Midfield,0.7333333333333333,0.26666666666666666,Loss,Non-Win
9620,Girona,Center Back,0.5217391304347826,0.4782608695652174,Loss,Non-Win
9620,Girona,Central Midfield,0.6052631578947368,0.39473684210526316,Loss,Non-Win
9620,Girona,Defensive Midfield,1.0,0.0,Loss,Non-Win
9620,Girona,Fullback,0.17857142857142858,0.8214285714285714,Loss,Non-Win
9620,Girona,Goalkeeper,1.0,0.0,Loss,Non-Win
9620,Girona,Striker,1.0,0.0,Loss,Non-Win
9695,Barcelona,Center Back,0.4807692307692308,0.5192307692307693,Draw,Non-Win
9695,Barcelona,Defensive Midfield,0.875,0.125,Draw,Non-Win
9695,Barcelona,Fullback,0.09523809523809523,0.9047619047619048,Draw,Non-Win
9695,Barcelona,Goalkeeper,1.0,0.0,Draw,Non-Win
9695,Barcelona,Striker,0.74,0.26,Draw,Non-Win
9695,Barcelona,Wide Forward,0.5319148936170213,0.46808510638297873,Draw,Non-Win
9695,Valencia,Center Back,0.3888888888888889,0.6111111111111112,Draw,Non-Win
9695,Valencia,Defensive Midfield,0.7804878048780488,0.21951219512195122,Draw,Non-Win
9695,Valencia,Fullback,0.2926829268292683,0.7073170731707317,Draw,Non-Win
9695,Valencia,Goalkeeper,0.9166666666666666,0.08333333333333333,Draw,Non-Win
9695,Valencia,Striker,0.8,0.2,Draw,Non-Win
9695,Valencia,Wide Forward,0.28,0.72,Draw,Non-Win
9783,Barcelona,Attacking Midfield,0.5714285714285714,0.42857142857142855,Draw,Non-Win
9783,Barcelona,Center Back,0.5084745762711864,0.4915254237288136,Draw,Non-Win
9783,Barcelona,Central Midfield,0.4666666666666667,0.5333333333333333,Draw,Non-Win
9783,Barcelona,Defensive Midfield,0.8620689655172413,0.13793103448275862,Draw,Non-Win
9783,Barcelona,Fullback,0.3409090909090909,0.6590909090909091,Draw,Non-Win
9783,Barcelona,Goalkeeper,0.9545454545454546,0.045454545454545456,Draw,Non-Win
9783,Barcelona,Striker,0.2857142857142857,0.7142857142857143,Draw,Non-Win
9783,Barcelona,Wide Forward,0.6153846153846154,0.38461538461538464,Draw,Non-Win
9783,Espanyol,Center Back,0.6666666666666666,0.3333333333333333,Draw,Non-Win
9783,Espanyol,Defensive Midfield,0.5769230769230769,0.4230769230769231,Draw,Non-Win
9783,Espanyol,Fullback,0.11764705882352941,0.8823529411764706,Draw,Non-Win
9783,Espanyol,Goalkeeper,0.96,0.04,Draw,Non-Win
9783,Espanyol,Striker,0.5,0.5,Draw,Non-Win
9783,Espanyol,Wide Forward,0.23076923076923078,0.7692307692307693,Draw,Non-Win
9827,Barcelona,Center Back,0.62,0.38,Draw,Non-Win
9827,Barcelona,Defensive Midfield,0.803921568627451,0.19607843137254902,Draw,Non-Win
9827,Barcelona,Fullback,0.23076923076923078,0.7692307692307693,Draw,Non-Win
9827,Barcelona,Goalkeeper,1.0,0.0,Draw,Non-Win
9827,Barcelona,Striker,0.8048780487804879,0.1951219512195122,Draw,Non-Win
9827,Barcelona,Wide Forward,0.5609756097560976,0.43902439024390244,Draw,Non-Win
9827,Las Palmas,Attacking Midfield,0.7142857142857143,0.2857142857142857,Draw,Non-Win
9827,Las Palmas,Center Back,0.4838709677419355,0.5161290322580645,Draw,Non-Win
9827,Las Palmas,Defensive Midfield,0.76,0.24,Draw,Non-Win
9827,Las Palmas,Fullback,0.13513513513513514,0.8648648648648649,Draw,Non-Win
9827,Las Palmas,Goalkeeper,0.9375,0.0625,Draw,Non-Win
9827,Las Palmas,Striker,0.1111111111111111,0.8888888888888888,Draw,Non-Win
9827,Las Palmas,Wide Forward,0.3333333333333333,0.6666666666666666,Draw,Non-Win
9889,Barcelona,Attacking Midfield,0.6428571428571429,0.35714285714285715,Draw,Non-Win
9889,Barcelona,Center Back,0.5405405405405406,0.4594594594594595,Draw,Non-Win
9889,Barcelona,Central Midfield,0.6206896551724138,0.3793103448275862,Draw,Non-Win
9889,Barcelona,Defensive Midfield,0.9,0.1,Draw,Non-Win
9889,Barcelona,Fullback,0.2222222222222222,0.7777777777777778,Draw,Non-Win
9889,Barcelona,Goalkeeper,0.9736842105263158,0.02631578947368421,Draw,Non-Win
9889,Barcelona,Striker,0.6666666666666666,0.3333333333333333,Draw,Non-Win
9889,Barcelona,Wide Forward,0.5277777777777778,0.4722222222222222,Draw,Non-Win
9889,Celta Vigo,Center Back,0.3917525773195876,0.6082474226804123,Draw,Non-Win
9889,Celta Vigo,Central Midfield,0.5862068965517241,0.41379310344827586,Draw,Non-Win
9889,Celta Vigo,Defensive Midfield,0.7619047619047619,0.23809523809523808,Draw,Non-Win
9889,Celta Vigo,Fullback,0.0,1.0,Draw,Non-Win
9889,Celta Vigo,Goalkeeper,0.9629629629629629,0.037037037037037035,Draw,Non-Win
9889,Celta Vigo,Striker,0.6521739130434783,0.34782608695652173,Draw,Non-Win
9889,Celta Vigo,Wide Forward,0.2564102564102564,0.7435897435897436,Draw,Non-Win
16073,Atlético Madrid,Center Back,0.8,0.2,Draw,Non-Win
16073,Atlético Madrid,Central Midfield,0.6956521739130435,0.30434782608695654,Draw,Non-Win
16073,Atlético Madrid,Fullback,0.14285714285714285,0.8571428571428571,Draw,Non-Win
16073,Atlético Madrid,Goalkeeper,1.0,0.0,Draw,Non-Win
16073,Atlético Madrid,Striker,0.4782608695652174,0.5217391304347826,Draw,Non-Win
16073,Atlético Madrid,Wide Forward,0.4838709677419355,0.5161290322580645,Draw,Non-Win
16073,Barcelona,Center Back,0.6428571428571429,0.35714285714285715,Draw,Non-Win
16073,Barcelona,Central Midfield,0.8367346938775511,0.16326530612244897,Draw,Non-Win
16073,Barcelona,Fullback,0.1794871794871795,0.8205128205128205,Draw,Non-Win
16073,Barcelona,Goalkeeper,1.0,0.0,Draw,Non-Win
16073,Barcelona,Striker,0.7222222222222222,0.2777777777777778,Draw,Non-Win
16073,Barcelona,Wide Forward,0.5517241379310345,0.4482758620689655,Draw,Non-Win
16079,Barcelona,Center Back,0.84,0.16,Win,Win
16079,Barcelona,Central Midfield,0.5813953488372093,0.4186046511627907,Win,Win
16079,Barcelona,Defensive Midfield,0.84,0.16,Win,Win
16079,Barcelona,Fullback,0.1,0.9,Win,Win
16079,Barcelona,Goalkeeper,1.0,0.0,Win,Win
16079,Barcelona,Striker,0.5833333333333334,0.4166666666666667,Win,Win
16079,Barcelona,Wide Forward,0.3611111111111111,0.6388888888888888,Win,Win
16079,Villarreal,Center Back,0.5,0.5,Loss,Non-Win
16079,Villarreal,Central Midfield,0.6071428571428571,0.39285714285714285,Loss,Non-Win
16079,Villarreal,Defensive Midfield,0.8,0.2,Loss,Non-Win
16079,Villarreal,Fullback,0.12903225806451613,0.8709677419354839,Loss,Non-Win
16079,Villarreal,Goalkeeper,1.0,0.0,Loss,Non-Win
16079,Villarreal,Striker,0.625,0.375,Loss,Non-Win
16079,Villarreal,Wide Forward,0.2222222222222222,0.7777777777777778,Loss,Non-Win
16109,Barcelona,Center Back,0.660377358490566,0.33962264150943394,Win,Win
16109,Barcelona,Central Midfield,0.5862068965517241,0.41379310344827586,Win,Win
16109,Barcelona,Defensive Midfield,0.8214285714285714,0.17857142857142858,Win,Win
16109,Barcelona,Fullback,0.15789473684210525,0.8421052631578947,Win,Win
16109,Barcelona,Goalkeeper,1.0,0.0,Win,Win
16109,Barcelona,Striker,0.5714285714285714,0.42857142857142855,Win,Win
16109,Barcelona,Wide Forward,0.65,0.35,Win,Win
16109,Celta Vigo,Attacking Midfield,1.0,0.0,Loss,Non-Win
16109,Celta Vigo,Center Back,0.7096774193548387,0.2903225806451613,Loss,Non-Win
16109,Celta Vigo,Defensive Midfield,0.7441860465116279,0.2558139534883721,Loss,Non-Win
16109,Celta Vigo,Fullback,0.1388888888888889,0.8611111111111112,Loss,Non-Win
16109,Celta Vigo,Goalkeeper,0.88,0.12,Loss,Non-Win
16109,Celta Vigo,Striker,0.2727272727272727,0.7272727272727273,Loss,Non-Win
16109,Celta Vigo,Wide Forward,0.5,0.5,Loss,Non-Win
16120,Barcelona,Center Back,0.42857142857142855,0.5714285714285714,Win,Win
16120,Barcelona,Central Midfield,0.8181818181818182,0.18181818181818182,Win,Win
16120,Barcelona,Defensive Midfield,0.9696969696969697,0.030303030303030304,Win,Win
16120,Barcelona,Fullback,0.16216216216216217,0.8378378378378378,Win,Win
16120,Barcelona,Goalkeeper,1.0,0.0,Win,Win
16120,Barcelona,Striker,0.3333333333333333,0.6666666666666666,Win,Win
16120,Barcelona,Wide Forward,0.717391304347826,0.2826086956521739,Win,Win
16120,Getafe,Center Back,0.7058823529411765,0.29411764705882354,Loss,Non-Win
16120,Getafe,Defensive Midfield,0.5,0.5,Loss,Non-Win
16120,Getafe,Fullback,0.1956521739130435,0.8043478260869565,Loss,Non-Win
16120,Getafe,Goalkeeper,0.875,0.125,Loss,Non-Win
16120,Getafe,Striker,0.6153846153846154,0.38461538461538464,Loss,Non-Win
16120,Getafe,Wide Forward,0.47619047619047616,0.5238095238095238,Loss,Non-Win
16131,Barcelona,Center Back,0.7638888888888888,0.2361111111111111,Win,Win
16131,Barcelona,Central Midfield,0.6666666666666666,0.3333333333333333,Win,Win
16131,Barcelona,Defensive Midfield,0.8125,0.1875,Win,Win
16131,Barcelona,Fullback,0.1276595744680851,0.8723404255319149,Win,Win
16131,Barcelona,Goalkeeper,1.0,0.0,Win,Win
16131,Barcelona,Striker,0.6842105263157895,0.3157894736842105,Win,Win
16131,Barcelona,Wide Forward,0.5294117647058824,0.47058823529411764,Win,Win
16131,Eibar,Attacking Midfield,0.5714285714285714,0.42857142857142855,Loss,Non-Win
16131,Eibar,Center Back,0.5909090909090909,0.4090909090909091,Loss,Non-Win
16131,Eibar,Defensive Midfield,0.6071428571428571,0.39285714285714285,Loss,Non-Win
16131,Eibar,Fullback,0.13513513513513514,0.8648648648648649,Loss,Non-Win
16131,Eibar,Goalkeeper,0.9545454545454546,0.045454545454545456,Loss,Non-Win
16131,Eibar,Striker,1.0,0.0,Loss,Non-Win
16131,Eibar,Wide Forward,0.29411764705882354,0.7058823529411765,Loss,Non-Win
16196,Barcelona,Center Back,0.6739130434782609,0.32608695652173914,Win,Win
16196,Barcelona,Central Midfield,0.6756756756756757,0.32432432432432434,Win,Win
16196,Barcelona,Defensive Midfield,0.8947368421052632,0.10526315789473684,Win,Win
16196,Barcelona,Fullback,0.25,0.75,Win,Win
16196,Barcelona,Goalkeeper,0.9615384615384616,0.038461538461538464,Win,Win
16196,Barcelona,Striker,0.9,0.1,Win,Win
16196,Barcelona,Wide Forward,0.627906976744186,0.37209302325581395,Win,Win
16196,Real Madrid,Attacking Midfield,0.625,0.375,Loss,Non-Win
16196,Real Madrid,Center Back,0.6341463414634146,0.36585365853658536,Loss,Non-Win
16196,Real Madrid,Central Midfield,0.7213114754098361,0.2786885245901639,Loss,Non-Win
16196,Real Madrid,Defensive Midfield,0.8947368421052632,0.10526315789473684,Loss,Non-Win
16196,Real Madrid,Fullback,0.225,0.775,Loss,Non-Win
16196,Real Madrid,Goalkeeper,0.9473684210526315,0.05263157894736842,Loss,Non-Win
16196,Real Madrid,Striker,0.5714285714285714,0.42857142857142855,Loss,Non-Win
16196,Real Madrid,Wide Forward,0.20689655172413793,0.7931034482758621,Loss,Non-Win
16240,Barcelona,Center Back,0.5,0.5,Draw,Non-Win
16240,Barcelona,Central Midfield,0.7857142857142857,0.21428571428571427,Draw,Non-Win
16240,Barcelona,Defensive Midfield,0.925,0.075,Draw,Non-Win
16240,Barcelona,Fullback,0.12244897959183673,0.8775510204081632,Draw,Non-Win
16240,Barcelona,Goalkeeper,0.95,0.05,Draw,Non-Win
16240,Barcelona,Striker,0.75,0.25,Draw,Non-Win
16240,Barcelona,Wide Forward,0.5116279069767442,0.4883720930232558,Draw,Non-Win
16240,Villarreal,Center Back,0.5,0.5,Draw,Non-Win
16240,Villarreal,Central Midfield,0.7333333333333333,0.26666666666666666,Draw,Non-Win
16240,Villarreal,Defensive Midfield,0.8571428571428571,0.14285714285714285,Draw,Non-Win
16240,Villarreal,Fullback,0.14285714285714285,0.8571428571428571,Draw,Non-Win
16240,Villarreal,Goalkeeper,1.0,0.0,Draw,Non-Win
16240,Villarreal,Striker,0.6,0.4,Draw,Non-Win
16240,Villarreal,Wide Forward,0.42857142857142855,0.5714285714285714,Draw,Non-Win
18235,Bayern Munich,Center Back,0.7951807228915663,0.20481927710843373,Loss,Non-Win
18235,Bayern Munich,Defensive Midfield,0.8348623853211009,0.1651376146788991,Loss,Non-Win
18235,Bayern Munich,Fullback,0.22950819672131148,0.7704918032786885,Loss,Non-Win
18235,Bayern Munich,Goalkeeper,1.0,0.0,Loss,Non-Win
18235,Bayern Munich,Striker,0.5714285714285714,0.42857142857142855,Loss,Non-Win
18235,Bayern Munich,Wide Forward,0.2962962962962963,0.7037037037037037,Loss,Non-Win
18235,Inter Milan,Attacking Midfield,0.75,0.25,Win,Win
18235,Inter Milan,Center Back,0.8333333333333334,0.16666666666666666,Win,Win
18235,Inter Milan,Defensive Midfield,0.8,0.2,Win,Win
18235,Inter Milan,Fullback,0.10344827586206896,0.896551724137931,Win,Win
18235,Inter Milan,Goalkeeper,0.9166666666666666,0.08333333333333333,Win,Win
18235,Inter Milan,Striker,0.5714285714285714,0.42857142857142855,Win,Win
18235,Inter Milan,Wide Forward,0.5652173913043478,0.43478260869565216,Win,Win
18245,Liverpool,Center Back,0.42424242424242425,0.5757575757575758,Loss,Non-Win
18245,Liverpool,Central Midfield,0.4166666666666667,0.5833333333333334,Loss,Non-Win
18245,Liverpool,Defensive Midfield,0.8,0.2,Loss,Non-Win
18245,Liverpool,Fullback,0.024390243902439025,0.975609756097561,Loss,Non-Win
18245,Liverpool,Goalkeeper,1.0,0.0,Loss,Non-Win
18245,Liverpool,Striker,0.4,0.6,Loss,Non-Win
18245,Liverpool,Wide Forward,0.42857142857142855,0.5714285714285714,Loss,Non-Win
18245,Real Madrid,Attacking Midfield,0.125,0.875,Win,Win
18245,Real Madrid,Center Back,0.7230769230769231,0.27692307692307694,Win,Win
18245,Real Madrid,Central Midfield,0.5918367346938775,0.40816326530612246,Win,Win
18245,Real Madrid,Defensive Midfield,0.875,0.125,Win,Win
18245,Real Madrid,Fullback,0.14285714285714285,0.8571428571428571,Win,Win
18245,Real Madrid,Goalkeeper,1.0,0.0,Win,Win
18245,Real Madrid,Striker,0.09090909090909091,0.9090909090909091,Win,Win
18245,Real Madrid,Wide Forward,0.0,1.0,Win,Win
19714,Chelsea FCW,Attacking Midfield,0.5,0.5,Draw,Non-Win
19714,Chelsea FCW,Center Back,0.5106382978723404,0.48936170212765956,Draw,Non-Win
19714,Chelsea FCW,Central Midfield,0.75,0.25,Draw,Non-Win
19714,Chelsea FCW,Defensive Midfield,0.7368421052631579,0.2631578947368421,Draw,Non-Win
19714,Chelsea FCW,Fullback,0.12962962962962962,0.8703703703703703,Draw,Non-Win
19714,Chelsea FCW,Goalkeeper,0.9574468085106383,0.0425531914893617,Draw,Non-Win
19714,Chelsea FCW,Striker,0.4117647058823529,0.5882352941176471,Draw,Non-Win
19714,Chelsea FCW,Wide Forward,0.37037037037037035,0.6296296296296297,Draw,Non-Win
19714,Manchester City WFC,Center Back,0.5903614457831325,0.40963855421686746,Draw,Non-Win
19714,Manchester City WFC,Central Midfield,0.7272727272727273,0.2727272727272727,Draw,Non-Win
19714,Manchester City WFC,Fullback,0.21153846153846154,0.7884615384615384,Draw,Non-Win
19714,Manchester City WFC,Goalkeeper,1.0,0.0,Draw,Non-Win
19714,Manchester City WFC,Striker,0.48,0.52,Draw,Non-Win
19725,Brighton & Hove Albion WFC,Center Back,0.5375,0.4625,Loss,Non-Win
19725,Brighton & Hove Albion WFC,Central Midfield,0.4772727272727273,0.5227272727272727,Loss,Non-Win
19725,Brighton & Hove Albion WFC,Fullback,0.10606060606060606,0.8939393939393939,Loss,Non-Win
19725,Brighton & Hove Albion WFC,Goalkeeper,1.0,0.0,Loss,Non-Win
19725,Brighton & Hove Albion WFC,Striker,0.45454545454545453,0.5454545454545454,Loss,Non-Win
19725,Brighton & Hove Albion WFC,Wide Forward,0.2,0.8,Loss,Non-Win
19725,Liverpool WFC,Center Back,0.4878048780487805,0.5121951219512195,Win,Win
19725,Liverpool WFC,Central Midfield,0.559322033898305,0.4406779661016949,Win,Win
19725,Liverpool WFC,Fullback,0.1111111111111111,0.8888888888888888,Win,Win
19725,Liverpool WFC,Goalkeeper,0.9666666666666667,0.03333333333333333,Win,Win
19725,Liverpool WFC,Striker,0.4,0.6,Win,Win
19725,Liverpool WFC,Wide Forward,0.12121212121212122,0.8787878787878788,Win,Win
19727,Birmingham City WFC,Attacking Midfield,0.2857142857142857,0.7142857142857143,Win,Win
19727,Birmingham City WFC,Center Back,0.42105263157894735,0.5789473684210527,Win,Win
19727,Birmingham City WFC,Defensive Midfield,0.5,0.5,Win,Win
19727,Birmingham City WFC,Fullback,0.17543859649122806,0.8245614035087719,Win,Win
19727,Birmingham City WFC,Goalkeeper,0.9583333333333334,0.041666666666666664,Win,Win
19727,Birmingham City WFC,Striker,0.2727272727272727,0.7272727272727273,Win,Win
19727,Birmingham City WFC,Wide Forward,0.39285714285714285,0.6071428571428571,Win,Win
19727,Reading WFC,Center Back,0.5714285714285714,0.42857142857142855,Loss,Non-Win
19727,Reading WFC,Central Midfield,0.5102040816326531,0.4897959183673469,Loss,Non-Win
19727,Reading WFC,Fullback,0.2542372881355932,0.7457627118644068,Loss,Non-Win
19727,Reading WFC,Goalkeeper,1.0,0.0,Loss,Non-Win
19727,Reading WFC,Striker,0.7142857142857143,0.2857142857142857,Loss,Non-Win
19727,Reading WFC,Wide Forward,0.32,0.68,Loss,Non-Win
19747,Manchester City WFC,Center Back,0.5319148936170213,0.46808510638297873,Draw,Non-Win
19747,Manchester City WFC,Central Midfield,0.45098039215686275,0.5490196078431373,Draw,Non-Win
19747,Manchester City WFC,Defensive Midfield,0.5428571428571428,0.45714285714285713,Draw,Non-Win
19747,Manchester City WFC,Fullback,0.18181818181818182,0.8181818181818182,Draw,Non-Win
19747,Manchester City WFC,Goalkeeper,1.0,0.0,Draw,Non-Win
19747,Manchester City WFC,Striker,1.0,0.0,Draw,Non-Win
19747,Manchester City WFC,Wide Forward,0.35135135135135137,0.6486486486486487,Draw,Non-Win
19747,Reading WFC,Center Back,0.43243243243243246,0.5675675675675675,Draw,Non-Win
19747,Reading WFC,Central Midfield,0.6,0.4,Draw,Non-Win
19747,Reading WFC,Defensive Midfield,0.64,0.36,Draw,Non-Win
19747,Reading WFC,Fullback,0.3829787234042553,0.6170212765957447,Draw,Non-Win
19747,Reading WFC,Goalkeeper,1.0,0.0,Draw,Non-Win
19747,Reading WFC,Striker,0.5555555555555556,0.4444444444444444,Draw,Non-Win
19747,Reading WFC,Wide Forward,0.6666666666666666,0.3333333333333333,Draw,Non-Win
19754,Arsenal WFC,Center Back,0.7299270072992701,0.27007299270072993,Win,Win
19754,Arsenal WFC,Central Midfield,0.7592592592592593,0.24074074074074073,Win,Win
19754,Arsenal WFC,Defensive Midfield,0.7368421052631579,0.2631578947368421,Win,Win
19754,Arsenal WFC,Fullback,0.1232876712328767,0.8767123287671232,Win,Win
19754,Arsenal WFC,Goalkeeper,1.0,0.0,Win,Win
19754,Arsenal WFC,Striker,0.6923076923076923,0.3076923076923077,Win,Win
19754,Arsenal WFC,Wide Forward,0.4090909090909091,0.5909090909090909,Win,Win
19754,Liverpool WFC,Attacking Midfield,0.7142857142857143,0.2857142857142857,Loss,Non-Win
19754,Liverpool WFC,Center Back,0.6470588235294118,0.35294117647058826,Loss,Non-Win
19754,Liverpool WFC,Defensive Midfield,0.6153846153846154,0.38461538461538464,Loss,Non-Win
19754,Liverpool WFC,Fullback,0.046511627906976744,0.9534883720930233,Loss,Non-Win
19754,Liverpool WFC,Goalkeeper,1.0,0.0,Loss,Non-Win
19754,Liverpool WFC,Striker,0.125,0.875,Loss,Non-Win
19754,Liverpool WFC,Wide Forward,0.34782608695652173,0.6521739130434783,Loss,Non-Win
19761,Bristol City WFC,Attacking Midfield,0.38461538461538464,0.6153846153846154,Win,Win
19761,Bristol City WFC,Center Back,0.375,0.625,Win,Win
19761,Bristol City WFC,Central Midfield,0.6206896551724138,0.3793103448275862,Win,Win
19761,Bristol City WFC,Fullback,0.09615384615384616,0.9038461538461539,Win,Win
19761,Bristol City WFC,Goalkeeper,0.9411764705882353,0.058823529411764705,Win,Win
19761,Bristol City WFC,Striker,0.4444444444444444,0.5555555555555556,Win,Win
19761,Bristol City WFC,Wide Forward,0.22727272727272727,0.7727272727272727,Win,Win
19761,Liverpool WFC,Center Back,0.3409090909090909,0.6590909090909091,Loss,Non-Win
19761,Liverpool WFC,Central Midfield,0.5161290322580645,0.4838709677419355,Loss,Non-Win
19761,Liverpool WFC,Defensive Midfield,0.4,0.6,Loss,Non-Win
19761,Liverpool WFC,Fullback,0.18181818181818182,0.8181818181818182,Loss,Non-Win
19761,Liverpool WFC,Goalkeeper,1.0,0.0,Loss,Non-Win
19761,Liverpool WFC,Striker,0.3076923076923077,0.6923076923076923,Loss,Non-Win
19761,Liverpool WFC,Wide Forward,0.16129032258064516,0.8387096774193549,Loss,Non-Win
19763,Birmingham City WFC,Attacking Midfield,0.4444444444444444,0.5555555555555556,Win,Win
19763,Birmingham City WFC,Center Back,0.7777777777777778,0.2222222222222222,Win,Win
19763,Birmingham City WFC,Defensive Midfield,0.8,0.2,Win,Win
19763,Birmingham City WFC,Fullback,0.19230769230769232,0.8076923076923077,Win,Win
19763,Birmingham City WFC,Goalkeeper,1.0,0.0,Win,Win
19763,Birmingham City WFC,Striker,0.5,0.5,Win,Win
19763,Birmingham City WFC,Wide Forward,0.56,0.44,Win,Win
19763,West Ham United LFC,Center Back,0.5362318840579711,0.463768115942029,Loss,Non-Win
19763,West Ham United LFC,Central Midfield,0.7142857142857143,0.2857142857142857,Loss,Non-Win
19763,West Ham United LFC,Fullback,0.20930232558139536,0.7906976744186046,Loss,Non-Win
19763,West Ham United LFC,Goalkeeper,0.9375,0.0625,Loss,Non-Win
19763,West Ham United LFC,Striker,0.3333333333333333,0.6666666666666666,Loss,Non-Win
19763,West Ham United LFC,Wide Forward,0.4090909090909091,0.5909090909090909,Loss,Non-Win
19767,Everton LFC,Attacking Midfield,0.7272727272727273,0.2727272727272727,Loss,Non-Win
19767,Everton LFC,Center Back,0.7741935483870968,0.22580645161290322,Loss,Non-Win
19767,Everton LFC,Defensive Midfield,0.6346153846153846,0.36538461538461536,Loss,Non-Win
19767,Everton LFC,Fullback,0.12987012987012986,0.8701298701298701,Loss,Non-Win
19767,Everton LFC,Goalkeeper,1.0,0.0,Loss,Non-Win
19767,Everton LFC,Striker,0.4444444444444444,0.5555555555555556,Loss,Non-Win
19767,Everton LFC,Wide Forward,0.5333333333333333,0.4666666666666667,Loss,Non-Win
19767,Reading WFC,Attacking Midfield,0.6190476190476191,0.38095238095238093,Win,Win
19767,Reading WFC,Center Back,0.5060240963855421,0.4939759036144578,Win,Win
19767,Reading WFC,Defensive Midfield,0.6666666666666666,0.3333333333333333,Win,Win
19767,Reading WFC,Fullback,0.08823529411764706,0.9117647058823529,Win,Win
19767,Reading WFC,Goalkeeper,1.0,0.0,Win,Win
19767,Reading WFC,Striker,0.5714285714285714,0.42857142857142855,Win,Win
19767,Reading WFC,Wide Forward,0.5789473684210527,0.42105263157894735,Win,Win
19769,Brighton & Hove Albion WFC,Attacking Midfield,0.2,0.8,Loss,Non-Win
19769,Brighton & Hove Albion WFC,Center Back,0.5166666666666667,0.48333333333333334,Loss,Non-Win
19769,Brighton & Hove Albion WFC,Central Midfield,0.6875,0.3125,Loss,Non-Win
19769,Brighton & Hove Albion WFC,Defensive Midfield,0.47368421052631576,0.5263157894736842,Loss,Non-Win
19769,Brighton & Hove Albion WFC,Fullback,0.1774193548387097,0.8225806451612904,Loss,Non-Win
19769,Brighton & Hove Albion WFC,Goalkeeper,0.9615384615384616,0.038461538461538464,Loss,Non-Win
19769,Brighton & Hove Albion WFC,Striker,0.42857142857142855,0.5714285714285714,Loss,Non-Win
19769,Brighton & Hove Albion WFC,Wide Forward,0.35714285714285715,0.6428571428571429,Loss,Non-Win
19769,West Ham United LFC,Center Back,0.43548387096774194,0.5645161290322581,Win,Win
19769,West Ham United LFC,Central Midfield,0.5,0.5,Win,Win
19769,West Ham United LFC,Defensive Midfield,0.8,0.2,Win,Win
19769,West Ham United LFC,Fullback,0.03333333333333333,0.9666666666666667,Win,Win
19769,West Ham United LFC,Goalkeeper,0.9230769230769231,0.07692307692307693,Win,Win
19769,West Ham United LFC,Striker,0.25,0.75,Win,Win
19769,West Ham United LFC,Wide Forward,0.19047619047619047,0.8095238095238095,Win,Win
19770,Arsenal WFC,Attacking Midfield,0.3333333333333333,0.6666666666666666,Loss,Non-Win
19770,Arsenal WFC,Center Back,0.6463414634146342,0.35365853658536583,Loss,Non-Win
19770,Arsenal WFC,Central Midfield,0.6666666666666666,0.3333333333333333,Loss,Non-Win
19770,Arsenal WFC,Defensive Midfield,0.5714285714285714,0.42857142857142855,Loss,Non-Win
19770,Arsenal WFC,Fullback,0.2698412698412698,0.7301587301587301,Loss,Non-Win
19770,Arsenal WFC,Goalkeeper,0.9615384615384616,0.038461538461538464,Loss,Non-Win
19770,Arsenal WFC,Striker,1.0,0.0,Loss,Non-Win
19770,Arsenal WFC,Wide Forward,0.21739130434782608,0.782608695652174,Loss,Non-Win
19770,Manchester City WFC,Attacking Midfield,0.8333333333333334,0.16666666666666666,Win,Win
19770,Manchester City WFC,Center Back,0.6290322580645161,0.3709677419354839,Win,Win
19770,Manchester City WFC,Central Midfield,0.6,0.4,Win,Win
19770,Manchester City WFC,Fullback,0.34146341463414637,0.6585365853658537,Win,Win
19770,Manchester City WFC,Goalkeeper,1.0,0.0,Win,Win
19770,Manchester City WFC,Striker,0.7,0.3,Win,Win
19770,Manchester City WFC,Wide Forward,0.42857142857142855,0.5714285714285714,Win,Win
19774,Bristol City WFC,Attacking Midfield,0.5714285714285714,0.42857142857142855,Win,Win
19774,Bristol City WFC,Center Back,0.7,0.3,Win,Win
19774,Bristol City WFC,Defensive Midfield,0.7777777777777778,0.2222222222222222,Win,Win
19774,Bristol City WFC,Fullback,0.16666666666666666,0.8333333333333334,Win,Win
19774,Bristol City WFC,Goalkeeper,0.9555555555555556,0.044444444444444446,Win,Win
19774,Bristol City WFC,Striker,0.75,0.25,Win,Win
19774,Bristol City WFC,Wide Forward,0.23333333333333334,0.7666666666666667,Win,Win
19774,Everton LFC,Center Back,0.5483870967741935,0.45161290322580644,Loss,Non-Win
19774,Everton LFC,Central Midfield,0.6666666666666666,0.3333333333333333,Loss,Non-Win
19774,Everton LFC,Defensive Midfield,0.6666666666666666,0.3333333333333333,Loss,Non-Win
19774,Everton LFC,Fullback,0.07042253521126761,0.9295774647887324,Loss,Non-Win
19774,Everton LFC,Goalkeeper,1.0,0.0,Loss,Non-Win
19774,Everton LFC,Striker,0.5,0.5,Loss,Non-Win
19774,Everton LFC,Wide Forward,0.1346153846153846,0.8653846153846154,Loss,Non-Win
19782,Birmingham City WFC,Attacking Midfield,0.46153846153846156,0.5384615384615384,Win,Win
19782,Birmingham City WFC,Center Back,0.4,0.6,Win,Win
19782,Birmingham City WFC,Central Midfield,0.8,0.2,Win,Win
19782,Birmingham City WFC,Fullback,0.19696969696969696,0.803030303030303,Win,Win
19782,Birmingham City WFC,Goalkeeper,0.8823529411764706,0.11764705882352941,Win,Win
19782,Birmingham City WFC,Striker,0.4117647058823529,0.5882352941176471,Win,Win
19782,Birmingham City WFC,Wide Forward,0.4166666666666667,0.5833333333333334,Win,Win
19782,Reading WFC,Attacking Midfield,0.7222222222222222,0.2777777777777778,Loss,Non-Win
19782,Reading WFC,Center Back,0.36,0.64,Loss,Non-Win
19782,Reading WFC,Central Midfield,0.5957446808510638,0.40425531914893614,Loss,Non-Win
19782,Reading WFC,Fullback,0.27906976744186046,0.7209302325581395,Loss,Non-Win
19782,Reading WFC,Goalkeeper,0.9259259259259259,0.07407407407407407,Loss,Non-Win
19782,Reading WFC,Striker,0.6153846153846154,0.38461538461538464,Loss,Non-Win
19784,Brighton & Hove Albion WFC,Attacking Midfield,0.5384615384615384,0.46153846153846156,Draw,Non-Win
19784,Brighton & Hove Albion WFC,Center Back,0.3783783783783784,0.6216216216216216,Draw,Non-Win
19784,Brighton & Hove Albion WFC,Central Midfield,0.6363636363636364,0.36363636363636365,Draw,Non-Win
19784,Brighton & Hove Albion WFC,Fullback,0.16455696202531644,0.8354430379746836,Draw,Non-Win
19784,Brighton & Hove Albion WFC,Goalkeeper,1.0,0.0,Draw,Non-Win
19784,Brighton & Hove Albion WFC,Striker,0.125,0.875,Draw,Non-Win
19784,Brighton & Hove Albion WFC,Wide Forward,0.23809523809523808,0.7619047619047619,Draw,Non-Win
19784,Everton LFC,Attacking Midfield,0.5454545454545454,0.45454545454545453,Draw,Non-Win
19784,Everton LFC,Center Back,0.7441860465116279,0.2558139534883721,Draw,Non-Win
19784,Everton LFC,Defensive Midfield,0.45161290322580644,0.5483870967741935,Draw,Non-Win
19784,Everton LFC,Fullback,0.08235294117647059,0.9176470588235294,Draw,Non-Win
19784,Everton LFC,Goalkeeper,1.0,0.0,Draw,Non-Win
19784,Everton LFC,Striker,0.16666666666666666,0.8333333333333334,Draw,Non-Win
19784,Everton LFC,Wide Forward,0.3157894736842105,0.6842105263157895,Draw,Non-Win
19785,Arsenal WFC,Attacking Midfield,0.21052631578947367,0.7894736842105263,Loss,Non-Win
19785,Arsenal WFC,Center Back,0.4318181818181818,0.5681818181818182,Loss,Non-Win
19785,Arsenal WFC,Defensive Midfield,0.475,0.525,Loss,Non-Win
19785,Arsenal WFC,Fullback,0.1509433962264151,0.8490566037735849,Loss,Non-Win
19785,Arsenal WFC,Goalkeeper,1.0,0.0,Loss,Non-Win
19785,Arsenal WFC,Striker,0.7142857142857143,0.2857142857142857,Loss,Non-Win
19785,Arsenal WFC,Wide Forward,0.058823529411764705,0.9411764705882353,Loss,Non-Win
19785,Chelsea FCW,Center Back,0.4225352112676056,0.5774647887323944,Win,Win
19785,Chelsea FCW,Central Midfield,0.4583333333333333,0.5416666666666666,Win,Win
19785,Chelsea FCW,Defensive Midfield,0.4230769230769231,0.5769230769230769,Win,Win
19785,Chelsea FCW,Fullback,0.05172413793103448,0.9482758620689655,Win,Win
19785,Chelsea FCW,Goalkeeper,0.8823529411764706,0.11764705882352941,Win,Win
19785,Chelsea FCW,Striker,0.4444444444444444,0.5555555555555556,Win,Win
19785,Chelsea FCW,Wide Forward,0.4411764705882353,0.5588235294117647,Win,Win
19787,Birmingham City WFC,Center Back,0.5,0.5,Loss,Non-Win
19787,Birmingham City WFC,Central Midfield,0.5434782608695652,0.45652173913043476,Loss,Non-Win
19787,Birmingham City WFC,Defensive Midfield,0.7407407407407407,0.25925925925925924,Loss,Non-Win
19787,Birmingham City WFC,Fullback,0.09259259259259259,0.9074074074074074,Loss,Non-Win
19787,Birmingham City WFC,Goalkeeper,0.9666666666666667,0.03333333333333333,Loss,Non-Win
19787,Birmingham City WFC,Striker,0.3333333333333333,0.6666666666666666,Loss,Non-Win
19787,Birmingham City WFC,Wide Forward,0.5294117647058824,0.47058823529411764,Loss,Non-Win
19787,Bristol City WFC,Center Back,0.5238095238095238,0.47619047619047616,Win,Win
19787,Bristol City WFC,Central Midfield,0.5333333333333333,0.4666666666666667,Win,Win
19787,Bristol City WFC,Defensive Midfield,0.8888888888888888,0.1111111111111111,Win,Win
19787,Bristol City WFC,Fullback,0.11363636363636363,0.8863636363636364,Win,Win
19787,Bristol City WFC,Goalkeeper,0.8974358974358975,0.10256410256410256,Win,Win
19787,Bristol City WFC,Striker,0.0,1.0,Win,Win
19787,Bristol City WFC,Wide Forward,0.2692307692307692,0.7307692307692307,Win,Win
19789,Birmingham City WFC,Attacking Midfield,0.6,0.4,Win,Win
19789,Birmingham City WFC,Center Back,0.5,0.5,Win,Win
19789,Birmingham City WFC,Central Midfield,0.5,0.5,Win,Win
19789,Birmingham City WFC,Fullback,0.13725490196078433,0.8627450980392157,Win,Win
19789,Birmingham City WFC,Goalkeeper,1.0,0.0,Win,Win
19789,Birmingham City WFC,Striker,0.4,0.6,Win,Win
19789,Birmingham City WFC,Wide Forward,0.3181818181818182,0.6818181818181818,Win,Win
19789,Chelsea FCW,Center Back,0.5925925925925926,0.4074074074074074,Loss,Non-Win
19789,Chelsea FCW,Central Midfield,0.5454545454545454,0.45454545454545453,Loss,Non-Win
19789,Chelsea FCW,Defensive Midfield,0.5172413793103449,0.4827586206896552,Loss,Non-Win
19789,Chelsea FCW,Fullback,0.18840579710144928,0.8115942028985508,Loss,Non-Win
19789,Chelsea FCW,Goalkeeper,0.9047619047619048,0.09523809523809523,Loss,Non-Win
19789,Chelsea FCW,Striker,0.5,0.5,Loss,Non-Win
19789,Chelsea FCW,Wide Forward,0.2857142857142857,0.7142857142857143,Loss,Non-Win
19793,Liverpool WFC,Attacking Midfield,0.8235294117647058,0.17647058823529413,Win,Win
19793,Liverpool WFC,Center Back,0.4,0.6,Win,Win
19793,Liverpool WFC,Defensive Midfield,0.5789473684210527,0.42105263157894735,Win,Win
19793,Liverpool WFC,Fullback,0.058823529411764705,0.9411764705882353,Win,Win
19793,Liverpool WFC,Goalkeeper,0.9666666666666667,0.03333333333333333,Win,Win
19793,Liverpool WFC,Striker,0.3076923076923077,0.6923076923076923,Win,Win
19793,Liverpool WFC,Wide Forward,0.3870967741935484,0.6129032258064516,Win,Win
19793,West Ham United LFC,Center Back,0.5795454545454546,0.42045454545454547,Loss,Non-Win
19793,West Ham United LFC,Central Midfield,0.5238095238095238,0.47619047619047616,Loss,Non-Win
19793,West Ham United LFC,Defensive Midfield,0.5,0.5,Loss,Non-Win
19793,West Ham United LFC,Fullback,0.0875,0.9125,Loss,Non-Win
19793,West Ham United LFC,Goalkeeper,0.8787878787878788,0.12121212121212122,Loss,Non-Win
19793,West Ham United LFC,Striker,0.6363636363636364,0.36363636363636365,Loss,Non-Win
19793,West Ham United LFC,Wide Forward,0.25,0.75,Loss,Non-Win
19795,Reading WFC,Center Back,0.47692307692307695,0.5230769230769231,Loss,Non-Win
19795,Reading WFC,Defensive Midfield,0.6444444444444445,0.35555555555555557,Loss,Non-Win
19795,Reading WFC,Fullback,0.18421052631578946,0.8157894736842105,Loss,Non-Win
19795,Reading WFC,Goalkeeper,0.926829268292683,0.07317073170731707,Loss,Non-Win
19795,Reading WFC,Striker,0.5,0.5,Loss,Non-Win
19795,Reading WFC,Wide Forward,0.6,0.4,Loss,Non-Win
19795,West Ham United LFC,Center Back,0.5517241379310345,0.4482758620689655,Win,Win
19795,West Ham United LFC,Central Midfield,0.5,0.5,Win,Win
19795,West Ham United LFC,Defensive Midfield,0.29411764705882354,0.7058823529411765,Win,Win
19795,West Ham United LFC,Fullback,0.14705882352941177,0.8529411764705882,Win,Win
19795,West Ham United LFC,Goalkeeper,0.96875,0.03125,Win,Win
19795,West Ham United LFC,Striker,0.6923076923076923,0.3076923076923077,Win,Win
19795,West Ham United LFC,Wide Forward,0.5294117647058824,0.47058823529411764,Win,Win
19796,Birmingham City WFC,Attacking Midfield,0.6363636363636364,0.36363636363636365,Loss,Non-Win
19796,Birmingham City WFC,Center Back,0.7181818181818181,0.2818181818181818,Loss,Non-Win
19796,Birmingham City WFC,Defensive Midfield,0.65,0.35,Loss,Non-Win
19796,Birmingham City WFC,Fullback,0.2708333333333333,0.7291666666666666,Loss,Non-Win
19796,Birmingham City WFC,Goalkeeper,1.0,0.0,Loss,Non-Win
19796,Birmingham City WFC,Striker,0.5555555555555556,0.4444444444444444,Loss,Non-Win
19796,Birmingham City WFC,Wide Forward,0.15625,0.84375,Loss,Non-Win
19796,Brighton & Hove Albion WFC,Center Back,0.6774193548387096,0.3225806451612903,Win,Win
19796,Brighton & Hove Albion WFC,Defensive Midfield,0.5641025641025641,0.4358974358974359,Win,Win
19796,Brighton & Hove Albion WFC,Fullback,0.0967741935483871,0.9032258064516129,Win,Win
19796,Brighton & Hove Albion WFC,Goalkeeper,0.9722222222222222,0.027777777777777776,Win,Win
19796,Brighton & Hove Albion WFC,Striker,0.42105263157894735,0.5789473684210527,Win,Win
19796,Brighton & Hove Albion WFC,Wide Forward,0.625,0.375,Win,Win
19803,Everton LFC,Attacking Midfield,0.7083333333333334,0.2916666666666667,Win,Win
19803,Everton LFC,Center Back,0.40625,0.59375,Win,Win
19803,Everton LFC,Defensive Midfield,0.6097560975609756,0.3902439024390244,Win,Win
19803,Everton LFC,Fullback,0.15384615384615385,0.8461538461538461,Win,Win
19803,Everton LFC,Goalkeeper,1.0,0.0,Win,Win
19803,Everton LFC,Striker,0.7272727272727273,0.2727272727272727,Win,Win
19803,West Ham United LFC,Center Back,0.5869565217391305,0.41304347826086957,Loss,Non-Win
19803,West Ham United LFC,Central Midfield,0.6060606060606061,0.3939393939393939,Loss,Non-Win
19803,West Ham United LFC,Defensive Midfield,0.8181818181818182,0.18181818181818182,Loss,Non-Win
19803,West Ham United LFC,Fullback,0.11320754716981132,0.8867924528301887,Loss,Non-Win
19803,West Ham United LFC,Goalkeeper,0.9032258064516129,0.0967741935483871,Loss,Non-Win
19803,West Ham United LFC,Striker,0.3076923076923077,0.6923076923076923,Loss,Non-Win
19803,West Ham United LFC,Wide Forward,0.20833333333333334,0.7916666666666666,Loss,Non-Win
19817,Everton LFC,Attacking Midfield,0.5625,0.4375,Win,Win
19817,Everton LFC,Center Back,0.45,0.55,Win,Win
19817,Everton LFC,Central Midfield,0.6521739130434783,0.34782608695652173,Win,Win
19817,Everton LFC,Fullback,0.2,0.8,Win,Win
19817,Everton LFC,Goalkeeper,0.8275862068965517,0.1724137931034483,Win,Win
19817,Everton LFC,Striker,0.8,0.2,Win,Win
19817,Everton LFC,Wide Forward,0.23809523809523808,0.7619047619047619,Win,Win
19817,Reading WFC,Attacking Midfield,0.5652173913043478,0.43478260869565216,Loss,Non-Win
19817,Reading WFC,Center Back,0.5517241379310345,0.4482758620689655,Loss,Non-Win
19817,Reading WFC,Central Midfield,0.5277777777777778,0.4722222222222222,Loss,Non-Win
19817,Reading WFC,Fullback,0.23333333333333334,0.7666666666666667,Loss,Non-Win
19817,Reading WFC,Goalkeeper,0.8695652173913043,0.13043478260869565,Loss,Non-Win
19817,Reading WFC,Striker,0.6666666666666666,0.3333333333333333,Loss,Non-Win
19817,Reading WFC,Wide Forward,0.5161290322580645,0.4838709677419355,Loss,Non-Win
19821,Arsenal WFC,Attacking Midfield,0.46153846153846156,0.5384615384615384,Win,Win
19821,Arsenal WFC,Center Back,0.6666666666666666,0.3333333333333333,Win,Win
19821,Arsenal WFC,Defensive Midfield,0.5,0.5,Win,Win
19821,Arsenal WFC,Fullback,0.11940298507462686,0.8805970149253731,Win,Win
19821,Arsenal WFC,Goalkeeper,1.0,0.0,Win,Win
19821,Arsenal WFC,Striker,0.5384615384615384,0.46153846153846156,Win,Win
19821,Arsenal WFC,Wide Forward,0.36,0.64,Win,Win
19821,Manchester City WFC,Center Back,0.6229508196721312,0.3770491803278688,Loss,Non-Win
19821,Manchester City WFC,Central Midfield,0.5263157894736842,0.47368421052631576,Loss,Non-Win
19821,Manchester City WFC,Defensive Midfield,0.8043478260869565,0.1956521739130435,Loss,Non-Win
19821,Manchester City WFC,Fullback,0.06451612903225806,0.9354838709677419,Loss,Non-Win
19821,Manchester City WFC,Goalkeeper,1.0,0.0,Loss,Non-Win
19821,Manchester City WFC,Striker,0.625,0.375,Loss,Non-Win
19821,Manchester City WFC,Wide Forward,0.3235294117647059,0.6764705882352942,Loss,Non-Win
22912,Liverpool,Center Back,0.7941176470588235,0.20588235294117646,Win,Win
22912,Liverpool,Central Midfield,0.625,0.375,Win,Win
22912,Liverpool,Defensive Midfield,0.8571428571428571,0.14285714285714285,Win,Win
22912,Liverpool,Fullback,0.18571428571428572,0.8142857142857143,Win,Win
22912,Liverpool,Goalkeeper,1.0,0.0,Win,Win
22912,Liverpool,Striker,0.0,1.0,Win,Win
22912,Liverpool,Wide Forward,0.3333333333333333,0.6666666666666666,Win,Win
22912,Tottenham Hotspur,Attacking Midfield,0.4166666666666667,0.5833333333333334,Loss,Non-Win
22912,Tottenham Hotspur,Center Back,0.7413793103448276,0.25862068965517243,Loss,Non-Win
22912,Tottenham Hotspur,Central Midfield,0.6551724137931034,0.3448275862068966,Loss,Non-Win
22912,Tottenham Hotspur,Defensive Midfield,0.7,0.3,Loss,Non-Win
22912,Tottenham Hotspur,Fullback,0.08928571428571429,0.9107142857142857,Loss,Non-Win
22912,Tottenham Hotspur,Goalkeeper,1.0,0.0,Loss,Non-Win
22912,Tottenham Hotspur,Striker,0.6923076923076923,0.3076923076923077,Loss,Non-Win
22912,Tottenham Hotspur,Wide Forward,0.5833333333333334,0.4166666666666667,Loss,Non-Win
22924,Nigeria Women's,Attacking Midfield,0.625,0.375,Loss,Non-Win
22924,Nigeria Women's,Center Back,0.3333333333333333,0.6666666666666666,Loss,Non-Win
22924,Nigeria Women's,Central Midfield,0.5,0.5,Loss,Non-Win
22924,Nigeria Women's,Fullback,0.1774193548387097,0.8225806451612904,Loss,Non-Win
22924,Nigeria Women's,Goalkeeper,0.8947368421052632,0.10526315789473684,Loss,Non-Win
22924,Nigeria Women's,Striker,0.5,0.5,Loss,Non-Win
22924,Nigeria Women's,Wide Forward,0.2619047619047619,0.7380952380952381,Loss,Non-Win
22924,Norway Women's,Center Back,0.6571428571428571,0.34285714285714286,Win,Win
22924,Norway Women's,Central Midfield,0.58,0.42,Win,Win
22924,Norway Women's,Fullback,0.10810810810810811,0.8918918918918919,Win,Win
22924,Norway Women's,Goalkeeper,1.0,0.0,Win,Win
22924,Norway Women's,Striker,0.75,0.25,Win,Win
22924,Norway Women's,Wide Forward,0.5,0.5,Win,Win
22940,Argentina Women's,Center Back,0.625,0.375,Draw,Non-Win
22940,Argentina Women's,Central Midfield,0.375,0.625,Draw,Non-Win
22940,Argentina Women's,Defensive Midfield,0.4444444444444444,0.5555555555555556,Draw,Non-Win
22940,Argentina Women's,Fullback,0.0,1.0,Draw,Non-Win
22940,Argentina Women's,Goalkeeper,1.0,0.0,Draw,Non-Win
22940,Argentina Women's,Striker,0.3,0.7,Draw,Non-Win
22940,Argentina Women's,Wide Forward,0.41935483870967744,0.5806451612903226,Draw,Non-Win
22940,Japan Women's,Center Back,0.822429906542056,0.17757009345794392,Draw,Non-Win
22940,Japan Women's,Central Midfield,0.8333333333333334,0.16666666666666666,Draw,Non-Win
22940,Japan Women's,Fullback,0.12307692307692308,0.8769230769230769,Draw,Non-Win
22940,Japan Women's,Goalkeeper,0.9523809523809523,0.047619047619047616,Draw,Non-Win
22940,Japan Women's,Striker,0.2857142857142857,0.7142857142857143,Draw,Non-Win
22940,Japan Women's,Wide Forward,0.2571428571428571,0.7428571428571429,Draw,Non-Win
22945,Korea Republic Women's,Attacking Midfield,0.43478260869565216,0.5652173913043478,Loss,Non-Win
22945,Korea Republic Women's,Center Back,0.71875,0.28125,Loss,Non-Win
22945,Korea Republic Women's,Central Midfield,0.6229508196721312,0.3770491803278688,Loss,Non-Win
22945,Korea Republic Women's,Defensive Midfield,0.8571428571428571,0.14285714285714285,Loss,Non-Win
22945,Korea Republic Women's,Fullback,0.22727272727272727,0.7727272727272727,Loss,Non-Win
22945,Korea Republic Women's,Goalkeeper,0.9166666666666666,0.08333333333333333,Loss,Non-Win
22945,Korea Republic Women's,Striker,0.5555555555555556,0.4444444444444444,Loss,Non-Win
22945,Korea Republic Women's,Wide Forward,0.35294117647058826,0.6470588235294118,Loss,Non-Win
22945,Nigeria Women's,Center Back,0.75,0.25,Win,Win
22945,Nigeria Women's,Central Midfield,0.7222222222222222,0.2777777777777778,Win,Win
22945,Nigeria Women's,Defensive Midfield,0.8333333333333334,0.16666666666666666,Win,Win
22945,Nigeria Women's,Fullback,0.23255813953488372,0.7674418604651163,Win,Win
22945,Nigeria Women's,Goalkeeper,1.0,0.0,Win,Win
22945,Nigeria Women's,Striker,0.4,0.6,Win,Win
22945,Nigeria Women's,Wide Forward,0.42105263157894735,0.5789473684210527,Win,Win
22981,Korea Republic Women's,Center Back,0.7209302325581395,0.27906976744186046,Loss,Non-Win
22981,Korea Republic Women's,Defensive Midfield,0.5714285714285714,0.42857142857142855,Loss,Non-Win
22981,Korea Republic Women's,Fullback,0.09859154929577464,0.9014084507042254,Loss,Non-Win
22981,Korea Republic Women's,Goalkeeper,1.0,0.0,Loss,Non-Win
22981,Korea Republic Women's,Striker,0.5483870967741935,0.45161290322580644,Loss,Non-Win
22981,Korea Republic Women's,Wide Forward,0.4074074074074074,0.5925925925925926,Loss,Non-Win
22981,Norway Women's,Attacking Midfield,0.6,0.4,Win,Win
22981,Norway Women's,Center Back,0.6808510638297872,0.3191489361702128,Win,Win
22981,Norway Women's,Central Midfield,0.6666666666666666,0.3333333333333333,Win,Win
22981,Norway Women's,Fullback,0.19230769230769232,0.8076923076923077,Win,Win
22981,Norway Women's,Goalkeeper,1.0,0.0,Win,Win
22981,Norway Women's,Striker,0.625,0.375,Win,Win
22981,Norway Women's,Wide Forward,0.8,0.2,Win,Win
68320,Barcelona,Center Back,0.6428571428571429,0.35714285714285715,Win,Win
68320,Barcelona,Central Midfield,0.5,0.5,Win,Win
68320,Barcelona,Defensive Midfield,1.0,0.0,Win,Win
68320,Barcelona,Fullback,0.07692307692307693,0.9230769230769231,Win,Win
68320,Barcelona,Goalkeeper,0.96,0.04,Win,Win
68320,Barcelona,Striker,0.8,0.2,Win,Win
68320,Barcelona,Wide Forward,0.43243243243243246,0.5675675675675675,Win,Win
68320,Villarreal,Attacking Midfield,0.375,0.625,Loss,Non-Win
68320,Villarreal,Center Back,0.5714285714285714,0.42857142857142855,Loss,Non-Win
68320,Villarreal,Central Midfield,0.5853658536585366,0.4146341463414634,Loss,Non-Win
68320,Villarreal,Fullback,0.17073170731707318,0.8292682926829268,Loss,Non-Win
68320,Villarreal,Goalkeeper,0.96,0.04,Loss,Non-Win
68320,Villarreal,Striker,0.5,0.5,Loss,Non-Win
68320,Villarreal,Wide Forward,0.3611111111111111,0.6388888888888888,Loss,Non-Win
68326,Barcelona,Center Back,0.704225352112676,0.29577464788732394,Win,Win
68326,Barcelona,Central Midfield,0.7464788732394366,0.2535211267605634,Win,Win
68326,Barcelona,Defensive Midfield,0.8,0.2,Win,Win
68326,Barcelona,Fullback,0.10416666666666667,0.8958333333333334,Win,Win
68326,Barcelona,Goalkeeper,0.95,0.05,Win,Win
68326,Barcelona,Striker,0.6,0.4,Win,Win
68326,Barcelona,Wide Forward,0.35,0.65,Win,Win
68326,Celta Vigo,Attacking Midfield,0.65,0.35,Loss,Non-Win
68326,Celta Vigo,Center Back,0.6052631578947368,0.39473684210526316,Loss,Non-Win
68326,Celta Vigo,Defensive Midfield,0.7105263157894737,0.2894736842105263,Loss,Non-Win
68326,Celta Vigo,Fullback,0.1836734693877551,0.8163265306122449,Loss,Non-Win
68326,Celta Vigo,Goalkeeper,0.9583333333333334,0.041666666666666664,Loss,Non-Win
68326,Celta Vigo,Striker,0.6,0.4,Loss,Non-Win
68326,Celta Vigo,Wide Forward,0.21951219512195122,0.7804878048780488,Loss,Non-Win
68330,Barcelona,Center Back,0.7377049180327869,0.26229508196721313,Loss,Non-Win
68330,Barcelona,Central Midfield,0.7755102040816326,0.22448979591836735,Loss,Non-Win
68330,Barcelona,Defensive Midfield,0.8461538461538461,0.15384615384615385,Loss,Non-Win
68330,Barcelona,Fullback,0.11428571428571428,0.8857142857142857,Loss,Non-Win
68330,Barcelona,Goalkeeper,0.9166666666666666,0.08333333333333333,Loss,Non-Win
68330,Barcelona,Striker,0.6666666666666666,0.3333333333333333,Loss,Non-Win
68330,Barcelona,Wide Forward,0.5555555555555556,0.4444444444444444,Loss,Non-Win
68330,Real Madrid,Attacking Midfield,0.8076923076923077,0.19230769230769232,Win,Win
68330,Real Madrid,Center Back,0.9166666666666666,0.08333333333333333,Win,Win
68330,Real Madrid,Central Midfield,0.6666666666666666,0.3333333333333333,Win,Win
68330,Real Madrid,Defensive Midfield,0.9333333333333333,0.06666666666666667,Win,Win
68330,Real Madrid,Fullback,0.21428571428571427,0.7857142857142857,Win,Win
68330,Real Madrid,Goalkeeper,1.0,0.0,Win,Win
68330,Real Madrid,Striker,0.5,0.5,Win,Win
68330,Real Madrid,Wide Forward,0.5925925925925926,0.4074074074074074,Win,Win
68331,Barcelona,Center Back,0.6329113924050633,0.3670886075949367,Win,Win
68331,Barcelona,Central Midfield,0.7384615384615385,0.26153846153846155,Win,Win
68331,Barcelona,Defensive Midfield,0.8,0.2,Win,Win
68331,Barcelona,Fullback,0.18518518518518517,0.8148148148148148,Win,Win
68331,Barcelona,Goalkeeper,0.9090909090909091,0.09090909090909091,Win,Win
68331,Barcelona,Striker,0.3,0.7,Win,Win
68331,Barcelona,Wide Forward,0.37142857142857144,0.6285714285714286,Win,Win
68331,Real Zaragoza,Center Back,0.8214285714285714,0.17857142857142858,Loss,Non-Win
68331,Real Zaragoza,Central Midfield,0.65625,0.34375,Loss,Non-Win
68331,Real Zaragoza,Fullback,0.16393442622950818,0.8360655737704918,Loss,Non-Win
68331,Real Zaragoza,Goalkeeper,0.9285714285714286,0.07142857142857142,Loss,Non-Win
68331,Real Zaragoza,Striker,0.5384615384615384,0.46153846153846156,Loss,Non-Win
68331,Real Zaragoza,Wide Forward,0.38095238095238093,0.6190476190476191,Loss,Non-Win
68341,Barcelona,Center Back,0.5882352941176471,0.4117647058823529,Win,Win
68341,Barcelona,Central Midfield,0.6153846153846154,0.38461538461538464,Win,Win
68341,Barcelona,Defensive Midfield,0.7857142857142857,0.21428571428571427,Win,Win
68341,Barcelona,Fullback,0.0847457627118644,0.9152542372881356,Win,Win
68341,Barcelona,Goalkeeper,1.0,0.0,Win,Win
68341,Barcelona,Striker,0.6363636363636364,0.36363636363636365,Win,Win
68341,Barcelona,Wide Forward,0.2857142857142857,0.7142857142857143,Win,Win
68341,Recreativo Huelva,Center Back,0.7317073170731707,0.2682926829268293,Loss,Non-Win
68341,Recreativo Huelva,Defensive Midfield,0.8653846153846154,0.1346153846153846,Loss,Non-Win
68341,Recreativo Huelva,Fullback,0.18181818181818182,0.8181818181818182,Loss,Non-Win
68341,Recreativo Huelva,Goalkeeper,1.0,0.0,Loss,Non-Win
68341,Recreativo Huelva,Striker,0.7222222222222222,0.2777777777777778,Loss,Non-Win
68341,Recreativo Huelva,Wide Forward,0.5714285714285714,0.42857142857142855,Loss,Non-Win
68344,Canada Women's,Attacking Midfield,0.5,0.5,Loss,Non-Win
68344,Canada Women's,Center Back,0.6976744186046512,0.3023255813953488,Loss,Non-Win
68344,Canada Women's,Defensive Midfield,0.7619047619047619,0.23809523809523808,Loss,Non-Win
68344,Canada Women's,Fullback,0.25,0.75,Loss,Non-Win
68344,Canada Women's,Goalkeeper,0.8064516129032258,0.1935483870967742,Loss,Non-Win
68344,Canada Women's,Striker,0.5714285714285714,0.42857142857142855,Loss,Non-Win
68344,Canada Women's,Wide Forward,0.6363636363636364,0.36363636363636365,Loss,Non-Win
68344,Netherlands Women's,Center Back,0.7592592592592593,0.24074074074074073,Win,Win
68344,Netherlands Women's,Central Midfield,0.8,0.2,Win,Win
68344,Netherlands Women's,Defensive Midfield,0.8125,0.1875,Win,Win
68344,Netherlands Women's,Fullback,0.15555555555555556,0.8444444444444444,Win,Win
68344,Netherlands Women's,Goalkeeper,1.0,0.0,Win,Win
68344,Netherlands Women's,Striker,0.5,0.5,Win,Win
68344,Netherlands Women's,Wide Forward,0.3684210526315789,0.631578947368421,Win,Win
69171,Barcelona,Center Back,0.5544554455445545,0.44554455445544555,Win,Win
69171,Barcelona,Central Midfield,0.5652173913043478,0.43478260869565216,Win,Win
69171,Barcelona,Defensive Midfield,0.95,0.05,Win,Win
69171,Barcelona,Fullback,0.22857142857142856,0.7714285714285715,Win,Win
69171,Barcelona,Goalkeeper,1.0,0.0,Win,Win
69171,Barcelona,Striker,0.5555555555555556,0.4444444444444444,Win,Win
69171,Barcelona,Wide Forward,0.46875,0.53125,Win,Win
69171,Sevilla,Attacking Midfield,0.6111111111111112,0.3888888888888889,Loss,Non-Win
69171,Sevilla,Center Back,0.5882352941176471,0.4117647058823529,Loss,Non-Win
69171,Sevilla,Defensive Midfield,0.7,0.3,Loss,Non-Win
69171,Sevilla,Fullback,0.1111111111111111,0.8888888888888888,Loss,Non-Win
69171,Sevilla,Goalkeeper,0.9743589743589743,0.02564102564102564,Loss,Non-Win
69171,Sevilla,Striker,0.5,0.5,Loss,Non-Win
69171,Sevilla,Wide Forward,0.06451612903225806,0.9354838709677419,Loss,Non-Win
69179,Barcelona,Center Back,0.7142857142857143,0.2857142857142857,Loss,Non-Win
69179,Barcelona,Central Midfield,0.6486486486486487,0.35135135135135137,Loss,Non-Win
69179,Barcelona,Defensive Midfield,0.7183098591549296,0.28169014084507044,Loss,Non-Win
69179,Barcelona,Fullback,0.5681818181818182,0.4318181818181818,Loss,Non-Win
69179,Barcelona,Goalkeeper,1.0,0.0,Loss,Non-Win
69179,Barcelona,Striker,0.75,0.25,Loss,Non-Win
69179,Barcelona,Wide Forward,0.5769230769230769,0.4230769230769231,Loss,Non-Win
69179,Real Zaragoza,Center Back,0.6896551724137931,0.3103448275862069,Win,Win
69179,Real Zaragoza,Central Midfield,0.8372093023255814,0.16279069767441862,Win,Win
69179,Real Zaragoza,Defensive Midfield,0.7777777777777778,0.2222222222222222,Win,Win
69179,Real Zaragoza,Fullback,0.23404255319148937,0.7659574468085106,Win,Win
69179,Real Zaragoza,Goalkeeper,0.9333333333333333,0.06666666666666667,Win,Win
69179,Real Zaragoza,Striker,0.6666666666666666,0.3333333333333333,Win,Win
69179,Real Zaragoza,Wide Forward,0.25,0.75,Win,Win
69180,Barcelona,Center Back,0.6626506024096386,0.3373493975903614,Draw,Non-Win
69180,Barcelona,Central Midfield,0.6265060240963856,0.37349397590361444,Draw,Non-Win
69180,Barcelona,Defensive Midfield,0.9259259259259259,0.07407407407407407,Draw,Non-Win
69180,Barcelona,Fullback,0.16666666666666666,0.8333333333333334,Draw,Non-Win
69180,Barcelona,Goalkeeper,1.0,0.0,Draw,Non-Win
69180,Barcelona,Striker,0.4,0.6,Draw,Non-Win
69180,Barcelona,Wide Forward,0.4666666666666667,0.5333333333333333,Draw,Non-Win
69180,Racing Santander,Center Back,0.6666666666666666,0.3333333333333333,Draw,Non-Win
69180,Racing Santander,Central Midfield,0.6,0.4,Draw,Non-Win
69180,Racing Santander,Fullback,0.16363636363636364,0.8363636363636363,Draw,Non-Win
69180,Racing Santander,Goalkeeper,1.0,0.0,Draw,Non-Win
69180,Racing Santander,Striker,0.38461538461538464,0.6153846153846154,Draw,Non-Win
69180,Racing Santander,Wide Forward,0.41935483870967744,0.5806451612903226,Draw,Non-Win
69182,Barcelona,Center Back,0.6893203883495146,0.3106796116504854,Win,Win
69182,Barcelona,Central Midfield,0.8113207547169812,0.18867924528301888,Win,Win
69182,Barcelona,Defensive Midfield,0.8,0.2,Win,Win
69182,Barcelona,Fullback,0.12903225806451613,0.8709677419354839,Win,Win
69182,Barcelona,Goalkeeper,0.8823529411764706,0.11764705882352941,Win,Win
69182,Barcelona,Striker,0.75,0.25,Win,Win
69182,Barcelona,Wide Forward,0.38461538461538464,0.6153846153846154,Win,Win
69182,Real Zaragoza,Center Back,0.8695652173913043,0.13043478260869565,Loss,Non-Win
69182,Real Zaragoza,Defensive Midfield,0.717391304347826,0.2826086956521739,Loss,Non-Win
69182,Real Zaragoza,Fullback,0.13725490196078433,0.8627450980392157,Loss,Non-Win
69182,Real Zaragoza,Goalkeeper,1.0,0.0,Loss,Non-Win
69182,Real Zaragoza,Striker,0.35714285714285715,0.6428571428571429,Loss,Non-Win
69182,Real Zaragoza,Wide Forward,0.37142857142857144,0.6285714285714286,Loss,Non-Win
69191,China PR Women's,Center Back,0.6086956521739131,0.391304347826087,Loss,Non-Win
69191,China PR Women's,Central Midfield,0.5625,0.4375,Loss,Non-Win
69191,China PR Women's,Fullback,0.05454545454545454,0.9454545454545454,Loss,Non-Win
69191,China PR Women's,Goalkeeper,1.0,0.0,Loss,Non-Win
69191,China PR Women's,Striker,0.3888888888888889,0.6111111111111112,Loss,Non-Win
69191,China PR Women's,Wide Forward,0.4722222222222222,0.5277777777777778,Loss,Non-Win
69191,Italy Women's,Attacking Midfield,0.6428571428571429,0.35714285714285715,Win,Win
69191,Italy Women's,Center Back,0.6153846153846154,0.38461538461538464,Win,Win
69191,Italy Women's,Central Midfield,0.3333333333333333,0.6666666666666666,Win,Win
69191,Italy Women's,Defensive Midfield,0.5,0.5,Win,Win
69191,Italy Women's,Fullback,0.14285714285714285,0.8571428571428571,Win,Win
69191,Italy Women's,Goalkeeper,1.0,0.0,Win,Win
69191,Italy Women's,Striker,0.6470588235294118,0.35294117647058826,Win,Win
69191,Italy Women's,Wide Forward,1.0,0.0,Win,Win
69208,Germany Women's,Center Back,0.7169811320754716,0.2830188679245283,Loss,Non-Win
69208,Germany Women's,Central Midfield,0.4716981132075472,0.5283018867924528,Loss,Non-Win
69208,Germany Women's,Fullback,0.16666666666666666,0.8333333333333334,Loss,Non-Win
69208,Germany Women's,Goalkeeper,0.9411764705882353,0.058823529411764705,Loss,Non-Win
69208,Germany Women's,Striker,0.6521739130434783,0.34782608695652173,Loss,Non-Win
69208,Germany Women's,Wide Forward,0.3076923076923077,0.6923076923076923,Loss,Non-Win
69208,Sweden Women's,Attacking Midfield,0.5,0.5,Win,Win
69208,Sweden Women's,Center Back,0.8125,0.1875,Win,Win
69208,Sweden Women's,Defensive Midfield,0.7666666666666667,0.23333333333333334,Win,Win
69208,Sweden Women's,Fullback,0.18518518518518517,0.8148148148148148,Win,Win
69208,Sweden Women's,Goalkeeper,0.9743589743589743,0.02564102564102564,Win,Win
69208,Sweden Women's,Striker,0.8333333333333334,0.16666666666666666,Win,Win
69208,Sweden Women's,Wide Forward,0.2608695652173913,0.7391304347826086,Win,Win
69217,Barcelona,Center Back,0.6326530612244898,0.3673469387755102,Draw,Non-Win
69217,Barcelona,Central Midfield,0.6153846153846154,0.38461538461538464,Draw,Non-Win
69217,Barcelona,Defensive Midfield,0.7777777777777778,0.2222222222222222,Draw,Non-Win
69217,Barcelona,Fullback,0.17721518987341772,0.8227848101265823,Draw,Non-Win
69217,Barcelona,Goalkeeper,0.9333333333333333,0.06666666666666667,Draw,Non-Win
69217,Barcelona,Striker,1.0,0.0,Draw,Non-Win
69217,Barcelona,Wide Forward,0.4186046511627907,0.5813953488372093,Draw,Non-Win
69217,Villarreal,Attacking Midfield,0.7142857142857143,0.2857142857142857,Draw,Non-Win
69217,Villarreal,Center Back,0.6896551724137931,0.3103448275862069,Draw,Non-Win
69217,Villarreal,Central Midfield,0.3488372093023256,0.6511627906976745,Draw,Non-Win
69217,Villarreal,Defensive Midfield,0.8666666666666667,0.13333333333333333,Draw,Non-Win
69217,Villarreal,Fullback,0.2619047619047619,0.7380952380952381,Draw,Non-Win
69217,Villarreal,Goalkeeper,0.9583333333333334,0.041666666666666664,Draw,Non-Win
69217,Villarreal,Striker,0.5,0.5,Draw,Non-Win
69233,Barcelona,Center Back,0.4827586206896552,0.5172413793103449,Win,Win
69233,Barcelona,Central Midfield,0.75,0.25,Win,Win
69233,Barcelona,Defensive Midfield,0.6842105263157895,0.3157894736842105,Win,Win
69233,Barcelona,Fullback,0.024390243902439025,0.975609756097561,Win,Win
69233,Barcelona,Goalkeeper,1.0,0.0,Win,Win
69233,Barcelona,Striker,0.2,0.8,Win,Win
69233,Barcelona,Wide Forward,0.4074074074074074,0.5925925925925926,Win,Win
69233,Racing Santander,Attacking Midfield,0.5,0.5,Loss,Non-Win
69233,Racing Santander,Center Back,0.6585365853658537,0.34146341463414637,Loss,Non-Win
69233,Racing Santander,Central Midfield,0.6818181818181818,0.3181818181818182,Loss,Non-Win
69233,Racing Santander,Fullback,0.21875,0.78125,Loss,Non-Win
69233,Racing Santander,Goalkeeper,0.9655172413793104,0.034482758620689655,Loss,Non-Win
69233,Racing Santander,Striker,0.5384615384615384,0.46153846153846156,Loss,Non-Win
69233,Racing Santander,Wide Forward,0.32,0.68,Loss,Non-Win
69235,Barcelona,Center Back,0.675,0.325,Win,Win
69235,Barcelona,Central Midfield,0.7209302325581395,0.27906976744186046,Win,Win
69235,Barcelona,Defensive Midfield,0.8421052631578947,0.15789473684210525,Win,Win
69235,Barcelona,Fullback,0.13432835820895522,0.8656716417910447,Win,Win
69235,Barcelona,Goalkeeper,1.0,0.0,Win,Win
69235,Barcelona,Striker,0.4,0.6,Win,Win
69235,Barcelona,Wide Forward,0.42105263157894735,0.5789473684210527,Win,Win
69235,Málaga,Attacking Midfield,0.5294117647058824,0.47058823529411764,Loss,Non-Win
69235,Málaga,Center Back,0.5652173913043478,0.43478260869565216,Loss,Non-Win
69235,Málaga,Defensive Midfield,0.8157894736842105,0.18421052631578946,Loss,Non-Win
69235,Málaga,Fullback,0.25,0.75,Loss,Non-Win
69235,Málaga,Goalkeeper,1.0,0.0,Loss,Non-Win
69235,Málaga,Striker,0.3333333333333333,0.6666666666666666,Loss,Non-Win
69235,Málaga,Wide Forward,0.16666666666666666,0.8333333333333334,Loss,Non-Win
69237,Atlético Madrid,Center Back,1.0,0.0,Win,Win
69237,Atlético Madrid,Central Midfield,0.8571428571428571,0.14285714285714285,Win,Win
69237,Atlético Madrid,Fullback,0.23214285714285715,0.7678571428571429,Win,Win
69237,Atlético Madrid,Goalkeeper,1.0,0.0,Win,Win
69237,Atlético Madrid,Striker,0.4411764705882353,0.5588235294117647,Win,Win
69237,Atlético Madrid,Wide Forward,0.425,0.575,Win,Win
69237,Barcelona,Center Back,0.6714285714285714,0.32857142857142857,Loss,Non-Win
69237,Barcelona,Central Midfield,0.7833333333333333,0.21666666666666667,Loss,Non-Win
69237,Barcelona,Defensive Midfield,0.7916666666666666,0.20833333333333334,Loss,Non-Win
69237,Barcelona,Fullback,0.16666666666666666,0.8333333333333334,Loss,Non-Win
69237,Barcelona,Goalkeeper,1.0,0.0,Loss,Non-Win
69237,Barcelona,Striker,0.6666666666666666,0.3333333333333333,Loss,Non-Win
69237,Barcelona,Wide Forward,0.5111111111111111,0.4888888888888889,Loss,Non-Win
69240,Barcelona,Center Back,0.46875,0.53125,Win,Win
69240,Barcelona,Central Midfield,0.6666666666666666,0.3333333333333333,Win,Win
69240,Barcelona,Defensive Midfield,0.7777777777777778,0.2222222222222222,Win,Win
69240,Barcelona,Fullback,0.1935483870967742,0.8064516129032258,Win,Win
69240,Barcelona,Goalkeeper,0.9642857142857143,0.03571428571428571,Win,Win
69240,Barcelona,Striker,0.45454545454545453,0.5454545454545454,Win,Win
69240,Barcelona,Wide Forward,0.56,0.44,Win,Win
69240,Getafe,Attacking Midfield,0.7142857142857143,0.2857142857142857,Loss,Non-Win
69240,Getafe,Center Back,0.4807692307692308,0.5192307692307693,Loss,Non-Win
69240,Getafe,Central Midfield,0.5686274509803921,0.43137254901960786,Loss,Non-Win
69240,Getafe,Fullback,0.15517241379310345,0.8448275862068966,Loss,Non-Win
69240,Getafe,Goalkeeper,0.9473684210526315,0.05263157894736842,Loss,Non-Win
69240,Getafe,Striker,0.625,0.375,Loss,Non-Win
69240,Getafe,Wide Forward,0.25,0.75,Loss,Non-Win
69245,Barcelona,Center Back,0.765625,0.234375,Draw,Non-Win
69245,Barcelona,Central Midfield,0.8333333333333334,0.16666666666666666,Draw,Non-Win
69245,Barcelona,Defensive Midfield,0.8947368421052632,0.10526315789473684,Draw,Non-Win
69245,Barcelona,Fullback,0.2894736842105263,0.7105263157894737,Draw,Non-Win
69245,Barcelona,Goalkeeper,1.0,0.0,Draw,Non-Win
69245,Barcelona,Striker,0.7222222222222222,0.2777777777777778,Draw,Non-Win
69245,Barcelona,Wide Forward,0.7272727272727273,0.2727272727272727,Draw,Non-Win
69245,Real Madrid,Center Back,0.7037037037037037,0.2962962962962963,Draw,Non-Win
69245,Real Madrid,Central Midfield,0.8260869565217391,0.17391304347826086,Draw,Non-Win
69245,Real Madrid,Defensive Midfield,0.6153846153846154,0.38461538461538464,Draw,Non-Win
69245,Real Madrid,Fullback,0.34285714285714286,0.6571428571428571,Draw,Non-Win
69245,Real Madrid,Goalkeeper,0.8214285714285714,0.17857142857142858,Draw,Non-Win
69245,Real Madrid,Striker,0.6666666666666666,0.3333333333333333,Draw,Non-Win
69245,Real Madrid,Wide Forward,0.43478260869565216,0.5652173913043478,Draw,Non-Win
69271,Barcelona,Center Back,0.6164383561643836,0.3835616438356164,Win,Win
69271,Barcelona,Central Midfield,0.5714285714285714,0.42857142857142855,Win,Win
69271,Barcelona,Defensive Midfield,0.8571428571428571,0.14285714285714285,Win,Win
69271,Barcelona,Fullback,0.20270270270270271,0.7972972972972973,Win,Win
69271,Barcelona,Goalkeeper,0.9722222222222222,0.027777777777777776,Win,Win
69271,Barcelona,Striker,0.8,0.2,Win,Win
69271,Barcelona,Wide Forward,0.28125,0.71875,Win,Win
69271,Osasuna,Attacking Midfield,0.3333333333333333,0.6666666666666666,Loss,Non-Win
69271,Osasuna,Center Back,0.5555555555555556,0.4444444444444444,Loss,Non-Win
69271,Osasuna,Defensive Midfield,0.7741935483870968,0.22580645161290322,Loss,Non-Win
69271,Osasuna,Fullback,0.109375,0.890625,Loss,Non-Win
69271,Osasuna,Goalkeeper,0.8181818181818182,0.18181818181818182,Loss,Non-Win
69271,Osasuna,Striker,0.375,0.625,Loss,Non-Win
69271,Osasuna,Wide Forward,0.34782608695652173,0.6521739130434783,Loss,Non-Win
69272,Barcelona,Center Back,0.8303571428571429,0.16964285714285715,Draw,Non-Win
69272,Barcelona,Central Midfield,0.7681159420289855,0.2318840579710145,Draw,Non-Win
69272,Barcelona,Defensive Midfield,0.9661016949152542,0.03389830508474576,Draw,Non-Win
69272,Barcelona,Fullback,0.18181818181818182,0.8181818181818182,Draw,Non-Win
69272,Barcelona,Goalkeeper,1.0,0.0,Draw,Non-Win
69272,Barcelona,Striker,0.4,0.6,Draw,Non-Win
69272,Barcelona,Wide Forward,0.6470588235294118,0.35294117647058826,Draw,Non-Win
69272,Levante UD,Center Back,0.75,0.25,Draw,Non-Win
69272,Levante UD,Central Midfield,0.8076923076923077,0.19230769230769232,Draw,Non-Win
69272,Levante UD,Defensive Midfield,0.5714285714285714,0.42857142857142855,Draw,Non-Win
69272,Levante UD,Fullback,0.10714285714285714,0.8928571428571429,Draw,Non-Win
69272,Levante UD,Goalkeeper,0.8571428571428571,0.14285714285714285,Draw,Non-Win
69272,Levante UD,Striker,0.0,1.0,Draw,Non-Win
69272,Levante UD,Wide Forward,0.3,0.7,Draw,Non-Win
69280,Barcelona,Center Back,0.5157894736842106,0.4842105263157895,Win,Win
69280,Barcelona,Central Midfield,0.7368421052631579,0.2631578947368421,Win,Win
69280,Barcelona,Defensive Midfield,0.925,0.075,Win,Win
69280,Barcelona,Fullback,0.22033898305084745,0.7796610169491526,Win,Win
69280,Barcelona,Goalkeeper,1.0,0.0,Win,Win
69280,Barcelona,Striker,0.7419354838709677,0.25806451612903225,Win,Win
69280,Barcelona,Wide Forward,0.5,0.5,Win,Win
69280,RC Deportivo La Coruña,Attacking Midfield,0.75,0.25,Loss,Non-Win
69280,RC Deportivo La Coruña,Center Back,0.5666666666666667,0.43333333333333335,Loss,Non-Win
69280,RC Deportivo La Coruña,Defensive Midfield,0.7142857142857143,0.2857142857142857,Loss,Non-Win
69280,RC Deportivo La Coruña,Fullback,0.13333333333333333,0.8666666666666667,Loss,Non-Win
69280,RC Deportivo La Coruña,Goalkeeper,0.9545454545454546,0.045454545454545456,Loss,Non-Win
69280,RC Deportivo La Coruña,Striker,0.5,0.5,Loss,Non-Win
69280,RC Deportivo La Coruña,Wide Forward,0.38461538461538464,0.6153846153846154,Loss,Non-Win
69286,Barcelona,Center Back,0.5466666666666666,0.4533333333333333,Win,Win
69286,Barcelona,Central Midfield,0.6666666666666666,0.3333333333333333,Win,Win
69286,Barcelona,Defensive Midfield,0.8125,0.1875,Win,Win
69286,Barcelona,Fullback,0.20408163265306123,0.7959183673469388,Win,Win
69286,Barcelona,Goalkeeper,0.9473684210526315,0.05263157894736842,Win,Win
69286,Barcelona,Striker,0.7,0.3,Win,Win
69286,Barcelona,Wide Forward,0.6756756756756757,0.32432432432432434,Win,Win
69286,Racing Santander,Center Back,0.6857142857142857,0.3142857142857143,Loss,Non-Win
69286,Racing Santander,Defensive Midfield,0.7027027027027027,0.2972972972972973,Loss,Non-Win
69286,Racing Santander,Fullback,0.06521739130434782,0.9347826086956522,Loss,Non-Win
69286,Racing Santander,Goalkeeper,0.9666666666666667,0.03333333333333333,Loss,Non-Win
69286,Racing Santander,Striker,0.5,0.5,Loss,Non-Win
69286,Racing Santander,Wide Forward,0.2962962962962963,0.7037037037037037,Loss,Non-Win
69287,Barcelona,Attacking Midfield,0.8333333333333334,0.16666666666666666,Loss,Non-Win
69287,Barcelona,Center Back,0.71875,0.28125,Loss,Non-Win
69287,Barcelona,Central Midfield,0.734375,0.265625,Loss,Non-Win
69287,Barcelona,Defensive Midfield,0.8611111111111112,0.1388888888888889,Loss,Non-Win
69287,Barcelona,Fullback,0.25274725274725274,0.7472527472527473,Loss,Non-Win
69287,Barcelona,Goalkeeper,1.0,0.0,Loss,Non-Win
69287,Barcelona,Striker,0.25,0.75,Loss,Non-Win
69287,Barcelona,Wide Forward,0.2,0.8,Loss,Non-Win
69287,Hércules,Attacking Midfield,0.5714285714285714,0.42857142857142855,Win,Win
69287,Hércules,Center Back,0.6666666666666666,0.3333333333333333,Win,Win
69287,Hércules,Central Midfield,0.8181818181818182,0.18181818181818182,Win,Win
69287,Hércules,Fullback,0.08888888888888889,0.9111111111111111,Win,Win
69287,Hércules,Goalkeeper,1.0,0.0,Win,Win
69287,Hércules,Striker,1.0,0.0,Win,Win
69287,Hércules,Wide Forward,0.34615384615384615,0.6538461538461539,Win,Win
69292,Atlético Madrid,Attacking Midfield,0.5294117647058824,0.47058823529411764,Loss,Non-Win
69292,Atlético Madrid,Center Back,0.5789473684210527,0.42105263157894735,Loss,Non-Win
69292,Atlético Madrid,Central Midfield,0.5185185185185185,0.48148148148148145,Loss,Non-Win
69292,Atlético Madrid,Defensive Midfield,0.6923076923076923,0.3076923076923077,Loss,Non-Win
69292,Atlético Madrid,Fullback,0.21951219512195122,0.7804878048780488,Loss,Non-Win
69292,Atlético Madrid,Goalkeeper,0.9714285714285714,0.02857142857142857,Loss,Non-Win
69292,Atlético Madrid,Striker,0.6333333333333333,0.36666666666666664,Loss,Non-Win
69292,Barcelona,Center Back,0.5972222222222222,0.4027777777777778,Win,Win
69292,Barcelona,Central Midfield,0.625,0.375,Win,Win
69292,Barcelona,Defensive Midfield,0.8125,0.1875,Win,Win
69292,Barcelona,Fullback,0.15555555555555556,0.8444444444444444,Win,Win
69292,Barcelona,Goalkeeper,1.0,0.0,Win,Win
69292,Barcelona,Striker,0.42857142857142855,0.5714285714285714,Win,Win
69292,Barcelona,Wide Forward,0.4,0.6,Win,Win
69301,England Women's,Center Back,0.703125,0.296875,Loss,Non-Win
69301,England Women's,Central Midfield,0.5384615384615384,0.46153846153846156,Loss,Non-Win
69301,England Women's,Defensive Midfield,0.8095238095238095,0.19047619047619047,Loss,Non-Win
69301,England Women's,Fullback,0.10526315789473684,0.8947368421052632,Loss,Non-Win
69301,England Women's,Goalkeeper,0.8636363636363636,0.13636363636363635,Loss,Non-Win
69301,England Women's,Striker,0.0,1.0,Loss,Non-Win
69301,England Women's,Wide Forward,0.4864864864864865,0.5135135135135135,Loss,Non-Win
69301,Sweden Women's,Attacking Midfield,0.3076923076923077,0.6923076923076923,Win,Win
69301,Sweden Women's,Center Back,0.6363636363636364,0.36363636363636365,Win,Win
69301,Sweden Women's,Central Midfield,0.5,0.5,Win,Win
69301,Sweden Women's,Defensive Midfield,0.6818181818181818,0.3181818181818182,Win,Win
69301,Sweden Women's,Fullback,0.0975609756097561,0.9024390243902439,Win,Win
69301,Sweden Women's,Goalkeeper,0.9375,0.0625,Win,Win
69301,Sweden Women's,Striker,0.4,0.6,Win,Win
69301,Sweden Women's,Wide Forward,0.19444444444444445,0.8055555555555556,Win,Win
69304,Barcelona,Center Back,0.5223880597014925,0.47761194029850745,Win,Win
69304,Barcelona,Central Midfield,0.7288135593220338,0.2711864406779661,Win,Win
69304,Barcelona,Defensive Midfield,0.8717948717948718,0.1282051282051282,Win,Win
69304,Barcelona,Fullback,0.22388059701492538,0.7761194029850746,Win,Win
69304,Barcelona,Goalkeeper,1.0,0.0,Win,Win
69304,Barcelona,Striker,0.8181818181818182,0.18181818181818182,Win,Win
69304,Barcelona,Wide Forward,0.6190476190476191,0.38095238095238093,Win,Win
69304,Villarreal,Attacking Midfield,0.5454545454545454,0.45454545454545453,Loss,Non-Win
69304,Villarreal,Center Back,0.7916666666666666,0.20833333333333334,Loss,Non-Win
69304,Villarreal,Defensive Midfield,0.5526315789473685,0.4473684210526316,Loss,Non-Win
69304,Villarreal,Fullback,0.10909090909090909,0.8909090909090909,Loss,Non-Win
69304,Villarreal,Goalkeeper,1.0,0.0,Loss,Non-Win
69304,Villarreal,Striker,0.5555555555555556,0.4444444444444444,Loss,Non-Win
69304,Villarreal,Wide Forward,0.32,0.68,Loss,Non-Win
69319,Barcelona,Center Back,0.8387096774193549,0.16129032258064516,Draw,Non-Win
69319,Barcelona,Central Midfield,0.7457627118644068,0.2542372881355932,Draw,Non-Win
69319,Barcelona,Defensive Midfield,0.8095238095238095,0.19047619047619047,Draw,Non-Win
69319,Barcelona,Fullback,0.17391304347826086,0.8260869565217391,Draw,Non-Win
69319,Barcelona,Goalkeeper,1.0,0.0,Draw,Non-Win
69319,Barcelona,Striker,0.8333333333333334,0.16666666666666666,Draw,Non-Win
69319,Barcelona,Wide Forward,0.2857142857142857,0.7142857142857143,Draw,Non-Win
69319,Real Betis,Center Back,0.5588235294117647,0.4411764705882353,Draw,Non-Win
69319,Real Betis,Central Midfield,0.7,0.3,Draw,Non-Win
69319,Real Betis,Fullback,0.17391304347826086,0.8260869565217391,Draw,Non-Win
69319,Real Betis,Goalkeeper,0.9473684210526315,0.05263157894736842,Draw,Non-Win
69319,Real Betis,Striker,0.64,0.36,Draw,Non-Win
69319,Real Betis,Wide Forward,0.21212121212121213,0.7878787878787878,Draw,Non-Win
70287,Barcelona,Center Back,0.5217391304347826,0.4782608695652174,Loss,Non-Win
70287,Barcelona,Central Midfield,0.8163265306122449,0.1836734693877551,Loss,Non-Win
70287,Barcelona,Defensive Midfield,0.75,0.25,Loss,Non-Win
70287,Barcelona,Fullback,0.3181818181818182,0.6818181818181818,Loss,Non-Win
70287,Barcelona,Goalkeeper,1.0,0.0,Loss,Non-Win
70287,Barcelona,Striker,0.7692307692307693,0.23076923076923078,Loss,Non-Win
70287,Barcelona,Wide Forward,0.5714285714285714,0.42857142857142855,Loss,Non-Win
70287,Real Sociedad,Attacking Midfield,0.7692307692307693,0.23076923076923078,Win,Win
70287,Real Sociedad,Center Back,0.78125,0.21875,Win,Win
70287,Real Sociedad,Defensive Midfield,0.631578947368421,0.3684210526315789,Win,Win
70287,Real Sociedad,Fullback,0.175,0.825,Win,Win
70287,Real Sociedad,Goalkeeper,0.875,0.125,Win,Win
70287,Real Sociedad,Striker,0.5,0.5,Win,Win
70287,Real Sociedad,Wide Forward,0.35714285714285715,0.6428571428571429,Win,Win
70296,Atlético Madrid,Attacking Midfield,0.4,0.6,Loss,Non-Win
70296,Atlético Madrid,Center Back,0.7083333333333334,0.2916666666666667,Loss,Non-Win
70296,Atlético Madrid,Defensive Midfield,0.5,0.5,Loss,Non-Win
70296,Atlético Madrid,Fullback,0.1388888888888889,0.8611111111111112,Loss,Non-Win
70296,Atlético Madrid,Goalkeeper,1.0,0.0,Loss,Non-Win
70296,Atlético Madrid,Striker,0.5,0.5,Loss,Non-Win
70296,Atlético Madrid,Wide Forward,0.5454545454545454,0.45454545454545453,Loss,Non-Win
70296,Barcelona,Center Back,0.6785714285714286,0.32142857142857145,Win,Win
70296,Barcelona,Central Midfield,0.5333333333333333,0.4666666666666667,Win,Win
70296,Barcelona,Defensive Midfield,0.7894736842105263,0.21052631578947367,Win,Win
70296,Barcelona,Fullback,0.1794871794871795,0.8205128205128205,Win,Win
70296,Barcelona,Goalkeeper,1.0,0.0,Win,Win
70296,Barcelona,Striker,0.7647058823529411,0.23529411764705882,Win,Win
70296,Barcelona,Wide Forward,0.21739130434782608,0.782608695652174,Win,Win
70300,Barcelona,Center Back,0.8333333333333334,0.16666666666666666,Draw,Non-Win
70300,Barcelona,Central Midfield,0.8181818181818182,0.18181818181818182,Draw,Non-Win
70300,Barcelona,Defensive Midfield,0.8571428571428571,0.14285714285714285,Draw,Non-Win
70300,Barcelona,Fullback,0.13043478260869565,0.8695652173913043,Draw,Non-Win
70300,Barcelona,Goalkeeper,1.0,0.0,Draw,Non-Win
70300,Barcelona,Striker,0.8571428571428571,0.14285714285714285,Draw,Non-Win
70300,Barcelona,Wide Forward,0.4,0.6,Draw,Non-Win
70300,Real Madrid,Attacking Midfield,0.7647058823529411,0.23529411764705882,Draw,Non-Win
70300,Real Madrid,Center Back,0.6060606060606061,0.3939393939393939,Draw,Non-Win
70300,Real Madrid,Central Midfield,0.6363636363636364,0.36363636363636365,Draw,Non-Win
70300,Real Madrid,Fullback,0.27586206896551724,0.7241379310344828,Draw,Non-Win
70300,Real Madrid,Goalkeeper,1.0,0.0,Draw,Non-Win
70300,Real Madrid,Striker,0.5,0.5,Draw,Non-Win
70300,Real Madrid,Wide Forward,0.24,0.76,Draw,Non-Win
70304,Barcelona,Attacking Midfield,1.0,0.0,Win,Win
70304,Barcelona,Center Back,0.6338028169014085,0.36619718309859156,Win,Win
70304,Barcelona,Central Midfield,0.8636363636363636,0.13636363636363635,Win,Win
70304,Barcelona,Defensive Midfield,0.9130434782608695,0.08695652173913043,Win,Win
70304,Barcelona,Fullback,0.21428571428571427,0.7857142857142857,Win,Win
70304,Barcelona,Goalkeeper,0.9565217391304348,0.043478260869565216,Win,Win
70304,Barcelona,Striker,0.9375,0.0625,Win,Win
70304,Barcelona,Wide Forward,0.5,0.5,Win,Win
70304,RC Deportivo La Coruña,Attacking Midfield,0.6666666666666666,0.3333333333333333,Loss,Non-Win
70304,RC Deportivo La Coruña,Center Back,0.8518518518518519,0.14814814814814814,Loss,Non-Win
70304,RC Deportivo La Coruña,Central Midfield,0.8064516129032258,0.1935483870967742,Loss,Non-Win
70304,RC Deportivo La Coruña,Fullback,0.15384615384615385,0.8461538461538461,Loss,Non-Win
70304,RC Deportivo La Coruña,Goalkeeper,1.0,0.0,Loss,Non-Win
70304,RC Deportivo La Coruña,Striker,0.5,0.5,Loss,Non-Win
70304,RC Deportivo La Coruña,Wide Forward,0.3448275862068966,0.6551724137931034,Loss,Non-Win
70309,Barcelona,Center Back,0.7166666666666667,0.2833333333333333,Win,Win
70309,Barcelona,Central Midfield,0.7586206896551724,0.2413793103448276,Win,Win
70309,Barcelona,Defensive Midfield,0.9333333333333333,0.06666666666666667,Win,Win
70309,Barcelona,Fullback,0.07894736842105263,0.9210526315789473,Win,Win
70309,Barcelona,Goalkeeper,0.92,0.08,Win,Win
70309,Barcelona,Striker,0.9090909090909091,0.09090909090909091,Win,Win
70309,Barcelona,Wide Forward,0.5135135135135135,0.4864864864864865,Win,Win
70309,Real Zaragoza,Attacking Midfield,0.42857142857142855,0.5714285714285714,Loss,Non-Win
70309,Real Zaragoza,Center Back,0.7037037037037037,0.2962962962962963,Loss,Non-Win
70309,Real Zaragoza,Defensive Midfield,0.7209302325581395,0.27906976744186046,Loss,Non-Win
70309,Real Zaragoza,Fullback,0.21212121212121213,0.7878787878787878,Loss,Non-Win
70309,Real Zaragoza,Goalkeeper,0.9629629629629629,0.037037037037037035,Loss,Non-Win
70309,Real Zaragoza,Striker,0.2727272727272727,0.7272727272727273,Loss,Non-Win
70309,Real Zaragoza,Wide Forward,0.20833333333333334,0.7916666666666666,Loss,Non-Win
265830,Atlético Madrid,Center Back,0.7142857142857143,0.2857142857142857,Draw,Non-Win
265830,Atlético Madrid,Central Midfield,0.475,0.525,Draw,Non-Win
265830,Atlético Madrid,Fullback,0.058823529411764705,0.9411764705882353,Draw,Non-Win
265830,Atlético Madrid,Goalkeeper,0.9629629629629629,0.037037037037037035,Draw,Non-Win
265830,Atlético Madrid,Striker,0.6,0.4,Draw,Non-Win
265830,Atlético Madrid,Wide Forward,0.29411764705882354,0.7058823529411765,Draw,Non-Win
265830,Barcelona,Attacking Midfield,0.5454545454545454,0.45454545454545453,Draw,Non-Win
265830,Barcelona,Center Back,0.8113207547169812,0.18867924528301888,Draw,Non-Win
265830,Barcelona,Central Midfield,0.7333333333333333,0.26666666666666666,Draw,Non-Win
265830,Barcelona,Defensive Midfield,0.9444444444444444,0.05555555555555555,Draw,Non-Win
265830,Barcelona,Fullback,0.4423076923076923,0.5576923076923077,Draw,Non-Win
265830,Barcelona,Goalkeeper,0.9615384615384616,0.038461538461538464,Draw,Non-Win
265830,Barcelona,Striker,0.29411764705882354,0.7058823529411765,Draw,Non-Win
265830,Barcelona,Wide Forward,0.0,1.0,Draw,Non-Win
266160,Barcelona,Center Back,0.6808510638297872,0.3191489361702128,Win,Win
266160,Barcelona,Central Midfield,0.6507936507936508,0.3492063492063492,Win,Win
266160,Barcelona,Defensive Midfield,0.6666666666666666,0.3333333333333333,Win,Win
266160,Barcelona,Fullback,0.16923076923076924,0.8307692307692308,Win,Win
266160,Barcelona,Goalkeeper,0.9166666666666666,0.08333333333333333,Win,Win
266160,Barcelona,Striker,0.75,0.25,Win,Win
266160,Barcelona,Wide Forward,0.44680851063829785,0.5531914893617021,Win,Win
266160,Levante UD,Center Back,0.6296296296296297,0.37037037037037035,Loss,Non-Win
266160,Levante UD,Central Midfield,0.6060606060606061,0.3939393939393939,Loss,Non-Win
266160,Levante UD,Defensive Midfield,0.4,0.6,Loss,Non-Win
266160,Levante UD,Fullback,0.19047619047619047,0.8095238095238095,Loss,Non-Win
266160,Levante UD,Goalkeeper,1.0,0.0,Loss,Non-Win
266160,Levante UD,Striker,1.0,0.0,Loss,Non-Win
266160,Levante UD,Wide Forward,0.35,0.65,Loss,Non-Win
266256,Atlético Madrid,Center Back,0.6818181818181818,0.3181818181818182,Draw,Non-Win
266256,Atlético Madrid,Defensive Midfield,0.47619047619047616,0.5238095238095238,Draw,Non-Win
266256,Atlético Madrid,Fullback,0.06896551724137931,0.9310344827586207,Draw,Non-Win
266256,Atlético Madrid,Goalkeeper,1.0,0.0,Draw,Non-Win
266256,Atlético Madrid,Striker,0.42105263157894735,0.5789473684210527,Draw,Non-Win
266256,Atlético Madrid,Wide Forward,0.37142857142857144,0.6285714285714286,Draw,Non-Win
266256,Barcelona,Attacking Midfield,0.6666666666666666,0.3333333333333333,Draw,Non-Win
266256,Barcelona,Center Back,0.7457627118644068,0.2542372881355932,Draw,Non-Win
266256,Barcelona,Central Midfield,0.6896551724137931,0.3103448275862069,Draw,Non-Win
266256,Barcelona,Defensive Midfield,0.7586206896551724,0.2413793103448276,Draw,Non-Win
266256,Barcelona,Fullback,0.25862068965517243,0.7413793103448276,Draw,Non-Win
266256,Barcelona,Goalkeeper,0.9545454545454546,0.045454545454545456,Draw,Non-Win
266256,Barcelona,Striker,0.6,0.4,Draw,Non-Win
266256,Barcelona,Wide Forward,0.5,0.5,Draw,Non-Win
266467,Barcelona,Center Back,0.7671232876712328,0.2328767123287671,Loss,Non-Win
266467,Barcelona,Central Midfield,0.7083333333333334,0.2916666666666667,Loss,Non-Win
266467,Barcelona,Defensive Midfield,0.8333333333333334,0.16666666666666666,Loss,Non-Win
266467,Barcelona,Fullback,0.3023255813953488,0.6976744186046512,Loss,Non-Win
266467,Barcelona,Goalkeeper,1.0,0.0,Loss,Non-Win
266467,Barcelona,Striker,0.8421052631578947,0.15789473684210525,Loss,Non-Win
266467,Barcelona,Wide Forward,0.5769230769230769,0.4230769230769231,Loss,Non-Win
266467,Celta Vigo,Center Back,0.7692307692307693,0.23076923076923078,Win,Win
266467,Celta Vigo,Central Midfield,0.6,0.4,Win,Win
266467,Celta Vigo,Defensive Midfield,0.6774193548387096,0.3225806451612903,Win,Win
266467,Celta Vigo,Fullback,0.25,0.75,Win,Win
266467,Celta Vigo,Goalkeeper,1.0,0.0,Win,Win
266467,Celta Vigo,Striker,0.8,0.2,Win,Win
266467,Celta Vigo,Wide Forward,0.16666666666666666,0.8333333333333334,Win,Win
266603,Barcelona,Attacking Midfield,1.0,0.0,Loss,Non-Win
266603,Barcelona,Center Back,0.8152173913043478,0.18478260869565216,Loss,Non-Win
266603,Barcelona,Central Midfield,0.9,0.1,Loss,Non-Win
266603,Barcelona,Defensive Midfield,0.925,0.075,Loss,Non-Win
266603,Barcelona,Fullback,0.2,0.8,Loss,Non-Win
266603,Barcelona,Goalkeeper,0.9523809523809523,0.047619047619047616,Loss,Non-Win
266603,Barcelona,Striker,0.7,0.3,Loss,Non-Win
266603,Barcelona,Wide Forward,0.3888888888888889,0.6111111111111112,Loss,Non-Win
266603,Real Valladolid,Center Back,0.55,0.45,Win,Win
266603,Real Valladolid,Defensive Midfield,0.875,0.125,Win,Win
266603,Real Valladolid,Fullback,0.1794871794871795,0.8205128205128205,Win,Win
266603,Real Valladolid,Goalkeeper,0.8620689655172413,0.13793103448275862,Win,Win
266603,Real Valladolid,Striker,0.6190476190476191,0.38095238095238093,Win,Win
266603,Real Valladolid,Wide Forward,0.34210526315789475,0.6578947368421053,Win,Win
266874,Athletic Club,Attacking Midfield,0.6,0.4,Loss,Non-Win
266874,Athletic Club,Center Back,0.46938775510204084,0.5306122448979592,Loss,Non-Win
266874,Athletic Club,Defensive Midfield,0.75,0.25,Loss,Non-Win
266874,Athletic Club,Fullback,0.0967741935483871,0.9032258064516129,Loss,Non-Win
266874,Athletic Club,Goalkeeper,1.0,0.0,Loss,Non-Win
266874,Athletic Club,Striker,0.25,0.75,Loss,Non-Win
266874,Athletic Club,Wide Forward,0.4838709677419355,0.5161290322580645,Loss,Non-Win
266874,Barcelona,Center Back,0.5,0.5,Win,Win
266874,Barcelona,Central Midfield,0.5555555555555556,0.4444444444444444,Win,Win
266874,Barcelona,Defensive Midfield,0.75,0.25,Win,Win
266874,Barcelona,Fullback,0.1282051282051282,0.8717948717948718,Win,Win
266874,Barcelona,Goalkeeper,1.0,0.0,Win,Win
266874,Barcelona,Striker,0.6,0.4,Win,Win
266874,Barcelona,Wide Forward,0.5142857142857142,0.4857142857142857,Win,Win
266961,Barcelona,Center Back,0.5897435897435898,0.41025641025641024,Draw,Non-Win
266961,Barcelona,Central Midfield,0.6823529411764706,0.3176470588235294,Draw,Non-Win
266961,Barcelona,Defensive Midfield,0.8518518518518519,0.14814814814814814,Draw,Non-Win
266961,Barcelona,Fullback,0.1694915254237288,0.8305084745762712,Draw,Non-Win
266961,Barcelona,Goalkeeper,1.0,0.0,Draw,Non-Win
266961,Barcelona,Striker,0.7,0.3,Draw,Non-Win
266961,Barcelona,Wide Forward,0.5813953488372093,0.4186046511627907,Draw,Non-Win
266961,RC Deportivo La Coruña,Attacking Midfield,0.46153846153846156,0.5384615384615384,Draw,Non-Win
266961,RC Deportivo La Coruña,Center Back,0.7,0.3,Draw,Non-Win
266961,RC Deportivo La Coruña,Central Midfield,0.46875,0.53125,Draw,Non-Win
266961,RC Deportivo La Coruña,Defensive Midfield,0.6818181818181818,0.3181818181818182,Draw,Non-Win
266961,RC Deportivo La Coruña,Fullback,0.0967741935483871,0.9032258064516129,Draw,Non-Win
266961,RC Deportivo La Coruña,Goalkeeper,1.0,0.0,Draw,Non-Win
266961,RC Deportivo La Coruña,Striker,0.23809523809523808,0.7619047619047619,Draw,Non-Win
267076,Barcelona,Center Back,0.7735849056603774,0.22641509433962265,Draw,Non-Win
267076,Barcelona,Central Midfield,0.6756756756756757,0.32432432432432434,Draw,Non-Win
267076,Barcelona,Defensive Midfield,0.8064516129032258,0.1935483870967742,Draw,Non-Win
267076,Barcelona,Fullback,0.12903225806451613,0.8709677419354839,Draw,Non-Win
267076,Barcelona,Goalkeeper,0.9130434782608695,0.08695652173913043,Draw,Non-Win
267076,Barcelona,Striker,0.4,0.6,Draw,Non-Win
267076,Barcelona,Wide Forward,0.7333333333333333,0.26666666666666666,Draw,Non-Win
267076,Real Madrid,Attacking Midfield,0.65,0.35,Draw,Non-Win
267076,Real Madrid,Center Back,0.7391304347826086,0.2608695652173913,Draw,Non-Win
267076,Real Madrid,Central Midfield,0.7142857142857143,0.2857142857142857,Draw,Non-Win
267076,Real Madrid,Defensive Midfield,0.6428571428571429,0.35714285714285715,Draw,Non-Win
267076,Real Madrid,Fullback,0.15217391304347827,0.8478260869565217,Draw,Non-Win
267076,Real Madrid,Goalkeeper,1.0,0.0,Draw,Non-Win
267076,Real Madrid,Striker,0.42857142857142855,0.5714285714285714,Draw,Non-Win
267076,Real Madrid,Wide Forward,0.19047619047619047,0.8095238095238095,Draw,Non-Win
267502,Athletic Club,Attacking Midfield,0.3,0.7,Draw,Non-Win
267502,Athletic Club,Center Back,0.75,0.25,Draw,Non-Win
267502,Athletic Club,Defensive Midfield,0.7027027027027027,0.2972972972972973,Draw,Non-Win
267502,Athletic Club,Fullback,0.2549019607843137,0.7450980392156863,Draw,Non-Win
267502,Athletic Club,Goalkeeper,1.0,0.0,Draw,Non-Win
267502,Athletic Club,Striker,0.2727272727272727,0.7272727272727273,Draw,Non-Win
267502,Athletic Club,Wide Forward,0.17647058823529413,0.8235294117647058,Draw,Non-Win
267502,Barcelona,Center Back,0.6229508196721312,0.3770491803278688,Draw,Non-Win
267502,Barcelona,Central Midfield,0.7857142857142857,0.21428571428571427,Draw,Non-Win
267502,Barcelona,Defensive Midfield,0.92,0.08,Draw,Non-Win
267502,Barcelona,Fullback,0.09523809523809523,0.9047619047619048,Draw,Non-Win
267502,Barcelona,Goalkeeper,0.9583333333333334,0.041666666666666664,Draw,Non-Win
267502,Barcelona,Striker,0.85,0.15,Draw,Non-Win
267502,Barcelona,Wide Forward,0.45,0.55,Draw,Non-Win
267576,Atlético Madrid,Center Back,0.46153846153846156,0.5384615384615384,Loss,Non-Win
267576,Atlético Madrid,Defensive Midfield,0.44,0.56,Loss,Non-Win
267576,Atlético Madrid,Fullback,0.10256410256410256,0.8974358974358975,Loss,Non-Win
267576,Atlético Madrid,Goalkeeper,0.9411764705882353,0.058823529411764705,Loss,Non-Win
267576,Atlético Madrid,Striker,0.3333333333333333,0.6666666666666666,Loss,Non-Win
267576,Atlético Madrid,Wide Forward,0.34375,0.65625,Loss,Non-Win
267576,Barcelona,Center Back,0.7051282051282052,0.2948717948717949,Win,Win
267576,Barcelona,Central Midfield,0.5,0.5,Win,Win
267576,Barcelona,Defensive Midfield,0.7,0.3,Win,Win
267576,Barcelona,Fullback,0.19298245614035087,0.8070175438596491,Win,Win
267576,Barcelona,Goalkeeper,0.9333333333333333,0.06666666666666667,Win,Win
267576,Barcelona,Striker,0.6666666666666666,0.3333333333333333,Win,Win
267576,Barcelona,Wide Forward,0.5161290322580645,0.4838709677419355,Win,Win
267660,Barcelona,Center Back,0.726027397260274,0.273972602739726,Loss,Non-Win
267660,Barcelona,Central Midfield,0.4117647058823529,0.5882352941176471,Loss,Non-Win
267660,Barcelona,Defensive Midfield,0.7631578947368421,0.23684210526315788,Loss,Non-Win
267660,Barcelona,Goalkeeper,1.0,0.0,Loss,Non-Win
267660,Barcelona,Striker,1.0,0.0,Loss,Non-Win
267660,Barcelona,Wide Forward,0.6461538461538462,0.35384615384615387,Loss,Non-Win
267660,RC Deportivo La Coruña,Attacking Midfield,0.7692307692307693,0.23076923076923078,Win,Win
267660,RC Deportivo La Coruña,Center Back,0.7692307692307693,0.23076923076923078,Win,Win
267660,RC Deportivo La Coruña,Defensive Midfield,0.6764705882352942,0.3235294117647059,Win,Win
267660,RC Deportivo La Coruña,Fullback,0.225,0.775,Win,Win
267660,RC Deportivo La Coruña,Goalkeeper,0.9705882352941176,0.029411764705882353,Win,Win
267660,RC Deportivo La Coruña,Striker,0.25,0.75,Win,Win
267660,RC Deportivo La Coruña,Wide Forward,0.5862068965517241,0.41379310344827586,Win,Win
267675,Barcelona,Center Back,0.5151515151515151,0.48484848484848486,Win,Win
267675,Barcelona,Central Midfield,0.8035714285714286,0.19642857142857142,Win,Win
267675,Barcelona,Defensive Midfield,0.8333333333333334,0.16666666666666666,Win,Win
267675,Barcelona,Fullback,0.14583333333333334,0.8541666666666666,Win,Win
267675,Barcelona,Goalkeeper,0.9655172413793104,0.034482758620689655,Win,Win
267675,Barcelona,Striker,0.9090909090909091,0.09090909090909091,Win,Win
267675,Barcelona,Wide Forward,0.1875,0.8125,Win,Win
267675,Sevilla,Attacking Midfield,0.3333333333333333,0.6666666666666666,Loss,Non-Win
267675,Sevilla,Center Back,0.5526315789473685,0.4473684210526316,Loss,Non-Win
267675,Sevilla,Central Midfield,0.7741935483870968,0.22580645161290322,Loss,Non-Win
267675,Sevilla,Fullback,0.09090909090909091,0.9090909090909091,Loss,Non-Win
267675,Sevilla,Goalkeeper,1.0,0.0,Loss,Non-Win
267675,Sevilla,Striker,0.4,0.6,Loss,Non-Win
267675,Sevilla,Wide Forward,0.75,0.25,Loss,Non-Win
303400,Barcelona,Center Back,0.5,0.5,Loss,Non-Win
303400,Barcelona,Central Midfield,0.625,0.375,Loss,Non-Win
303400,Barcelona,Defensive Midfield,0.9,0.1,Loss,Non-Win
303400,Barcelona,Fullback,0.14285714285714285,0.8571428571428571,Loss,Non-Win
303400,Barcelona,Goalkeeper,1.0,0.0,Loss,Non-Win
303400,Barcelona,Striker,0.7692307692307693,0.23076923076923078,Loss,Non-Win
303400,Valencia,Center Back,0.4864864864864865,0.5135135135135135,Win,Win
303400,Valencia,Central Midfield,0.9230769230769231,0.07692307692307693,Win,Win
303400,Valencia,Fullback,0.18181818181818182,0.8181818181818182,Win,Win
303400,Valencia,Goalkeeper,1.0,0.0,Win,Win
303400,Valencia,Striker,0.4,0.6,Win,Win
303400,Valencia,Wide Forward,0.5294117647058824,0.47058823529411764,Win,Win
303430,Barcelona,Center Back,0.6533333333333333,0.3466666666666667,Win,Win
303430,Barcelona,Central Midfield,0.7111111111111111,0.28888888888888886,Win,Win
303430,Barcelona,Defensive Midfield,0.8,0.2,Win,Win
303430,Barcelona,Fullback,0.034482758620689655,0.9655172413793104,Win,Win
303430,Barcelona,Goalkeeper,0.9473684210526315,0.05263157894736842,Win,Win
303430,Barcelona,Striker,0.7777777777777778,0.2222222222222222,Win,Win
303430,Barcelona,Wide Forward,0.39473684210526316,0.6052631578947368,Win,Win
303430,Villarreal,Attacking Midfield,0.8333333333333334,0.16666666666666666,Loss,Non-Win
303430,Villarreal,Center Back,0.7123287671232876,0.2876712328767123,Loss,Non-Win
303430,Villarreal,Central Midfield,0.7560975609756098,0.24390243902439024,Loss,Non-Win
303430,Villarreal,Fullback,0.13333333333333333,0.8666666666666667,Loss,Non-Win
303430,Villarreal,Goalkeeper,0.9545454545454546,0.045454545454545456,Loss,Non-Win
303430,Villarreal,Striker,1.0,0.0,Loss,Non-Win
303430,Villarreal,Wide Forward,0.21428571428571427,0.7857142857142857,Loss,Non-Win
303470,Barcelona,Center Back,0.7101449275362319,0.2898550724637681,Loss,Non-Win
303470,Barcelona,Central Midfield,0.6666666666666666,0.3333333333333333,Loss,Non-Win
303470,Barcelona,Defensive Midfield,0.7608695652173914,0.2391304347826087,Loss,Non-Win
303470,Barcelona,Fullback,0.0967741935483871,0.9032258064516129,Loss,Non-Win
303470,Barcelona,Goalkeeper,1.0,0.0,Loss,Non-Win
303470,Barcelona,Striker,0.75,0.25,Loss,Non-Win
303470,Barcelona,Wide Forward,0.6785714285714286,0.32142857142857145,Loss,Non-Win
303470,Real Madrid,Center Back,0.5625,0.4375,Win,Win
303470,Real Madrid,Central Midfield,0.6060606060606061,0.3939393939393939,Win,Win
303470,Real Madrid,Defensive Midfield,0.55,0.45,Win,Win
303470,Real Madrid,Fullback,0.25862068965517243,0.7413793103448276,Win,Win
303470,Real Madrid,Goalkeeper,1.0,0.0,Win,Win
303470,Real Madrid,Striker,0.6,0.4,Win,Win
303470,Real Madrid,Wide Forward,0.14285714285714285,0.8571428571428571,Win,Win
303473,Barcelona,Center Back,0.6964285714285714,0.30357142857142855,Win,Win
303473,Barcelona,Central Midfield,0.7551020408163265,0.24489795918367346,Win,Win
303473,Barcelona,Defensive Midfield,0.6521739130434783,0.34782608695652173,Win,Win
303473,Barcelona,Fullback,0.2702702702702703,0.7297297297297297,Win,Win
303473,Barcelona,Goalkeeper,0.967741935483871,0.03225806451612903,Win,Win
303473,Barcelona,Striker,0.2,0.8,Win,Win
303473,Barcelona,Wide Forward,0.48,0.52,Win,Win
303473,Sevilla,Center Back,0.5238095238095238,0.47619047619047616,Loss,Non-Win
303473,Sevilla,Central Midfield,0.6986301369863014,0.3013698630136986,Loss,Non-Win
303473,Sevilla,Defensive Midfield,0.631578947368421,0.3684210526315789,Loss,Non-Win
303473,Sevilla,Fullback,0.13559322033898305,0.864406779661017,Loss,Non-Win
303473,Sevilla,Goalkeeper,1.0,0.0,Loss,Non-Win
303473,Sevilla,Striker,0.5,0.5,Loss,Non-Win
303473,Sevilla,Wide Forward,0.3,0.7,Loss,Non-Win
303524,Atlético Madrid,Center Back,0.7222222222222222,0.2777777777777778,Loss,Non-Win
303524,Atlético Madrid,Central Midfield,0.6590909090909091,0.3409090909090909,Loss,Non-Win
303524,Atlético Madrid,Fullback,0.1,0.9,Loss,Non-Win
303524,Atlético Madrid,Goalkeeper,0.9047619047619048,0.09523809523809523,Loss,Non-Win
303524,Atlético Madrid,Striker,0.2857142857142857,0.7142857142857143,Loss,Non-Win
303524,Atlético Madrid,Wide Forward,0.4074074074074074,0.5925925925925926,Loss,Non-Win
303524,Barcelona,Center Back,0.7654320987654321,0.2345679012345679,Win,Win
303524,Barcelona,Central Midfield,0.5625,0.4375,Win,Win
303524,Barcelona,Defensive Midfield,0.8571428571428571,0.14285714285714285,Win,Win
303524,Barcelona,Fullback,0.21052631578947367,0.7894736842105263,Win,Win
303524,Barcelona,Goalkeeper,1.0,0.0,Win,Win
303524,Barcelona,Striker,0.6,0.4,Win,Win
303524,Barcelona,Wide Forward,0.45714285714285713,0.5428571428571428,Win,Win
303596,Barcelona,Center Back,0.5892857142857143,0.4107142857142857,Draw,Non-Win
303596,Barcelona,Central Midfield,0.6666666666666666,0.3333333333333333,Draw,Non-Win
303596,Barcelona,Defensive Midfield,0.8333333333333334,0.16666666666666666,Draw,Non-Win
303596,Barcelona,Fullback,0.21739130434782608,0.782608695652174,Draw,Non-Win
303596,Barcelona,Goalkeeper,1.0,0.0,Draw,Non-Win
303596,Barcelona,Striker,0.75,0.25,Draw,Non-Win
303596,Barcelona,Wide Forward,0.6666666666666666,0.3333333333333333,Draw,Non-Win
303596,Real Madrid,Attacking Midfield,0.391304347826087,0.6086956521739131,Draw,Non-Win
303596,Real Madrid,Center Back,0.7428571428571429,0.2571428571428571,Draw,Non-Win
303596,Real Madrid,Central Midfield,0.8292682926829268,0.17073170731707318,Draw,Non-Win
303596,Real Madrid,Defensive Midfield,0.7368421052631579,0.2631578947368421,Draw,Non-Win
303596,Real Madrid,Fullback,0.23529411764705882,0.7647058823529411,Draw,Non-Win
303596,Real Madrid,Goalkeeper,1.0,0.0,Draw,Non-Win
303596,Real Madrid,Striker,0.3333333333333333,0.6666666666666666,Draw,Non-Win
303674,Barcelona,Center Back,0.7375,0.2625,Draw,Non-Win
303674,Barcelona,Central Midfield,0.7083333333333334,0.2916666666666667,Draw,Non-Win
303674,Barcelona,Fullback,0.13513513513513514,0.8648648648648649,Draw,Non-Win
303674,Barcelona,Goalkeeper,0.96,0.04,Draw,Non-Win
303674,Barcelona,Striker,0.6938775510204082,0.30612244897959184,Draw,Non-Win
303674,Barcelona,Wide Forward,0.6,0.4,Draw,Non-Win
303674,Sevilla,Center Back,0.5384615384615384,0.46153846153846156,Draw,Non-Win
303674,Sevilla,Central Midfield,0.4666666666666667,0.5333333333333333,Draw,Non-Win
303674,Sevilla,Defensive Midfield,0.782608695652174,0.21739130434782608,Draw,Non-Win
303674,Sevilla,Fullback,0.14,0.86,Draw,Non-Win
303674,Sevilla,Goalkeeper,1.0,0.0,Draw,Non-Win
303674,Sevilla,Striker,0.0,1.0,Draw,Non-Win
303674,Sevilla,Wide Forward,0.3333333333333333,0.6666666666666666,Draw,Non-Win
2275036,Everton LFC,Attacking Midfield,0.2222222222222222,0.7777777777777778,Win,Win
2275036,Everton LFC,Center Back,0.4482758620689655,0.5517241379310345,Win,Win
2275036,Everton LFC,Defensive Midfield,0.7096774193548387,0.2903225806451613,Win,Win
2275036,Everton LFC,Fullback,0.171875,0.828125,Win,Win
2275036,Everton LFC,Goalkeeper,0.9166666666666666,0.08333333333333333,Win,Win
2275036,Everton LFC,Striker,0.46153846153846156,0.5384615384615384,Win,Win
2275036,Everton LFC,Wide Forward,0.32142857142857145,0.6785714285714286,Win,Win
2275036,Reading WFC,Attacking Midfield,0.23529411764705882,0.7647058823529411,Loss,Non-Win
2275036,Reading WFC,Center Back,0.4342105263157895,0.5657894736842105,Loss,Non-Win
2275036,Reading WFC,Central Midfield,0.47619047619047616,0.5238095238095238,Loss,Non-Win
2275036,Reading WFC,Defensive Midfield,0.65,0.35,Loss,Non-Win
2275036,Reading WFC,Fullback,0.15384615384615385,0.8461538461538461,Loss,Non-Win
2275036,Reading WFC,Goalkeeper,0.9310344827586207,0.06896551724137931,Loss,Non-Win
2275036,Reading WFC,Striker,0.42857142857142855,0.5714285714285714,Loss,Non-Win
2275083,Birmingham City WFC,Center Back,0.6630434782608695,0.33695652173913043,Loss,Non-Win
2275083,Birmingham City WFC,Central Midfield,0.6,0.4,Loss,Non-Win
2275083,Birmingham City WFC,Fullback,0.1320754716981132,0.8679245283018868,Loss,Non-Win
2275083,Birmingham City WFC,Goalkeeper,0.9,0.1,Loss,Non-Win
2275083,Birmingham City WFC,Striker,0.5384615384615384,0.46153846153846156,Loss,Non-Win
2275083,Birmingham City WFC,Wide Forward,0.36,0.64,Loss,Non-Win
2275083,Bristol City WFC,Center Back,0.475,0.525,Win,Win
2275083,Bristol City WFC,Defensive Midfield,0.7368421052631579,0.2631578947368421,Win,Win
2275083,Bristol City WFC,Fullback,0.16666666666666666,0.8333333333333334,Win,Win
2275083,Bristol City WFC,Goalkeeper,1.0,0.0,Win,Win
2275083,Bristol City WFC,Striker,0.45,0.55,Win,Win
2275083,Bristol City WFC,Wide Forward,0.375,0.625,Win,Win
2275105,Chelsea FCW,Attacking Midfield,0.6923076923076923,0.3076923076923077,Draw,Non-Win
2275105,Chelsea FCW,Center Back,0.5180722891566265,0.4819277108433735,Draw,Non-Win
2275105,Chelsea FCW,Central Midfield,0.36666666666666664,0.6333333333333333,Draw,Non-Win
2275105,Chelsea FCW,Defensive Midfield,0.6,0.4,Draw,Non-Win
2275105,Chelsea FCW,Fullback,0.1282051282051282,0.8717948717948718,Draw,Non-Win
2275105,Chelsea FCW,Goalkeeper,1.0,0.0,Draw,Non-Win
2275105,Chelsea FCW,Striker,0.6111111111111112,0.3888888888888889,Draw,Non-Win
2275105,Manchester City WFC,Center Back,0.5538461538461539,0.4461538461538462,Draw,Non-Win
2275105,Manchester City WFC,Defensive Midfield,0.6226415094339622,0.37735849056603776,Draw,Non-Win
2275105,Manchester City WFC,Fullback,0.08163265306122448,0.9183673469387755,Draw,Non-Win
2275105,Manchester City WFC,Goalkeeper,1.0,0.0,Draw,Non-Win
2275105,Manchester City WFC,Striker,0.4,0.6,Draw,Non-Win
2275105,Manchester City WFC,Wide Forward,0.3157894736842105,0.6842105263157895,Draw,Non-Win
2275116,Liverpool WFC,Center Back,0.5882352941176471,0.4117647058823529,Loss,Non-Win
2275116,Liverpool WFC,Central Midfield,0.5428571428571428,0.45714285714285713,Loss,Non-Win
2275116,Liverpool WFC,Defensive Midfield,0.8235294117647058,0.17647058823529413,Loss,Non-Win
2275116,Liverpool WFC,Fullback,0.1951219512195122,0.8048780487804879,Loss,Non-Win
2275116,Liverpool WFC,Goalkeeper,0.918918918918919,0.08108108108108109,Loss,Non-Win
2275116,Liverpool WFC,Striker,0.3333333333333333,0.6666666666666666,Loss,Non-Win
2275116,Liverpool WFC,Wide Forward,0.42105263157894735,0.5789473684210527,Loss,Non-Win
2275116,Manchester City WFC,Center Back,0.5617977528089888,0.43820224719101125,Win,Win
2275116,Manchester City WFC,Central Midfield,0.71875,0.28125,Win,Win
2275116,Manchester City WFC,Defensive Midfield,0.6774193548387096,0.3225806451612903,Win,Win
2275116,Manchester City WFC,Fullback,0.17073170731707318,0.8292682926829268,Win,Win
2275116,Manchester City WFC,Goalkeeper,1.0,0.0,Win,Win
2275116,Manchester City WFC,Striker,0.8571428571428571,0.14285714285714285,Win,Win
2275116,Manchester City WFC,Wide Forward,0.3548387096774194,0.6451612903225806,Win,Win
2275120,Birmingham City WFC,Attacking Midfield,0.5384615384615384,0.46153846153846156,Loss,Non-Win
2275120,Birmingham City WFC,Center Back,0.7076923076923077,0.2923076923076923,Loss,Non-Win
2275120,Birmingham City WFC,Central Midfield,0.66,0.34,Loss,Non-Win
2275120,Birmingham City WFC,Fullback,0.125,0.875,Loss,Non-Win
2275120,Birmingham City WFC,Goalkeeper,1.0,0.0,Loss,Non-Win
2275120,Birmingham City WFC,Striker,0.5,0.5,Loss,Non-Win
2275120,Birmingham City WFC,Wide Forward,0.2692307692307692,0.7307692307692307,Loss,Non-Win
2275120,Everton LFC,Center Back,0.48717948717948717,0.5128205128205128,Win,Win
2275120,Everton LFC,Central Midfield,0.47368421052631576,0.5263157894736842,Win,Win
2275120,Everton LFC,Defensive Midfield,0.5833333333333334,0.4166666666666667,Win,Win
2275120,Everton LFC,Fullback,0.08163265306122448,0.9183673469387755,Win,Win
2275120,Everton LFC,Goalkeeper,1.0,0.0,Win,Win
2275120,Everton LFC,Striker,0.3333333333333333,0.6666666666666666,Win,Win
2275120,Everton LFC,Wide Forward,0.5,0.5,Win,Win
2275136,Manchester City WFC,Attacking Midfield,0.3333333333333333,0.6666666666666666,Win,Win
2275136,Manchester City WFC,Center Back,0.5673076923076923,0.4326923076923077,Win,Win
2275136,Manchester City WFC,Central Midfield,0.5714285714285714,0.42857142857142855,Win,Win
2275136,Manchester City WFC,Fullback,0.02631578947368421,0.9736842105263158,Win,Win
2275136,Manchester City WFC,Goalkeeper,1.0,0.0,Win,Win
2275136,Manchester City WFC,Striker,0.5333333333333333,0.4666666666666667,Win,Win
2275136,Manchester City WFC,Wide Forward,0.35714285714285715,0.6428571428571429,Win,Win
2275136,Manchester United,Center Back,0.4878048780487805,0.5121951219512195,Loss,Non-Win
2275136,Manchester United,Central Midfield,0.34782608695652173,0.6521739130434783,Loss,Non-Win
2275136,Manchester United,Defensive Midfield,0.6956521739130435,0.30434782608695654,Loss,Non-Win
2275136,Manchester United,Fullback,0.13043478260869565,0.8695652173913043,Loss,Non-Win
2275136,Manchester United,Goalkeeper,1.0,0.0,Loss,Non-Win
2275136,Manchester United,Striker,0.5714285714285714,0.42857142857142855,Loss,Non-Win
2275136,Manchester United,Wide Forward,0.25,0.75,Loss,Non-Win
2275144,Everton LFC,Attacking Midfield,0.45454545454545453,0.5454545454545454,Loss,Non-Win
2275144,Everton LFC,Center Back,0.36,0.64,Loss,Non-Win
2275144,Everton LFC,Defensive Midfield,0.45454545454545453,0.5454545454545454,Loss,Non-Win
2275144,Everton LFC,Fullback,0.05970149253731343,0.9402985074626866,Loss,Non-Win
2275144,Everton LFC,Goalkeeper,0.9629629629629629,0.037037037037037035,Loss,Non-Win
2275144,Everton LFC,Striker,0.4444444444444444,0.5555555555555556,Loss,Non-Win
2275144,Everton LFC,Wide Forward,0.23529411764705882,0.7647058823529411,Loss,Non-Win
2275144,Manchester United,Attacking Midfield,0.5333333333333333,0.4666666666666667,Win,Win
2275144,Manchester United,Center Back,0.42857142857142855,0.5714285714285714,Win,Win
2275144,Manchester United,Central Midfield,0.42424242424242425,0.5757575757575758,Win,Win
2275144,Manchester United,Fullback,0.061224489795918366,0.9387755102040817,Win,Win
2275144,Manchester United,Goalkeeper,0.8666666666666667,0.13333333333333333,Win,Win
2275144,Manchester United,Striker,0.2,0.8,Win,Win
2275144,Manchester United,Wide Forward,0.44,0.56,Win,Win
2275157,Manchester United,Attacking Midfield,0.4444444444444444,0.5555555555555556,Win,Win
2275157,Manchester United,Center Back,0.5925925925925926,0.4074074074074074,Win,Win
2275157,Manchester United,Central Midfield,0.6296296296296297,0.37037037037037035,Win,Win
2275157,Manchester United,Fullback,0.11538461538461539,0.8846153846153846,Win,Win
2275157,Manchester United,Goalkeeper,1.0,0.0,Win,Win
2275157,Manchester United,Striker,0.4,0.6,Win,Win
2275157,Manchester United,Wide Forward,0.29411764705882354,0.7058823529411765,Win,Win
2275157,Reading WFC,Attacking Midfield,0.4,0.6,Loss,Non-Win
2275157,Reading WFC,Center Back,0.576271186440678,0.423728813559322,Loss,Non-Win
2275157,Reading WFC,Defensive Midfield,0.6388888888888888,0.3611111111111111,Loss,Non-Win
2275157,Reading WFC,Fullback,0.14285714285714285,0.8571428571428571,Loss,Non-Win
2275157,Reading WFC,Goalkeeper,0.9310344827586207,0.06896551724137931,Loss,Non-Win
2275157,Reading WFC,Striker,0.75,0.25,Loss,Non-Win
2275157,Reading WFC,Wide Forward,0.5,0.5,Loss,Non-Win
3749117,Arsenal,Center Back,0.8627450980392157,0.13725490196078433,Draw,Non-Win
3749117,Arsenal,Defensive Midfield,0.7708333333333334,0.22916666666666666,Draw,Non-Win
3749117,Arsenal,Fullback,0.15789473684210525,0.8421052631578947,Draw,Non-Win
3749117,Arsenal,Goalkeeper,1.0,0.0,Draw,Non-Win
3749117,Arsenal,Striker,0.48,0.52,Draw,Non-Win
3749117,Arsenal,Wide Forward,0.3902439024390244,0.6097560975609756,Draw,Non-Win
3749117,Everton,Center Back,0.6938775510204082,0.30612244897959184,Draw,Non-Win
3749117,Everton,Central Midfield,0.6829268292682927,0.3170731707317073,Draw,Non-Win
3749117,Everton,Defensive Midfield,0.4166666666666667,0.5833333333333334,Draw,Non-Win
3749117,Everton,Fullback,0.25806451612903225,0.7419354838709677,Draw,Non-Win
3749117,Everton,Goalkeeper,0.9736842105263158,0.02631578947368421,Draw,Non-Win
3749117,Everton,Striker,0.75,0.25,Draw,Non-Win
3749117,Everton,Wide Forward,0.35,0.65,Draw,Non-Win
3749448,Arsenal,Center Back,0.717391304347826,0.2826086956521739,Win,Win
3749448,Arsenal,Defensive Midfield,0.7555555555555555,0.24444444444444444,Win,Win
3749448,Arsenal,Fullback,0.24561403508771928,0.7543859649122807,Win,Win
3749448,Arsenal,Goalkeeper,0.8846153846153846,0.11538461538461539,Win,Win
3749448,Arsenal,Striker,0.3333333333333333,0.6666666666666666,Win,Win
3749448,Arsenal,Wide Forward,0.425531914893617,0.574468085106383,Win,Win
3749448,Liverpool,Center Back,0.72,0.28,Loss,Non-Win
3749448,Liverpool,Defensive Midfield,0.6363636363636364,0.36363636363636365,Loss,Non-Win
3749448,Liverpool,Fullback,0.10714285714285714,0.8928571428571429,Loss,Non-Win
3749448,Liverpool,Goalkeeper,0.9354838709677419,0.06451612903225806,Loss,Non-Win
3749448,Liverpool,Striker,0.3333333333333333,0.6666666666666666,Loss,Non-Win
3749448,Liverpool,Wide Forward,0.26666666666666666,0.7333333333333333,Loss,Non-Win
3749603,Arsenal,Center Back,0.8333333333333334,0.16666666666666666,Win,Win
3749603,Arsenal,Defensive Midfield,0.5833333333333334,0.4166666666666667,Win,Win
3749603,Arsenal,Fullback,0.20833333333333334,0.7916666666666666,Win,Win
3749603,Arsenal,Goalkeeper,0.95,0.05,Win,Win
3749603,Arsenal,Striker,0.5652173913043478,0.43478260869565216,Win,Win
3749603,Arsenal,Wide Forward,0.2413793103448276,0.7586206896551724,Win,Win
3749603,Fulham,Center Back,0.48148148148148145,0.5185185185185185,Loss,Non-Win
3749603,Fulham,Central Midfield,0.5,0.5,Loss,Non-Win
3749603,Fulham,Fullback,0.20454545454545456,0.7954545454545454,Loss,Non-Win
3749603,Fulham,Goalkeeper,0.8863636363636364,0.11363636363636363,Loss,Non-Win
3749603,Fulham,Striker,0.375,0.625,Loss,Non-Win
3749603,Fulham,Wide Forward,0.30303030303030304,0.696969696969697,Loss,Non-Win
3750201,Barcelona,Center Back,0.6923076923076923,0.3076923076923077,Win,Win
3750201,Barcelona,Central Midfield,0.8181818181818182,0.18181818181818182,Win,Win
3750201,Barcelona,Defensive Midfield,0.7692307692307693,0.23076923076923078,Win,Win
3750201,Barcelona,Fullback,0.0425531914893617,0.9574468085106383,Win,Win
3750201,Barcelona,Goalkeeper,0.9615384615384616,0.038461538461538464,Win,Win
3750201,Barcelona,Striker,0.4,0.6,Win,Win
3750201,Barcelona,Wide Forward,0.6296296296296297,0.37037037037037035,Win,Win
3750201,Manchester United,Center Back,0.625,0.375,Loss,Non-Win
3750201,Manchester United,Central Midfield,0.5714285714285714,0.42857142857142855,Loss,Non-Win
3750201,Manchester United,Defensive Midfield,0.8285714285714286,0.17142857142857143,Loss,Non-Win
3750201,Manchester United,Fullback,0.08823529411764706,0.9117647058823529,Loss,Non-Win
3750201,Manchester United,Goalkeeper,0.9024390243902439,0.0975609756097561,Loss,Non-Win
3750201,Manchester United,Striker,0.45,0.55,Loss,Non-Win
3750201,Manchester United,Wide Forward,0.19047619047619047,0.8095238095238095,Loss,Non-Win
3750240,Fiorentina,Center Back,0.72,0.28,Win,Win
3750240,Fiorentina,Defensive Midfield,0.5652173913043478,0.43478260869565216,Win,Win
3750240,Fiorentina,Fullback,0.23404255319148937,0.7659574468085106,Win,Win
3750240,Fiorentina,Goalkeeper,0.9615384615384616,0.038461538461538464,Win,Win
3750240,Fiorentina,Striker,0.7142857142857143,0.2857142857142857,Win,Win
3750240,Fiorentina,Wide Forward,0.5094339622641509,0.49056603773584906,Win,Win
3750240,Manchester United,Center Back,0.782608695652174,0.21739130434782608,Loss,Non-Win
3750240,Manchester United,Defensive Midfield,0.8852459016393442,0.11475409836065574,Loss,Non-Win
3750240,Manchester United,Fullback,0.28735632183908044,0.7126436781609196,Loss,Non-Win
3750240,Manchester United,Goalkeeper,0.9714285714285714,0.02857142857142857,Loss,Non-Win
3750240,Manchester United,Striker,0.8,0.2,Loss,Non-Win
3750240,Manchester United,Wide Forward,0.2261904761904762,0.7738095238095238,Loss,Non-Win
3750248,Athletic Club,Attacking Midfield,0.7,0.3,Win,Win
3750248,Athletic Club,Center Back,0.4782608695652174,0.5217391304347826,Win,Win
3750248,Athletic Club,Defensive Midfield,0.631578947368421,0.3684210526315789,Win,Win
3750248,Athletic Club,Fullback,0.10810810810810811,0.8918918918918919,Win,Win
3750248,Athletic Club,Goalkeeper,1.0,0.0,Win,Win
3750248,Athletic Club,Striker,0.6666666666666666,0.3333333333333333,Win,Win
3750248,Athletic Club,Wide Forward,0.2608695652173913,0.7391304347826086,Win,Win
3750248,Barcelona,Center Back,0.7777777777777778,0.2222222222222222,Loss,Non-Win
3750248,Barcelona,Defensive Midfield,0.6666666666666666,0.3333333333333333,Loss,Non-Win
3750248,Barcelona,Fullback,0.16326530612244897,0.8367346938775511,Loss,Non-Win
3750248,Barcelona,Goalkeeper,0.95,0.05,Loss,Non-Win
3750248,Barcelona,Striker,0.6451612903225806,0.3548387096774194,Loss,Non-Win
3750248,Barcelona,Wide Forward,0.5416666666666666,0.4583333333333333,Loss,Non-Win
3752619,AS Monaco,Center Back,0.5789473684210527,0.42105263157894735,Loss,Non-Win
3752619,AS Monaco,Central Midfield,0.5681818181818182,0.4318181818181818,Loss,Non-Win
3752619,AS Monaco,Defensive Midfield,0.6296296296296297,0.37037037037037035,Loss,Non-Win
3752619,AS Monaco,Fullback,0.125,0.875,Loss,Non-Win
3752619,AS Monaco,Goalkeeper,0.9642857142857143,0.03571428571428571,Loss,Non-Win
3752619,AS Monaco,Striker,0.7272727272727273,0.2727272727272727,Loss,Non-Win
3752619,AS Monaco,Wide Forward,0.3333333333333333,0.6666666666666666,Loss,Non-Win
3752619,FC Porto,Attacking Midfield,0.28,0.72,Win,Win
3752619,FC Porto,Center Back,0.59375,0.40625,Win,Win
3752619,FC Porto,Central Midfield,0.36585365853658536,0.6341463414634146,Win,Win
3752619,FC Porto,Defensive Midfield,0.6666666666666666,0.3333333333333333,Win,Win
3752619,FC Porto,Fullback,0.08620689655172414,0.9137931034482759,Win,Win
3752619,FC Porto,Goalkeeper,0.9761904761904762,0.023809523809523808,Win,Win
3752619,FC Porto,Striker,0.26666666666666666,0.7333333333333333,Win,Win
3752619,FC Porto,Wide Forward,0.5,0.5,Win,Win
3753976,Arsenal,Attacking Midfield,0.6,0.4,Loss,Non-Win
3753976,Arsenal,Center Back,0.5333333333333333,0.4666666666666667,Loss,Non-Win
3753976,Arsenal,Defensive Midfield,0.7333333333333333,0.26666666666666666,Loss,Non-Win
3753976,Arsenal,Fullback,0.1836734693877551,0.8163265306122449,Loss,Non-Win
3753976,Arsenal,Goalkeeper,1.0,0.0,Loss,Non-Win
3753976,Arsenal,Striker,0.625,0.375,Loss,Non-Win
3753976,Arsenal,Wide Forward,0.38636363636363635,0.6136363636363636,Loss,Non-Win
3753976,Swansea City,Attacking Midfield,0.42857142857142855,0.5714285714285714,Win,Win
3753976,Swansea City,Center Back,0.6470588235294118,0.35294117647058826,Win,Win
3753976,Swansea City,Central Midfield,0.5833333333333334,0.4166666666666667,Win,Win
3753976,Swansea City,Defensive Midfield,0.5714285714285714,0.42857142857142855,Win,Win
3753976,Swansea City,Fullback,0.13043478260869565,0.8695652173913043,Win,Win
3753976,Swansea City,Goalkeeper,0.96875,0.03125,Win,Win
3753976,Swansea City,Striker,0.3888888888888889,0.6111111111111112,Win,Win
3753978,Southampton,Attacking Midfield,0.7272727272727273,0.2727272727272727,Win,Win
3753978,Southampton,Center Back,0.6190476190476191,0.38095238095238093,Win,Win
3753978,Southampton,Defensive Midfield,0.6829268292682927,0.3170731707317073,Win,Win
3753978,Southampton,Fullback,0.2727272727272727,0.7272727272727273,Win,Win
3753978,Southampton,Goalkeeper,1.0,0.0,Win,Win
3753978,Southampton,Striker,0.8333333333333334,0.16666666666666666,Win,Win
3753978,Southampton,Wide Forward,0.4,0.6,Win,Win
3753978,Swansea City,Attacking Midfield,0.7083333333333334,0.2916666666666667,Loss,Non-Win
3753978,Swansea City,Center Back,0.7586206896551724,0.2413793103448276,Loss,Non-Win
3753978,Swansea City,Central Midfield,0.782608695652174,0.21739130434782608,Loss,Non-Win
3753978,Swansea City,Defensive Midfield,0.391304347826087,0.6086956521739131,Loss,Non-Win
3753978,Swansea City,Fullback,0.18181818181818182,0.8181818181818182,Loss,Non-Win
3753978,Swansea City,Goalkeeper,0.9032258064516129,0.0967741935483871,Loss,Non-Win
3753978,Swansea City,Striker,0.8,0.2,Loss,Non-Win
3753981,Aston Villa,Center Back,0.6458333333333334,0.3541666666666667,Win,Win
3753981,Aston Villa,Central Midfield,0.5606060606060606,0.4393939393939394,Win,Win
3753981,Aston Villa,Defensive Midfield,0.7857142857142857,0.21428571428571427,Win,Win
3753981,Aston Villa,Fullback,0.16666666666666666,0.8333333333333334,Win,Win
3753981,Aston Villa,Goalkeeper,0.8181818181818182,0.18181818181818182,Win,Win
3753981,Aston Villa,Striker,0.2222222222222222,0.7777777777777778,Win,Win
3753981,Aston Villa,Wide Forward,0.5652173913043478,0.43478260869565216,Win,Win
3753981,Crystal Palace,Attacking Midfield,0.5555555555555556,0.4444444444444444,Loss,Non-Win
3753981,Crystal Palace,Center Back,0.5740740740740741,0.42592592592592593,Loss,Non-Win
3753981,Crystal Palace,Central Midfield,0.6388888888888888,0.3611111111111111,Loss,Non-Win
3753981,Crystal Palace,Fullback,0.28888888888888886,0.7111111111111111,Loss,Non-Win
3753981,Crystal Palace,Goalkeeper,0.9285714285714286,0.07142857142857142,Loss,Non-Win
3753981,Crystal Palace,Striker,0.5714285714285714,0.42857142857142855,Loss,Non-Win
3753981,Crystal Palace,Wide Forward,0.39285714285714285,0.6071428571428571,Loss,Non-Win
3753985,Liverpool,Attacking Midfield,0.85,0.15,Win,Win
3753985,Liverpool,Center Back,0.6041666666666666,0.3958333333333333,Win,Win
3753985,Liverpool,Central Midfield,0.5454545454545454,0.45454545454545453,Win,Win
3753985,Liverpool,Defensive Midfield,0.5483870967741935,0.45161290322580644,Win,Win
3753985,Liverpool,Fullback,0.11764705882352941,0.8823529411764706,Win,Win
3753985,Liverpool,Goalkeeper,1.0,0.0,Win,Win
3753985,Liverpool,Striker,0.3333333333333333,0.6666666666666666,Win,Win
3753985,Liverpool,Wide Forward,0.4482758620689655,0.5517241379310345,Win,Win
3753985,Stoke City,Attacking Midfield,0.5185185185185185,0.48148148148148145,Loss,Non-Win
3753985,Stoke City,Center Back,0.4861111111111111,0.5138888888888888,Loss,Non-Win
3753985,Stoke City,Defensive Midfield,0.6571428571428571,0.34285714285714286,Loss,Non-Win
3753985,Stoke City,Fullback,0.20408163265306123,0.7959183673469388,Loss,Non-Win
3753985,Stoke City,Goalkeeper,0.8214285714285714,0.17857142857142858,Loss,Non-Win
3753985,Stoke City,Striker,0.5,0.5,Loss,Non-Win
3753985,Stoke City,Wide Forward,0.3,0.7,Loss,Non-Win
3754002,Leicester City,Center Back,0.7083333333333334,0.2916666666666667,Win,Win
3754002,Leicester City,Central Midfield,0.5348837209302325,0.46511627906976744,Win,Win
3754002,Leicester City,Fullback,0.12727272727272726,0.8727272727272727,Win,Win
3754002,Leicester City,Goalkeeper,0.9117647058823529,0.08823529411764706,Win,Win
3754002,Leicester City,Striker,0.2777777777777778,0.7222222222222222,Win,Win
3754002,Leicester City,Wide Forward,0.23076923076923078,0.7692307692307693,Win,Win
3754002,Newcastle United,Attacking Midfield,0.5384615384615384,0.46153846153846156,Loss,Non-Win
3754002,Newcastle United,Center Back,0.6571428571428571,0.34285714285714286,Loss,Non-Win
3754002,Newcastle United,Defensive Midfield,0.675,0.325,Loss,Non-Win
3754002,Newcastle United,Fullback,0.2,0.8,Loss,Non-Win
3754002,Newcastle United,Goalkeeper,0.8823529411764706,0.11764705882352941,Loss,Non-Win
3754002,Newcastle United,Striker,0.375,0.625,Loss,Non-Win
3754002,Newcastle United,Wide Forward,0.42424242424242425,0.5757575757575758,Loss,Non-Win
3754005,Newcastle United,Attacking Midfield,0.6470588235294118,0.35294117647058826,Loss,Non-Win
3754005,Newcastle United,Center Back,0.5882352941176471,0.4117647058823529,Loss,Non-Win
3754005,Newcastle United,Central Midfield,0.72,0.28,Loss,Non-Win
3754005,Newcastle United,Fullback,0.1956521739130435,0.8043478260869565,Loss,Non-Win
3754005,Newcastle United,Goalkeeper,0.9333333333333333,0.06666666666666667,Loss,Non-Win
3754005,Newcastle United,Striker,0.42857142857142855,0.5714285714285714,Loss,Non-Win
3754005,Newcastle United,Wide Forward,0.4146341463414634,0.5853658536585366,Loss,Non-Win
3754005,Stoke City,Attacking Midfield,0.5555555555555556,0.4444444444444444,Win,Win
3754005,Stoke City,Center Back,0.6271186440677966,0.3728813559322034,Win,Win
3754005,Stoke City,Defensive Midfield,0.7272727272727273,0.2727272727272727,Win,Win
3754005,Stoke City,Fullback,0.25,0.75,Win,Win
3754005,Stoke City,Goalkeeper,0.9629629629629629,0.037037037037037035,Win,Win
3754005,Stoke City,Striker,0.3333333333333333,0.6666666666666666,Win,Win
3754005,Stoke City,Wide Forward,0.19444444444444445,0.8055555555555556,Win,Win
3754007,Stoke City,Attacking Midfield,0.5714285714285714,0.42857142857142855,Loss,Non-Win
3754007,Stoke City,Center Back,0.5245901639344263,0.47540983606557374,Loss,Non-Win
3754007,Stoke City,Central Midfield,0.625,0.375,Loss,Non-Win
3754007,Stoke City,Defensive Midfield,0.6153846153846154,0.38461538461538464,Loss,Non-Win
3754007,Stoke City,Fullback,0.40425531914893614,0.5957446808510638,Loss,Non-Win
3754007,Stoke City,Goalkeeper,0.9696969696969697,0.030303030303030304,Loss,Non-Win
3754007,Stoke City,Striker,0.5882352941176471,0.4117647058823529,Loss,Non-Win
3754007,Stoke City,Wide Forward,0.3333333333333333,0.6666666666666666,Loss,Non-Win
3754007,West Bromwich Albion,Center Back,0.6842105263157895,0.3157894736842105,Win,Win
3754007,West Bromwich Albion,Central Midfield,0.8333333333333334,0.16666666666666666,Win,Win
3754007,West Bromwich Albion,Defensive Midfield,0.78125,0.21875,Win,Win
3754007,West Bromwich Albion,Fullback,0.022727272727272728,0.9772727272727273,Win,Win
3754007,West Bromwich Albion,Goalkeeper,1.0,0.0,Win,Win
3754007,West Bromwich Albion,Striker,0.4375,0.5625,Win,Win
3754007,West Bromwich Albion,Wide Forward,0.22580645161290322,0.7741935483870968,Win,Win
3754010,Newcastle United,Center Back,0.6103896103896104,0.38961038961038963,Loss,Non-Win
3754010,Newcastle United,Central Midfield,0.75,0.25,Loss,Non-Win
3754010,Newcastle United,Defensive Midfield,0.7352941176470589,0.2647058823529412,Loss,Non-Win
3754010,Newcastle United,Fullback,0.125,0.875,Loss,Non-Win
3754010,Newcastle United,Goalkeeper,0.9333333333333333,0.06666666666666667,Loss,Non-Win
3754010,Newcastle United,Striker,0.5,0.5,Loss,Non-Win
3754010,Newcastle United,Wide Forward,0.3333333333333333,0.6666666666666666,Loss,Non-Win
3754010,Watford,Center Back,0.8,0.2,Win,Win
3754010,Watford,Defensive Midfield,0.6451612903225806,0.3548387096774194,Win,Win
3754010,Watford,Fullback,0.19607843137254902,0.803921568627451,Win,Win
3754010,Watford,Goalkeeper,0.9333333333333333,0.06666666666666667,Win,Win
3754010,Watford,Striker,0.8,0.2,Win,Win
3754010,Watford,Wide Forward,0.4827586206896552,0.5172413793103449,Win,Win
3754011,Manchester United,Attacking Midfield,0.6470588235294118,0.35294117647058826,Win,Win
3754011,Manchester United,Center Back,0.8,0.2,Win,Win
3754011,Manchester United,Defensive Midfield,0.525,0.475,Win,Win
3754011,Manchester United,Fullback,0.075,0.925,Win,Win
3754011,Manchester United,Goalkeeper,1.0,0.0,Win,Win
3754011,Manchester United,Striker,0.36363636363636365,0.6363636363636364,Win,Win
3754011,Manchester United,Wide Forward,0.44,0.56,Win,Win
3754011,Southampton,Attacking Midfield,0.13333333333333333,0.8666666666666667,Loss,Non-Win
3754011,Southampton,Center Back,0.7551020408163265,0.24489795918367346,Loss,Non-Win
3754011,Southampton,Central Midfield,0.5714285714285714,0.42857142857142855,Loss,Non-Win
3754011,Southampton,Fullback,0.08333333333333333,0.9166666666666666,Loss,Non-Win
3754011,Southampton,Goalkeeper,0.9333333333333333,0.06666666666666667,Loss,Non-Win
3754011,Southampton,Striker,0.36363636363636365,0.6363636363636364,Loss,Non-Win
3754011,Southampton,Wide Forward,0.35,0.65,Loss,Non-Win
3754014,Manchester United,Attacking Midfield,0.4,0.6,Loss,Non-Win
3754014,Manchester United,Center Back,0.6136363636363636,0.38636363636363635,Loss,Non-Win
3754014,Manchester United,Central Midfield,0.6666666666666666,0.3333333333333333,Loss,Non-Win
3754014,Manchester United,Fullback,0.17391304347826086,0.8260869565217391,Loss,Non-Win
3754014,Manchester United,Goalkeeper,0.9210526315789473,0.07894736842105263,Loss,Non-Win
3754014,Manchester United,Striker,0.6363636363636364,0.36363636363636365,Loss,Non-Win
3754014,Manchester United,Wide Forward,0.4444444444444444,0.5555555555555556,Loss,Non-Win
3754014,Stoke City,Attacking Midfield,0.6,0.4,Win,Win
3754014,Stoke City,Center Back,0.56,0.44,Win,Win
3754014,Stoke City,Central Midfield,0.75,0.25,Win,Win
3754014,Stoke City,Fullback,0.11363636363636363,0.8863636363636364,Win,Win
3754014,Stoke City,Goalkeeper,0.9375,0.0625,Win,Win
3754014,Stoke City,Striker,0.8181818181818182,0.18181818181818182,Win,Win
3754014,Stoke City,Wide Forward,0.25,0.75,Win,Win
3754015,Manchester City,Attacking Midfield,0.6153846153846154,0.38461538461538464,Draw,Non-Win
3754015,Manchester City,Center Back,0.6862745098039216,0.3137254901960784,Draw,Non-Win
3754015,Manchester City,Defensive Midfield,0.8571428571428571,0.14285714285714285,Draw,Non-Win
3754015,Manchester City,Fullback,0.07317073170731707,0.926829268292683,Draw,Non-Win
3754015,Manchester City,Goalkeeper,0.8484848484848485,0.15151515151515152,Draw,Non-Win
3754015,Manchester City,Striker,1.0,0.0,Draw,Non-Win
3754015,Manchester City,Wide Forward,0.3181818181818182,0.6818181818181818,Draw,Non-Win
3754015,Manchester United,Attacking Midfield,0.2222222222222222,0.7777777777777778,Draw,Non-Win
3754015,Manchester United,Center Back,0.5238095238095238,0.47619047619047616,Draw,Non-Win
3754015,Manchester United,Defensive Midfield,0.5573770491803278,0.4426229508196721,Draw,Non-Win
3754015,Manchester United,Fullback,0.1206896551724138,0.8793103448275862,Draw,Non-Win
3754015,Manchester United,Goalkeeper,1.0,0.0,Draw,Non-Win
3754015,Manchester United,Striker,0.5714285714285714,0.42857142857142855,Draw,Non-Win
3754015,Manchester United,Wide Forward,0.2916666666666667,0.7083333333333334,Draw,Non-Win
3754022,Crystal Palace,Center Back,0.48717948717948717,0.5128205128205128,Win,Win
3754022,Crystal Palace,Central Midfield,0.6060606060606061,0.3939393939393939,Win,Win
3754022,Crystal Palace,Defensive Midfield,0.25,0.75,Win,Win
3754022,Crystal Palace,Fullback,0.18181818181818182,0.8181818181818182,Win,Win
3754022,Crystal Palace,Goalkeeper,0.96875,0.03125,Win,Win
3754022,Crystal Palace,Striker,0.6,0.4,Win,Win
3754022,Crystal Palace,Wide Forward,0.20588235294117646,0.7941176470588235,Win,Win
3754022,Norwich City,Attacking Midfield,0.5714285714285714,0.42857142857142855,Loss,Non-Win
3754022,Norwich City,Center Back,0.6818181818181818,0.3181818181818182,Loss,Non-Win
3754022,Norwich City,Defensive Midfield,0.72,0.28,Loss,Non-Win
3754022,Norwich City,Fullback,0.044444444444444446,0.9555555555555556,Loss,Non-Win
3754022,Norwich City,Goalkeeper,0.8823529411764706,0.11764705882352941,Loss,Non-Win
3754022,Norwich City,Striker,0.5,0.5,Loss,Non-Win
3754022,Norwich City,Wide Forward,0.3076923076923077,0.6923076923076923,Loss,Non-Win
3754024,Newcastle United,Attacking Midfield,0.5,0.5,Win,Win
3754024,Newcastle United,Center Back,0.7368421052631579,0.2631578947368421,Win,Win
3754024,Newcastle United,Defensive Midfield,0.5263157894736842,0.47368421052631576,Win,Win
3754024,Newcastle United,Fullback,0.041666666666666664,0.9583333333333334,Win,Win
3754024,Newcastle United,Goalkeeper,0.9230769230769231,0.07692307692307693,Win,Win
3754024,Newcastle United,Striker,0.375,0.625,Win,Win
3754024,Newcastle United,Wide Forward,0.16666666666666666,0.8333333333333334,Win,Win
3754024,Swansea City,Attacking Midfield,0.375,0.625,Loss,Non-Win
3754024,Swansea City,Center Back,0.5531914893617021,0.44680851063829785,Loss,Non-Win
3754024,Swansea City,Defensive Midfield,0.42857142857142855,0.5714285714285714,Loss,Non-Win
3754024,Swansea City,Fullback,0.11764705882352941,0.8823529411764706,Loss,Non-Win
3754024,Swansea City,Goalkeeper,0.96,0.04,Loss,Non-Win
3754024,Swansea City,Striker,0.75,0.25,Loss,Non-Win
3754024,Swansea City,Wide Forward,0.4166666666666667,0.5833333333333334,Loss,Non-Win
3754026,Crystal Palace,Attacking Midfield,0.8235294117647058,0.17647058823529413,Win,Win
3754026,Crystal Palace,Center Back,0.5526315789473685,0.4473684210526316,Win,Win
3754026,Crystal Palace,Defensive Midfield,0.6170212765957447,0.3829787234042553,Win,Win
3754026,Crystal Palace,Fullback,0.18421052631578946,0.8157894736842105,Win,Win
3754026,Crystal Palace,Goalkeeper,0.96875,0.03125,Win,Win
3754026,Crystal Palace,Striker,0.6,0.4,Win,Win
3754026,Crystal Palace,Wide Forward,0.4444444444444444,0.5555555555555556,Win,Win
3754026,Stoke City,Center Back,0.631578947368421,0.3684210526315789,Loss,Non-Win
3754026,Stoke City,Central Midfield,0.8571428571428571,0.14285714285714285,Loss,Non-Win
3754026,Stoke City,Defensive Midfield,0.7777777777777778,0.2222222222222222,Loss,Non-Win
3754026,Stoke City,Fullback,0.2972972972972973,0.7027027027027027,Loss,Non-Win
3754026,Stoke City,Goalkeeper,0.9,0.1,Loss,Non-Win
3754026,Stoke City,Striker,0.5,0.5,Loss,Non-Win
3754026,Stoke City,Wide Forward,0.6756756756756757,0.32432432432432434,Loss,Non-Win
3754034,Everton,Attacking Midfield,0.6071428571428571,0.39285714285714285,Win,Win
3754034,Everton,Center Back,0.6363636363636364,0.36363636363636365,Win,Win
3754034,Everton,Defensive Midfield,0.6410256410256411,0.358974358974359,Win,Win
3754034,Everton,Fullback,0.13333333333333333,0.8666666666666667,Win,Win
3754034,Everton,Goalkeeper,1.0,0.0,Win,Win
3754034,Everton,Striker,0.6153846153846154,0.38461538461538464,Win,Win
3754034,Everton,Wide Forward,0.2916666666666667,0.7083333333333334,Win,Win
3754034,Southampton,Attacking Midfield,0.6153846153846154,0.38461538461538464,Loss,Non-Win
3754034,Southampton,Center Back,0.4177215189873418,0.5822784810126582,Loss,Non-Win
3754034,Southampton,Defensive Midfield,0.8088235294117647,0.19117647058823528,Loss,Non-Win
3754034,Southampton,Fullback,0.14285714285714285,0.8571428571428571,Loss,Non-Win
3754034,Southampton,Goalkeeper,0.9333333333333333,0.06666666666666667,Loss,Non-Win
3754034,Southampton,Striker,1.0,0.0,Loss,Non-Win
3754034,Southampton,Wide Forward,0.2558139534883721,0.7441860465116279,Loss,Non-Win
3754044,Manchester United,Attacking Midfield,0.6190476190476191,0.38095238095238093,Loss,Non-Win
3754044,Manchester United,Center Back,0.6935483870967742,0.3064516129032258,Loss,Non-Win
3754044,Manchester United,Defensive Midfield,0.676923076923077,0.3230769230769231,Loss,Non-Win
3754044,Manchester United,Fullback,0.1323529411764706,0.8676470588235294,Loss,Non-Win
3754044,Manchester United,Goalkeeper,1.0,0.0,Loss,Non-Win
3754044,Manchester United,Striker,0.42857142857142855,0.5714285714285714,Loss,Non-Win
3754044,Manchester United,Wide Forward,0.25,0.75,Loss,Non-Win
3754044,Norwich City,Attacking Midfield,0.4166666666666667,0.5833333333333334,Win,Win
3754044,Norwich City,Center Back,0.5454545454545454,0.45454545454545453,Win,Win
3754044,Norwich City,Central Midfield,1.0,0.0,Win,Win
3754044,Norwich City,Defensive Midfield,0.7,0.3,Win,Win
3754044,Norwich City,Fullback,0.11428571428571428,0.8857142857142857,Win,Win
3754044,Norwich City,Goalkeeper,1.0,0.0,Win,Win
3754044,Norwich City,Striker,0.5714285714285714,0.42857142857142855,Win,Win
3754044,Norwich City,Wide Forward,0.23809523809523808,0.7619047619047619,Win,Win
3754050,Crystal Palace,Attacking Midfield,0.5,0.5,Draw,Non-Win
3754050,Crystal Palace,Center Back,0.5588235294117647,0.4411764705882353,Draw,Non-Win
3754050,Crystal Palace,Defensive Midfield,0.6285714285714286,0.37142857142857144,Draw,Non-Win
3754050,Crystal Palace,Fullback,0.3023255813953488,0.6976744186046512,Draw,Non-Win
3754050,Crystal Palace,Goalkeeper,0.9642857142857143,0.03571428571428571,Draw,Non-Win
3754050,Crystal Palace,Striker,0.42857142857142855,0.5714285714285714,Draw,Non-Win
3754050,Crystal Palace,Wide Forward,0.4186046511627907,0.5813953488372093,Draw,Non-Win
3754050,Sunderland,Center Back,0.5,0.5,Draw,Non-Win
3754050,Sunderland,Central Midfield,0.6739130434782609,0.32608695652173914,Draw,Non-Win
3754050,Sunderland,Defensive Midfield,0.53125,0.46875,Draw,Non-Win
3754050,Sunderland,Fullback,0.20930232558139536,0.7906976744186046,Draw,Non-Win
3754050,Sunderland,Goalkeeper,0.9736842105263158,0.02631578947368421,Draw,Non-Win
3754050,Sunderland,Striker,0.6666666666666666,0.3333333333333333,Draw,Non-Win
3754050,Sunderland,Wide Forward,0.6,0.4,Draw,Non-Win
3754052,Norwich City,Center Back,0.5555555555555556,0.4444444444444444,Win,Win
3754052,Norwich City,Central Midfield,0.5434782608695652,0.45652173913043476,Win,Win
3754052,Norwich City,Fullback,0.1,0.9,Win,Win
3754052,Norwich City,Goalkeeper,0.9722222222222222,0.027777777777777776,Win,Win
3754052,Norwich City,Striker,0.21052631578947367,0.7894736842105263,Win,Win
3754052,Norwich City,Wide Forward,0.08108108108108109,0.918918918918919,Win,Win
3754052,West Bromwich Albion,Attacking Midfield,0.6666666666666666,0.3333333333333333,Loss,Non-Win
3754052,West Bromwich Albion,Center Back,0.575,0.425,Loss,Non-Win
3754052,West Bromwich Albion,Defensive Midfield,0.75,0.25,Loss,Non-Win
3754052,West Bromwich Albion,Fullback,0.15873015873015872,0.8412698412698413,Loss,Non-Win
3754052,West Bromwich Albion,Goalkeeper,0.9230769230769231,0.07692307692307693,Loss,Non-Win
3754052,West Bromwich Albion,Striker,0.6,0.4,Loss,Non-Win
3754052,West Bromwich Albion,Wide Forward,0.42424242424242425,0.5757575757575758,Loss,Non-Win
3754061,Chelsea,Attacking Midfield,0.38095238095238093,0.6190476190476191,Draw,Non-Win
3754061,Chelsea,Center Back,0.75,0.25,Draw,Non-Win
3754061,Chelsea,Defensive Midfield,0.8035714285714286,0.19642857142857142,Draw,Non-Win
3754061,Chelsea,Fullback,0.16279069767441862,0.8372093023255814,Draw,Non-Win
3754061,Chelsea,Goalkeeper,1.0,0.0,Draw,Non-Win
3754061,Chelsea,Striker,0.6,0.4,Draw,Non-Win
3754061,Chelsea,Wide Forward,0.48,0.52,Draw,Non-Win
3754061,Stoke City,Attacking Midfield,0.6153846153846154,0.38461538461538464,Draw,Non-Win
3754061,Stoke City,Center Back,0.725,0.275,Draw,Non-Win
3754061,Stoke City,Defensive Midfield,0.7884615384615384,0.21153846153846154,Draw,Non-Win
3754061,Stoke City,Fullback,0.19047619047619047,0.8095238095238095,Draw,Non-Win
3754061,Stoke City,Goalkeeper,1.0,0.0,Draw,Non-Win
3754061,Stoke City,Striker,0.36363636363636365,0.6363636363636364,Draw,Non-Win
3754061,Stoke City,Wide Forward,0.3157894736842105,0.6842105263157895,Draw,Non-Win
3754074,Swansea City,Attacking Midfield,0.8333333333333334,0.16666666666666666,Draw,Non-Win
3754074,Swansea City,Center Back,0.5853658536585366,0.4146341463414634,Draw,Non-Win
3754074,Swansea City,Central Midfield,0.5405405405405406,0.4594594594594595,Draw,Non-Win
3754074,Swansea City,Fullback,0.25,0.75,Draw,Non-Win
3754074,Swansea City,Goalkeeper,0.9333333333333333,0.06666666666666667,Draw,Non-Win
3754074,Swansea City,Striker,0.5,0.5,Draw,Non-Win
3754074,Swansea City,Wide Forward,0.21212121212121213,0.7878787878787878,Draw,Non-Win
3754074,Tottenham Hotspur,Attacking Midfield,0.34782608695652173,0.6521739130434783,Draw,Non-Win
3754074,Tottenham Hotspur,Center Back,0.559322033898305,0.4406779661016949,Draw,Non-Win
3754074,Tottenham Hotspur,Central Midfield,0.75,0.25,Draw,Non-Win
3754074,Tottenham Hotspur,Fullback,0.25862068965517243,0.7413793103448276,Draw,Non-Win
3754074,Tottenham Hotspur,Goalkeeper,0.9583333333333334,0.041666666666666664,Draw,Non-Win
3754074,Tottenham Hotspur,Striker,0.6666666666666666,0.3333333333333333,Draw,Non-Win
3754074,Tottenham Hotspur,Wide Forward,0.41025641025641024,0.5897435897435898,Draw,Non-Win
3754083,Chelsea,Attacking Midfield,0.45454545454545453,0.5454545454545454,Loss,Non-Win
3754083,Chelsea,Center Back,0.6862745098039216,0.3137254901960784,Loss,Non-Win
3754083,Chelsea,Defensive Midfield,0.7532467532467533,0.24675324675324675,Loss,Non-Win
3754083,Chelsea,Fullback,0.21666666666666667,0.7833333333333333,Loss,Non-Win
3754083,Chelsea,Goalkeeper,0.9411764705882353,0.058823529411764705,Loss,Non-Win
3754083,Chelsea,Striker,0.5,0.5,Loss,Non-Win
3754083,Chelsea,Wide Forward,0.5526315789473685,0.4473684210526316,Loss,Non-Win
3754083,Crystal Palace,Attacking Midfield,0.5833333333333334,0.4166666666666667,Win,Win
3754083,Crystal Palace,Center Back,0.5714285714285714,0.42857142857142855,Win,Win
3754083,Crystal Palace,Defensive Midfield,0.6551724137931034,0.3448275862068966,Win,Win
3754083,Crystal Palace,Fullback,0.12903225806451613,0.8709677419354839,Win,Win
3754083,Crystal Palace,Goalkeeper,0.95,0.05,Win,Win
3754083,Crystal Palace,Striker,0.3,0.7,Win,Win
3754083,Crystal Palace,Wide Forward,0.38461538461538464,0.6153846153846154,Win,Win
3754084,Aston Villa,Center Back,0.6046511627906976,0.3953488372093023,Draw,Non-Win
3754084,Aston Villa,Central Midfield,0.36363636363636365,0.6363636363636364,Draw,Non-Win
3754084,Aston Villa,Defensive Midfield,0.64,0.36,Draw,Non-Win
3754084,Aston Villa,Fullback,0.08888888888888889,0.9111111111111111,Draw,Non-Win
3754084,Aston Villa,Goalkeeper,0.8333333333333334,0.16666666666666666,Draw,Non-Win
3754084,Aston Villa,Striker,0.3,0.7,Draw,Non-Win
3754084,Aston Villa,Wide Forward,0.425,0.575,Draw,Non-Win
3754084,West Bromwich Albion,Attacking Midfield,0.4375,0.5625,Draw,Non-Win
3754084,West Bromwich Albion,Center Back,0.59375,0.40625,Draw,Non-Win
3754084,West Bromwich Albion,Defensive Midfield,0.68,0.32,Draw,Non-Win
3754084,West Bromwich Albion,Fullback,0.2,0.8,Draw,Non-Win
3754084,West Bromwich Albion,Goalkeeper,0.9259259259259259,0.07407407407407407,Draw,Non-Win
3754084,West Bromwich Albion,Striker,0.7777777777777778,0.2222222222222222,Draw,Non-Win
3754084,West Bromwich Albion,Wide Forward,0.2727272727272727,0.7272727272727273,Draw,Non-Win
3754088,Manchester United,Attacking Midfield,0.6190476190476191,0.38095238095238093,Draw,Non-Win
3754088,Manchester United,Center Back,0.6666666666666666,0.3333333333333333,Draw,Non-Win
3754088,Manchester United,Central Midfield,0.6296296296296297,0.37037037037037035,Draw,Non-Win
3754088,Manchester United,Defensive Midfield,0.5,0.5,Draw,Non-Win
3754088,Manchester United,Fullback,0.1276595744680851,0.8723404255319149,Draw,Non-Win
3754088,Manchester United,Goalkeeper,0.9642857142857143,0.03571428571428571,Draw,Non-Win
3754088,Manchester United,Striker,0.3333333333333333,0.6666666666666666,Draw,Non-Win
3754088,Manchester United,Wide Forward,0.2,0.8,Draw,Non-Win
3754088,Newcastle United,Attacking Midfield,0.6,0.4,Draw,Non-Win
3754088,Newcastle United,Center Back,0.6966292134831461,0.30337078651685395,Draw,Non-Win
3754088,Newcastle United,Central Midfield,0.5714285714285714,0.42857142857142855,Draw,Non-Win
3754088,Newcastle United,Fullback,0.11764705882352941,0.8823529411764706,Draw,Non-Win
3754088,Newcastle United,Goalkeeper,0.9375,0.0625,Draw,Non-Win
3754088,Newcastle United,Striker,0.6666666666666666,0.3333333333333333,Draw,Non-Win
3754088,Newcastle United,Wide Forward,0.5,0.5,Draw,Non-Win
3754090,Newcastle United,Center Back,0.7959183673469388,0.20408163265306123,Draw,Non-Win
3754090,Newcastle United,Central Midfield,0.7017543859649122,0.2982456140350877,Draw,Non-Win
3754090,Newcastle United,Fullback,0.1891891891891892,0.8108108108108109,Draw,Non-Win
3754090,Newcastle United,Goalkeeper,0.96,0.04,Draw,Non-Win
3754090,Newcastle United,Striker,0.6785714285714286,0.32142857142857145,Draw,Non-Win
3754090,Newcastle United,Wide Forward,0.5333333333333333,0.4666666666666667,Draw,Non-Win
3754090,Stoke City,Attacking Midfield,0.5294117647058824,0.47058823529411764,Draw,Non-Win
3754090,Stoke City,Center Back,0.7037037037037037,0.2962962962962963,Draw,Non-Win
3754090,Stoke City,Defensive Midfield,0.7142857142857143,0.2857142857142857,Draw,Non-Win
3754090,Stoke City,Fullback,0.25,0.75,Draw,Non-Win
3754090,Stoke City,Goalkeeper,0.9642857142857143,0.03571428571428571,Draw,Non-Win
3754090,Stoke City,Striker,0.5833333333333334,0.4166666666666667,Draw,Non-Win
3754090,Stoke City,Wide Forward,0.3888888888888889,0.6111111111111112,Draw,Non-Win
3754093,Chelsea,Attacking Midfield,0.4,0.6,Draw,Non-Win
3754093,Chelsea,Center Back,0.6071428571428571,0.39285714285714285,Draw,Non-Win
3754093,Chelsea,Defensive Midfield,0.43902439024390244,0.5609756097560976,Draw,Non-Win
3754093,Chelsea,Fullback,0.12244897959183673,0.8775510204081632,Draw,Non-Win
3754093,Chelsea,Goalkeeper,0.9285714285714286,0.07142857142857142,Draw,Non-Win
3754093,Chelsea,Striker,0.75,0.25,Draw,Non-Win
3754093,Chelsea,Wide Forward,0.2,0.8,Draw,Non-Win
3754093,Tottenham Hotspur,Attacking Midfield,0.40625,0.59375,Draw,Non-Win
3754093,Tottenham Hotspur,Center Back,0.5316455696202531,0.46835443037974683,Draw,Non-Win
3754093,Tottenham Hotspur,Central Midfield,0.38235294117647056,0.6176470588235294,Draw,Non-Win
3754093,Tottenham Hotspur,Defensive Midfield,0.68,0.32,Draw,Non-Win
3754093,Tottenham Hotspur,Fullback,0.140625,0.859375,Draw,Non-Win
3754093,Tottenham Hotspur,Goalkeeper,1.0,0.0,Draw,Non-Win
3754093,Tottenham Hotspur,Striker,0.5,0.5,Draw,Non-Win
3754093,Tottenham Hotspur,Wide Forward,1.0,0.0,Draw,Non-Win
3754097,Manchester United,Attacking Midfield,0.9,0.1,Win,Win
3754097,Manchester United,Center Back,0.5689655172413793,0.43103448275862066,Win,Win
3754097,Manchester United,Central Midfield,0.5,0.5,Win,Win
3754097,Manchester United,Defensive Midfield,0.7894736842105263,0.21052631578947367,Win,Win
3754097,Manchester United,Fullback,0.06976744186046512,0.9302325581395349,Win,Win
3754097,Manchester United,Goalkeeper,1.0,0.0,Win,Win
3754097,Manchester United,Striker,0.42857142857142855,0.5714285714285714,Win,Win
3754097,Manchester United,Wide Forward,0.1891891891891892,0.8108108108108109,Win,Win
3754097,Tottenham Hotspur,Attacking Midfield,0.5454545454545454,0.45454545454545453,Loss,Non-Win
3754097,Tottenham Hotspur,Center Back,0.3230769230769231,0.676923076923077,Loss,Non-Win
3754097,Tottenham Hotspur,Central Midfield,0.7560975609756098,0.24390243902439024,Loss,Non-Win
3754097,Tottenham Hotspur,Fullback,0.14583333333333334,0.8541666666666666,Loss,Non-Win
3754097,Tottenham Hotspur,Goalkeeper,1.0,0.0,Loss,Non-Win
3754097,Tottenham Hotspur,Striker,0.2857142857142857,0.7142857142857143,Loss,Non-Win
3754097,Tottenham Hotspur,Wide Forward,0.35714285714285715,0.6428571428571429,Loss,Non-Win
3754101,Norwich City,Attacking Midfield,0.5555555555555556,0.4444444444444444,Win,Win
3754101,Norwich City,Center Back,0.5185185185185185,0.48148148148148145,Win,Win
3754101,Norwich City,Defensive Midfield,0.48484848484848486,0.5151515151515151,Win,Win
3754101,Norwich City,Fullback,0.15942028985507245,0.8405797101449275,Win,Win
3754101,Norwich City,Goalkeeper,1.0,0.0,Win,Win
3754101,Norwich City,Striker,0.2857142857142857,0.7142857142857143,Win,Win
3754101,Norwich City,Wide Forward,0.3235294117647059,0.6764705882352942,Win,Win
3754101,Southampton,Attacking Midfield,0.41379310344827586,0.5862068965517241,Loss,Non-Win
3754101,Southampton,Center Back,0.6046511627906976,0.3953488372093023,Loss,Non-Win
3754101,Southampton,Defensive Midfield,0.4,0.6,Loss,Non-Win
3754101,Southampton,Fullback,0.09433962264150944,0.9056603773584906,Loss,Non-Win
3754101,Southampton,Goalkeeper,0.9722222222222222,0.027777777777777776,Loss,Non-Win
3754101,Southampton,Striker,0.6666666666666666,0.3333333333333333,Loss,Non-Win
3754101,Southampton,Wide Forward,0.36,0.64,Loss,Non-Win
3754103,Chelsea,Attacking Midfield,0.5454545454545454,0.45454545454545453,Draw,Non-Win
3754103,Chelsea,Center Back,0.7142857142857143,0.2857142857142857,Draw,Non-Win
3754103,Chelsea,Defensive Midfield,0.4583333333333333,0.5416666666666666,Draw,Non-Win
3754103,Chelsea,Fullback,0.13636363636363635,0.8636363636363636,Draw,Non-Win
3754103,Chelsea,Goalkeeper,1.0,0.0,Draw,Non-Win
3754103,Chelsea,Striker,0.7,0.3,Draw,Non-Win
3754103,Chelsea,Wide Forward,0.2682926829268293,0.7317073170731707,Draw,Non-Win
3754103,Watford,Attacking Midfield,0.6666666666666666,0.3333333333333333,Draw,Non-Win
3754103,Watford,Center Back,0.6470588235294118,0.35294117647058826,Draw,Non-Win
3754103,Watford,Central Midfield,0.4642857142857143,0.5357142857142857,Draw,Non-Win
3754103,Watford,Defensive Midfield,0.6129032258064516,0.3870967741935484,Draw,Non-Win
3754103,Watford,Fullback,0.16981132075471697,0.8301886792452831,Draw,Non-Win
3754103,Watford,Goalkeeper,0.8947368421052632,0.10526315789473684,Draw,Non-Win
3754103,Watford,Striker,0.7619047619047619,0.23809523809523808,Draw,Non-Win
3754106,Aston Villa,Attacking Midfield,0.3333333333333333,0.6666666666666666,Loss,Non-Win
3754106,Aston Villa,Center Back,0.5254237288135594,0.4745762711864407,Loss,Non-Win
3754106,Aston Villa,Central Midfield,0.55,0.45,Loss,Non-Win
3754106,Aston Villa,Defensive Midfield,0.5263157894736842,0.47368421052631576,Loss,Non-Win
3754106,Aston Villa,Fullback,0.17647058823529413,0.8235294117647058,Loss,Non-Win
3754106,Aston Villa,Goalkeeper,0.9,0.1,Loss,Non-Win
3754106,Aston Villa,Striker,0.45454545454545453,0.5454545454545454,Loss,Non-Win
3754106,Aston Villa,Wide Forward,0.38095238095238093,0.6190476190476191,Loss,Non-Win
3754106,Leicester City,Center Back,0.7272727272727273,0.2727272727272727,Win,Win
3754106,Leicester City,Defensive Midfield,0.6379310344827587,0.3620689655172414,Win,Win
3754106,Leicester City,Fullback,0.125,0.875,Win,Win
3754106,Leicester City,Goalkeeper,0.96875,0.03125,Win,Win
3754106,Leicester City,Striker,0.3888888888888889,0.6111111111111112,Win,Win
3754106,Leicester City,Wide Forward,0.4489795918367347,0.5510204081632653,Win,Win
3754107,Aston Villa,Center Back,0.5245901639344263,0.47540983606557374,Loss,Non-Win
3754107,Aston Villa,Central Midfield,0.46875,0.53125,Loss,Non-Win
3754107,Aston Villa,Defensive Midfield,0.7058823529411765,0.29411764705882354,Loss,Non-Win
3754107,Aston Villa,Fullback,0.17391304347826086,0.8260869565217391,Loss,Non-Win
3754107,Aston Villa,Goalkeeper,0.96875,0.03125,Loss,Non-Win
3754107,Aston Villa,Striker,1.0,0.0,Loss,Non-Win
3754107,Aston Villa,Wide Forward,0.4375,0.5625,Loss,Non-Win
3754107,Manchester United,Attacking Midfield,0.8333333333333334,0.16666666666666666,Win,Win
3754107,Manchester United,Center Back,0.5303030303030303,0.4696969696969697,Win,Win
3754107,Manchester United,Central Midfield,0.7058823529411765,0.29411764705882354,Win,Win
3754107,Manchester United,Defensive Midfield,0.7083333333333334,0.2916666666666667,Win,Win
3754107,Manchester United,Fullback,0.12244897959183673,0.8775510204081632,Win,Win
3754107,Manchester United,Goalkeeper,1.0,0.0,Win,Win
3754107,Manchester United,Striker,0.7272727272727273,0.2727272727272727,Win,Win
3754107,Manchester United,Wide Forward,0.3157894736842105,0.6842105263157895,Win,Win
3754108,Chelsea,Attacking Midfield,0.6363636363636364,0.36363636363636365,Loss,Non-Win
3754108,Chelsea,Center Back,0.78125,0.21875,Loss,Non-Win
3754108,Chelsea,Defensive Midfield,0.8214285714285714,0.17857142857142858,Loss,Non-Win
3754108,Chelsea,Fullback,0.19230769230769232,0.8076923076923077,Loss,Non-Win
3754108,Chelsea,Goalkeeper,0.9230769230769231,0.07692307692307693,Loss,Non-Win
3754108,Chelsea,Striker,0.8888888888888888,0.1111111111111111,Loss,Non-Win
3754108,Chelsea,Wide Forward,0.4318181818181818,0.5681818181818182,Loss,Non-Win
3754108,Sunderland,Center Back,0.7692307692307693,0.23076923076923078,Win,Win
3754108,Sunderland,Central Midfield,0.6944444444444444,0.3055555555555556,Win,Win
3754108,Sunderland,Defensive Midfield,0.6896551724137931,0.3103448275862069,Win,Win
3754108,Sunderland,Fullback,0.22857142857142856,0.7714285714285715,Win,Win
3754108,Sunderland,Goalkeeper,0.9629629629629629,0.037037037037037035,Win,Win
3754108,Sunderland,Striker,0.625,0.375,Win,Win
3754108,Sunderland,Wide Forward,0.3448275862068966,0.6551724137931034,Win,Win
3754111,Arsenal,Attacking Midfield,0.5,0.5,Loss,Non-Win
3754111,Arsenal,Center Back,0.8181818181818182,0.18181818181818182,Loss,Non-Win
3754111,Arsenal,Defensive Midfield,0.8055555555555556,0.19444444444444445,Loss,Non-Win
3754111,Arsenal,Fullback,0.14583333333333334,0.8541666666666666,Loss,Non-Win
3754111,Arsenal,Goalkeeper,0.9354838709677419,0.06451612903225806,Loss,Non-Win
3754111,Arsenal,Striker,0.5454545454545454,0.45454545454545453,Loss,Non-Win
3754111,Arsenal,Wide Forward,0.5185185185185185,0.48148148148148145,Loss,Non-Win
3754111,Chelsea,Attacking Midfield,0.5882352941176471,0.4117647058823529,Win,Win
3754111,Chelsea,Center Back,0.868421052631579,0.13157894736842105,Win,Win
3754111,Chelsea,Defensive Midfield,0.7105263157894737,0.2894736842105263,Win,Win
3754111,Chelsea,Fullback,0.08571428571428572,0.9142857142857143,Win,Win
3754111,Chelsea,Goalkeeper,0.9655172413793104,0.034482758620689655,Win,Win
3754111,Chelsea,Striker,0.8571428571428571,0.14285714285714285,Win,Win
3754111,Chelsea,Wide Forward,0.36,0.64,Win,Win
3754112,Newcastle United,Attacking Midfield,0.5,0.5,Draw,Non-Win
3754112,Newcastle United,Center Back,0.5614035087719298,0.43859649122807015,Draw,Non-Win
3754112,Newcastle United,Central Midfield,0.6481481481481481,0.35185185185185186,Draw,Non-Win
3754112,Newcastle United,Fullback,0.11594202898550725,0.8840579710144928,Draw,Non-Win
3754112,Newcastle United,Goalkeeper,1.0,0.0,Draw,Non-Win
3754112,Newcastle United,Striker,0.3333333333333333,0.6666666666666666,Draw,Non-Win
3754112,Newcastle United,Wide Forward,0.20588235294117646,0.7941176470588235,Draw,Non-Win
3754112,Southampton,Attacking Midfield,0.5384615384615384,0.46153846153846156,Draw,Non-Win
3754112,Southampton,Center Back,0.6666666666666666,0.3333333333333333,Draw,Non-Win
3754112,Southampton,Central Midfield,0.782608695652174,0.21739130434782608,Draw,Non-Win
3754112,Southampton,Fullback,0.05714285714285714,0.9428571428571428,Draw,Non-Win
3754112,Southampton,Goalkeeper,1.0,0.0,Draw,Non-Win
3754112,Southampton,Striker,0.7142857142857143,0.2857142857142857,Draw,Non-Win
3754112,Southampton,Wide Forward,0.4444444444444444,0.5555555555555556,Draw,Non-Win
3754116,Chelsea,Attacking Midfield,0.7333333333333333,0.26666666666666666,Loss,Non-Win
3754116,Chelsea,Center Back,0.7532467532467533,0.24675324675324675,Loss,Non-Win
3754116,Chelsea,Defensive Midfield,0.7,0.3,Loss,Non-Win
3754116,Chelsea,Fullback,0.24242424242424243,0.7575757575757576,Loss,Non-Win
3754116,Chelsea,Goalkeeper,1.0,0.0,Loss,Non-Win
3754116,Chelsea,Striker,1.0,0.0,Loss,Non-Win
3754116,Chelsea,Wide Forward,0.4782608695652174,0.5217391304347826,Loss,Non-Win
3754116,Swansea City,Attacking Midfield,0.8666666666666667,0.13333333333333333,Win,Win
3754116,Swansea City,Center Back,0.5454545454545454,0.45454545454545453,Win,Win
3754116,Swansea City,Defensive Midfield,0.7105263157894737,0.2894736842105263,Win,Win
3754116,Swansea City,Fullback,0.20588235294117646,0.7941176470588235,Win,Win
3754116,Swansea City,Goalkeeper,0.918918918918919,0.08108108108108109,Win,Win
3754116,Swansea City,Striker,0.5,0.5,Win,Win
3754116,Swansea City,Wide Forward,0.4166666666666667,0.5833333333333334,Win,Win
3754120,Southampton,Attacking Midfield,0.45,0.55,Win,Win
3754120,Southampton,Center Back,0.5319148936170213,0.46808510638297873,Win,Win
3754120,Southampton,Defensive Midfield,0.7692307692307693,0.23076923076923078,Win,Win
3754120,Southampton,Fullback,0.11538461538461539,0.8846153846153846,Win,Win
3754120,Southampton,Goalkeeper,0.96875,0.03125,Win,Win
3754120,Southampton,Striker,0.5,0.5,Win,Win
3754120,West Ham United,Attacking Midfield,0.5,0.5,Loss,Non-Win
3754120,West Ham United,Center Back,0.582089552238806,0.417910447761194,Loss,Non-Win
3754120,West Ham United,Defensive Midfield,0.5441176470588235,0.45588235294117646,Loss,Non-Win
3754120,West Ham United,Fullback,0.12903225806451613,0.8709677419354839,Loss,Non-Win
3754120,West Ham United,Goalkeeper,0.84,0.16,Loss,Non-Win
3754120,West Ham United,Striker,0.4444444444444444,0.5555555555555556,Loss,Non-Win
3754120,West Ham United,Wide Forward,0.5789473684210527,0.42105263157894735,Loss,Non-Win
3754121,AFC Bournemouth,Center Back,0.4339622641509434,0.5660377358490566,Draw,Non-Win
3754121,AFC Bournemouth,Central Midfield,0.47368421052631576,0.5263157894736842,Draw,Non-Win
3754121,AFC Bournemouth,Fullback,0.14864864864864866,0.8513513513513513,Draw,Non-Win
3754121,AFC Bournemouth,Goalkeeper,0.9,0.1,Draw,Non-Win
3754121,AFC Bournemouth,Striker,0.35714285714285715,0.6428571428571429,Draw,Non-Win
3754121,AFC Bournemouth,Wide Forward,0.20512820512820512,0.7948717948717948,Draw,Non-Win
3754121,Watford,Attacking Midfield,0.2857142857142857,0.7142857142857143,Draw,Non-Win
3754121,Watford,Center Back,0.3103448275862069,0.6896551724137931,Draw,Non-Win
3754121,Watford,Central Midfield,0.46875,0.53125,Draw,Non-Win
3754121,Watford,Defensive Midfield,0.5,0.5,Draw,Non-Win
3754121,Watford,Fullback,0.06382978723404255,0.9361702127659575,Draw,Non-Win
3754121,Watford,Goalkeeper,0.8285714285714286,0.17142857142857143,Draw,Non-Win
3754121,Watford,Striker,0.3333333333333333,0.6666666666666666,Draw,Non-Win
3754130,Aston Villa,Attacking Midfield,0.42857142857142855,0.5714285714285714,Loss,Non-Win
3754130,Aston Villa,Center Back,0.631578947368421,0.3684210526315789,Loss,Non-Win
3754130,Aston Villa,Defensive Midfield,0.574468085106383,0.425531914893617,Loss,Non-Win
3754130,Aston Villa,Fullback,0.12280701754385964,0.8771929824561403,Loss,Non-Win
3754130,Aston Villa,Goalkeeper,0.9166666666666666,0.08333333333333333,Loss,Non-Win
3754130,Aston Villa,Striker,0.7692307692307693,0.23076923076923078,Loss,Non-Win
3754130,Aston Villa,Wide Forward,0.32142857142857145,0.6785714285714286,Loss,Non-Win
3754130,Norwich City,Attacking Midfield,0.45454545454545453,0.5454545454545454,Win,Win
3754130,Norwich City,Center Back,0.5531914893617021,0.44680851063829785,Win,Win
3754130,Norwich City,Defensive Midfield,0.6153846153846154,0.38461538461538464,Win,Win
3754130,Norwich City,Fullback,0.2,0.8,Win,Win
3754130,Norwich City,Goalkeeper,0.8918918918918919,0.10810810810810811,Win,Win
3754130,Norwich City,Striker,0.5555555555555556,0.4444444444444444,Win,Win
3754130,Norwich City,Wide Forward,0.5454545454545454,0.45454545454545453,Win,Win
3754133,Norwich City,Center Back,0.515625,0.484375,Loss,Non-Win
3754133,Norwich City,Central Midfield,0.5789473684210527,0.42105263157894735,Loss,Non-Win
3754133,Norwich City,Defensive Midfield,0.5416666666666666,0.4583333333333333,Loss,Non-Win
3754133,Norwich City,Fullback,0.13924050632911392,0.8607594936708861,Loss,Non-Win
3754133,Norwich City,Goalkeeper,1.0,0.0,Loss,Non-Win
3754133,Norwich City,Striker,0.6666666666666666,0.3333333333333333,Loss,Non-Win
3754133,Norwich City,Wide Forward,0.29411764705882354,0.7058823529411765,Loss,Non-Win
3754133,West Bromwich Albion,Center Back,0.5098039215686274,0.49019607843137253,Win,Win
3754133,West Bromwich Albion,Defensive Midfield,0.5357142857142857,0.4642857142857143,Win,Win
3754133,West Bromwich Albion,Fullback,0.1836734693877551,0.8163265306122449,Win,Win
3754133,West Bromwich Albion,Goalkeeper,0.9230769230769231,0.07692307692307693,Win,Win
3754133,West Bromwich Albion,Striker,0.625,0.375,Win,Win
3754133,West Bromwich Albion,Wide Forward,0.3225806451612903,0.6774193548387096,Win,Win
3754140,Everton,Center Back,0.5348837209302325,0.46511627906976744,Draw,Non-Win
3754140,Everton,Central Midfield,0.675,0.325,Draw,Non-Win
3754140,Everton,Defensive Midfield,0.6785714285714286,0.32142857142857145,Draw,Non-Win
3754140,Everton,Fullback,0.2647058823529412,0.7352941176470589,Draw,Non-Win
3754140,Everton,Goalkeeper,1.0,0.0,Draw,Non-Win
3754140,Everton,Striker,0.8,0.2,Draw,Non-Win
3754140,Everton,Wide Forward,0.37037037037037035,0.6296296296296297,Draw,Non-Win
3754140,Tottenham Hotspur,Attacking Midfield,0.5294117647058824,0.47058823529411764,Draw,Non-Win
3754140,Tottenham Hotspur,Center Back,0.7631578947368421,0.23684210526315788,Draw,Non-Win
3754140,Tottenham Hotspur,Defensive Midfield,0.6056338028169014,0.39436619718309857,Draw,Non-Win
3754140,Tottenham Hotspur,Fullback,0.21428571428571427,0.7857142857142857,Draw,Non-Win
3754140,Tottenham Hotspur,Goalkeeper,1.0,0.0,Draw,Non-Win
3754140,Tottenham Hotspur,Striker,1.0,0.0,Draw,Non-Win
3754140,Tottenham Hotspur,Wide Forward,0.625,0.375,Draw,Non-Win
3754143,Liverpool,Attacking Midfield,0.47058823529411764,0.5294117647058824,Loss,Non-Win
3754143,Liverpool,Center Back,0.6545454545454545,0.34545454545454546,Loss,Non-Win
3754143,Liverpool,Central Midfield,0.6296296296296297,0.37037037037037035,Loss,Non-Win
3754143,Liverpool,Defensive Midfield,0.6,0.4,Loss,Non-Win
3754143,Liverpool,Fullback,0.24193548387096775,0.7580645161290323,Loss,Non-Win
3754143,Liverpool,Goalkeeper,1.0,0.0,Loss,Non-Win
3754143,Liverpool,Striker,0.42857142857142855,0.5714285714285714,Loss,Non-Win
3754143,Liverpool,Wide Forward,0.2972972972972973,0.7027027027027027,Loss,Non-Win
3754143,Newcastle United,Attacking Midfield,0.5,0.5,Win,Win
3754143,Newcastle United,Center Back,0.8,0.2,Win,Win
3754143,Newcastle United,Central Midfield,0.5,0.5,Win,Win
3754143,Newcastle United,Defensive Midfield,0.6052631578947368,0.39473684210526316,Win,Win
3754143,Newcastle United,Fullback,0.3018867924528302,0.6981132075471698,Win,Win
3754143,Newcastle United,Goalkeeper,0.8695652173913043,0.13043478260869565,Win,Win
3754143,Newcastle United,Striker,0.6666666666666666,0.3333333333333333,Win,Win
3754143,Newcastle United,Wide Forward,0.32432432432432434,0.6756756756756757,Win,Win
3754146,Leicester City,Center Back,0.75,0.25,Draw,Non-Win
3754146,Leicester City,Defensive Midfield,0.6811594202898551,0.3188405797101449,Draw,Non-Win
3754146,Leicester City,Fullback,0.15384615384615385,0.8461538461538461,Draw,Non-Win
3754146,Leicester City,Goalkeeper,0.9705882352941176,0.029411764705882353,Draw,Non-Win
3754146,Leicester City,Striker,0.6363636363636364,0.36363636363636365,Draw,Non-Win
3754146,Leicester City,Wide Forward,0.35135135135135137,0.6486486486486487,Draw,Non-Win
3754146,Stoke City,Attacking Midfield,0.4375,0.5625,Draw,Non-Win
3754146,Stoke City,Center Back,0.6585365853658537,0.34146341463414637,Draw,Non-Win
3754146,Stoke City,Defensive Midfield,0.5652173913043478,0.43478260869565216,Draw,Non-Win
3754146,Stoke City,Fullback,0.140625,0.859375,Draw,Non-Win
3754146,Stoke City,Goalkeeper,0.9722222222222222,0.027777777777777776,Draw,Non-Win
3754146,Stoke City,Striker,0.0,1.0,Draw,Non-Win
3754146,Stoke City,Wide Forward,0.35555555555555557,0.6444444444444445,Draw,Non-Win
3754150,Stoke City,Attacking Midfield,0.25,0.75,Loss,Non-Win
3754150,Stoke City,Center Back,0.696969696969697,0.30303030303030304,Loss,Non-Win
3754150,Stoke City,Central Midfield,0.746268656716418,0.2537313432835821,Loss,Non-Win
3754150,Stoke City,Fullback,0.23529411764705882,0.7647058823529411,Loss,Non-Win
3754150,Stoke City,Goalkeeper,0.967741935483871,0.03225806451612903,Loss,Non-Win
3754150,Stoke City,Striker,0.2,0.8,Loss,Non-Win
3754150,Stoke City,Wide Forward,0.375,0.625,Loss,Non-Win
3754150,Sunderland,Attacking Midfield,0.75,0.25,Win,Win
3754150,Sunderland,Center Back,0.5689655172413793,0.43103448275862066,Win,Win
3754150,Sunderland,Central Midfield,0.7647058823529411,0.23529411764705882,Win,Win
3754150,Sunderland,Defensive Midfield,0.625,0.375,Win,Win
3754150,Sunderland,Fullback,0.1875,0.8125,Win,Win
3754150,Sunderland,Goalkeeper,0.9714285714285714,0.02857142857142857,Win,Win
3754150,Sunderland,Striker,0.6363636363636364,0.36363636363636365,Win,Win
3754150,Sunderland,Wide Forward,0.0,1.0,Win,Win
3754151,Norwich City,Attacking Midfield,0.5294117647058824,0.47058823529411764,Loss,Non-Win
3754151,Norwich City,Center Back,0.5652173913043478,0.43478260869565216,Loss,Non-Win
3754151,Norwich City,Central Midfield,0.48,0.52,Loss,Non-Win
3754151,Norwich City,Defensive Midfield,0.2,0.8,Loss,Non-Win
3754151,Norwich City,Fullback,0.16279069767441862,0.8372093023255814,Loss,Non-Win
3754151,Norwich City,Goalkeeper,0.9090909090909091,0.09090909090909091,Loss,Non-Win
3754151,Norwich City,Striker,0.75,0.25,Loss,Non-Win
3754151,Norwich City,Wide Forward,0.35294117647058826,0.6470588235294118,Loss,Non-Win
3754151,Swansea City,Attacking Midfield,0.7222222222222222,0.2777777777777778,Win,Win
3754151,Swansea City,Center Back,0.4117647058823529,0.5882352941176471,Win,Win
3754151,Swansea City,Defensive Midfield,0.4791666666666667,0.5208333333333334,Win,Win
3754151,Swansea City,Fullback,0.15384615384615385,0.8461538461538461,Win,Win
3754151,Swansea City,Goalkeeper,0.9310344827586207,0.06896551724137931,Win,Win
3754151,Swansea City,Striker,0.3333333333333333,0.6666666666666666,Win,Win
3754151,Swansea City,Wide Forward,0.21875,0.78125,Win,Win
3754158,Swansea City,Center Back,0.6666666666666666,0.3333333333333333,Win,Win
3754158,Swansea City,Central Midfield,0.8157894736842105,0.18421052631578946,Win,Win
3754158,Swansea City,Defensive Midfield,0.7777777777777778,0.2222222222222222,Win,Win
3754158,Swansea City,Fullback,0.10256410256410256,0.8974358974358975,Win,Win
3754158,Swansea City,Goalkeeper,0.9512195121951219,0.04878048780487805,Win,Win
3754158,Swansea City,Striker,0.75,0.25,Win,Win
3754158,Swansea City,Wide Forward,0.32142857142857145,0.6785714285714286,Win,Win
3754158,West Ham United,Attacking Midfield,0.7058823529411765,0.29411764705882354,Loss,Non-Win
3754158,West Ham United,Center Back,0.5428571428571428,0.45714285714285713,Loss,Non-Win
3754158,West Ham United,Defensive Midfield,0.6041666666666666,0.3958333333333333,Loss,Non-Win
3754158,West Ham United,Fullback,0.25,0.75,Loss,Non-Win
3754158,West Ham United,Goalkeeper,1.0,0.0,Loss,Non-Win
3754158,West Ham United,Striker,0.875,0.125,Loss,Non-Win
3754158,West Ham United,Wide Forward,0.48484848484848486,0.5151515151515151,Loss,Non-Win
3754161,Swansea City,Attacking Midfield,0.125,0.875,Win,Win
3754161,Swansea City,Center Back,0.6304347826086957,0.3695652173913043,Win,Win
3754161,Swansea City,Central Midfield,0.30612244897959184,0.6938775510204082,Win,Win
3754161,Swansea City,Defensive Midfield,0.5625,0.4375,Win,Win
3754161,Swansea City,Fullback,0.14035087719298245,0.8596491228070176,Win,Win
3754161,Swansea City,Goalkeeper,0.9615384615384616,0.038461538461538464,Win,Win
3754161,Swansea City,Striker,0.2222222222222222,0.7777777777777778,Win,Win
3754161,Watford,Center Back,0.6206896551724138,0.3793103448275862,Loss,Non-Win
3754161,Watford,Central Midfield,0.5128205128205128,0.48717948717948717,Loss,Non-Win
3754161,Watford,Fullback,0.09523809523809523,0.9047619047619048,Loss,Non-Win
3754161,Watford,Goalkeeper,1.0,0.0,Loss,Non-Win
3754161,Watford,Striker,0.5454545454545454,0.45454545454545453,Loss,Non-Win
3754161,Watford,Wide Forward,0.47619047619047616,0.5238095238095238,Loss,Non-Win
3754163,Everton,Center Back,0.7692307692307693,0.23076923076923078,Loss,Non-Win
3754163,Everton,Central Midfield,0.6744186046511628,0.32558139534883723,Loss,Non-Win
3754163,Everton,Defensive Midfield,0.7647058823529411,0.23529411764705882,Loss,Non-Win
3754163,Everton,Fullback,0.13043478260869565,0.8695652173913043,Loss,Non-Win
3754163,Everton,Goalkeeper,0.9411764705882353,0.058823529411764705,Loss,Non-Win
3754163,Everton,Striker,0.5,0.5,Loss,Non-Win
3754163,Everton,Wide Forward,0.2708333333333333,0.7291666666666666,Loss,Non-Win
3754163,Swansea City,Center Back,0.7254901960784313,0.27450980392156865,Win,Win
3754163,Swansea City,Central Midfield,0.5294117647058824,0.47058823529411764,Win,Win
3754163,Swansea City,Defensive Midfield,0.5,0.5,Win,Win
3754163,Swansea City,Fullback,0.07272727272727272,0.9272727272727272,Win,Win
3754163,Swansea City,Goalkeeper,1.0,0.0,Win,Win
3754163,Swansea City,Striker,0.8333333333333334,0.16666666666666666,Win,Win
3754163,Swansea City,Wide Forward,0.36,0.64,Win,Win
3754165,Leicester City,Center Back,0.6666666666666666,0.3333333333333333,Draw,Non-Win
3754165,Leicester City,Central Midfield,0.5263157894736842,0.47368421052631576,Draw,Non-Win
3754165,Leicester City,Fullback,0.23076923076923078,0.7692307692307693,Draw,Non-Win
3754165,Leicester City,Goalkeeper,0.9090909090909091,0.09090909090909091,Draw,Non-Win
3754165,Leicester City,Striker,0.4444444444444444,0.5555555555555556,Draw,Non-Win
3754165,Leicester City,Wide Forward,0.5,0.5,Draw,Non-Win
3754165,Manchester United,Center Back,0.5396825396825397,0.4603174603174603,Draw,Non-Win
3754165,Manchester United,Central Midfield,0.5217391304347826,0.4782608695652174,Draw,Non-Win
3754165,Manchester United,Defensive Midfield,0.7241379310344828,0.27586206896551724,Draw,Non-Win
3754165,Manchester United,Fullback,0.1044776119402985,0.8955223880597015,Draw,Non-Win
3754165,Manchester United,Goalkeeper,1.0,0.0,Draw,Non-Win
3754165,Manchester United,Striker,0.5,0.5,Draw,Non-Win
3754165,Manchester United,Wide Forward,0.3409090909090909,0.6590909090909091,Draw,Non-Win
3754169,AFC Bournemouth,Attacking Midfield,0.4,0.6,Win,Win
3754169,AFC Bournemouth,Center Back,0.5846153846153846,0.4153846153846154,Win,Win
3754169,AFC Bournemouth,Defensive Midfield,0.6060606060606061,0.3939393939393939,Win,Win
3754169,AFC Bournemouth,Fullback,0.25,0.75,Win,Win
3754169,AFC Bournemouth,Goalkeeper,0.9642857142857143,0.03571428571428571,Win,Win
3754169,AFC Bournemouth,Striker,0.75,0.25,Win,Win
3754169,AFC Bournemouth,Wide Forward,0.2857142857142857,0.7142857142857143,Win,Win
3754169,Sunderland,Attacking Midfield,0.6666666666666666,0.3333333333333333,Loss,Non-Win
3754169,Sunderland,Center Back,0.6833333333333333,0.31666666666666665,Loss,Non-Win
3754169,Sunderland,Defensive Midfield,0.7045454545454546,0.29545454545454547,Loss,Non-Win
3754169,Sunderland,Fullback,0.3170731707317073,0.6829268292682927,Loss,Non-Win
3754169,Sunderland,Goalkeeper,0.8857142857142857,0.11428571428571428,Loss,Non-Win
3754169,Sunderland,Striker,0.75,0.25,Loss,Non-Win
3754169,Sunderland,Wide Forward,0.5277777777777778,0.4722222222222222,Loss,Non-Win
3754176,Crystal Palace,Center Back,0.75,0.25,Draw,Non-Win
3754176,Crystal Palace,Central Midfield,0.3888888888888889,0.6111111111111112,Draw,Non-Win
3754176,Crystal Palace,Defensive Midfield,0.7368421052631579,0.2631578947368421,Draw,Non-Win
3754176,Crystal Palace,Fullback,0.1794871794871795,0.8205128205128205,Draw,Non-Win
3754176,Crystal Palace,Goalkeeper,0.8620689655172413,0.13793103448275862,Draw,Non-Win
3754176,Crystal Palace,Striker,0.42857142857142855,0.5714285714285714,Draw,Non-Win
3754176,Crystal Palace,Wide Forward,0.275,0.725,Draw,Non-Win
3754176,West Ham United,Center Back,0.7543859649122807,0.24561403508771928,Draw,Non-Win
3754176,West Ham United,Central Midfield,0.5535714285714286,0.44642857142857145,Draw,Non-Win
3754176,West Ham United,Defensive Midfield,0.75,0.25,Draw,Non-Win
3754176,West Ham United,Fullback,0.0851063829787234,0.9148936170212766,Draw,Non-Win
3754176,West Ham United,Goalkeeper,0.9722222222222222,0.027777777777777776,Draw,Non-Win
3754176,West Ham United,Striker,0.6,0.4,Draw,Non-Win
3754176,West Ham United,Wide Forward,0.42105263157894735,0.5789473684210527,Draw,Non-Win
3754177,AFC Bournemouth,Center Back,0.5492957746478874,0.4507042253521127,Win,Win
3754177,AFC Bournemouth,Central Midfield,0.4634146341463415,0.5365853658536586,Win,Win
3754177,AFC Bournemouth,Fullback,0.2830188679245283,0.7169811320754716,Win,Win
3754177,AFC Bournemouth,Goalkeeper,0.9032258064516129,0.0967741935483871,Win,Win
3754177,AFC Bournemouth,Striker,0.5263157894736842,0.47368421052631576,Win,Win
3754177,AFC Bournemouth,Wide Forward,0.41025641025641024,0.5897435897435898,Win,Win
3754177,Newcastle United,Attacking Midfield,0.75,0.25,Loss,Non-Win
3754177,Newcastle United,Center Back,0.6451612903225806,0.3548387096774194,Loss,Non-Win
3754177,Newcastle United,Defensive Midfield,0.6153846153846154,0.38461538461538464,Loss,Non-Win
3754177,Newcastle United,Fullback,0.19642857142857142,0.8035714285714286,Loss,Non-Win
3754177,Newcastle United,Goalkeeper,0.9333333333333333,0.06666666666666667,Loss,Non-Win
3754177,Newcastle United,Striker,0.8333333333333334,0.16666666666666666,Loss,Non-Win
3754177,Newcastle United,Wide Forward,0.2727272727272727,0.7272727272727273,Loss,Non-Win
3754178,Aston Villa,Center Back,0.4444444444444444,0.5555555555555556,Loss,Non-Win
3754178,Aston Villa,Central Midfield,0.42857142857142855,0.5714285714285714,Loss,Non-Win
3754178,Aston Villa,Defensive Midfield,0.84,0.16,Loss,Non-Win
3754178,Aston Villa,Fullback,0.19696969696969696,0.803030303030303,Loss,Non-Win
3754178,Aston Villa,Goalkeeper,1.0,0.0,Loss,Non-Win
3754178,Aston Villa,Striker,0.4,0.6,Loss,Non-Win
3754178,Aston Villa,Wide Forward,0.14814814814814814,0.8518518518518519,Loss,Non-Win
3754178,Watford,Center Back,0.4444444444444444,0.5555555555555556,Win,Win
3754178,Watford,Defensive Midfield,0.5483870967741935,0.45161290322580644,Win,Win
3754178,Watford,Fullback,0.125,0.875,Win,Win
3754178,Watford,Goalkeeper,1.0,0.0,Win,Win
3754178,Watford,Striker,0.6111111111111112,0.3888888888888889,Win,Win
3754178,Watford,Wide Forward,0.25,0.75,Win,Win
3754184,Arsenal,Attacking Midfield,0.41379310344827586,0.5862068965517241,Win,Win
3754184,Arsenal,Center Back,0.7833333333333333,0.21666666666666667,Win,Win
3754184,Arsenal,Defensive Midfield,0.7818181818181819,0.21818181818181817,Win,Win
3754184,Arsenal,Fullback,0.1702127659574468,0.8297872340425532,Win,Win
3754184,Arsenal,Goalkeeper,0.9487179487179487,0.05128205128205128,Win,Win
3754184,Arsenal,Striker,0.3333333333333333,0.6666666666666666,Win,Win
3754184,Arsenal,Wide Forward,0.6052631578947368,0.39473684210526316,Win,Win
3754184,Norwich City,Attacking Midfield,0.5625,0.4375,Loss,Non-Win
3754184,Norwich City,Center Back,0.52,0.48,Loss,Non-Win
3754184,Norwich City,Central Midfield,0.625,0.375,Loss,Non-Win
3754184,Norwich City,Fullback,0.20833333333333334,0.7916666666666666,Loss,Non-Win
3754184,Norwich City,Goalkeeper,0.9722222222222222,0.027777777777777776,Loss,Non-Win
3754184,Norwich City,Striker,0.6666666666666666,0.3333333333333333,Loss,Non-Win
3754184,Norwich City,Wide Forward,0.42857142857142855,0.5714285714285714,Loss,Non-Win
3754188,Southampton,Attacking Midfield,0.7,0.3,Loss,Non-Win
3754188,Southampton,Center Back,0.5,0.5,Loss,Non-Win
3754188,Southampton,Defensive Midfield,0.6666666666666666,0.3333333333333333,Loss,Non-Win
3754188,Southampton,Fullback,0.22058823529411764,0.7794117647058824,Loss,Non-Win
3754188,Southampton,Goalkeeper,0.9696969696969697,0.030303030303030304,Loss,Non-Win
3754188,Southampton,Striker,0.75,0.25,Loss,Non-Win
3754188,Southampton,Wide Forward,0.3333333333333333,0.6666666666666666,Loss,Non-Win
3754188,Tottenham Hotspur,Attacking Midfield,0.7894736842105263,0.21052631578947367,Win,Win
3754188,Tottenham Hotspur,Center Back,0.5,0.5,Win,Win
3754188,Tottenham Hotspur,Defensive Midfield,0.6896551724137931,0.3103448275862069,Win,Win
3754188,Tottenham Hotspur,Fullback,0.1896551724137931,0.8103448275862069,Win,Win
3754188,Tottenham Hotspur,Goalkeeper,0.9523809523809523,0.047619047619047616,Win,Win
3754188,Tottenham Hotspur,Striker,0.7142857142857143,0.2857142857142857,Win,Win
3754188,Tottenham Hotspur,Wide Forward,0.28,0.72,Win,Win
3754189,Southampton,Attacking Midfield,0.3181818181818182,0.6818181818181818,Draw,Non-Win
3754189,Southampton,Center Back,0.40298507462686567,0.5970149253731343,Draw,Non-Win
3754189,Southampton,Defensive Midfield,0.8571428571428571,0.14285714285714285,Draw,Non-Win
3754189,Southampton,Fullback,0.12195121951219512,0.8780487804878049,Draw,Non-Win
3754189,Southampton,Goalkeeper,1.0,0.0,Draw,Non-Win
3754189,Southampton,Striker,0.5,0.5,Draw,Non-Win
3754189,Watford,Attacking Midfield,0.75,0.25,Draw,Non-Win
3754189,Watford,Center Back,0.5454545454545454,0.45454545454545453,Draw,Non-Win
3754189,Watford,Defensive Midfield,0.6216216216216216,0.3783783783783784,Draw,Non-Win
3754189,Watford,Fullback,0.24691358024691357,0.7530864197530864,Draw,Non-Win
3754189,Watford,Goalkeeper,1.0,0.0,Draw,Non-Win
3754189,Watford,Striker,0.5,0.5,Draw,Non-Win
3754189,Watford,Wide Forward,0.2222222222222222,0.7777777777777778,Draw,Non-Win
3754190,Aston Villa,Attacking Midfield,0.47368421052631576,0.5263157894736842,Loss,Non-Win
3754190,Aston Villa,Center Back,0.7857142857142857,0.21428571428571427,Loss,Non-Win
3754190,Aston Villa,Central Midfield,0.5526315789473685,0.4473684210526316,Loss,Non-Win
3754190,Aston Villa,Defensive Midfield,0.7058823529411765,0.29411764705882354,Loss,Non-Win
3754190,Aston Villa,Fullback,0.1111111111111111,0.8888888888888888,Loss,Non-Win
3754190,Aston Villa,Goalkeeper,0.9428571428571428,0.05714285714285714,Loss,Non-Win
3754190,Aston Villa,Striker,0.5384615384615384,0.46153846153846156,Loss,Non-Win
3754190,Crystal Palace,Attacking Midfield,0.2608695652173913,0.7391304347826086,Win,Win
3754190,Crystal Palace,Center Back,0.6086956521739131,0.391304347826087,Win,Win
3754190,Crystal Palace,Defensive Midfield,0.5714285714285714,0.42857142857142855,Win,Win
3754190,Crystal Palace,Fullback,0.2,0.8,Win,Win
3754190,Crystal Palace,Goalkeeper,0.9629629629629629,0.037037037037037035,Win,Win
3754190,Crystal Palace,Striker,0.25,0.75,Win,Win
3754190,Crystal Palace,Wide Forward,0.6451612903225806,0.3548387096774194,Win,Win
3754191,AFC Bournemouth,Attacking Midfield,0.6666666666666666,0.3333333333333333,Loss,Non-Win
3754191,AFC Bournemouth,Center Back,0.6612903225806451,0.3387096774193548,Loss,Non-Win
3754191,AFC Bournemouth,Defensive Midfield,0.75,0.25,Loss,Non-Win
3754191,AFC Bournemouth,Fullback,0.16216216216216217,0.8378378378378378,Loss,Non-Win
3754191,AFC Bournemouth,Goalkeeper,1.0,0.0,Loss,Non-Win
3754191,AFC Bournemouth,Striker,0.6666666666666666,0.3333333333333333,Loss,Non-Win
3754191,AFC Bournemouth,Wide Forward,0.45714285714285713,0.5428571428571428,Loss,Non-Win
3754191,Southampton,Attacking Midfield,0.4166666666666667,0.5833333333333334,Win,Win
3754191,Southampton,Center Back,0.6307692307692307,0.36923076923076925,Win,Win
3754191,Southampton,Central Midfield,0.6666666666666666,0.3333333333333333,Win,Win
3754191,Southampton,Defensive Midfield,0.5,0.5,Win,Win
3754191,Southampton,Fullback,0.15555555555555556,0.8444444444444444,Win,Win
3754191,Southampton,Goalkeeper,1.0,0.0,Win,Win
3754191,Southampton,Striker,0.7777777777777778,0.2222222222222222,Win,Win
3754191,Southampton,Wide Forward,0.3181818181818182,0.6818181818181818,Win,Win
3754206,Manchester City,Attacking Midfield,0.5,0.5,Draw,Non-Win
3754206,Manchester City,Center Back,0.8043478260869565,0.1956521739130435,Draw,Non-Win
3754206,Manchester City,Defensive Midfield,0.8484848484848485,0.15151515151515152,Draw,Non-Win
3754206,Manchester City,Fullback,0.18333333333333332,0.8166666666666667,Draw,Non-Win
3754206,Manchester City,Goalkeeper,0.8571428571428571,0.14285714285714285,Draw,Non-Win
3754206,Manchester City,Striker,0.6666666666666666,0.3333333333333333,Draw,Non-Win
3754206,Manchester City,Wide Forward,0.14285714285714285,0.8571428571428571,Draw,Non-Win
3754206,Newcastle United,Attacking Midfield,0.5,0.5,Draw,Non-Win
3754206,Newcastle United,Center Back,0.6785714285714286,0.32142857142857145,Draw,Non-Win
3754206,Newcastle United,Defensive Midfield,0.7027027027027027,0.2972972972972973,Draw,Non-Win
3754206,Newcastle United,Fullback,0.14925373134328357,0.8507462686567164,Draw,Non-Win
3754206,Newcastle United,Goalkeeper,1.0,0.0,Draw,Non-Win
3754206,Newcastle United,Striker,0.6,0.4,Draw,Non-Win
3754206,Newcastle United,Wide Forward,0.34375,0.65625,Draw,Non-Win
3754215,Tottenham Hotspur,Attacking Midfield,0.5882352941176471,0.4117647058823529,Draw,Non-Win
3754215,Tottenham Hotspur,Center Back,0.7083333333333334,0.2916666666666667,Draw,Non-Win
3754215,Tottenham Hotspur,Defensive Midfield,0.6785714285714286,0.32142857142857145,Draw,Non-Win
3754215,Tottenham Hotspur,Fullback,0.14893617021276595,0.851063829787234,Draw,Non-Win
3754215,Tottenham Hotspur,Goalkeeper,0.9354838709677419,0.06451612903225806,Draw,Non-Win
3754215,Tottenham Hotspur,Striker,0.4444444444444444,0.5555555555555556,Draw,Non-Win
3754215,Tottenham Hotspur,Wide Forward,0.55,0.45,Draw,Non-Win
3754215,West Bromwich Albion,Center Back,0.5263157894736842,0.47368421052631576,Draw,Non-Win
3754215,West Bromwich Albion,Central Midfield,0.75,0.25,Draw,Non-Win
3754215,West Bromwich Albion,Defensive Midfield,0.875,0.125,Draw,Non-Win
3754215,West Bromwich Albion,Fullback,0.13846153846153847,0.8615384615384616,Draw,Non-Win
3754215,West Bromwich Albion,Goalkeeper,0.9615384615384616,0.038461538461538464,Draw,Non-Win
3754215,West Bromwich Albion,Striker,0.6,0.4,Draw,Non-Win
3754215,West Bromwich Albion,Wide Forward,0.35714285714285715,0.6428571428571429,Draw,Non-Win
3754216,AFC Bournemouth,Center Back,0.6481481481481481,0.35185185185185186,Loss,Non-Win
3754216,AFC Bournemouth,Central Midfield,0.717391304347826,0.2826086956521739,Loss,Non-Win
3754216,AFC Bournemouth,Defensive Midfield,0.7027027027027027,0.2972972972972973,Loss,Non-Win
3754216,AFC Bournemouth,Fullback,0.12,0.88,Loss,Non-Win
3754216,AFC Bournemouth,Goalkeeper,1.0,0.0,Loss,Non-Win
3754216,AFC Bournemouth,Striker,0.2727272727272727,0.7272727272727273,Loss,Non-Win
3754216,AFC Bournemouth,Wide Forward,0.3448275862068966,0.6551724137931034,Loss,Non-Win
3754216,Liverpool,Attacking Midfield,0.625,0.375,Win,Win
3754216,Liverpool,Center Back,0.6222222222222222,0.37777777777777777,Win,Win
3754216,Liverpool,Central Midfield,0.673469387755102,0.32653061224489793,Win,Win
3754216,Liverpool,Fullback,0.17391304347826086,0.8260869565217391,Win,Win
3754216,Liverpool,Goalkeeper,0.96,0.04,Win,Win
3754216,Liverpool,Striker,0.5555555555555556,0.4444444444444444,Win,Win
3754216,Liverpool,Wide Forward,0.5,0.5,Win,Win
3754218,Crystal Palace,Center Back,0.5714285714285714,0.42857142857142855,Win,Win
3754218,Crystal Palace,Central Midfield,0.53125,0.46875,Win,Win
3754218,Crystal Palace,Fullback,0.22641509433962265,0.7735849056603774,Win,Win
3754218,Crystal Palace,Goalkeeper,0.8888888888888888,0.1111111111111111,Win,Win
3754218,Crystal Palace,Striker,0.1875,0.8125,Win,Win
3754218,Crystal Palace,Wide Forward,0.41025641025641024,0.5897435897435898,Win,Win
3754218,Southampton,Center Back,0.5632183908045977,0.4367816091954023,Loss,Non-Win
3754218,Southampton,Defensive Midfield,0.775,0.225,Loss,Non-Win
3754218,Southampton,Fullback,0.27586206896551724,0.7241379310344828,Loss,Non-Win
3754218,Southampton,Goalkeeper,0.8518518518518519,0.14814814814814814,Loss,Non-Win
3754218,Southampton,Striker,0.75,0.25,Loss,Non-Win
3754218,Southampton,Wide Forward,0.42105263157894735,0.5789473684210527,Loss,Non-Win
3754221,Manchester United,Attacking Midfield,0.625,0.375,Loss,Non-Win
3754221,Manchester United,Center Back,0.5138888888888888,0.4861111111111111,Loss,Non-Win
3754221,Manchester United,Central Midfield,0.6428571428571429,0.35714285714285715,Loss,Non-Win
3754221,Manchester United,Defensive Midfield,0.6785714285714286,0.32142857142857145,Loss,Non-Win
3754221,Manchester United,Fullback,0.19047619047619047,0.8095238095238095,Loss,Non-Win
3754221,Manchester United,Goalkeeper,0.9428571428571428,0.05714285714285714,Loss,Non-Win
3754221,Manchester United,Striker,0.6,0.4,Loss,Non-Win
3754221,Manchester United,Wide Forward,0.32,0.68,Loss,Non-Win
3754221,Swansea City,Attacking Midfield,0.42857142857142855,0.5714285714285714,Win,Win
3754221,Swansea City,Center Back,0.6730769230769231,0.3269230769230769,Win,Win
3754221,Swansea City,Central Midfield,0.5384615384615384,0.46153846153846156,Win,Win
3754221,Swansea City,Defensive Midfield,0.8,0.2,Win,Win
3754221,Swansea City,Fullback,0.17647058823529413,0.8235294117647058,Win,Win
3754221,Swansea City,Goalkeeper,0.9361702127659575,0.06382978723404255,Win,Win
3754221,Swansea City,Striker,0.3,0.7,Win,Win
3754221,Swansea City,Wide Forward,0.6,0.4,Win,Win
3754223,Crystal Palace,Attacking Midfield,0.23529411764705882,0.7647058823529411,Draw,Non-Win
3754223,Crystal Palace,Center Back,0.6481481481481481,0.35185185185185186,Draw,Non-Win
3754223,Crystal Palace,Central Midfield,0.7027027027027027,0.2972972972972973,Draw,Non-Win
3754223,Crystal Palace,Fullback,0.1891891891891892,0.8108108108108109,Draw,Non-Win
3754223,Crystal Palace,Goalkeeper,0.9333333333333333,0.06666666666666667,Draw,Non-Win
3754223,Crystal Palace,Striker,0.6666666666666666,0.3333333333333333,Draw,Non-Win
3754223,Crystal Palace,Wide Forward,0.4166666666666667,0.5833333333333334,Draw,Non-Win
3754223,Manchester United,Attacking Midfield,0.8333333333333334,0.16666666666666666,Draw,Non-Win
3754223,Manchester United,Center Back,0.7333333333333333,0.26666666666666666,Draw,Non-Win
3754223,Manchester United,Central Midfield,0.4,0.6,Draw,Non-Win
3754223,Manchester United,Fullback,0.2037037037037037,0.7962962962962963,Draw,Non-Win
3754223,Manchester United,Goalkeeper,0.9583333333333334,0.041666666666666664,Draw,Non-Win
3754223,Manchester United,Striker,0.6153846153846154,0.38461538461538464,Draw,Non-Win
3754223,Manchester United,Wide Forward,0.5714285714285714,0.42857142857142855,Draw,Non-Win
3754229,Chelsea,Attacking Midfield,0.42857142857142855,0.5714285714285714,Draw,Non-Win
3754229,Chelsea,Center Back,0.65,0.35,Draw,Non-Win
3754229,Chelsea,Central Midfield,0.68,0.32,Draw,Non-Win
3754229,Chelsea,Fullback,0.1875,0.8125,Draw,Non-Win
3754229,Chelsea,Goalkeeper,0.9090909090909091,0.09090909090909091,Draw,Non-Win
3754229,Chelsea,Striker,0.0,1.0,Draw,Non-Win
3754229,Chelsea,Wide Forward,0.45714285714285713,0.5428571428571428,Draw,Non-Win
3754229,Leicester City,Attacking Midfield,0.5,0.5,Draw,Non-Win
3754229,Leicester City,Center Back,0.7307692307692307,0.2692307692307692,Draw,Non-Win
3754229,Leicester City,Central Midfield,0.48333333333333334,0.5166666666666667,Draw,Non-Win
3754229,Leicester City,Fullback,0.18867924528301888,0.8113207547169812,Draw,Non-Win
3754229,Leicester City,Goalkeeper,0.9714285714285714,0.02857142857142857,Draw,Non-Win
3754229,Leicester City,Striker,0.8333333333333334,0.16666666666666666,Draw,Non-Win
3754229,Leicester City,Wide Forward,0.3055555555555556,0.6944444444444444,Draw,Non-Win
3754236,Crystal Palace,Center Back,0.5818181818181818,0.41818181818181815,Loss,Non-Win
3754236,Crystal Palace,Central Midfield,0.7142857142857143,0.2857142857142857,Loss,Non-Win
3754236,Crystal Palace,Defensive Midfield,0.53125,0.46875,Loss,Non-Win
3754236,Crystal Palace,Fullback,0.1891891891891892,0.8108108108108109,Loss,Non-Win
3754236,Crystal Palace,Goalkeeper,0.9285714285714286,0.07142857142857142,Loss,Non-Win
3754236,Crystal Palace,Striker,0.6,0.4,Loss,Non-Win
3754236,Crystal Palace,Wide Forward,0.3333333333333333,0.6666666666666666,Loss,Non-Win
3754236,West Bromwich Albion,Center Back,0.5333333333333333,0.4666666666666667,Win,Win
3754236,West Bromwich Albion,Central Midfield,0.5476190476190477,0.4523809523809524,Win,Win
3754236,West Bromwich Albion,Defensive Midfield,0.8333333333333334,0.16666666666666666,Win,Win
3754236,West Bromwich Albion,Fullback,0.17857142857142858,0.8214285714285714,Win,Win
3754236,West Bromwich Albion,Goalkeeper,0.88,0.12,Win,Win
3754236,West Bromwich Albion,Striker,0.2222222222222222,0.7777777777777778,Win,Win
3754236,West Bromwich Albion,Wide Forward,0.5714285714285714,0.42857142857142855,Win,Win
3754247,Southampton,Attacking Midfield,0.45,0.55,Loss,Non-Win
3754247,Southampton,Center Back,0.6610169491525424,0.3389830508474576,Loss,Non-Win
3754247,Southampton,Defensive Midfield,0.6896551724137931,0.3103448275862069,Loss,Non-Win
3754247,Southampton,Fullback,0.1111111111111111,0.8888888888888888,Loss,Non-Win
3754247,Southampton,Goalkeeper,0.8928571428571429,0.10714285714285714,Loss,Non-Win
3754247,Southampton,Striker,0.5,0.5,Loss,Non-Win
3754247,Southampton,Wide Forward,0.14814814814814814,0.8518518518518519,Loss,Non-Win
3754247,Stoke City,Attacking Midfield,0.4375,0.5625,Win,Win
3754247,Stoke City,Center Back,0.8695652173913043,0.13043478260869565,Win,Win
3754247,Stoke City,Defensive Midfield,0.4888888888888889,0.5111111111111111,Win,Win
3754247,Stoke City,Fullback,0.23404255319148937,0.7659574468085106,Win,Win
3754247,Stoke City,Goalkeeper,0.9523809523809523,0.047619047619047616,Win,Win
3754247,Stoke City,Striker,0.6666666666666666,0.3333333333333333,Win,Win
3754247,Stoke City,Wide Forward,0.3333333333333333,0.6666666666666666,Win,Win
3754248,AFC Bournemouth,Center Back,0.6818181818181818,0.3181818181818182,Draw,Non-Win
3754248,AFC Bournemouth,Central Midfield,0.6578947368421053,0.34210526315789475,Draw,Non-Win
3754248,AFC Bournemouth,Defensive Midfield,0.8,0.2,Draw,Non-Win
3754248,AFC Bournemouth,Fullback,0.16,0.84,Draw,Non-Win
3754248,AFC Bournemouth,Goalkeeper,0.8947368421052632,0.10526315789473684,Draw,Non-Win
3754248,AFC Bournemouth,Striker,0.3333333333333333,0.6666666666666666,Draw,Non-Win
3754248,AFC Bournemouth,Wide Forward,0.42857142857142855,0.5714285714285714,Draw,Non-Win
3754248,Crystal Palace,Center Back,0.5333333333333333,0.4666666666666667,Draw,Non-Win
3754248,Crystal Palace,Central Midfield,0.55,0.45,Draw,Non-Win
3754248,Crystal Palace,Fullback,0.27906976744186046,0.7209302325581395,Draw,Non-Win
3754248,Crystal Palace,Goalkeeper,0.9487179487179487,0.05128205128205128,Draw,Non-Win
3754248,Crystal Palace,Striker,0.42857142857142855,0.5714285714285714,Draw,Non-Win
3754248,Crystal Palace,Wide Forward,0.34210526315789475,0.6578947368421053,Draw,Non-Win
3754253,AFC Bournemouth,Center Back,0.47761194029850745,0.5223880597014925,Loss,Non-Win
3754253,AFC Bournemouth,Central Midfield,0.5869565217391305,0.41304347826086957,Loss,Non-Win
3754253,AFC Bournemouth,Defensive Midfield,0.7777777777777778,0.2222222222222222,Loss,Non-Win
3754253,AFC Bournemouth,Fullback,0.15384615384615385,0.8461538461538461,Loss,Non-Win
3754253,AFC Bournemouth,Goalkeeper,0.8947368421052632,0.10526315789473684,Loss,Non-Win
3754253,AFC Bournemouth,Striker,0.5384615384615384,0.46153846153846156,Loss,Non-Win
3754253,AFC Bournemouth,Wide Forward,0.2777777777777778,0.7222222222222222,Loss,Non-Win
3754253,Arsenal,Attacking Midfield,0.3548387096774194,0.6451612903225806,Win,Win
3754253,Arsenal,Center Back,0.5925925925925926,0.4074074074074074,Win,Win
3754253,Arsenal,Defensive Midfield,0.696969696969697,0.30303030303030304,Win,Win
3754253,Arsenal,Fullback,0.13157894736842105,0.868421052631579,Win,Win
3754253,Arsenal,Goalkeeper,0.9024390243902439,0.0975609756097561,Win,Win
3754253,Arsenal,Striker,0.3333333333333333,0.6666666666666666,Win,Win
3754253,Arsenal,Wide Forward,0.41379310344827586,0.5862068965517241,Win,Win
3754256,Everton,Attacking Midfield,0.5,0.5,Loss,Non-Win
3754256,Everton,Center Back,0.7608695652173914,0.2391304347826087,Loss,Non-Win
3754256,Everton,Central Midfield,0.7272727272727273,0.2727272727272727,Loss,Non-Win
3754256,Everton,Fullback,0.225,0.775,Loss,Non-Win
3754256,Everton,Goalkeeper,0.9444444444444444,0.05555555555555555,Loss,Non-Win
3754256,Everton,Striker,0.4,0.6,Loss,Non-Win
3754256,Everton,Wide Forward,0.3,0.7,Loss,Non-Win
3754256,Manchester United,Attacking Midfield,0.3,0.7,Win,Win
3754256,Manchester United,Center Back,0.6,0.4,Win,Win
3754256,Manchester United,Central Midfield,0.6363636363636364,0.36363636363636365,Win,Win
3754256,Manchester United,Fullback,0.1,0.9,Win,Win
3754256,Manchester United,Goalkeeper,0.8947368421052632,0.10526315789473684,Win,Win
3754256,Manchester United,Striker,0.5454545454545454,0.45454545454545453,Win,Win
3754256,Manchester United,Wide Forward,0.20588235294117646,0.7941176470588235,Win,Win
3754267,Watford,Attacking Midfield,1.0,0.0,Draw,Non-Win
3754267,Watford,Center Back,0.6964285714285714,0.30357142857142855,Draw,Non-Win
3754267,Watford,Defensive Midfield,0.5901639344262295,0.4098360655737705,Draw,Non-Win
3754267,Watford,Fullback,0.11940298507462686,0.8805970149253731,Draw,Non-Win
3754267,Watford,Goalkeeper,0.92,0.08,Draw,Non-Win
3754267,Watford,Striker,0.7142857142857143,0.2857142857142857,Draw,Non-Win
3754267,Watford,Wide Forward,0.4418604651162791,0.5581395348837209,Draw,Non-Win
3754267,West Bromwich Albion,Center Back,0.8461538461538461,0.15384615384615385,Draw,Non-Win
3754267,West Bromwich Albion,Defensive Midfield,0.7142857142857143,0.2857142857142857,Draw,Non-Win
3754267,West Bromwich Albion,Fullback,0.17777777777777778,0.8222222222222222,Draw,Non-Win
3754267,West Bromwich Albion,Goalkeeper,0.9393939393939394,0.06060606060606061,Draw,Non-Win
3754267,West Bromwich Albion,Striker,0.5,0.5,Draw,Non-Win
3754267,West Bromwich Albion,Wide Forward,0.3333333333333333,0.6666666666666666,Draw,Non-Win
3754277,Everton,Attacking Midfield,1.0,0.0,Loss,Non-Win
3754277,Everton,Center Back,0.4772727272727273,0.5227272727272727,Loss,Non-Win
3754277,Everton,Central Midfield,0.8108108108108109,0.1891891891891892,Loss,Non-Win
3754277,Everton,Defensive Midfield,1.0,0.0,Loss,Non-Win
3754277,Everton,Fullback,0.21052631578947367,0.7894736842105263,Loss,Non-Win
3754277,Everton,Goalkeeper,0.9705882352941176,0.029411764705882353,Loss,Non-Win
3754277,Everton,Striker,0.6153846153846154,0.38461538461538464,Loss,Non-Win
3754277,Everton,Wide Forward,0.5,0.5,Loss,Non-Win
3754277,West Ham United,Attacking Midfield,0.2,0.8,Win,Win
3754277,West Ham United,Center Back,0.6551724137931034,0.3448275862068966,Win,Win
3754277,West Ham United,Central Midfield,0.5,0.5,Win,Win
3754277,West Ham United,Defensive Midfield,0.7547169811320755,0.24528301886792453,Win,Win
3754277,West Ham United,Fullback,0.06,0.94,Win,Win
3754277,West Ham United,Goalkeeper,1.0,0.0,Win,Win
3754277,West Ham United,Striker,0.25,0.75,Win,Win
3754277,West Ham United,Wide Forward,0.5675675675675675,0.43243243243243246,Win,Win
3754278,AFC Bournemouth,Attacking Midfield,0.42857142857142855,0.5714285714285714,Draw,Non-Win
3754278,AFC Bournemouth,Center Back,0.5423728813559322,0.4576271186440678,Draw,Non-Win
3754278,AFC Bournemouth,Defensive Midfield,0.5789473684210527,0.42105263157894735,Draw,Non-Win
3754278,AFC Bournemouth,Fullback,0.10810810810810811,0.8918918918918919,Draw,Non-Win
3754278,AFC Bournemouth,Goalkeeper,0.9565217391304348,0.043478260869565216,Draw,Non-Win
3754278,AFC Bournemouth,Striker,0.4,0.6,Draw,Non-Win
3754278,AFC Bournemouth,Wide Forward,0.15555555555555556,0.8444444444444444,Draw,Non-Win
3754278,Watford,Center Back,0.5609756097560976,0.43902439024390244,Draw,Non-Win
3754278,Watford,Defensive Midfield,0.5714285714285714,0.42857142857142855,Draw,Non-Win
3754278,Watford,Fullback,0.0625,0.9375,Draw,Non-Win
3754278,Watford,Goalkeeper,0.90625,0.09375,Draw,Non-Win
3754278,Watford,Striker,0.6190476190476191,0.38095238095238093,Draw,Non-Win
3754278,Watford,Wide Forward,0.3333333333333333,0.6666666666666666,Draw,Non-Win
3754280,Chelsea,Attacking Midfield,0.8421052631578947,0.15789473684210525,Win,Win
3754280,Chelsea,Center Back,0.7333333333333333,0.26666666666666666,Win,Win
3754280,Chelsea,Defensive Midfield,0.6037735849056604,0.39622641509433965,Win,Win
3754280,Chelsea,Fullback,0.10204081632653061,0.8979591836734694,Win,Win
3754280,Chelsea,Goalkeeper,1.0,0.0,Win,Win
3754280,Chelsea,Striker,0.5333333333333333,0.4666666666666667,Win,Win
3754280,Chelsea,Wide Forward,0.41379310344827586,0.5862068965517241,Win,Win
3754280,Norwich City,Attacking Midfield,0.59375,0.40625,Loss,Non-Win
3754280,Norwich City,Center Back,0.3620689655172414,0.6379310344827587,Loss,Non-Win
3754280,Norwich City,Central Midfield,0.6607142857142857,0.3392857142857143,Loss,Non-Win
3754280,Norwich City,Fullback,0.07142857142857142,0.9285714285714286,Loss,Non-Win
3754280,Norwich City,Goalkeeper,0.8928571428571429,0.10714285714285714,Loss,Non-Win
3754280,Norwich City,Striker,0.45454545454545453,0.5454545454545454,Loss,Non-Win
3754280,Norwich City,Wide Forward,0.4375,0.5625,Loss,Non-Win
3754288,Chelsea,Attacking Midfield,0.4,0.6,Loss,Non-Win
3754288,Chelsea,Center Back,0.696969696969697,0.30303030303030304,Loss,Non-Win
3754288,Chelsea,Central Midfield,0.75,0.25,Loss,Non-Win
3754288,Chelsea,Defensive Midfield,0.6170212765957447,0.3829787234042553,Loss,Non-Win
3754288,Chelsea,Fullback,0.2857142857142857,0.7142857142857143,Loss,Non-Win
3754288,Chelsea,Goalkeeper,0.9047619047619048,0.09523809523809523,Loss,Non-Win
3754288,Chelsea,Striker,0.6666666666666666,0.3333333333333333,Loss,Non-Win
3754288,Chelsea,Wide Forward,0.6,0.4,Loss,Non-Win
3754288,West Ham United,Attacking Midfield,0.5,0.5,Win,Win
3754288,West Ham United,Center Back,0.7105263157894737,0.2894736842105263,Win,Win
3754288,West Ham United,Defensive Midfield,0.6071428571428571,0.39285714285714285,Win,Win
3754288,West Ham United,Fullback,0.22641509433962265,0.7735849056603774,Win,Win
3754288,West Ham United,Goalkeeper,0.9259259259259259,0.07407407407407407,Win,Win
3754288,West Ham United,Striker,0.16666666666666666,0.8333333333333334,Win,Win
3754288,West Ham United,Wide Forward,0.4444444444444444,0.5555555555555556,Win,Win
3754293,Chelsea,Attacking Midfield,0.7407407407407407,0.25925925925925924,Loss,Non-Win
3754293,Chelsea,Center Back,0.696969696969697,0.30303030303030304,Loss,Non-Win
3754293,Chelsea,Central Midfield,0.75,0.25,Loss,Non-Win
3754293,Chelsea,Fullback,0.2826086956521739,0.717391304347826,Loss,Non-Win
3754293,Chelsea,Goalkeeper,0.95,0.05,Loss,Non-Win
3754293,Chelsea,Striker,0.6363636363636364,0.36363636363636365,Loss,Non-Win
3754293,Chelsea,Wide Forward,0.5,0.5,Loss,Non-Win
3754293,Stoke City,Attacking Midfield,0.45454545454545453,0.5454545454545454,Win,Win
3754293,Stoke City,Center Back,0.5217391304347826,0.4782608695652174,Win,Win
3754293,Stoke City,Central Midfield,0.4838709677419355,0.5161290322580645,Win,Win
3754293,Stoke City,Fullback,0.2708333333333333,0.7291666666666666,Win,Win
3754293,Stoke City,Goalkeeper,0.9696969696969697,0.030303030303030304,Win,Win
3754293,Stoke City,Striker,0.16666666666666666,0.8333333333333334,Win,Win
3754293,Stoke City,Wide Forward,0.40540540540540543,0.5945945945945946,Win,Win
3754296,Arsenal,Attacking Midfield,0.5217391304347826,0.4782608695652174,Win,Win
3754296,Arsenal,Center Back,0.7090909090909091,0.2909090909090909,Win,Win
3754296,Arsenal,Central Midfield,0.5217391304347826,0.4782608695652174,Win,Win
3754296,Arsenal,Fullback,0.13636363636363635,0.8636363636363636,Win,Win
3754296,Arsenal,Goalkeeper,0.8846153846153846,0.11538461538461539,Win,Win
3754296,Arsenal,Striker,0.25,0.75,Win,Win
3754296,Arsenal,Wide Forward,0.5185185185185185,0.48148148148148145,Win,Win
3754296,Manchester City,Attacking Midfield,0.5,0.5,Loss,Non-Win
3754296,Manchester City,Center Back,0.6176470588235294,0.38235294117647056,Loss,Non-Win
3754296,Manchester City,Central Midfield,0.7945205479452054,0.2054794520547945,Loss,Non-Win
3754296,Manchester City,Fullback,0.08064516129032258,0.9193548387096774,Loss,Non-Win
3754296,Manchester City,Goalkeeper,0.8947368421052632,0.10526315789473684,Loss,Non-Win
3754296,Manchester City,Striker,0.2,0.8,Loss,Non-Win
3754296,Manchester City,Wide Forward,0.2777777777777778,0.7222222222222222,Loss,Non-Win
3754299,Everton,Attacking Midfield,0.25,0.75,Loss,Non-Win
3754299,Everton,Center Back,0.6727272727272727,0.32727272727272727,Loss,Non-Win
3754299,Everton,Central Midfield,0.6046511627906976,0.3953488372093023,Loss,Non-Win
3754299,Everton,Fullback,0.24561403508771928,0.7543859649122807,Loss,Non-Win
3754299,Everton,Goalkeeper,0.9736842105263158,0.02631578947368421,Loss,Non-Win
3754299,Everton,Striker,0.5,0.5,Loss,Non-Win
3754299,Everton,Wide Forward,0.4482758620689655,0.5517241379310345,Loss,Non-Win
3754299,Manchester United,Center Back,0.5111111111111111,0.4888888888888889,Win,Win
3754299,Manchester United,Central Midfield,0.4375,0.5625,Win,Win
3754299,Manchester United,Defensive Midfield,0.7272727272727273,0.2727272727272727,Win,Win
3754299,Manchester United,Fullback,0.12962962962962962,0.8703703703703703,Win,Win
3754299,Manchester United,Goalkeeper,0.9285714285714286,0.07142857142857142,Win,Win
3754299,Manchester United,Striker,0.0,1.0,Win,Win
3754299,Manchester United,Wide Forward,0.38636363636363635,0.6136363636363636,Win,Win
3754300,Everton,Attacking Midfield,0.5882352941176471,0.4117647058823529,Draw,Non-Win
3754300,Everton,Center Back,0.5952380952380952,0.40476190476190477,Draw,Non-Win
3754300,Everton,Defensive Midfield,0.589041095890411,0.410958904109589,Draw,Non-Win
3754300,Everton,Fullback,0.0967741935483871,0.9032258064516129,Draw,Non-Win
3754300,Everton,Goalkeeper,0.92,0.08,Draw,Non-Win
3754300,Everton,Striker,0.36363636363636365,0.6363636363636364,Draw,Non-Win
3754300,Everton,Wide Forward,0.14705882352941177,0.8529411764705882,Draw,Non-Win
3754300,Watford,Attacking Midfield,0.8333333333333334,0.16666666666666666,Draw,Non-Win
3754300,Watford,Center Back,0.7142857142857143,0.2857142857142857,Draw,Non-Win
3754300,Watford,Central Midfield,0.75,0.25,Draw,Non-Win
3754300,Watford,Fullback,0.125,0.875,Draw,Non-Win
3754300,Watford,Goalkeeper,0.9333333333333333,0.06666666666666667,Draw,Non-Win
3754300,Watford,Striker,0.7,0.3,Draw,Non-Win
3754300,Watford,Wide Forward,0.38095238095238093,0.6190476190476191,Draw,Non-Win
3754314,Arsenal,Attacking Midfield,0.7083333333333334,0.2916666666666667,Draw,Non-Win
3754314,Arsenal,Center Back,0.6875,0.3125,Draw,Non-Win
3754314,Arsenal,Defensive Midfield,0.6571428571428571,0.34285714285714286,Draw,Non-Win
3754314,Arsenal,Fullback,0.14705882352941177,0.8529411764705882,Draw,Non-Win
3754314,Arsenal,Goalkeeper,1.0,0.0,Draw,Non-Win
3754314,Arsenal,Striker,0.2,0.8,Draw,Non-Win
3754314,Arsenal,Wide Forward,0.36,0.64,Draw,Non-Win
3754314,Manchester City,Center Back,0.6727272727272727,0.32727272727272727,Draw,Non-Win
3754314,Manchester City,Defensive Midfield,0.6829268292682927,0.3170731707317073,Draw,Non-Win
3754314,Manchester City,Fullback,0.07272727272727272,0.9272727272727272,Draw,Non-Win
3754314,Manchester City,Goalkeeper,1.0,0.0,Draw,Non-Win
3754314,Manchester City,Striker,0.5,0.5,Draw,Non-Win
3754314,Manchester City,Wide Forward,0.2708333333333333,0.7291666666666666,Draw,Non-Win
3754331,Sunderland,Center Back,0.7948717948717948,0.20512820512820512,Loss,Non-Win
3754331,Sunderland,Central Midfield,0.4772727272727273,0.5227272727272727,Loss,Non-Win
3754331,Sunderland,Defensive Midfield,0.5666666666666667,0.43333333333333335,Loss,Non-Win
3754331,Sunderland,Fullback,0.11904761904761904,0.8809523809523809,Loss,Non-Win
3754331,Sunderland,Goalkeeper,1.0,0.0,Loss,Non-Win
3754331,Sunderland,Striker,0.3333333333333333,0.6666666666666666,Loss,Non-Win
3754331,Sunderland,Wide Forward,0.5714285714285714,0.42857142857142855,Loss,Non-Win
3754331,West Ham United,Attacking Midfield,0.625,0.375,Win,Win
3754331,West Ham United,Center Back,0.7592592592592593,0.24074074074074073,Win,Win
3754331,West Ham United,Central Midfield,0.6363636363636364,0.36363636363636365,Win,Win
3754331,West Ham United,Defensive Midfield,0.5555555555555556,0.4444444444444444,Win,Win
3754331,West Ham United,Fullback,0.2641509433962264,0.7358490566037735,Win,Win
3754331,West Ham United,Goalkeeper,1.0,0.0,Win,Win
3754331,West Ham United,Striker,0.6666666666666666,0.3333333333333333,Win,Win
3754331,West Ham United,Wide Forward,0.36,0.64,Win,Win
3754332,Tottenham Hotspur,Attacking Midfield,0.6111111111111112,0.3888888888888889,Draw,Non-Win
3754332,Tottenham Hotspur,Center Back,0.45714285714285713,0.5428571428571428,Draw,Non-Win
3754332,Tottenham Hotspur,Defensive Midfield,0.74,0.26,Draw,Non-Win
3754332,Tottenham Hotspur,Fullback,0.06818181818181818,0.9318181818181818,Draw,Non-Win
3754332,Tottenham Hotspur,Goalkeeper,0.9230769230769231,0.07692307692307693,Draw,Non-Win
3754332,Tottenham Hotspur,Striker,0.5833333333333334,0.4166666666666667,Draw,Non-Win
3754332,Tottenham Hotspur,Wide Forward,0.5555555555555556,0.4444444444444444,Draw,Non-Win
3754332,West Bromwich Albion,Center Back,0.5625,0.4375,Draw,Non-Win
3754332,West Bromwich Albion,Central Midfield,0.6666666666666666,0.3333333333333333,Draw,Non-Win
3754332,West Bromwich Albion,Defensive Midfield,0.7777777777777778,0.2222222222222222,Draw,Non-Win
3754332,West Bromwich Albion,Fullback,0.17391304347826086,0.8260869565217391,Draw,Non-Win
3754332,West Bromwich Albion,Goalkeeper,1.0,0.0,Draw,Non-Win
3754332,West Bromwich Albion,Striker,0.625,0.375,Draw,Non-Win
3754332,West Bromwich Albion,Wide Forward,0.3181818181818182,0.6818181818181818,Draw,Non-Win
3754334,AFC Bournemouth,Attacking Midfield,0.6,0.4,Win,Win
3754334,AFC Bournemouth,Center Back,0.5294117647058824,0.47058823529411764,Win,Win
3754334,AFC Bournemouth,Central Midfield,0.47058823529411764,0.5294117647058824,Win,Win
3754334,AFC Bournemouth,Fullback,0.1346153846153846,0.8653846153846154,Win,Win
3754334,AFC Bournemouth,Goalkeeper,0.8214285714285714,0.17857142857142858,Win,Win
3754334,AFC Bournemouth,Striker,0.1111111111111111,0.8888888888888888,Win,Win
3754334,AFC Bournemouth,Wide Forward,0.18181818181818182,0.8181818181818182,Win,Win
3754334,Southampton,Attacking Midfield,0.6,0.4,Loss,Non-Win
3754334,Southampton,Center Back,0.5862068965517241,0.41379310344827586,Loss,Non-Win
3754334,Southampton,Central Midfield,0.37037037037037035,0.6296296296296297,Loss,Non-Win
3754334,Southampton,Defensive Midfield,0.72,0.28,Loss,Non-Win
3754334,Southampton,Fullback,0.07142857142857142,0.9285714285714286,Loss,Non-Win
3754334,Southampton,Goalkeeper,0.8846153846153846,0.11538461538461539,Loss,Non-Win
3754334,Southampton,Striker,0.6666666666666666,0.3333333333333333,Loss,Non-Win
3754334,Southampton,Wide Forward,0.45454545454545453,0.5454545454545454,Loss,Non-Win
3754339,AFC Bournemouth,Attacking Midfield,1.0,0.0,Loss,Non-Win
3754339,AFC Bournemouth,Center Back,0.5789473684210527,0.42105263157894735,Loss,Non-Win
3754339,AFC Bournemouth,Defensive Midfield,0.7959183673469388,0.20408163265306123,Loss,Non-Win
3754339,AFC Bournemouth,Fullback,0.15254237288135594,0.847457627118644,Loss,Non-Win
3754339,AFC Bournemouth,Goalkeeper,0.9666666666666667,0.03333333333333333,Loss,Non-Win
3754339,AFC Bournemouth,Striker,0.0,1.0,Loss,Non-Win
3754339,AFC Bournemouth,Wide Forward,0.3333333333333333,0.6666666666666666,Loss,Non-Win
3754339,Stoke City,Attacking Midfield,0.7272727272727273,0.2727272727272727,Win,Win
3754339,Stoke City,Center Back,0.4883720930232558,0.5116279069767442,Win,Win
3754339,Stoke City,Defensive Midfield,0.5588235294117647,0.4411764705882353,Win,Win
3754339,Stoke City,Fullback,0.11320754716981132,0.8867924528301887,Win,Win
3754339,Stoke City,Goalkeeper,1.0,0.0,Win,Win
3754339,Stoke City,Striker,0.42857142857142855,0.5714285714285714,Win,Win
3754339,Stoke City,Wide Forward,0.39285714285714285,0.6071428571428571,Win,Win
3754346,Manchester City,Attacking Midfield,0.625,0.375,Win,Win
3754346,Manchester City,Center Back,0.625,0.375,Win,Win
3754346,Manchester City,Central Midfield,0.42857142857142855,0.5714285714285714,Win,Win
3754346,Manchester City,Defensive Midfield,0.7105263157894737,0.2894736842105263,Win,Win
3754346,Manchester City,Fullback,0.16071428571428573,0.8392857142857143,Win,Win
3754346,Manchester City,Goalkeeper,1.0,0.0,Win,Win
3754346,Manchester City,Striker,0.7142857142857143,0.2857142857142857,Win,Win
3754346,Manchester City,Wide Forward,0.34782608695652173,0.6521739130434783,Win,Win
3754346,Watford,Center Back,0.4864864864864865,0.5135135135135135,Loss,Non-Win
3754346,Watford,Central Midfield,0.5666666666666667,0.43333333333333335,Loss,Non-Win
3754346,Watford,Defensive Midfield,0.38095238095238093,0.6190476190476191,Loss,Non-Win
3754346,Watford,Fullback,0.2127659574468085,0.7872340425531915,Loss,Non-Win
3754346,Watford,Goalkeeper,1.0,0.0,Loss,Non-Win
3754346,Watford,Striker,0.6,0.4,Loss,Non-Win
3754346,Watford,Wide Forward,0.38235294117647056,0.6176470588235294,Loss,Non-Win
3764230,Tottenham Hotspur Women,Attacking Midfield,0.6153846153846154,0.38461538461538464,Draw,Non-Win
3764230,Tottenham Hotspur Women,Center Back,0.4857142857142857,0.5142857142857142,Draw,Non-Win
3764230,Tottenham Hotspur Women,Defensive Midfield,0.5806451612903226,0.41935483870967744,Draw,Non-Win
3764230,Tottenham Hotspur Women,Fullback,0.1,0.9,Draw,Non-Win
3764230,Tottenham Hotspur Women,Goalkeeper,0.9523809523809523,0.047619047619047616,Draw,Non-Win
3764230,Tottenham Hotspur Women,Striker,0.6666666666666666,0.3333333333333333,Draw,Non-Win
3764230,Tottenham Hotspur Women,Wide Forward,0.375,0.625,Draw,Non-Win
3764230,West Ham United LFC,Center Back,0.36538461538461536,0.6346153846153846,Draw,Non-Win
3764230,West Ham United LFC,Central Midfield,0.6896551724137931,0.3103448275862069,Draw,Non-Win
3764230,West Ham United LFC,Defensive Midfield,0.43478260869565216,0.5652173913043478,Draw,Non-Win
3764230,West Ham United LFC,Fullback,0.06382978723404255,0.9361702127659575,Draw,Non-Win
3764230,West Ham United LFC,Goalkeeper,0.9361702127659575,0.06382978723404255,Draw,Non-Win
3764230,West Ham United LFC,Striker,0.5,0.5,Draw,Non-Win
3764230,West Ham United LFC,Wide Forward,0.3157894736842105,0.6842105263157895,Draw,Non-Win
3773466,Barcelona,Attacking Midfield,0.8333333333333334,0.16666666666666666,Win,Win
3773466,Barcelona,Center Back,0.71875,0.28125,Win,Win
3773466,Barcelona,Central Midfield,0.8372093023255814,0.16279069767441862,Win,Win
3773466,Barcelona,Fullback,0.17142857142857143,0.8285714285714286,Win,Win
3773466,Barcelona,Goalkeeper,1.0,0.0,Win,Win
3773466,Barcelona,Striker,0.8666666666666667,0.13333333333333333,Win,Win
3773466,Barcelona,Wide Forward,0.21739130434782608,0.782608695652174,Win,Win
3773466,Celta Vigo,Attacking Midfield,0.75,0.25,Loss,Non-Win
3773466,Celta Vigo,Center Back,0.625,0.375,Loss,Non-Win
3773466,Celta Vigo,Central Midfield,0.5806451612903226,0.41935483870967744,Loss,Non-Win
3773466,Celta Vigo,Defensive Midfield,0.8636363636363636,0.13636363636363635,Loss,Non-Win
3773466,Celta Vigo,Fullback,0.23684210526315788,0.7631578947368421,Loss,Non-Win
3773466,Celta Vigo,Goalkeeper,0.9047619047619048,0.09523809523809523,Loss,Non-Win
3773466,Celta Vigo,Striker,0.75,0.25,Loss,Non-Win
3773466,Celta Vigo,Wide Forward,0.5454545454545454,0.45454545454545453,Loss,Non-Win
3773497,Barcelona,Center Back,0.7411764705882353,0.25882352941176473,Loss,Non-Win
3773497,Barcelona,Central Midfield,0.7142857142857143,0.2857142857142857,Loss,Non-Win
3773497,Barcelona,Defensive Midfield,0.7916666666666666,0.20833333333333334,Loss,Non-Win
3773497,Barcelona,Fullback,0.2222222222222222,0.7777777777777778,Loss,Non-Win
3773497,Barcelona,Goalkeeper,0.9545454545454546,0.045454545454545456,Loss,Non-Win
3773497,Barcelona,Striker,0.85,0.15,Loss,Non-Win
3773497,Barcelona,Wide Forward,0.7241379310344828,0.27586206896551724,Loss,Non-Win
3773497,Real Madrid,Center Back,0.6111111111111112,0.3888888888888889,Win,Win
3773497,Real Madrid,Central Midfield,0.56,0.44,Win,Win
3773497,Real Madrid,Defensive Midfield,0.6923076923076923,0.3076923076923077,Win,Win
3773497,Real Madrid,Fullback,0.18181818181818182,0.8181818181818182,Win,Win
3773497,Real Madrid,Goalkeeper,0.9523809523809523,0.047619047619047616,Win,Win
3773497,Real Madrid,Striker,0.45454545454545453,0.5454545454545454,Win,Win
3773497,Real Madrid,Wide Forward,0.4583333333333333,0.5416666666666666,Win,Win
3773661,Barcelona,Center Back,0.4406779661016949,0.559322033898305,Win,Win
3773661,Barcelona,Central Midfield,0.5789473684210527,0.42105263157894735,Win,Win
3773661,Barcelona,Defensive Midfield,0.9583333333333334,0.041666666666666664,Win,Win
3773661,Barcelona,Fullback,0.3,0.7,Win,Win
3773661,Barcelona,Goalkeeper,1.0,0.0,Win,Win
3773661,Barcelona,Striker,0.5588235294117647,0.4411764705882353,Win,Win
3773661,Getafe,Center Back,0.5238095238095238,0.47619047619047616,Loss,Non-Win
3773661,Getafe,Central Midfield,0.5333333333333333,0.4666666666666667,Loss,Non-Win
3773661,Getafe,Defensive Midfield,0.5,0.5,Loss,Non-Win
3773661,Getafe,Fullback,0.16216216216216217,0.8378378378378378,Loss,Non-Win
3773661,Getafe,Goalkeeper,0.9565217391304348,0.043478260869565216,Loss,Non-Win
3773661,Getafe,Striker,0.5,0.5,Loss,Non-Win
3773661,Getafe,Wide Forward,0.125,0.875,Loss,Non-Win
3773665,Barcelona,Center Back,0.6162790697674418,0.38372093023255816,Win,Win
3773665,Barcelona,Central Midfield,0.7209302325581395,0.27906976744186046,Win,Win
3773665,Barcelona,Defensive Midfield,0.8,0.2,Win,Win
3773665,Barcelona,Fullback,0.07407407407407407,0.9259259259259259,Win,Win
3773665,Barcelona,Goalkeeper,1.0,0.0,Win,Win
3773665,Barcelona,Striker,0.5789473684210527,0.42105263157894735,Win,Win
3773665,Barcelona,Wide Forward,0.42857142857142855,0.5714285714285714,Win,Win
3773665,Osasuna,Center Back,0.5333333333333333,0.4666666666666667,Loss,Non-Win
3773665,Osasuna,Defensive Midfield,0.8666666666666667,0.13333333333333333,Loss,Non-Win
3773665,Osasuna,Fullback,0.20588235294117646,0.7941176470588235,Loss,Non-Win
3773665,Osasuna,Goalkeeper,1.0,0.0,Loss,Non-Win
3773665,Osasuna,Striker,0.4444444444444444,0.5555555555555556,Loss,Non-Win
3773665,Osasuna,Wide Forward,0.28,0.72,Loss,Non-Win
3775549,Birmingham City WFC,Center Back,0.5416666666666666,0.4583333333333333,Loss,Non-Win
3775549,Birmingham City WFC,Central Midfield,0.4375,0.5625,Loss,Non-Win
3775549,Birmingham City WFC,Defensive Midfield,0.125,0.875,Loss,Non-Win
3775549,Birmingham City WFC,Fullback,0.13953488372093023,0.8604651162790697,Loss,Non-Win
3775549,Birmingham City WFC,Goalkeeper,0.9111111111111111,0.08888888888888889,Loss,Non-Win
3775549,Birmingham City WFC,Striker,0.2857142857142857,0.7142857142857143,Loss,Non-Win
3775549,Birmingham City WFC,Wide Forward,0.4375,0.5625,Loss,Non-Win
3775549,Tottenham Hotspur Women,Center Back,0.6347826086956522,0.3652173913043478,Win,Win
3775549,Tottenham Hotspur Women,Central Midfield,0.5172413793103449,0.4827586206896552,Win,Win
3775549,Tottenham Hotspur Women,Defensive Midfield,0.75,0.25,Win,Win
3775549,Tottenham Hotspur Women,Fullback,0.16666666666666666,0.8333333333333334,Win,Win
3775549,Tottenham Hotspur Women,Goalkeeper,1.0,0.0,Win,Win
3775549,Tottenham Hotspur Women,Striker,0.2727272727272727,0.7272727272727273,Win,Win
3775549,Tottenham Hotspur Women,Wide Forward,0.3,0.7,Win,Win
3775563,Everton LFC,Center Back,0.4931506849315068,0.5068493150684932,Loss,Non-Win
3775563,Everton LFC,Central Midfield,0.4,0.6,Loss,Non-Win
3775563,Everton LFC,Fullback,0.13333333333333333,0.8666666666666667,Loss,Non-Win
3775563,Everton LFC,Goalkeeper,0.9142857142857143,0.08571428571428572,Loss,Non-Win
3775563,Everton LFC,Striker,0.7142857142857143,0.2857142857142857,Loss,Non-Win
3775563,Everton LFC,Wide Forward,0.2,0.8,Loss,Non-Win
3775563,Manchester United,Center Back,0.6428571428571429,0.35714285714285715,Win,Win
3775563,Manchester United,Central Midfield,0.3333333333333333,0.6666666666666666,Win,Win
3775563,Manchester United,Defensive Midfield,0.696969696969697,0.30303030303030304,Win,Win
3775563,Manchester United,Fullback,0.1,0.9,Win,Win
3775563,Manchester United,Goalkeeper,1.0,0.0,Win,Win
3775563,Manchester United,Striker,0.5,0.5,Win,Win
3775563,Manchester United,Wide Forward,0.45454545454545453,0.5454545454545454,Win,Win
3775592,Reading WFC,Attacking Midfield,0.8333333333333334,0.16666666666666666,Draw,Non-Win
3775592,Reading WFC,Center Back,0.4117647058823529,0.5882352941176471,Draw,Non-Win
3775592,Reading WFC,Central Midfield,0.5277777777777778,0.4722222222222222,Draw,Non-Win
3775592,Reading WFC,Defensive Midfield,0.6451612903225806,0.3548387096774194,Draw,Non-Win
3775592,Reading WFC,Fullback,0.25,0.75,Draw,Non-Win
3775592,Reading WFC,Goalkeeper,1.0,0.0,Draw,Non-Win
3775592,Reading WFC,Striker,0.35714285714285715,0.6428571428571429,Draw,Non-Win
3775592,Tottenham Hotspur Women,Attacking Midfield,0.2222222222222222,0.7777777777777778,Draw,Non-Win
3775592,Tottenham Hotspur Women,Center Back,0.6388888888888888,0.3611111111111111,Draw,Non-Win
3775592,Tottenham Hotspur Women,Defensive Midfield,0.4782608695652174,0.5217391304347826,Draw,Non-Win
3775592,Tottenham Hotspur Women,Fullback,0.07142857142857142,0.9285714285714286,Draw,Non-Win
3775592,Tottenham Hotspur Women,Goalkeeper,1.0,0.0,Draw,Non-Win
3775592,Tottenham Hotspur Women,Striker,0.5714285714285714,0.42857142857142855,Draw,Non-Win
3775592,Tottenham Hotspur Women,Wide Forward,0.22580645161290322,0.7741935483870968,Draw,Non-Win
3775608,Tottenham Hotspur Women,Attacking Midfield,0.75,0.25,Win,Win
3775608,Tottenham Hotspur Women,Center Back,0.6551724137931034,0.3448275862068966,Win,Win
3775608,Tottenham Hotspur Women,Defensive Midfield,0.5357142857142857,0.4642857142857143,Win,Win
3775608,Tottenham Hotspur Women,Fullback,0.0379746835443038,0.9620253164556962,Win,Win
3775608,Tottenham Hotspur Women,Goalkeeper,0.9722222222222222,0.027777777777777776,Win,Win
3775608,Tottenham Hotspur Women,Striker,0.5,0.5,Win,Win
3775608,Tottenham Hotspur Women,Wide Forward,0.30434782608695654,0.6956521739130435,Win,Win
3775608,West Ham United LFC,Attacking Midfield,0.3888888888888889,0.6111111111111112,Loss,Non-Win
3775608,West Ham United LFC,Center Back,0.3235294117647059,0.6764705882352942,Loss,Non-Win
3775608,West Ham United LFC,Defensive Midfield,0.6521739130434783,0.34782608695652173,Loss,Non-Win
3775608,West Ham United LFC,Fullback,0.1111111111111111,0.8888888888888888,Loss,Non-Win
3775608,West Ham United LFC,Goalkeeper,0.8571428571428571,0.14285714285714285,Loss,Non-Win
3775608,West Ham United LFC,Striker,0.5882352941176471,0.4117647058823529,Loss,Non-Win
3775617,Brighton & Hove Albion WFC,Attacking Midfield,0.5714285714285714,0.42857142857142855,Win,Win
3775617,Brighton & Hove Albion WFC,Center Back,0.5806451612903226,0.41935483870967744,Win,Win
3775617,Brighton & Hove Albion WFC,Defensive Midfield,0.6,0.4,Win,Win
3775617,Brighton & Hove Albion WFC,Fullback,0.058823529411764705,0.9411764705882353,Win,Win
3775617,Brighton & Hove Albion WFC,Goalkeeper,0.9459459459459459,0.05405405405405406,Win,Win
3775617,Brighton & Hove Albion WFC,Striker,0.5,0.5,Win,Win
3775617,Brighton & Hove Albion WFC,Wide Forward,0.375,0.625,Win,Win
3775617,Manchester United,Attacking Midfield,0.5,0.5,Loss,Non-Win
3775617,Manchester United,Center Back,0.5735294117647058,0.4264705882352941,Loss,Non-Win
3775617,Manchester United,Defensive Midfield,0.6153846153846154,0.38461538461538464,Loss,Non-Win
3775617,Manchester United,Fullback,0.16216216216216217,0.8378378378378378,Loss,Non-Win
3775617,Manchester United,Goalkeeper,1.0,0.0,Loss,Non-Win
3775617,Manchester United,Striker,1.0,0.0,Loss,Non-Win
3775617,Manchester United,Wide Forward,0.17647058823529413,0.8235294117647058,Loss,Non-Win
3775633,Aston Villa,Center Back,0.43333333333333335,0.5666666666666667,Win,Win
3775633,Aston Villa,Central Midfield,0.2608695652173913,0.7391304347826086,Win,Win
3775633,Aston Villa,Defensive Midfield,0.5789473684210527,0.42105263157894735,Win,Win
3775633,Aston Villa,Fullback,0.1111111111111111,0.8888888888888888,Win,Win
3775633,Aston Villa,Goalkeeper,1.0,0.0,Win,Win
3775633,Aston Villa,Striker,0.6,0.4,Win,Win
3775633,Tottenham Hotspur Women,Attacking Midfield,0.43478260869565216,0.5652173913043478,Loss,Non-Win
3775633,Tottenham Hotspur Women,Center Back,0.5411764705882353,0.4588235294117647,Loss,Non-Win
3775633,Tottenham Hotspur Women,Defensive Midfield,0.6,0.4,Loss,Non-Win
3775633,Tottenham Hotspur Women,Fullback,0.23595505617977527,0.7640449438202247,Loss,Non-Win
3775633,Tottenham Hotspur Women,Goalkeeper,1.0,0.0,Loss,Non-Win
3775633,Tottenham Hotspur Women,Striker,0.23076923076923078,0.7692307692307693,Loss,Non-Win
3775633,Tottenham Hotspur Women,Wide Forward,0.05714285714285714,0.9428571428571428,Loss,Non-Win
3775640,Manchester United,Attacking Midfield,0.75,0.25,Loss,Non-Win
3775640,Manchester United,Center Back,0.6111111111111112,0.3888888888888889,Loss,Non-Win
3775640,Manchester United,Defensive Midfield,0.5660377358490566,0.4339622641509434,Loss,Non-Win
3775640,Manchester United,Fullback,0.16666666666666666,0.8333333333333334,Loss,Non-Win
3775640,Manchester United,Goalkeeper,0.9130434782608695,0.08695652173913043,Loss,Non-Win
3775640,Manchester United,Striker,0.5714285714285714,0.42857142857142855,Loss,Non-Win
3775640,Manchester United,Wide Forward,0.36363636363636365,0.6363636363636364,Loss,Non-Win
3775640,Reading WFC,Attacking Midfield,0.3333333333333333,0.6666666666666666,Win,Win
3775640,Reading WFC,Center Back,0.5098039215686274,0.49019607843137253,Win,Win
3775640,Reading WFC,Defensive Midfield,0.7352941176470589,0.2647058823529412,Win,Win
3775640,Reading WFC,Fullback,0.18421052631578946,0.8157894736842105,Win,Win
3775640,Reading WFC,Goalkeeper,0.9354838709677419,0.06451612903225806,Win,Win
3775640,Reading WFC,Striker,0.6666666666666666,0.3333333333333333,Win,Win
3775640,Reading WFC,Wide Forward,0.6111111111111112,0.3888888888888889,Win,Win
3775653,Birmingham City WFC,Attacking Midfield,0.14285714285714285,0.8571428571428571,Loss,Non-Win
3775653,Birmingham City WFC,Center Back,0.6,0.4,Loss,Non-Win
3775653,Birmingham City WFC,Central Midfield,0.36,0.64,Loss,Non-Win
3775653,Birmingham City WFC,Fullback,0.05405405405405406,0.9459459459459459,Loss,Non-Win
3775653,Birmingham City WFC,Goalkeeper,0.896551724137931,0.10344827586206896,Loss,Non-Win
3775653,Birmingham City WFC,Striker,0.3333333333333333,0.6666666666666666,Loss,Non-Win
3775653,Birmingham City WFC,Wide Forward,0.0,1.0,Loss,Non-Win
3775653,Everton LFC,Attacking Midfield,0.5555555555555556,0.4444444444444444,Win,Win
3775653,Everton LFC,Center Back,0.5932203389830508,0.4067796610169492,Win,Win
3775653,Everton LFC,Central Midfield,0.4583333333333333,0.5416666666666666,Win,Win
3775653,Everton LFC,Fullback,0.18,0.82,Win,Win
3775653,Everton LFC,Goalkeeper,1.0,0.0,Win,Win
3775653,Everton LFC,Striker,0.6,0.4,Win,Win
3775653,Everton LFC,Wide Forward,0.13636363636363635,0.8636363636363636,Win,Win
3788753,Finland,Center Back,0.4375,0.5625,Loss,Non-Win
3788753,Finland,Central Midfield,0.5853658536585366,0.4146341463414634,Loss,Non-Win
3788753,Finland,Defensive Midfield,0.7272727272727273,0.2727272727272727,Loss,Non-Win
3788753,Finland,Fullback,0.038461538461538464,0.9615384615384616,Loss,Non-Win
3788753,Finland,Goalkeeper,0.9722222222222222,0.027777777777777776,Loss,Non-Win
3788753,Finland,Striker,0.8235294117647058,0.17647058823529413,Loss,Non-Win
3788753,Russia,Attacking Midfield,0.4,0.6,Win,Win
3788753,Russia,Center Back,0.4,0.6,Win,Win
3788753,Russia,Defensive Midfield,0.4878048780487805,0.5121951219512195,Win,Win
3788753,Russia,Fullback,0.05714285714285714,0.9428571428571428,Win,Win
3788753,Russia,Goalkeeper,0.9642857142857143,0.03571428571428571,Win,Win
3788753,Russia,Striker,0.7142857142857143,0.2857142857142857,Win,Win
3788759,England,Attacking Midfield,0.0,1.0,Draw,Non-Win
3788759,England,Center Back,0.676923076923077,0.3230769230769231,Draw,Non-Win
3788759,England,Central Midfield,0.42105263157894735,0.5789473684210527,Draw,Non-Win
3788759,England,Defensive Midfield,0.7586206896551724,0.2413793103448276,Draw,Non-Win
3788759,England,Fullback,0.1044776119402985,0.8955223880597015,Draw,Non-Win
3788759,England,Goalkeeper,0.96,0.04,Draw,Non-Win
3788759,England,Striker,0.2,0.8,Draw,Non-Win
3788759,England,Wide Forward,0.36363636363636365,0.6363636363636364,Draw,Non-Win
3788759,Scotland,Attacking Midfield,0.4,0.6,Draw,Non-Win
3788759,Scotland,Center Back,0.43478260869565216,0.5652173913043478,Draw,Non-Win
3788759,Scotland,Defensive Midfield,0.5,0.5,Draw,Non-Win
3788759,Scotland,Fullback,0.08108108108108109,0.918918918918919,Draw,Non-Win
3788759,Scotland,Goalkeeper,0.9375,0.0625,Draw,Non-Win
3788759,Scotland,Striker,0.6470588235294118,0.35294117647058826,Draw,Non-Win
3788764,Germany,Attacking Midfield,0.65,0.35,Win,Win
3788764,Germany,Center Back,0.5205479452054794,0.4794520547945205,Win,Win
3788764,Germany,Central Midfield,1.0,0.0,Win,Win
3788764,Germany,Defensive Midfield,0.7111111111111111,0.28888888888888886,Win,Win
3788764,Germany,Fullback,0.2608695652173913,0.7391304347826086,Win,Win
3788764,Germany,Goalkeeper,1.0,0.0,Win,Win
3788764,Germany,Striker,0.375,0.625,Win,Win
3788764,Portugal,Center Back,0.5909090909090909,0.4090909090909091,Loss,Non-Win
3788764,Portugal,Central Midfield,0.41935483870967744,0.5806451612903226,Loss,Non-Win
3788764,Portugal,Defensive Midfield,1.0,0.0,Loss,Non-Win
3788764,Portugal,Fullback,0.13636363636363635,0.8636363636363636,Loss,Non-Win
3788764,Portugal,Goalkeeper,0.9333333333333333,0.06666666666666667,Loss,Non-Win
3788764,Portugal,Striker,0.2727272727272727,0.7272727272727273,Loss,Non-Win
3788764,Portugal,Wide Forward,0.1111111111111111,0.8888888888888888,Loss,Non-Win
3788772,Czech Republic,Attacking Midfield,0.5454545454545454,0.45454545454545453,Loss,Non-Win
3788772,Czech Republic,Center Back,0.46808510638297873,0.5319148936170213,Loss,Non-Win
3788772,Czech Republic,Defensive Midfield,0.7407407407407407,0.25925925925925924,Loss,Non-Win
3788772,Czech Republic,Fullback,0.04081632653061224,0.9591836734693877,Loss,Non-Win
3788772,Czech Republic,Goalkeeper,0.875,0.125,Loss,Non-Win
3788772,Czech Republic,Striker,0.5555555555555556,0.4444444444444444,Loss,Non-Win
3788772,Czech Republic,Wide Forward,0.26666666666666666,0.7333333333333333,Loss,Non-Win
3788772,England,Attacking Midfield,0.4166666666666667,0.5833333333333334,Win,Win
3788772,England,Center Back,0.6666666666666666,0.3333333333333333,Win,Win
3788772,England,Defensive Midfield,0.5862068965517241,0.41379310344827586,Win,Win
3788772,England,Fullback,0.125,0.875,Win,Win
3788772,England,Goalkeeper,0.9310344827586207,0.06896551724137931,Win,Win
3788772,England,Striker,0.6363636363636364,0.36363636363636365,Win,Win
3788772,England,Wide Forward,0.46153846153846156,0.5384615384615384,Win,Win
3794686,Croatia,Center Back,0.6818181818181818,0.3181818181818182,Loss,Non-Win
3794686,Croatia,Central Midfield,0.5384615384615384,0.46153846153846156,Loss,Non-Win
3794686,Croatia,Defensive Midfield,0.6666666666666666,0.3333333333333333,Loss,Non-Win
3794686,Croatia,Fullback,0.14285714285714285,0.8571428571428571,Loss,Non-Win
3794686,Croatia,Goalkeeper,1.0,0.0,Loss,Non-Win
3794686,Croatia,Striker,1.0,0.0,Loss,Non-Win
3794686,Croatia,Wide Forward,0.2571428571428571,0.7428571428571429,Loss,Non-Win
3794686,Spain,Center Back,0.7416666666666667,0.25833333333333336,Win,Win
3794686,Spain,Central Midfield,0.6170212765957447,0.3829787234042553,Win,Win
3794686,Spain,Defensive Midfield,0.8285714285714286,0.17142857142857143,Win,Win
3794686,Spain,Fullback,0.1836734693877551,0.8163265306122449,Win,Win
3794686,Spain,Goalkeeper,0.9642857142857143,0.03571428571428571,Win,Win
3794686,Spain,Striker,0.7777777777777778,0.2222222222222222,Win,Win
3794686,Spain,Wide Forward,0.14705882352941177,0.8529411764705882,Win,Win
3794688,England,Center Back,0.5061728395061729,0.49382716049382713,Win,Win
3794688,England,Defensive Midfield,0.59375,0.40625,Win,Win
3794688,England,Fullback,0.13513513513513514,0.8648648648648649,Win,Win
3794688,England,Goalkeeper,0.9333333333333333,0.06666666666666667,Win,Win
3794688,England,Striker,0.5,0.5,Win,Win
3794688,England,Wide Forward,0.3684210526315789,0.631578947368421,Win,Win
3794688,Germany,Center Back,0.618421052631579,0.3815789473684211,Loss,Non-Win
3794688,Germany,Defensive Midfield,0.6666666666666666,0.3333333333333333,Loss,Non-Win
3794688,Germany,Fullback,0.09090909090909091,0.9090909090909091,Loss,Non-Win
3794688,Germany,Goalkeeper,0.918918918918919,0.08108108108108109,Loss,Non-Win
3794688,Germany,Striker,1.0,0.0,Loss,Non-Win
3794688,Germany,Wide Forward,0.56,0.44,Loss,Non-Win
3795109,Czech Republic,Attacking Midfield,0.42857142857142855,0.5714285714285714,Loss,Non-Win
3795109,Czech Republic,Center Back,0.6440677966101694,0.3559322033898305,Loss,Non-Win
3795109,Czech Republic,Central Midfield,0.6153846153846154,0.38461538461538464,Loss,Non-Win
3795109,Czech Republic,Defensive Midfield,0.6956521739130435,0.30434782608695654,Loss,Non-Win
3795109,Czech Republic,Fullback,0.2878787878787879,0.7121212121212122,Loss,Non-Win
3795109,Czech Republic,Goalkeeper,1.0,0.0,Loss,Non-Win
3795109,Czech Republic,Striker,0.8571428571428571,0.14285714285714285,Loss,Non-Win
3795109,Czech Republic,Wide Forward,0.375,0.625,Loss,Non-Win
3795109,Denmark,Attacking Midfield,0.5384615384615384,0.46153846153846156,Win,Win
3795109,Denmark,Center Back,0.48,0.52,Win,Win
3795109,Denmark,Central Midfield,0.5555555555555556,0.4444444444444444,Win,Win
3795109,Denmark,Defensive Midfield,0.4444444444444444,0.5555555555555556,Win,Win
3795109,Denmark,Fullback,0.075,0.925,Win,Win
3795109,Denmark,Goalkeeper,0.9411764705882353,0.058823529411764705,Win,Win
3795109,Denmark,Striker,0.5,0.5,Win,Win
3795220,Italy,Center Back,0.660377358490566,0.33962264150943394,Draw,Non-Win
3795220,Italy,Central Midfield,0.6,0.4,Draw,Non-Win
3795220,Italy,Defensive Midfield,0.3,0.7,Draw,Non-Win
3795220,Italy,Fullback,0.047619047619047616,0.9523809523809523,Draw,Non-Win
3795220,Italy,Goalkeeper,1.0,0.0,Draw,Non-Win
3795220,Italy,Striker,0.5,0.5,Draw,Non-Win
3795220,Italy,Wide Forward,0.4782608695652174,0.5217391304347826,Draw,Non-Win
3795220,Spain,Center Back,0.8,0.2,Draw,Non-Win
3795220,Spain,Central Midfield,0.5454545454545454,0.45454545454545453,Draw,Non-Win
3795220,Spain,Defensive Midfield,0.6956521739130435,0.30434782608695654,Draw,Non-Win
3795220,Spain,Fullback,0.16666666666666666,0.8333333333333334,Draw,Non-Win
3795220,Spain,Goalkeeper,0.9629629629629629,0.037037037037037035,Draw,Non-Win
3795220,Spain,Striker,0.38461538461538464,0.6153846153846154,Draw,Non-Win
3795220,Spain,Wide Forward,0.25,0.75,Draw,Non-Win
3802795,Paris Saint-Germain,Attacking Midfield,0.5,0.5,Win,Win
3802795,Paris Saint-Germain,Center Back,0.7160493827160493,0.2839506172839506,Win,Win
3802795,Paris Saint-Germain,Central Midfield,0.4666666666666667,0.5333333333333333,Win,Win
3802795,Paris Saint-Germain,Defensive Midfield,0.7209302325581395,0.27906976744186046,Win,Win
3802795,Paris Saint-Germain,Fullback,0.19047619047619047,0.8095238095238095,Win,Win
3802795,Paris Saint-Germain,Goalkeeper,1.0,0.0,Win,Win
3802795,Paris Saint-Germain,Striker,0.5,0.5,Win,Win
3802795,Paris Saint-Germain,Wide Forward,0.4230769230769231,0.5769230769230769,Win,Win
3802795,Rennes,Center Back,0.6046511627906976,0.3953488372093023,Loss,Non-Win
3802795,Rennes,Central Midfield,0.4666666666666667,0.5333333333333333,Loss,Non-Win
3802795,Rennes,Defensive Midfield,0.75,0.25,Loss,Non-Win
3802795,Rennes,Fullback,0.1388888888888889,0.8611111111111112,Loss,Non-Win
3802795,Rennes,Goalkeeper,0.9285714285714286,0.07142857142857142,Loss,Non-Win
3802795,Rennes,Striker,0.4444444444444444,0.5555555555555556,Loss,Non-Win
3802795,Rennes,Wide Forward,0.5555555555555556,0.4444444444444444,Loss,Non-Win
3802805,OGC Nice,Center Back,0.6170212765957447,0.3829787234042553,Win,Win
3802805,OGC Nice,Defensive Midfield,0.7272727272727273,0.2727272727272727,Win,Win
3802805,OGC Nice,Fullback,0.044444444444444446,0.9555555555555556,Win,Win
3802805,OGC Nice,Goalkeeper,1.0,0.0,Win,Win
3802805,OGC Nice,Striker,0.42857142857142855,0.5714285714285714,Win,Win
3802805,OGC Nice,Wide Forward,0.40476190476190477,0.5952380952380952,Win,Win
3802805,Paris Saint-Germain,Center Back,0.5753424657534246,0.4246575342465753,Loss,Non-Win
3802805,Paris Saint-Germain,Central Midfield,0.5,0.5,Loss,Non-Win
3802805,Paris Saint-Germain,Defensive Midfield,0.875,0.125,Loss,Non-Win
3802805,Paris Saint-Germain,Fullback,0.21739130434782608,0.782608695652174,Loss,Non-Win
3802805,Paris Saint-Germain,Goalkeeper,1.0,0.0,Loss,Non-Win
3802805,Paris Saint-Germain,Striker,0.5263157894736842,0.47368421052631576,Loss,Non-Win
3802805,Paris Saint-Germain,Wide Forward,0.41935483870967744,0.5806451612903226,Loss,Non-Win
3802902,Marseille,Attacking Midfield,0.42105263157894735,0.5789473684210527,Draw,Non-Win
3802902,Marseille,Center Back,0.7906976744186046,0.20930232558139536,Draw,Non-Win
3802902,Marseille,Defensive Midfield,0.7636363636363637,0.23636363636363636,Draw,Non-Win
3802902,Marseille,Fullback,0.25,0.75,Draw,Non-Win
3802902,Marseille,Goalkeeper,0.9285714285714286,0.07142857142857142,Draw,Non-Win
3802902,Marseille,Wide Forward,0.3076923076923077,0.6923076923076923,Draw,Non-Win
3802902,Paris Saint-Germain,Attacking Midfield,0.8181818181818182,0.18181818181818182,Draw,Non-Win
3802902,Paris Saint-Germain,Center Back,0.7380952380952381,0.2619047619047619,Draw,Non-Win
3802902,Paris Saint-Germain,Defensive Midfield,0.7380952380952381,0.2619047619047619,Draw,Non-Win
3802902,Paris Saint-Germain,Fullback,0.17391304347826086,0.8260869565217391,Draw,Non-Win
3802902,Paris Saint-Germain,Goalkeeper,0.9473684210526315,0.05263157894736842,Draw,Non-Win
3802902,Paris Saint-Germain,Striker,0.3,0.7,Draw,Non-Win
3802902,Paris Saint-Germain,Wide Forward,0.5283018867924528,0.4716981132075472,Draw,Non-Win
3813265,East Bengal,Center Back,0.6363636363636364,0.36363636363636365,Draw,Non-Win
3813265,East Bengal,Central Midfield,0.65,0.35,Draw,Non-Win
3813265,East Bengal,Defensive Midfield,0.6521739130434783,0.34782608695652173,Draw,Non-Win
3813265,East Bengal,Fullback,0.07317073170731707,0.926829268292683,Draw,Non-Win
3813265,East Bengal,Goalkeeper,0.9259259259259259,0.07407407407407407,Draw,Non-Win
3813265,East Bengal,Striker,0.6,0.4,Draw,Non-Win
3813265,East Bengal,Wide Forward,0.23809523809523808,0.7619047619047619,Draw,Non-Win
3813265,Mumbai City,Attacking Midfield,0.6190476190476191,0.38095238095238093,Draw,Non-Win
3813265,Mumbai City,Center Back,0.5,0.5,Draw,Non-Win
3813265,Mumbai City,Defensive Midfield,0.6404494382022472,0.3595505617977528,Draw,Non-Win
3813265,Mumbai City,Fullback,0.1111111111111111,0.8888888888888888,Draw,Non-Win
3813265,Mumbai City,Goalkeeper,1.0,0.0,Draw,Non-Win
3813265,Mumbai City,Striker,0.5714285714285714,0.42857142857142855,Draw,Non-Win
3813265,Mumbai City,Wide Forward,0.27586206896551724,0.7241379310344828,Draw,Non-Win
3813272,Goa,Attacking Midfield,0.44,0.56,Draw,Non-Win
3813272,Goa,Center Back,0.4444444444444444,0.5555555555555556,Draw,Non-Win
3813272,Goa,Defensive Midfield,0.625,0.375,Draw,Non-Win
3813272,Goa,Fullback,0.2727272727272727,0.7272727272727273,Draw,Non-Win
3813272,Goa,Goalkeeper,1.0,0.0,Draw,Non-Win
3813272,Goa,Striker,0.391304347826087,0.6086956521739131,Draw,Non-Win
3813272,Hyderabad,Attacking Midfield,0.8181818181818182,0.18181818181818182,Draw,Non-Win
3813272,Hyderabad,Center Back,0.5333333333333333,0.4666666666666667,Draw,Non-Win
3813272,Hyderabad,Defensive Midfield,0.6428571428571429,0.35714285714285715,Draw,Non-Win
3813272,Hyderabad,Fullback,0.1702127659574468,0.8297872340425532,Draw,Non-Win
3813272,Hyderabad,Goalkeeper,1.0,0.0,Draw,Non-Win
3813272,Hyderabad,Striker,0.4444444444444444,0.5555555555555556,Draw,Non-Win
3813272,Hyderabad,Wide Forward,0.13636363636363635,0.8636363636363636,Draw,Non-Win
3813274,Bengaluru,Center Back,0.52,0.48,Loss,Non-Win
3813274,Bengaluru,Central Midfield,0.5555555555555556,0.4444444444444444,Loss,Non-Win
3813274,Bengaluru,Defensive Midfield,0.6923076923076923,0.3076923076923077,Loss,Non-Win
3813274,Bengaluru,Fullback,0.0784313725490196,0.9215686274509803,Loss,Non-Win
3813274,Bengaluru,Goalkeeper,0.9375,0.0625,Loss,Non-Win
3813274,Bengaluru,Striker,0.42857142857142855,0.5714285714285714,Loss,Non-Win
3813274,Bengaluru,Wide Forward,0.4166666666666667,0.5833333333333334,Loss,Non-Win
3813274,Mumbai City,Attacking Midfield,0.5,0.5,Win,Win
3813274,Mumbai City,Center Back,0.5777777777777777,0.4222222222222222,Win,Win
3813274,Mumbai City,Defensive Midfield,0.8620689655172413,0.13793103448275862,Win,Win
3813274,Mumbai City,Fullback,0.11764705882352941,0.8823529411764706,Win,Win
3813274,Mumbai City,Goalkeeper,0.967741935483871,0.03225806451612903,Win,Win
3813274,Mumbai City,Striker,0.7142857142857143,0.2857142857142857,Win,Win
3813274,Mumbai City,Wide Forward,0.42857142857142855,0.5714285714285714,Win,Win
3813277,Hyderabad,Center Back,0.68,0.32,Win,Win
3813277,Hyderabad,Defensive Midfield,0.5,0.5,Win,Win
3813277,Hyderabad,Fullback,0.175,0.825,Win,Win
3813277,Hyderabad,Goalkeeper,0.9259259259259259,0.07407407407407407,Win,Win
3813277,Hyderabad,Striker,0.4,0.6,Win,Win
3813277,Hyderabad,Wide Forward,0.3103448275862069,0.6896551724137931,Win,Win
3813277,Mumbai City,Attacking Midfield,0.5,0.5,Loss,Non-Win
3813277,Mumbai City,Center Back,0.5833333333333334,0.4166666666666667,Loss,Non-Win
3813277,Mumbai City,Defensive Midfield,0.6341463414634146,0.36585365853658536,Loss,Non-Win
3813277,Mumbai City,Fullback,0.13953488372093023,0.8604651162790697,Loss,Non-Win
3813277,Mumbai City,Goalkeeper,1.0,0.0,Loss,Non-Win
3813277,Mumbai City,Striker,0.5,0.5,Loss,Non-Win
3813277,Mumbai City,Wide Forward,0.2631578947368421,0.7368421052631579,Loss,Non-Win
3813281,ATK Mohun Bagan,Center Back,0.75,0.25,Draw,Non-Win
3813281,ATK Mohun Bagan,Defensive Midfield,0.7837837837837838,0.21621621621621623,Draw,Non-Win
3813281,ATK Mohun Bagan,Fullback,0.1276595744680851,0.8723404255319149,Draw,Non-Win
3813281,ATK Mohun Bagan,Goalkeeper,1.0,0.0,Draw,Non-Win
3813281,ATK Mohun Bagan,Striker,0.5277777777777778,0.4722222222222222,Draw,Non-Win
3813281,ATK Mohun Bagan,Wide Forward,0.5,0.5,Draw,Non-Win
3813281,Chennaiyin,Center Back,0.5657894736842105,0.4342105263157895,Draw,Non-Win
3813281,Chennaiyin,Central Midfield,0.44,0.56,Draw,Non-Win
3813281,Chennaiyin,Defensive Midfield,0.6666666666666666,0.3333333333333333,Draw,Non-Win
3813281,Chennaiyin,Fullback,0.17777777777777778,0.8222222222222222,Draw,Non-Win
3813281,Chennaiyin,Goalkeeper,1.0,0.0,Draw,Non-Win
3813281,Chennaiyin,Striker,0.5,0.5,Draw,Non-Win
3813282,Kerala Blasters,Center Back,0.5666666666666667,0.43333333333333335,Win,Win
3813282,Kerala Blasters,Defensive Midfield,0.6521739130434783,0.34782608695652173,Win,Win
3813282,Kerala Blasters,Fullback,0.16666666666666666,0.8333333333333334,Win,Win
3813282,Kerala Blasters,Goalkeeper,1.0,0.0,Win,Win
3813282,Kerala Blasters,Striker,0.6470588235294118,0.35294117647058826,Win,Win
3813282,Kerala Blasters,Wide Forward,0.6129032258064516,0.3870967741935484,Win,Win
3813282,Mumbai City,Attacking Midfield,0.45,0.55,Loss,Non-Win
3813282,Mumbai City,Center Back,0.425531914893617,0.574468085106383,Loss,Non-Win
3813282,Mumbai City,Defensive Midfield,0.6,0.4,Loss,Non-Win
3813282,Mumbai City,Fullback,0.18181818181818182,0.8181818181818182,Loss,Non-Win
3813282,Mumbai City,Goalkeeper,1.0,0.0,Loss,Non-Win
3813282,Mumbai City,Striker,0.5555555555555556,0.4444444444444444,Loss,Non-Win
3813282,Mumbai City,Wide Forward,0.25806451612903225,0.7419354838709677,Loss,Non-Win
3813284,Jamshedpur,Center Back,0.5714285714285714,0.42857142857142855,Loss,Non-Win
3813284,Jamshedpur,Defensive Midfield,0.6060606060606061,0.3939393939393939,Loss,Non-Win
3813284,Jamshedpur,Fullback,0.13513513513513514,0.8648648648648649,Loss,Non-Win
3813284,Jamshedpur,Goalkeeper,0.8666666666666667,0.13333333333333333,Loss,Non-Win
3813284,Jamshedpur,Striker,0.6086956521739131,0.391304347826087,Loss,Non-Win
3813284,Jamshedpur,Wide Forward,0.4,0.6,Loss,Non-Win
3813284,Mumbai City,Attacking Midfield,0.35,0.65,Win,Win
3813284,Mumbai City,Center Back,0.4418604651162791,0.5581395348837209,Win,Win
3813284,Mumbai City,Central Midfield,0.6875,0.3125,Win,Win
3813284,Mumbai City,Fullback,0.14285714285714285,0.8571428571428571,Win,Win
3813284,Mumbai City,Goalkeeper,1.0,0.0,Win,Win
3813284,Mumbai City,Striker,0.4,0.6,Win,Win
3813284,Mumbai City,Wide Forward,0.4090909090909091,0.5909090909090909,Win,Win
3813286,Chennaiyin,Center Back,0.5263157894736842,0.47368421052631576,Loss,Non-Win
3813286,Chennaiyin,Central Midfield,0.6666666666666666,0.3333333333333333,Loss,Non-Win
3813286,Chennaiyin,Defensive Midfield,0.5833333333333334,0.4166666666666667,Loss,Non-Win
3813286,Chennaiyin,Fullback,0.08333333333333333,0.9166666666666666,Loss,Non-Win
3813286,Chennaiyin,Goalkeeper,1.0,0.0,Loss,Non-Win
3813286,Chennaiyin,Striker,0.3684210526315789,0.631578947368421,Loss,Non-Win
3813286,Mumbai City,Attacking Midfield,0.5,0.5,Win,Win
3813286,Mumbai City,Center Back,0.58,0.42,Win,Win
3813286,Mumbai City,Defensive Midfield,0.6081081081081081,0.3918918918918919,Win,Win
3813286,Mumbai City,Fullback,0.125,0.875,Win,Win
3813286,Mumbai City,Goalkeeper,0.9444444444444444,0.05555555555555555,Win,Win
3813286,Mumbai City,Striker,0.4,0.6,Win,Win
3813286,Mumbai City,Wide Forward,0.36363636363636365,0.6363636363636364,Win,Win
3813291,ATK Mohun Bagan,Attacking Midfield,0.6666666666666666,0.3333333333333333,Win,Win
3813291,ATK Mohun Bagan,Center Back,0.4024390243902439,0.5975609756097561,Win,Win
3813291,ATK Mohun Bagan,Defensive Midfield,0.5714285714285714,0.42857142857142855,Win,Win
3813291,ATK Mohun Bagan,Fullback,0.36363636363636365,0.6363636363636364,Win,Win
3813291,ATK Mohun Bagan,Goalkeeper,1.0,0.0,Win,Win
3813291,ATK Mohun Bagan,Striker,0.5833333333333334,0.4166666666666667,Win,Win
3813291,East Bengal,Attacking Midfield,0.5625,0.4375,Loss,Non-Win
3813291,East Bengal,Center Back,0.5432098765432098,0.4567901234567901,Loss,Non-Win
3813291,East Bengal,Defensive Midfield,0.56,0.44,Loss,Non-Win
3813291,East Bengal,Fullback,0.0967741935483871,0.9032258064516129,Loss,Non-Win
3813291,East Bengal,Goalkeeper,0.9666666666666667,0.03333333333333333,Loss,Non-Win
3813291,East Bengal,Striker,0.5714285714285714,0.42857142857142855,Loss,Non-Win
3813291,East Bengal,Wide Forward,0.36363636363636365,0.6363636363636364,Loss,Non-Win
3813299,Bengaluru,Center Back,0.5319148936170213,0.46808510638297873,Loss,Non-Win
3813299,Bengaluru,Central Midfield,0.8,0.2,Loss,Non-Win
3813299,Bengaluru,Defensive Midfield,0.6666666666666666,0.3333333333333333,Loss,Non-Win
3813299,Bengaluru,Fullback,0.16666666666666666,0.8333333333333334,Loss,Non-Win
3813299,Bengaluru,Goalkeeper,0.896551724137931,0.10344827586206896,Loss,Non-Win
3813299,Bengaluru,Striker,0.5,0.5,Loss,Non-Win
3813299,Bengaluru,Wide Forward,0.6363636363636364,0.36363636363636365,Loss,Non-Win
3813299,Hyderabad,Attacking Midfield,0.3333333333333333,0.6666666666666666,Win,Win
3813299,Hyderabad,Center Back,0.5,0.5,Win,Win
3813299,Hyderabad,Defensive Midfield,0.6341463414634146,0.36585365853658536,Win,Win
3813299,Hyderabad,Fullback,0.16417910447761194,0.835820895522388,Win,Win
3813299,Hyderabad,Goalkeeper,0.9705882352941176,0.029411764705882353,Win,Win
3813299,Hyderabad,Striker,0.625,0.375,Win,Win
3813299,Hyderabad,Wide Forward,0.11764705882352941,0.8823529411764706,Win,Win
3813300,Kerala Blasters,Center Back,0.4666666666666667,0.5333333333333333,Win,Win
3813300,Kerala Blasters,Defensive Midfield,0.5714285714285714,0.42857142857142855,Win,Win
3813300,Kerala Blasters,Fullback,0.10869565217391304,0.8913043478260869,Win,Win
3813300,Kerala Blasters,Goalkeeper,1.0,0.0,Win,Win
3813300,Kerala Blasters,Striker,0.48,0.52,Win,Win
3813300,Kerala Blasters,Wide Forward,0.358974358974359,0.6410256410256411,Win,Win
3813300,Odisha,Attacking Midfield,0.6111111111111112,0.3888888888888889,Loss,Non-Win
3813300,Odisha,Center Back,0.3404255319148936,0.6595744680851063,Loss,Non-Win
3813300,Odisha,Defensive Midfield,0.6756756756756757,0.32432432432432434,Loss,Non-Win
3813300,Odisha,Fullback,0.10416666666666667,0.8958333333333334,Loss,Non-Win
3813300,Odisha,Goalkeeper,0.9333333333333333,0.06666666666666667,Loss,Non-Win
3813300,Odisha,Striker,0.5,0.5,Loss,Non-Win
3813300,Odisha,Wide Forward,0.16666666666666666,0.8333333333333334,Loss,Non-Win
3813304,East Bengal,Center Back,0.5384615384615384,0.46153846153846156,Draw,Non-Win
3813304,East Bengal,Central Midfield,0.6896551724137931,0.3103448275862069,Draw,Non-Win
3813304,East Bengal,Defensive Midfield,0.6666666666666666,0.3333333333333333,Draw,Non-Win
3813304,East Bengal,Fullback,0.1956521739130435,0.8043478260869565,Draw,Non-Win
3813304,East Bengal,Goalkeeper,0.8333333333333334,0.16666666666666666,Draw,Non-Win
3813304,East Bengal,Striker,0.4,0.6,Draw,Non-Win
3813304,East Bengal,Wide Forward,0.12903225806451613,0.8709677419354839,Draw,Non-Win
3813304,Hyderabad,Attacking Midfield,0.3333333333333333,0.6666666666666666,Draw,Non-Win
3813304,Hyderabad,Center Back,0.5581395348837209,0.4418604651162791,Draw,Non-Win
3813304,Hyderabad,Defensive Midfield,0.6935483870967742,0.3064516129032258,Draw,Non-Win
3813304,Hyderabad,Fullback,0.14084507042253522,0.8591549295774648,Draw,Non-Win
3813304,Hyderabad,Goalkeeper,1.0,0.0,Draw,Non-Win
3813304,Hyderabad,Striker,0.8,0.2,Draw,Non-Win
3813304,Hyderabad,Wide Forward,0.4,0.6,Draw,Non-Win
3813307,Bengaluru,Attacking Midfield,0.5263157894736842,0.47368421052631576,Draw,Non-Win
3813307,Bengaluru,Center Back,0.45977011494252873,0.5402298850574713,Draw,Non-Win
3813307,Bengaluru,Central Midfield,0.8888888888888888,0.1111111111111111,Draw,Non-Win
3813307,Bengaluru,Defensive Midfield,0.6129032258064516,0.3870967741935484,Draw,Non-Win
3813307,Bengaluru,Fullback,0.1590909090909091,0.8409090909090909,Draw,Non-Win
3813307,Bengaluru,Goalkeeper,1.0,0.0,Draw,Non-Win
3813307,Bengaluru,Striker,0.7777777777777778,0.2222222222222222,Draw,Non-Win
3813307,Bengaluru,Wide Forward,0.5625,0.4375,Draw,Non-Win
3813307,Jamshedpur,Attacking Midfield,0.75,0.25,Draw,Non-Win
3813307,Jamshedpur,Center Back,0.47619047619047616,0.5238095238095238,Draw,Non-Win
3813307,Jamshedpur,Defensive Midfield,0.4,0.6,Draw,Non-Win
3813307,Jamshedpur,Fullback,0.19444444444444445,0.8055555555555556,Draw,Non-Win
3813307,Jamshedpur,Goalkeeper,0.9444444444444444,0.05555555555555555,Draw,Non-Win
3813307,Jamshedpur,Striker,0.5,0.5,Draw,Non-Win
3813307,Jamshedpur,Wide Forward,0.35294117647058826,0.6470588235294118,Draw,Non-Win
3813308,Goa,Attacking Midfield,0.8214285714285714,0.17857142857142858,Draw,Non-Win
3813308,Goa,Center Back,0.5384615384615384,0.46153846153846156,Draw,Non-Win
3813308,Goa,Defensive Midfield,0.775,0.225,Draw,Non-Win
3813308,Goa,Fullback,0.25,0.75,Draw,Non-Win
3813308,Goa,Goalkeeper,1.0,0.0,Draw,Non-Win
3813308,Goa,Striker,0.6470588235294118,0.35294117647058826,Draw,Non-Win
3813308,Odisha,Center Back,0.6944444444444444,0.3055555555555556,Draw,Non-Win
3813308,Odisha,Central Midfield,0.6756756756756757,0.32432432432432434,Draw,Non-Win
3813308,Odisha,Defensive Midfield,0.8823529411764706,0.11764705882352941,Draw,Non-Win
3813308,Odisha,Fullback,0.125,0.875,Draw,Non-Win
3813308,Odisha,Goalkeeper,0.95,0.05,Draw,Non-Win
3813308,Odisha,Striker,0.7142857142857143,0.2857142857142857,Draw,Non-Win
3813308,Odisha,Wide Forward,0.391304347826087,0.6086956521739131,Draw,Non-Win
3813309,Chennaiyin,Center Back,0.4,0.6,Win,Win
3813309,Chennaiyin,Central Midfield,0.5294117647058824,0.47058823529411764,Win,Win
3813309,Chennaiyin,Defensive Midfield,0.6923076923076923,0.3076923076923077,Win,Win
3813309,Chennaiyin,Fullback,0.125,0.875,Win,Win
3813309,Chennaiyin,Goalkeeper,0.96,0.04,Win,Win
3813309,Chennaiyin,Striker,0.5833333333333334,0.4166666666666667,Win,Win
3813309,Chennaiyin,Wide Forward,0.25,0.75,Win,Win
3813309,Hyderabad,Center Back,0.7794117647058824,0.22058823529411764,Loss,Non-Win
3813309,Hyderabad,Central Midfield,0.5365853658536586,0.4634146341463415,Loss,Non-Win
3813309,Hyderabad,Fullback,0.1076923076923077,0.8923076923076924,Loss,Non-Win
3813309,Hyderabad,Goalkeeper,1.0,0.0,Loss,Non-Win
3813309,Hyderabad,Striker,0.6666666666666666,0.3333333333333333,Loss,Non-Win
3813309,Hyderabad,Wide Forward,0.40625,0.59375,Loss,Non-Win
3813310,East Bengal,Center Back,0.675,0.325,Draw,Non-Win
3813310,East Bengal,Central Midfield,0.38461538461538464,0.6153846153846154,Draw,Non-Win
3813310,East Bengal,Defensive Midfield,0.8888888888888888,0.1111111111111111,Draw,Non-Win
3813310,East Bengal,Fullback,0.24324324324324326,0.7567567567567568,Draw,Non-Win
3813310,East Bengal,Goalkeeper,0.96,0.04,Draw,Non-Win
3813310,East Bengal,Striker,0.7272727272727273,0.2727272727272727,Draw,Non-Win
3813310,East Bengal,Wide Forward,0.4444444444444444,0.5555555555555556,Draw,Non-Win
3813310,Kerala Blasters,Center Back,0.6233766233766234,0.37662337662337664,Draw,Non-Win
3813310,Kerala Blasters,Defensive Midfield,0.8,0.2,Draw,Non-Win
3813310,Kerala Blasters,Fullback,0.04081632653061224,0.9591836734693877,Draw,Non-Win
3813310,Kerala Blasters,Goalkeeper,1.0,0.0,Draw,Non-Win
3813310,Kerala Blasters,Striker,0.30434782608695654,0.6956521739130435,Draw,Non-Win
3813310,Kerala Blasters,Wide Forward,0.3076923076923077,0.6923076923076923,Draw,Non-Win
3813317,East Bengal,Center Back,0.5166666666666667,0.48333333333333334,Loss,Non-Win
3813317,East Bengal,Defensive Midfield,0.7027027027027027,0.2972972972972973,Loss,Non-Win
3813317,East Bengal,Fullback,0.0975609756097561,0.9024390243902439,Loss,Non-Win
3813317,East Bengal,Goalkeeper,1.0,0.0,Loss,Non-Win
3813317,East Bengal,Striker,0.4,0.6,Loss,Non-Win
3813317,East Bengal,Wide Forward,0.2631578947368421,0.7368421052631579,Loss,Non-Win
3813317,Odisha,Attacking Midfield,0.5,0.5,Win,Win
3813317,Odisha,Center Back,0.6538461538461539,0.34615384615384615,Win,Win
3813317,Odisha,Central Midfield,0.5652173913043478,0.43478260869565216,Win,Win
3813317,Odisha,Fullback,0.043478260869565216,0.9565217391304348,Win,Win
3813317,Odisha,Goalkeeper,1.0,0.0,Win,Win
3813317,Odisha,Striker,0.8,0.2,Win,Win
3813317,Odisha,Wide Forward,0.35714285714285715,0.6428571428571429,Win,Win
3813318,Mumbai City,Attacking Midfield,0.5714285714285714,0.42857142857142855,Draw,Non-Win
3813318,Mumbai City,Center Back,0.5925925925925926,0.4074074074074074,Draw,Non-Win
3813318,Mumbai City,Defensive Midfield,0.7126436781609196,0.28735632183908044,Draw,Non-Win
3813318,Mumbai City,Fullback,0.20689655172413793,0.7931034482758621,Draw,Non-Win
3813318,Mumbai City,Goalkeeper,0.9523809523809523,0.047619047619047616,Draw,Non-Win
3813318,Mumbai City,Striker,1.0,0.0,Draw,Non-Win
3813318,Mumbai City,Wide Forward,0.41935483870967744,0.5806451612903226,Draw,Non-Win
3813318,NorthEast United,Center Back,0.7575757575757576,0.24242424242424243,Draw,Non-Win
3813318,NorthEast United,Central Midfield,0.38095238095238093,0.6190476190476191,Draw,Non-Win
3813318,NorthEast United,Defensive Midfield,0.8181818181818182,0.18181818181818182,Draw,Non-Win
3813318,NorthEast United,Fullback,0.17647058823529413,0.8235294117647058,Draw,Non-Win
3813318,NorthEast United,Goalkeeper,0.8275862068965517,0.1724137931034483,Draw,Non-Win
3813318,NorthEast United,Striker,0.75,0.25,Draw,Non-Win
3813318,NorthEast United,Wide Forward,0.42857142857142855,0.5714285714285714,Draw,Non-Win
3817851,Kerala Blasters,Center Back,0.627906976744186,0.37209302325581395,Win,Win
3817851,Kerala Blasters,Defensive Midfield,0.6451612903225806,0.3548387096774194,Win,Win
3817851,Kerala Blasters,Fullback,0.21568627450980393,0.7843137254901961,Win,Win
3817851,Kerala Blasters,Goalkeeper,0.96875,0.03125,Win,Win
3817851,Kerala Blasters,Striker,0.5714285714285714,0.42857142857142855,Win,Win
3817851,Kerala Blasters,Wide Forward,0.4722222222222222,0.5277777777777778,Win,Win
3817851,Odisha,Center Back,0.6,0.4,Loss,Non-Win
3817851,Odisha,Central Midfield,0.5918367346938775,0.40816326530612246,Loss,Non-Win
3817851,Odisha,Defensive Midfield,0.55,0.45,Loss,Non-Win
3817851,Odisha,Fullback,0.06666666666666667,0.9333333333333333,Loss,Non-Win
3817851,Odisha,Goalkeeper,1.0,0.0,Loss,Non-Win
3817851,Odisha,Striker,1.0,0.0,Loss,Non-Win
3817851,Odisha,Wide Forward,0.24,0.76,Loss,Non-Win
3817854,ATK Mohun Bagan,Attacking Midfield,0.6470588235294118,0.35294117647058826,Win,Win
3817854,ATK Mohun Bagan,Center Back,0.4,0.6,Win,Win
3817854,ATK Mohun Bagan,Defensive Midfield,0.5833333333333334,0.4166666666666667,Win,Win
3817854,ATK Mohun Bagan,Fullback,0.09090909090909091,0.9090909090909091,Win,Win
3817854,ATK Mohun Bagan,Goalkeeper,1.0,0.0,Win,Win
3817854,ATK Mohun Bagan,Striker,0.5909090909090909,0.4090909090909091,Win,Win
3817854,ATK Mohun Bagan,Wide Forward,0.375,0.625,Win,Win
3817854,Bengaluru,Center Back,0.7755102040816326,0.22448979591836735,Loss,Non-Win
3817854,Bengaluru,Central Midfield,0.44680851063829785,0.5531914893617021,Loss,Non-Win
3817854,Bengaluru,Defensive Midfield,0.6666666666666666,0.3333333333333333,Loss,Non-Win
3817854,Bengaluru,Fullback,0.1864406779661017,0.8135593220338984,Loss,Non-Win
3817854,Bengaluru,Goalkeeper,1.0,0.0,Loss,Non-Win
3817854,Bengaluru,Wide Forward,0.5,0.5,Loss,Non-Win
3817859,Jamshedpur,Attacking Midfield,0.4166666666666667,0.5833333333333334,Win,Win
3817859,Jamshedpur,Center Back,0.7380952380952381,0.2619047619047619,Win,Win
3817859,Jamshedpur,Defensive Midfield,0.68,0.32,Win,Win
3817859,Jamshedpur,Fullback,0.2786885245901639,0.7213114754098361,Win,Win
3817859,Jamshedpur,Goalkeeper,1.0,0.0,Win,Win
3817859,Jamshedpur,Striker,0.8333333333333334,0.16666666666666666,Win,Win
3817859,Jamshedpur,Wide Forward,0.41379310344827586,0.5862068965517241,Win,Win
3817859,NorthEast United,Attacking Midfield,0.5833333333333334,0.4166666666666667,Loss,Non-Win
3817859,NorthEast United,Center Back,0.6785714285714286,0.32142857142857145,Loss,Non-Win
3817859,NorthEast United,Central Midfield,0.6470588235294118,0.35294117647058826,Loss,Non-Win
3817859,NorthEast United,Defensive Midfield,0.7,0.3,Loss,Non-Win
3817859,NorthEast United,Fullback,0.23333333333333334,0.7666666666666667,Loss,Non-Win
3817859,NorthEast United,Goalkeeper,0.967741935483871,0.03225806451612903,Loss,Non-Win
3817859,NorthEast United,Striker,1.0,0.0,Loss,Non-Win
3817864,ATK Mohun Bagan,Attacking Midfield,0.36363636363636365,0.6363636363636364,Draw,Non-Win
3817864,ATK Mohun Bagan,Center Back,0.52,0.48,Draw,Non-Win
3817864,ATK Mohun Bagan,Defensive Midfield,0.6046511627906976,0.3953488372093023,Draw,Non-Win
3817864,ATK Mohun Bagan,Fullback,0.13513513513513514,0.8648648648648649,Draw,Non-Win
3817864,ATK Mohun Bagan,Goalkeeper,1.0,0.0,Draw,Non-Win
3817864,ATK Mohun Bagan,Striker,0.5294117647058824,0.47058823529411764,Draw,Non-Win
3817864,ATK Mohun Bagan,Wide Forward,0.23076923076923078,0.7692307692307693,Draw,Non-Win
3817864,Mumbai City,Attacking Midfield,0.5833333333333334,0.4166666666666667,Draw,Non-Win
3817864,Mumbai City,Center Back,0.6041666666666666,0.3958333333333333,Draw,Non-Win
3817864,Mumbai City,Defensive Midfield,0.6923076923076923,0.3076923076923077,Draw,Non-Win
3817864,Mumbai City,Fullback,0.058823529411764705,0.9411764705882353,Draw,Non-Win
3817864,Mumbai City,Goalkeeper,1.0,0.0,Draw,Non-Win
3817864,Mumbai City,Striker,0.75,0.25,Draw,Non-Win
3817864,Mumbai City,Wide Forward,0.21428571428571427,0.7857142857142857,Draw,Non-Win
3817866,Kerala Blasters,Center Back,0.5294117647058824,0.47058823529411764,Win,Win
3817866,Kerala Blasters,Defensive Midfield,0.6875,0.3125,Win,Win
3817866,Kerala Blasters,Fullback,0.11904761904761904,0.8809523809523809,Win,Win
3817866,Kerala Blasters,Goalkeeper,1.0,0.0,Win,Win
3817866,Kerala Blasters,Striker,0.4,0.6,Win,Win
3817866,Kerala Blasters,Wide Forward,0.35714285714285715,0.6428571428571429,Win,Win
3817866,Mumbai City,Attacking Midfield,0.75,0.25,Loss,Non-Win
3817866,Mumbai City,Center Back,0.5633802816901409,0.43661971830985913,Loss,Non-Win
3817866,Mumbai City,Central Midfield,0.6896551724137931,0.3103448275862069,Loss,Non-Win
3817866,Mumbai City,Defensive Midfield,0.6190476190476191,0.38095238095238093,Loss,Non-Win
3817866,Mumbai City,Fullback,0.2127659574468085,0.7872340425531915,Loss,Non-Win
3817866,Mumbai City,Goalkeeper,1.0,0.0,Loss,Non-Win
3817866,Mumbai City,Striker,0.625,0.375,Loss,Non-Win
3817866,Mumbai City,Wide Forward,0.09090909090909091,0.9090909090909091,Loss,Non-Win
3817872,Bengaluru,Center Back,0.7209302325581395,0.27906976744186046,Win,Win
3817872,Bengaluru,Central Midfield,0.5,0.5,Win,Win
3817872,Bengaluru,Defensive Midfield,0.6206896551724138,0.3793103448275862,Win,Win
3817872,Bengaluru,Fullback,0.21428571428571427,0.7857142857142857,Win,Win
3817872,Bengaluru,Goalkeeper,1.0,0.0,Win,Win
3817872,Bengaluru,Striker,0.7142857142857143,0.2857142857142857,Win,Win
3817872,Bengaluru,Wide Forward,0.2777777777777778,0.7222222222222222,Win,Win
3817872,Odisha,Attacking Midfield,0.6,0.4,Loss,Non-Win
3817872,Odisha,Center Back,0.7301587301587301,0.2698412698412698,Loss,Non-Win
3817872,Odisha,Defensive Midfield,0.6129032258064516,0.3870967741935484,Loss,Non-Win
3817872,Odisha,Fullback,0.11764705882352941,0.8823529411764706,Loss,Non-Win
3817872,Odisha,Goalkeeper,1.0,0.0,Loss,Non-Win
3817872,Odisha,Striker,0.46153846153846156,0.5384615384615384,Loss,Non-Win
3817872,Odisha,Wide Forward,0.15384615384615385,0.8461538461538461,Loss,Non-Win
3817883,Bengaluru,Center Back,0.582089552238806,0.417910447761194,Win,Win
3817883,Bengaluru,Central Midfield,0.6363636363636364,0.36363636363636365,Win,Win
3817883,Bengaluru,Defensive Midfield,0.6363636363636364,0.36363636363636365,Win,Win
3817883,Bengaluru,Fullback,0.23684210526315788,0.7631578947368421,Win,Win
3817883,Bengaluru,Goalkeeper,0.96,0.04,Win,Win
3817883,Bengaluru,Striker,0.5,0.5,Win,Win
3817883,Bengaluru,Wide Forward,0.23529411764705882,0.7647058823529411,Win,Win
3817883,Jamshedpur,Attacking Midfield,0.38461538461538464,0.6153846153846154,Loss,Non-Win
3817883,Jamshedpur,Center Back,0.6666666666666666,0.3333333333333333,Loss,Non-Win
3817883,Jamshedpur,Defensive Midfield,0.6666666666666666,0.3333333333333333,Loss,Non-Win
3817883,Jamshedpur,Fullback,0.13636363636363635,0.8636363636363636,Loss,Non-Win
3817883,Jamshedpur,Goalkeeper,0.9583333333333334,0.041666666666666664,Loss,Non-Win
3817883,Jamshedpur,Striker,0.8333333333333334,0.16666666666666666,Loss,Non-Win
3817883,Jamshedpur,Wide Forward,0.28,0.72,Loss,Non-Win
3817885,East Bengal,Attacking Midfield,0.25,0.75,Loss,Non-Win
3817885,East Bengal,Center Back,0.6222222222222222,0.37777777777777777,Loss,Non-Win
3817885,East Bengal,Defensive Midfield,0.5625,0.4375,Loss,Non-Win
3817885,East Bengal,Fullback,0.1282051282051282,0.8717948717948718,Loss,Non-Win
3817885,East Bengal,Goalkeeper,0.8928571428571429,0.10714285714285714,Loss,Non-Win
3817885,East Bengal,Striker,0.4166666666666667,0.5833333333333334,Loss,Non-Win
3817885,East Bengal,Wide Forward,0.45,0.55,Loss,Non-Win
3817885,Mumbai City,Center Back,0.5507246376811594,0.4492753623188406,Win,Win
3817885,Mumbai City,Central Midfield,0.5161290322580645,0.4838709677419355,Win,Win
3817885,Mumbai City,Defensive Midfield,0.4444444444444444,0.5555555555555556,Win,Win
3817885,Mumbai City,Fullback,0.12345679012345678,0.8765432098765432,Win,Win
3817885,Mumbai City,Goalkeeper,0.96,0.04,Win,Win
3817885,Mumbai City,Striker,0.5,0.5,Win,Win
3817885,Mumbai City,Wide Forward,0.30434782608695654,0.6956521739130435,Win,Win
3817892,ATK Mohun Bagan,Attacking Midfield,0.5714285714285714,0.42857142857142855,Draw,Non-Win
3817892,ATK Mohun Bagan,Center Back,0.5131578947368421,0.4868421052631579,Draw,Non-Win
3817892,ATK Mohun Bagan,Defensive Midfield,0.609375,0.390625,Draw,Non-Win
3817892,ATK Mohun Bagan,Fullback,0.24242424242424243,0.7575757575757576,Draw,Non-Win
3817892,ATK Mohun Bagan,Goalkeeper,0.95,0.05,Draw,Non-Win
3817892,ATK Mohun Bagan,Striker,0.5172413793103449,0.4827586206896552,Draw,Non-Win
3817892,ATK Mohun Bagan,Wide Forward,0.25,0.75,Draw,Non-Win
3817892,Odisha,Attacking Midfield,0.8571428571428571,0.14285714285714285,Draw,Non-Win
3817892,Odisha,Center Back,0.7272727272727273,0.2727272727272727,Draw,Non-Win
3817892,Odisha,Defensive Midfield,0.6896551724137931,0.3103448275862069,Draw,Non-Win
3817892,Odisha,Fullback,0.1590909090909091,0.8409090909090909,Draw,Non-Win
3817892,Odisha,Goalkeeper,0.95,0.05,Draw,Non-Win
3817892,Odisha,Striker,0.5,0.5,Draw,Non-Win
3817892,Odisha,Wide Forward,0.4090909090909091,0.5909090909090909,Draw,Non-Win
3817894,Goa,Attacking Midfield,0.6739130434782609,0.32608695652173914,Draw,Non-Win
3817894,Goa,Center Back,0.6440677966101694,0.3559322033898305,Draw,Non-Win
3817894,Goa,Defensive Midfield,0.75,0.25,Draw,Non-Win
3817894,Goa,Fullback,0.10526315789473684,0.8947368421052632,Draw,Non-Win
3817894,Goa,Goalkeeper,0.9,0.1,Draw,Non-Win
3817894,Goa,Striker,0.5,0.5,Draw,Non-Win
3817894,Goa,Wide Forward,0.6923076923076923,0.3076923076923077,Draw,Non-Win
3817894,Odisha,Attacking Midfield,0.65,0.35,Draw,Non-Win
3817894,Odisha,Center Back,0.6129032258064516,0.3870967741935484,Draw,Non-Win
3817894,Odisha,Defensive Midfield,0.6842105263157895,0.3157894736842105,Draw,Non-Win
3817894,Odisha,Fullback,0.08333333333333333,0.9166666666666666,Draw,Non-Win
3817894,Odisha,Goalkeeper,0.967741935483871,0.03225806451612903,Draw,Non-Win
3817894,Odisha,Striker,0.8181818181818182,0.18181818181818182,Draw,Non-Win
3817894,Odisha,Wide Forward,0.3888888888888889,0.6111111111111112,Draw,Non-Win
3817897,Hyderabad,Attacking Midfield,0.3076923076923077,0.6923076923076923,Win,Win
3817897,Hyderabad,Center Back,0.5833333333333334,0.4166666666666667,Win,Win
3817897,Hyderabad,Defensive Midfield,0.4722222222222222,0.5277777777777778,Win,Win
3817897,Hyderabad,Fullback,0.13793103448275862,0.8620689655172413,Win,Win
3817897,Hyderabad,Goalkeeper,0.9473684210526315,0.05263157894736842,Win,Win
3817897,Hyderabad,Striker,0.42857142857142855,0.5714285714285714,Win,Win
3817897,Hyderabad,Wide Forward,0.19047619047619047,0.8095238095238095,Win,Win
3817897,Kerala Blasters,Center Back,0.5625,0.4375,Loss,Non-Win
3817897,Kerala Blasters,Defensive Midfield,0.5714285714285714,0.42857142857142855,Loss,Non-Win
3817897,Kerala Blasters,Fullback,0.2127659574468085,0.7872340425531915,Loss,Non-Win
3817897,Kerala Blasters,Goalkeeper,1.0,0.0,Loss,Non-Win
3817897,Kerala Blasters,Striker,0.5833333333333334,0.4166666666666667,Loss,Non-Win
3817897,Kerala Blasters,Wide Forward,0.43478260869565216,0.5652173913043478,Loss,Non-Win
3817901,Jamshedpur,Attacking Midfield,0.375,0.625,Win,Win
3817901,Jamshedpur,Center Back,0.5555555555555556,0.4444444444444444,Win,Win
3817901,Jamshedpur,Defensive Midfield,0.5789473684210527,0.42105263157894735,Win,Win
3817901,Jamshedpur,Fullback,0.11627906976744186,0.8837209302325582,Win,Win
3817901,Jamshedpur,Goalkeeper,1.0,0.0,Win,Win
3817901,Jamshedpur,Striker,0.3333333333333333,0.6666666666666666,Win,Win
3817901,Jamshedpur,Wide Forward,0.2692307692307692,0.7307692307692307,Win,Win
3817901,Mumbai City,Attacking Midfield,0.42857142857142855,0.5714285714285714,Loss,Non-Win
3817901,Mumbai City,Center Back,0.5,0.5,Loss,Non-Win
3817901,Mumbai City,Central Midfield,0.6875,0.3125,Loss,Non-Win
3817901,Mumbai City,Defensive Midfield,0.7555555555555555,0.24444444444444444,Loss,Non-Win
3817901,Mumbai City,Fullback,0.07894736842105263,0.9210526315789473,Loss,Non-Win
3817901,Mumbai City,Goalkeeper,1.0,0.0,Loss,Non-Win
3817901,Mumbai City,Striker,0.0,1.0,Loss,Non-Win
3817901,Mumbai City,Wide Forward,0.16666666666666666,0.8333333333333334,Loss,Non-Win
3817902,East Bengal,Attacking Midfield,0.6666666666666666,0.3333333333333333,Loss,Non-Win
3817902,East Bengal,Center Back,0.5,0.5,Loss,Non-Win
3817902,East Bengal,Defensive Midfield,0.7317073170731707,0.2682926829268293,Loss,Non-Win
3817902,East Bengal,Fullback,0.1,0.9,Loss,Non-Win
3817902,East Bengal,Goalkeeper,1.0,0.0,Loss,Non-Win
3817902,East Bengal,Striker,0.3333333333333333,0.6666666666666666,Loss,Non-Win
3817902,East Bengal,Wide Forward,0.4666666666666667,0.5333333333333333,Loss,Non-Win
3817902,Kerala Blasters,Center Back,0.5111111111111111,0.4888888888888889,Win,Win
3817902,Kerala Blasters,Defensive Midfield,0.6585365853658537,0.34146341463414637,Win,Win
3817902,Kerala Blasters,Fullback,0.10526315789473684,0.8947368421052632,Win,Win
3817902,Kerala Blasters,Goalkeeper,0.96875,0.03125,Win,Win
3817902,Kerala Blasters,Striker,0.625,0.375,Win,Win
3817902,Kerala Blasters,Wide Forward,0.2857142857142857,0.7142857142857143,Win,Win
3825563,Atlético Madrid,Attacking Midfield,0.6666666666666666,0.3333333333333333,Win,Win
3825563,Atlético Madrid,Center Back,0.6122448979591837,0.3877551020408163,Win,Win
3825563,Atlético Madrid,Central Midfield,0.631578947368421,0.3684210526315789,Win,Win
3825563,Atlético Madrid,Defensive Midfield,0.6111111111111112,0.3888888888888889,Win,Win
3825563,Atlético Madrid,Fullback,0.09433962264150944,0.9056603773584906,Win,Win
3825563,Atlético Madrid,Goalkeeper,0.9375,0.0625,Win,Win
3825563,Atlético Madrid,Striker,0.8,0.2,Win,Win
3825563,Atlético Madrid,Wide Forward,0.30303030303030304,0.696969696969697,Win,Win
3825563,Las Palmas,Attacking Midfield,1.0,0.0,Loss,Non-Win
3825563,Las Palmas,Center Back,0.6226415094339622,0.37735849056603776,Loss,Non-Win
3825563,Las Palmas,Central Midfield,0.8181818181818182,0.18181818181818182,Loss,Non-Win
3825563,Las Palmas,Defensive Midfield,0.6666666666666666,0.3333333333333333,Loss,Non-Win
3825563,Las Palmas,Fullback,0.11538461538461539,0.8846153846153846,Loss,Non-Win
3825563,Las Palmas,Goalkeeper,0.9230769230769231,0.07692307692307693,Loss,Non-Win
3825563,Las Palmas,Striker,0.0,1.0,Loss,Non-Win
3825563,Las Palmas,Wide Forward,0.2631578947368421,0.7368421052631579,Loss,Non-Win
3825582,Real Betis,Center Back,0.5,0.5,Win,Win
3825582,Real Betis,Defensive Midfield,0.5925925925925926,0.4074074074074074,Win,Win
3825582,Real Betis,Fullback,0.21428571428571427,0.7857142857142857,Win,Win
3825582,Real Betis,Goalkeeper,0.9354838709677419,0.06451612903225806,Win,Win
3825582,Real Betis,Striker,0.14285714285714285,0.8571428571428571,Win,Win
3825582,Real Betis,Wide Forward,0.41935483870967744,0.5806451612903226,Win,Win
3825582,Real Sociedad,Attacking Midfield,0.48148148148148145,0.5185185185185185,Loss,Non-Win
3825582,Real Sociedad,Center Back,0.65,0.35,Loss,Non-Win
3825582,Real Sociedad,Defensive Midfield,0.5161290322580645,0.4838709677419355,Loss,Non-Win
3825582,Real Sociedad,Fullback,0.15,0.85,Loss,Non-Win
3825582,Real Sociedad,Goalkeeper,0.9545454545454546,0.045454545454545456,Loss,Non-Win
3825582,Real Sociedad,Striker,0.6666666666666666,0.3333333333333333,Loss,Non-Win
3825582,Real Sociedad,Wide Forward,0.3,0.7,Loss,Non-Win
3825584,Granada,Attacking Midfield,0.3,0.7,Loss,Non-Win
3825584,Granada,Center Back,0.5416666666666666,0.4583333333333333,Loss,Non-Win
3825584,Granada,Defensive Midfield,0.5681818181818182,0.4318181818181818,Loss,Non-Win
3825584,Granada,Fullback,0.14893617021276595,0.851063829787234,Loss,Non-Win
3825584,Granada,Goalkeeper,0.8888888888888888,0.1111111111111111,Loss,Non-Win
3825584,Granada,Striker,0.75,0.25,Loss,Non-Win
3825584,Granada,Wide Forward,0.3170731707317073,0.6829268292682927,Loss,Non-Win
3825584,Villarreal,Center Back,0.782608695652174,0.21739130434782608,Win,Win
3825584,Villarreal,Defensive Midfield,0.7777777777777778,0.2222222222222222,Win,Win
3825584,Villarreal,Fullback,0.16216216216216217,0.8378378378378378,Win,Win
3825584,Villarreal,Goalkeeper,0.9523809523809523,0.047619047619047616,Win,Win
3825584,Villarreal,Striker,0.6,0.4,Win,Win
3825584,Villarreal,Wide Forward,0.38095238095238093,0.6190476190476191,Win,Win
3825586,Eibar,Attacking Midfield,0.6923076923076923,0.3076923076923077,Draw,Non-Win
3825586,Eibar,Center Back,0.7105263157894737,0.2894736842105263,Draw,Non-Win
3825586,Eibar,Defensive Midfield,0.6666666666666666,0.3333333333333333,Draw,Non-Win
3825586,Eibar,Fullback,0.10638297872340426,0.8936170212765957,Draw,Non-Win
3825586,Eibar,Goalkeeper,0.975609756097561,0.024390243902439025,Draw,Non-Win
3825586,Eibar,Striker,0.6666666666666666,0.3333333333333333,Draw,Non-Win
3825586,Eibar,Wide Forward,0.12121212121212122,0.8787878787878788,Draw,Non-Win
3825586,Málaga,Attacking Midfield,0.45454545454545453,0.5454545454545454,Draw,Non-Win
3825586,Málaga,Center Back,0.47368421052631576,0.5263157894736842,Draw,Non-Win
3825586,Málaga,Defensive Midfield,0.7058823529411765,0.29411764705882354,Draw,Non-Win
3825586,Málaga,Fullback,0.208955223880597,0.7910447761194029,Draw,Non-Win
3825586,Málaga,Goalkeeper,1.0,0.0,Draw,Non-Win
3825586,Málaga,Striker,0.42857142857142855,0.5714285714285714,Draw,Non-Win
3825586,Málaga,Wide Forward,0.2727272727272727,0.7272727272727273,Draw,Non-Win
3825596,RC Deportivo La Coruña,Attacking Midfield,0.6,0.4,Loss,Non-Win
3825596,RC Deportivo La Coruña,Center Back,0.4166666666666667,0.5833333333333334,Loss,Non-Win
3825596,RC Deportivo La Coruña,Defensive Midfield,0.7115384615384616,0.28846153846153844,Loss,Non-Win
3825596,RC Deportivo La Coruña,Fullback,0.1643835616438356,0.8356164383561644,Loss,Non-Win
3825596,RC Deportivo La Coruña,Goalkeeper,0.9130434782608695,0.08695652173913043,Loss,Non-Win
3825596,RC Deportivo La Coruña,Striker,0.5,0.5,Loss,Non-Win
3825596,RC Deportivo La Coruña,Wide Forward,0.5555555555555556,0.4444444444444444,Loss,Non-Win
3825596,Sporting Gijón,Center Back,0.868421052631579,0.13157894736842105,Win,Win
3825596,Sporting Gijón,Defensive Midfield,0.625,0.375,Win,Win
3825596,Sporting Gijón,Fullback,0.06060606060606061,0.9393939393939394,Win,Win
3825596,Sporting Gijón,Goalkeeper,1.0,0.0,Win,Win
3825596,Sporting Gijón,Striker,0.375,0.625,Win,Win
3825596,Sporting Gijón,Wide Forward,0.3333333333333333,0.6666666666666666,Win,Win
3825600,Málaga,Attacking Midfield,0.35714285714285715,0.6428571428571429,Loss,Non-Win
3825600,Málaga,Center Back,0.3968253968253968,0.6031746031746031,Loss,Non-Win
3825600,Málaga,Defensive Midfield,0.6346153846153846,0.36538461538461536,Loss,Non-Win
3825600,Málaga,Fullback,0.18840579710144928,0.8115942028985508,Loss,Non-Win
3825600,Málaga,Goalkeeper,1.0,0.0,Loss,Non-Win
3825600,Málaga,Striker,1.0,0.0,Loss,Non-Win
3825600,Málaga,Wide Forward,0.20833333333333334,0.7916666666666666,Loss,Non-Win
3825600,Villarreal,Center Back,0.5945945945945946,0.40540540540540543,Win,Win
3825600,Villarreal,Defensive Midfield,0.7954545454545454,0.20454545454545456,Win,Win
3825600,Villarreal,Fullback,0.05263157894736842,0.9473684210526315,Win,Win
3825600,Villarreal,Goalkeeper,0.9375,0.0625,Win,Win
3825600,Villarreal,Striker,0.7142857142857143,0.2857142857142857,Win,Win
3825600,Villarreal,Wide Forward,0.46875,0.53125,Win,Win
3825607,Atlético Madrid,Center Back,0.6140350877192983,0.38596491228070173,Loss,Non-Win
3825607,Atlético Madrid,Defensive Midfield,0.703125,0.296875,Loss,Non-Win
3825607,Atlético Madrid,Fullback,0.11475409836065574,0.8852459016393442,Loss,Non-Win
3825607,Atlético Madrid,Goalkeeper,0.9333333333333333,0.06666666666666667,Loss,Non-Win
3825607,Atlético Madrid,Striker,0.6875,0.3125,Loss,Non-Win
3825607,Atlético Madrid,Wide Forward,0.5581395348837209,0.4418604651162791,Loss,Non-Win
3825607,Villarreal,Center Back,0.5660377358490566,0.4339622641509434,Win,Win
3825607,Villarreal,Defensive Midfield,0.75,0.25,Win,Win
3825607,Villarreal,Fullback,0.18,0.82,Win,Win
3825607,Villarreal,Goalkeeper,1.0,0.0,Win,Win
3825607,Villarreal,Striker,0.5333333333333333,0.4666666666666667,Win,Win
3825607,Villarreal,Wide Forward,0.36363636363636365,0.6363636363636364,Win,Win
3825608,Celta Vigo,Attacking Midfield,0.8125,0.1875,Draw,Non-Win
3825608,Celta Vigo,Center Back,0.7936507936507936,0.20634920634920634,Draw,Non-Win
3825608,Celta Vigo,Central Midfield,0.7878787878787878,0.21212121212121213,Draw,Non-Win
3825608,Celta Vigo,Defensive Midfield,0.75,0.25,Draw,Non-Win
3825608,Celta Vigo,Fullback,0.1016949152542373,0.8983050847457628,Draw,Non-Win
3825608,Celta Vigo,Goalkeeper,1.0,0.0,Draw,Non-Win
3825608,Celta Vigo,Striker,0.8421052631578947,0.15789473684210525,Draw,Non-Win
3825608,Celta Vigo,Wide Forward,0.23333333333333334,0.7666666666666667,Draw,Non-Win
3825608,Eibar,Attacking Midfield,0.6666666666666666,0.3333333333333333,Draw,Non-Win
3825608,Eibar,Center Back,0.6111111111111112,0.3888888888888889,Draw,Non-Win
3825608,Eibar,Defensive Midfield,0.6595744680851063,0.3404255319148936,Draw,Non-Win
3825608,Eibar,Fullback,0.21818181818181817,0.7818181818181819,Draw,Non-Win
3825608,Eibar,Goalkeeper,0.96875,0.03125,Draw,Non-Win
3825608,Eibar,Striker,0.3076923076923077,0.6923076923076923,Draw,Non-Win
3825608,Eibar,Wide Forward,0.2,0.8,Draw,Non-Win
3825610,Real Betis,Center Back,0.7894736842105263,0.21052631578947367,Win,Win
3825610,Real Betis,Central Midfield,0.6956521739130435,0.30434782608695654,Win,Win
3825610,Real Betis,Defensive Midfield,0.8,0.2,Win,Win
3825610,Real Betis,Fullback,0.1794871794871795,0.8205128205128205,Win,Win
3825610,Real Betis,Goalkeeper,0.90625,0.09375,Win,Win
3825610,Real Betis,Striker,0.5,0.5,Win,Win
3825610,Real Betis,Wide Forward,0.45714285714285713,0.5428571428571428,Win,Win
3825610,Sporting Gijón,Center Back,0.7068965517241379,0.29310344827586204,Loss,Non-Win
3825610,Sporting Gijón,Defensive Midfield,0.5555555555555556,0.4444444444444444,Loss,Non-Win
3825610,Sporting Gijón,Fullback,0.18032786885245902,0.819672131147541,Loss,Non-Win
3825610,Sporting Gijón,Goalkeeper,0.9666666666666667,0.03333333333333333,Loss,Non-Win
3825610,Sporting Gijón,Striker,0.7142857142857143,0.2857142857142857,Loss,Non-Win
3825610,Sporting Gijón,Wide Forward,0.21951219512195122,0.7804878048780488,Loss,Non-Win
3825613,Celta Vigo,Center Back,0.7368421052631579,0.2631578947368421,Draw,Non-Win
3825613,Celta Vigo,Central Midfield,0.64,0.36,Draw,Non-Win
3825613,Celta Vigo,Defensive Midfield,0.8636363636363636,0.13636363636363635,Draw,Non-Win
3825613,Celta Vigo,Fullback,0.25806451612903225,0.7419354838709677,Draw,Non-Win
3825613,Celta Vigo,Goalkeeper,0.9310344827586207,0.06896551724137931,Draw,Non-Win
3825613,Celta Vigo,Striker,0.6666666666666666,0.3333333333333333,Draw,Non-Win
3825613,Celta Vigo,Wide Forward,0.43902439024390244,0.5609756097560976,Draw,Non-Win
3825613,Getafe,Attacking Midfield,0.4666666666666667,0.5333333333333333,Draw,Non-Win
3825613,Getafe,Center Back,0.7407407407407407,0.25925925925925924,Draw,Non-Win
3825613,Getafe,Defensive Midfield,0.5,0.5,Draw,Non-Win
3825613,Getafe,Fullback,0.09090909090909091,0.9090909090909091,Draw,Non-Win
3825613,Getafe,Goalkeeper,0.9642857142857143,0.03571428571428571,Draw,Non-Win
3825613,Getafe,Striker,0.3333333333333333,0.6666666666666666,Draw,Non-Win
3825613,Getafe,Wide Forward,0.21428571428571427,0.7857142857142857,Draw,Non-Win
3825615,Espanyol,Attacking Midfield,0.9444444444444444,0.05555555555555555,Loss,Non-Win
3825615,Espanyol,Center Back,0.5932203389830508,0.4067796610169492,Loss,Non-Win
3825615,Espanyol,Defensive Midfield,0.7068965517241379,0.29310344827586204,Loss,Non-Win
3825615,Espanyol,Fullback,0.20754716981132076,0.7924528301886793,Loss,Non-Win
3825615,Espanyol,Goalkeeper,0.96,0.04,Loss,Non-Win
3825615,Espanyol,Striker,0.625,0.375,Loss,Non-Win
3825615,Espanyol,Wide Forward,0.35714285714285715,0.6428571428571429,Loss,Non-Win
3825615,Sporting Gijón,Attacking Midfield,0.5,0.5,Win,Win
3825615,Sporting Gijón,Center Back,0.6551724137931034,0.3448275862068966,Win,Win
3825615,Sporting Gijón,Defensive Midfield,0.7857142857142857,0.21428571428571427,Win,Win
3825615,Sporting Gijón,Fullback,0.06666666666666667,0.9333333333333333,Win,Win
3825615,Sporting Gijón,Goalkeeper,0.9142857142857143,0.08571428571428572,Win,Win
3825615,Sporting Gijón,Striker,0.6666666666666666,0.3333333333333333,Win,Win
3825615,Sporting Gijón,Wide Forward,0.29411764705882354,0.7058823529411765,Win,Win
3825618,Eibar,Attacking Midfield,0.42857142857142855,0.5714285714285714,Win,Win
3825618,Eibar,Center Back,0.6,0.4,Win,Win
3825618,Eibar,Defensive Midfield,0.6756756756756757,0.32432432432432434,Win,Win
3825618,Eibar,Fullback,0.0847457627118644,0.9152542372881356,Win,Win
3825618,Eibar,Goalkeeper,1.0,0.0,Win,Win
3825618,Eibar,Striker,0.5714285714285714,0.42857142857142855,Win,Win
3825618,Eibar,Wide Forward,0.4,0.6,Win,Win
3825618,Las Palmas,Center Back,0.5638297872340425,0.43617021276595747,Loss,Non-Win
3825618,Las Palmas,Central Midfield,0.7,0.3,Loss,Non-Win
3825618,Las Palmas,Defensive Midfield,0.7916666666666666,0.20833333333333334,Loss,Non-Win
3825618,Las Palmas,Fullback,0.22857142857142856,0.7714285714285715,Loss,Non-Win
3825618,Las Palmas,Goalkeeper,0.9130434782608695,0.08695652173913043,Loss,Non-Win
3825618,Las Palmas,Striker,0.46153846153846156,0.5384615384615384,Loss,Non-Win
3825623,Málaga,Attacking Midfield,0.47058823529411764,0.5294117647058824,Loss,Non-Win
3825623,Málaga,Center Back,0.4634146341463415,0.5365853658536586,Loss,Non-Win
3825623,Málaga,Defensive Midfield,0.6190476190476191,0.38095238095238093,Loss,Non-Win
3825623,Málaga,Fullback,0.2391304347826087,0.7608695652173914,Loss,Non-Win
3825623,Málaga,Goalkeeper,1.0,0.0,Loss,Non-Win
3825623,Málaga,Striker,0.5,0.5,Loss,Non-Win
3825623,Málaga,Wide Forward,0.4,0.6,Loss,Non-Win
3825623,Valencia,Center Back,0.6,0.4,Win,Win
3825623,Valencia,Central Midfield,0.4827586206896552,0.5172413793103449,Win,Win
3825623,Valencia,Defensive Midfield,0.6,0.4,Win,Win
3825623,Valencia,Fullback,0.07142857142857142,0.9285714285714286,Win,Win
3825623,Valencia,Goalkeeper,1.0,0.0,Win,Win
3825623,Valencia,Striker,1.0,0.0,Win,Win
3825623,Valencia,Wide Forward,0.3,0.7,Win,Win
3825625,Levante UD,Center Back,0.4090909090909091,0.5909090909090909,Loss,Non-Win
3825625,Levante UD,Central Midfield,0.6774193548387096,0.3225806451612903,Loss,Non-Win
3825625,Levante UD,Defensive Midfield,0.7142857142857143,0.2857142857142857,Loss,Non-Win
3825625,Levante UD,Fullback,0.1076923076923077,0.8923076923076924,Loss,Non-Win
3825625,Levante UD,Goalkeeper,0.972972972972973,0.02702702702702703,Loss,Non-Win
3825625,Levante UD,Striker,0.5294117647058824,0.47058823529411764,Loss,Non-Win
3825625,Real Madrid,Center Back,0.75,0.25,Win,Win
3825625,Real Madrid,Central Midfield,0.627906976744186,0.37209302325581395,Win,Win
3825625,Real Madrid,Defensive Midfield,0.6956521739130435,0.30434782608695654,Win,Win
3825625,Real Madrid,Fullback,0.0759493670886076,0.9240506329113924,Win,Win
3825625,Real Madrid,Goalkeeper,1.0,0.0,Win,Win
3825625,Real Madrid,Striker,0.18181818181818182,0.8181818181818182,Win,Win
3825625,Real Madrid,Wide Forward,0.43902439024390244,0.5609756097560976,Win,Win
3825634,Granada,Center Back,0.5416666666666666,0.4583333333333333,Draw,Non-Win
3825634,Granada,Central Midfield,0.5348837209302325,0.46511627906976744,Draw,Non-Win
3825634,Granada,Defensive Midfield,0.6470588235294118,0.35294117647058826,Draw,Non-Win
3825634,Granada,Fullback,0.18181818181818182,0.8181818181818182,Draw,Non-Win
3825634,Granada,Goalkeeper,0.8846153846153846,0.11538461538461539,Draw,Non-Win
3825634,Granada,Striker,0.7142857142857143,0.2857142857142857,Draw,Non-Win
3825634,Granada,Wide Forward,0.3055555555555556,0.6944444444444444,Draw,Non-Win
3825634,Real Betis,Attacking Midfield,0.5555555555555556,0.4444444444444444,Draw,Non-Win
3825634,Real Betis,Center Back,0.7,0.3,Draw,Non-Win
3825634,Real Betis,Defensive Midfield,0.5945945945945946,0.40540540540540543,Draw,Non-Win
3825634,Real Betis,Fullback,0.14893617021276595,0.851063829787234,Draw,Non-Win
3825634,Real Betis,Goalkeeper,0.972972972972973,0.02702702702702703,Draw,Non-Win
3825634,Real Betis,Striker,0.2727272727272727,0.7272727272727273,Draw,Non-Win
3825634,Real Betis,Wide Forward,0.5833333333333334,0.4166666666666667,Draw,Non-Win
3825636,Málaga,Attacking Midfield,0.4444444444444444,0.5555555555555556,Win,Win
3825636,Málaga,Center Back,0.5,0.5,Win,Win
3825636,Málaga,Defensive Midfield,0.6296296296296297,0.37037037037037035,Win,Win
3825636,Málaga,Fullback,0.12727272727272726,0.8727272727272727,Win,Win
3825636,Málaga,Goalkeeper,1.0,0.0,Win,Win
3825636,Málaga,Striker,0.8181818181818182,0.18181818181818182,Win,Win
3825636,Málaga,Wide Forward,0.4117647058823529,0.5882352941176471,Win,Win
3825636,RC Deportivo La Coruña,Attacking Midfield,0.45454545454545453,0.5454545454545454,Loss,Non-Win
3825636,RC Deportivo La Coruña,Center Back,0.5945945945945946,0.40540540540540543,Loss,Non-Win
3825636,RC Deportivo La Coruña,Defensive Midfield,0.6976744186046512,0.3023255813953488,Loss,Non-Win
3825636,RC Deportivo La Coruña,Fullback,0.034482758620689655,0.9655172413793104,Loss,Non-Win
3825636,RC Deportivo La Coruña,Goalkeeper,0.9743589743589743,0.02564102564102564,Loss,Non-Win
3825636,RC Deportivo La Coruña,Striker,0.35,0.65,Loss,Non-Win
3825636,RC Deportivo La Coruña,Wide Forward,0.35135135135135137,0.6486486486486487,Loss,Non-Win
3825639,Las Palmas,Attacking Midfield,0.3684210526315789,0.631578947368421,Draw,Non-Win
3825639,Las Palmas,Center Back,0.39705882352941174,0.6029411764705882,Draw,Non-Win
3825639,Las Palmas,Defensive Midfield,0.7,0.3,Draw,Non-Win
3825639,Las Palmas,Fullback,0.07692307692307693,0.9230769230769231,Draw,Non-Win
3825639,Las Palmas,Goalkeeper,0.9714285714285714,0.02857142857142857,Draw,Non-Win
3825639,Las Palmas,Striker,0.6666666666666666,0.3333333333333333,Draw,Non-Win
3825639,Las Palmas,Wide Forward,0.3076923076923077,0.6923076923076923,Draw,Non-Win
3825639,Villarreal,Center Back,0.6190476190476191,0.38095238095238093,Draw,Non-Win
3825639,Villarreal,Defensive Midfield,0.717391304347826,0.2826086956521739,Draw,Non-Win
3825639,Villarreal,Fullback,0.08333333333333333,0.9166666666666666,Draw,Non-Win
3825639,Villarreal,Goalkeeper,1.0,0.0,Draw,Non-Win
3825639,Villarreal,Striker,0.5909090909090909,0.4090909090909091,Draw,Non-Win
3825639,Villarreal,Wide Forward,0.21875,0.78125,Draw,Non-Win
3825644,Celta Vigo,Center Back,0.7,0.3,Win,Win
3825644,Celta Vigo,Central Midfield,0.7454545454545455,0.2545454545454545,Win,Win
3825644,Celta Vigo,Defensive Midfield,0.6956521739130435,0.30434782608695654,Win,Win
3825644,Celta Vigo,Fullback,0.125,0.875,Win,Win
3825644,Celta Vigo,Goalkeeper,0.9629629629629629,0.037037037037037035,Win,Win
3825644,Celta Vigo,Striker,0.42857142857142855,0.5714285714285714,Win,Win
3825644,Celta Vigo,Wide Forward,0.53125,0.46875,Win,Win
3825644,Real Sociedad,Attacking Midfield,0.4166666666666667,0.5833333333333334,Loss,Non-Win
3825644,Real Sociedad,Center Back,0.7586206896551724,0.2413793103448276,Loss,Non-Win
3825644,Real Sociedad,Defensive Midfield,0.6363636363636364,0.36363636363636365,Loss,Non-Win
3825644,Real Sociedad,Fullback,0.14035087719298245,0.8596491228070176,Loss,Non-Win
3825644,Real Sociedad,Goalkeeper,0.9411764705882353,0.058823529411764705,Loss,Non-Win
3825644,Real Sociedad,Striker,1.0,0.0,Loss,Non-Win
3825644,Real Sociedad,Wide Forward,0.25806451612903225,0.7419354838709677,Loss,Non-Win
3825652,Las Palmas,Center Back,0.3333333333333333,0.6666666666666666,Win,Win
3825652,Las Palmas,Defensive Midfield,0.7352941176470589,0.2647058823529412,Win,Win
3825652,Las Palmas,Fullback,0.14893617021276595,0.851063829787234,Win,Win
3825652,Las Palmas,Goalkeeper,0.9761904761904762,0.023809523809523808,Win,Win
3825652,Las Palmas,Striker,0.6333333333333333,0.36666666666666664,Win,Win
3825652,Las Palmas,Wide Forward,0.42424242424242425,0.5757575757575758,Win,Win
3825652,Real Sociedad,Attacking Midfield,0.5,0.5,Loss,Non-Win
3825652,Real Sociedad,Center Back,0.5925925925925926,0.4074074074074074,Loss,Non-Win
3825652,Real Sociedad,Defensive Midfield,0.47368421052631576,0.5263157894736842,Loss,Non-Win
3825652,Real Sociedad,Fullback,0.1388888888888889,0.8611111111111112,Loss,Non-Win
3825652,Real Sociedad,Goalkeeper,0.8695652173913043,0.13043478260869565,Loss,Non-Win
3825652,Real Sociedad,Striker,0.0,1.0,Loss,Non-Win
3825652,Real Sociedad,Wide Forward,0.22857142857142856,0.7714285714285715,Loss,Non-Win
3825654,Celta Vigo,Center Back,0.7105263157894737,0.2894736842105263,Loss,Non-Win
3825654,Celta Vigo,Central Midfield,0.625,0.375,Loss,Non-Win
3825654,Celta Vigo,Defensive Midfield,0.7307692307692307,0.2692307692307692,Loss,Non-Win
3825654,Celta Vigo,Fullback,0.21212121212121213,0.7878787878787878,Loss,Non-Win
3825654,Celta Vigo,Goalkeeper,0.8095238095238095,0.19047619047619047,Loss,Non-Win
3825654,Celta Vigo,Striker,0.5555555555555556,0.4444444444444444,Loss,Non-Win
3825654,Celta Vigo,Wide Forward,0.3939393939393939,0.6060606060606061,Loss,Non-Win
3825654,Valencia,Center Back,0.7241379310344828,0.27586206896551724,Win,Win
3825654,Valencia,Central Midfield,0.4,0.6,Win,Win
3825654,Valencia,Defensive Midfield,0.5909090909090909,0.4090909090909091,Win,Win
3825654,Valencia,Fullback,0.14285714285714285,0.8571428571428571,Win,Win
3825654,Valencia,Goalkeeper,0.9666666666666667,0.03333333333333333,Win,Win
3825654,Valencia,Striker,0.8333333333333334,0.16666666666666666,Win,Win
3825654,Valencia,Wide Forward,0.23076923076923078,0.7692307692307693,Win,Win
3825657,Málaga,Center Back,0.5918367346938775,0.40816326530612246,Loss,Non-Win
3825657,Málaga,Defensive Midfield,0.6984126984126984,0.30158730158730157,Loss,Non-Win
3825657,Málaga,Fullback,0.20833333333333334,0.7916666666666666,Loss,Non-Win
3825657,Málaga,Goalkeeper,1.0,0.0,Loss,Non-Win
3825657,Málaga,Striker,0.25,0.75,Loss,Non-Win
3825657,Málaga,Wide Forward,0.391304347826087,0.6086956521739131,Loss,Non-Win
3825657,Real Betis,Attacking Midfield,0.2857142857142857,0.7142857142857143,Win,Win
3825657,Real Betis,Center Back,0.5,0.5,Win,Win
3825657,Real Betis,Defensive Midfield,0.5,0.5,Win,Win
3825657,Real Betis,Fullback,0.17073170731707318,0.8292682926829268,Win,Win
3825657,Real Betis,Goalkeeper,0.875,0.125,Win,Win
3825657,Real Betis,Striker,0.5,0.5,Win,Win
3825657,Real Betis,Wide Forward,0.5,0.5,Win,Win
3825659,Athletic Club,Attacking Midfield,0.5384615384615384,0.46153846153846156,Win,Win
3825659,Athletic Club,Center Back,0.7272727272727273,0.2727272727272727,Win,Win
3825659,Athletic Club,Defensive Midfield,0.6578947368421053,0.34210526315789475,Win,Win
3825659,Athletic Club,Fullback,0.12903225806451613,0.8709677419354839,Win,Win
3825659,Athletic Club,Goalkeeper,0.8372093023255814,0.16279069767441862,Win,Win
3825659,Athletic Club,Striker,0.5384615384615384,0.46153846153846156,Win,Win
3825659,Athletic Club,Wide Forward,0.5714285714285714,0.42857142857142855,Win,Win
3825659,Espanyol,Attacking Midfield,0.45454545454545453,0.5454545454545454,Loss,Non-Win
3825659,Espanyol,Center Back,0.5833333333333334,0.4166666666666667,Loss,Non-Win
3825659,Espanyol,Central Midfield,0.6,0.4,Loss,Non-Win
3825659,Espanyol,Defensive Midfield,0.7027027027027027,0.2972972972972973,Loss,Non-Win
3825659,Espanyol,Fullback,0.1509433962264151,0.8490566037735849,Loss,Non-Win
3825659,Espanyol,Goalkeeper,0.9230769230769231,0.07692307692307693,Loss,Non-Win
3825659,Espanyol,Striker,0.8888888888888888,0.1111111111111111,Loss,Non-Win
3825659,Espanyol,Wide Forward,0.15789473684210525,0.8421052631578947,Loss,Non-Win
3825662,Celta Vigo,Attacking Midfield,0.75,0.25,Loss,Non-Win
3825662,Celta Vigo,Center Back,0.6304347826086957,0.3695652173913043,Loss,Non-Win
3825662,Celta Vigo,Defensive Midfield,0.7666666666666667,0.23333333333333334,Loss,Non-Win
3825662,Celta Vigo,Fullback,0.3902439024390244,0.6097560975609756,Loss,Non-Win
3825662,Celta Vigo,Goalkeeper,0.967741935483871,0.03225806451612903,Loss,Non-Win
3825662,Celta Vigo,Striker,0.2857142857142857,0.7142857142857143,Loss,Non-Win
3825662,Celta Vigo,Wide Forward,0.3170731707317073,0.6829268292682927,Loss,Non-Win
3825662,RC Deportivo La Coruña,Attacking Midfield,0.25,0.75,Win,Win
3825662,RC Deportivo La Coruña,Center Back,0.7741935483870968,0.22580645161290322,Win,Win
3825662,RC Deportivo La Coruña,Defensive Midfield,0.782608695652174,0.21739130434782608,Win,Win
3825662,RC Deportivo La Coruña,Fullback,0.1836734693877551,0.8163265306122449,Win,Win
3825662,RC Deportivo La Coruña,Goalkeeper,0.90625,0.09375,Win,Win
3825662,RC Deportivo La Coruña,Striker,0.5,0.5,Win,Win
3825662,RC Deportivo La Coruña,Wide Forward,0.4838709677419355,0.5161290322580645,Win,Win
3825663,Espanyol,Attacking Midfield,0.47368421052631576,0.5263157894736842,Win,Win
3825663,Espanyol,Center Back,0.6052631578947368,0.39473684210526316,Win,Win
3825663,Espanyol,Defensive Midfield,0.75,0.25,Win,Win
3825663,Espanyol,Fullback,0.20454545454545456,0.7954545454545454,Win,Win
3825663,Espanyol,Goalkeeper,0.8846153846153846,0.11538461538461539,Win,Win
3825663,Espanyol,Striker,0.8571428571428571,0.14285714285714285,Win,Win
3825663,Espanyol,Wide Forward,0.3142857142857143,0.6857142857142857,Win,Win
3825663,Málaga,Center Back,0.5769230769230769,0.4230769230769231,Loss,Non-Win
3825663,Málaga,Defensive Midfield,0.6111111111111112,0.3888888888888889,Loss,Non-Win
3825663,Málaga,Fullback,0.20512820512820512,0.7948717948717948,Loss,Non-Win
3825663,Málaga,Goalkeeper,1.0,0.0,Loss,Non-Win
3825663,Málaga,Striker,0.5833333333333334,0.4166666666666667,Loss,Non-Win
3825663,Málaga,Wide Forward,0.4418604651162791,0.5581395348837209,Loss,Non-Win
3825664,Real Sociedad,Attacking Midfield,0.26666666666666666,0.7333333333333333,Win,Win
3825664,Real Sociedad,Center Back,0.5714285714285714,0.42857142857142855,Win,Win
3825664,Real Sociedad,Defensive Midfield,0.55,0.45,Win,Win
3825664,Real Sociedad,Fullback,0.13559322033898305,0.864406779661017,Win,Win
3825664,Real Sociedad,Goalkeeper,0.9473684210526315,0.05263157894736842,Win,Win
3825664,Real Sociedad,Striker,0.25,0.75,Win,Win
3825664,Real Sociedad,Wide Forward,0.2916666666666667,0.7083333333333334,Win,Win
3825664,Sevilla,Attacking Midfield,0.75,0.25,Loss,Non-Win
3825664,Sevilla,Center Back,0.4807692307692308,0.5192307692307693,Loss,Non-Win
3825664,Sevilla,Defensive Midfield,0.5161290322580645,0.4838709677419355,Loss,Non-Win
3825664,Sevilla,Fullback,0.13953488372093023,0.8604651162790697,Loss,Non-Win
3825664,Sevilla,Goalkeeper,0.9615384615384616,0.038461538461538464,Loss,Non-Win
3825664,Sevilla,Striker,0.0,1.0,Loss,Non-Win
3825664,Sevilla,Wide Forward,0.3076923076923077,0.6923076923076923,Loss,Non-Win
3825668,Levante UD,Center Back,0.5526315789473685,0.4473684210526316,Win,Win
3825668,Levante UD,Central Midfield,0.6551724137931034,0.3448275862068966,Win,Win
3825668,Levante UD,Defensive Midfield,0.68,0.32,Win,Win
3825668,Levante UD,Fullback,0.17073170731707318,0.8292682926829268,Win,Win
3825668,Levante UD,Goalkeeper,1.0,0.0,Win,Win
3825668,Levante UD,Striker,0.6,0.4,Win,Win
3825668,Levante UD,Wide Forward,0.34375,0.65625,Win,Win
3825668,Sporting Gijón,Attacking Midfield,0.4375,0.5625,Loss,Non-Win
3825668,Sporting Gijón,Center Back,0.6741573033707865,0.3258426966292135,Loss,Non-Win
3825668,Sporting Gijón,Central Midfield,0.8333333333333334,0.16666666666666666,Loss,Non-Win
3825668,Sporting Gijón,Defensive Midfield,0.7333333333333333,0.26666666666666666,Loss,Non-Win
3825668,Sporting Gijón,Fullback,0.27906976744186046,0.7209302325581395,Loss,Non-Win
3825668,Sporting Gijón,Goalkeeper,1.0,0.0,Loss,Non-Win
3825668,Sporting Gijón,Striker,0.625,0.375,Loss,Non-Win
3825668,Sporting Gijón,Wide Forward,0.09375,0.90625,Loss,Non-Win
3825686,Athletic Club,Attacking Midfield,0.4444444444444444,0.5555555555555556,Draw,Non-Win
3825686,Athletic Club,Center Back,0.5,0.5,Draw,Non-Win
3825686,Athletic Club,Defensive Midfield,0.5,0.5,Draw,Non-Win
3825686,Athletic Club,Fullback,0.2,0.8,Draw,Non-Win
3825686,Athletic Club,Goalkeeper,0.8837209302325582,0.11627906976744186,Draw,Non-Win
3825686,Athletic Club,Striker,0.5,0.5,Draw,Non-Win
3825686,Athletic Club,Wide Forward,0.4444444444444444,0.5555555555555556,Draw,Non-Win
3825686,Málaga,Center Back,0.6,0.4,Draw,Non-Win
3825686,Málaga,Defensive Midfield,0.6610169491525424,0.3389830508474576,Draw,Non-Win
3825686,Málaga,Fullback,0.07142857142857142,0.9285714285714286,Draw,Non-Win
3825686,Málaga,Goalkeeper,0.9130434782608695,0.08695652173913043,Draw,Non-Win
3825686,Málaga,Striker,0.8181818181818182,0.18181818181818182,Draw,Non-Win
3825686,Málaga,Wide Forward,0.4146341463414634,0.5853658536585366,Draw,Non-Win
3825687,Espanyol,Attacking Midfield,0.45,0.55,Draw,Non-Win
3825687,Espanyol,Center Back,0.6379310344827587,0.3620689655172414,Draw,Non-Win
3825687,Espanyol,Defensive Midfield,0.7428571428571429,0.2571428571428571,Draw,Non-Win
3825687,Espanyol,Fullback,0.09615384615384616,0.9038461538461539,Draw,Non-Win
3825687,Espanyol,Goalkeeper,1.0,0.0,Draw,Non-Win
3825687,Espanyol,Striker,0.75,0.25,Draw,Non-Win
3825687,Espanyol,Wide Forward,0.20588235294117646,0.7941176470588235,Draw,Non-Win
3825687,Levante UD,Center Back,0.5945945945945946,0.40540540540540543,Draw,Non-Win
3825687,Levante UD,Central Midfield,0.7368421052631579,0.2631578947368421,Draw,Non-Win
3825687,Levante UD,Defensive Midfield,0.6896551724137931,0.3103448275862069,Draw,Non-Win
3825687,Levante UD,Fullback,0.14705882352941177,0.8529411764705882,Draw,Non-Win
3825687,Levante UD,Goalkeeper,0.9,0.1,Draw,Non-Win
3825687,Levante UD,Striker,0.6666666666666666,0.3333333333333333,Draw,Non-Win
3825687,Levante UD,Wide Forward,0.4883720930232558,0.5116279069767442,Draw,Non-Win
3825696,Málaga,Center Back,0.4897959183673469,0.5102040816326531,Win,Win
3825696,Málaga,Defensive Midfield,0.46875,0.53125,Win,Win
3825696,Málaga,Fullback,0.14,0.86,Win,Win
3825696,Málaga,Goalkeeper,0.95,0.05,Win,Win
3825696,Málaga,Striker,0.3125,0.6875,Win,Win
3825696,Málaga,Wide Forward,0.3793103448275862,0.6206896551724138,Win,Win
3825696,Rayo Vallecano,Attacking Midfield,0.35,0.65,Loss,Non-Win
3825696,Rayo Vallecano,Center Back,0.5853658536585366,0.4146341463414634,Loss,Non-Win
3825696,Rayo Vallecano,Defensive Midfield,0.5777777777777777,0.4222222222222222,Loss,Non-Win
3825696,Rayo Vallecano,Fullback,0.13793103448275862,0.8620689655172413,Loss,Non-Win
3825696,Rayo Vallecano,Goalkeeper,0.9230769230769231,0.07692307692307693,Loss,Non-Win
3825696,Rayo Vallecano,Striker,0.5555555555555556,0.4444444444444444,Loss,Non-Win
3825696,Rayo Vallecano,Wide Forward,0.2682926829268293,0.7317073170731707,Loss,Non-Win
3825702,Real Sociedad,Center Back,0.5443037974683544,0.45569620253164556,Loss,Non-Win
3825702,Real Sociedad,Central Midfield,0.6086956521739131,0.391304347826087,Loss,Non-Win
3825702,Real Sociedad,Defensive Midfield,0.5869565217391305,0.41304347826086957,Loss,Non-Win
3825702,Real Sociedad,Fullback,0.16417910447761194,0.835820895522388,Loss,Non-Win
3825702,Real Sociedad,Goalkeeper,0.9565217391304348,0.043478260869565216,Loss,Non-Win
3825702,Real Sociedad,Striker,0.6,0.4,Loss,Non-Win
3825702,Real Sociedad,Wide Forward,0.1724137931034483,0.8275862068965517,Loss,Non-Win
3825702,Villarreal,Center Back,0.6585365853658537,0.34146341463414637,Win,Win
3825702,Villarreal,Defensive Midfield,0.6206896551724138,0.3793103448275862,Win,Win
3825702,Villarreal,Fullback,0.16279069767441862,0.8372093023255814,Win,Win
3825702,Villarreal,Goalkeeper,0.95,0.05,Win,Win
3825702,Villarreal,Striker,0.5909090909090909,0.4090909090909091,Win,Win
3825702,Villarreal,Wide Forward,0.48,0.52,Win,Win
3825713,Valencia,Center Back,0.4883720930232558,0.5116279069767442,Loss,Non-Win
3825713,Valencia,Central Midfield,0.40476190476190477,0.5952380952380952,Loss,Non-Win
3825713,Valencia,Defensive Midfield,0.5789473684210527,0.42105263157894735,Loss,Non-Win
3825713,Valencia,Fullback,0.10638297872340426,0.8936170212765957,Loss,Non-Win
3825713,Valencia,Goalkeeper,0.9615384615384616,0.038461538461538464,Loss,Non-Win
3825713,Valencia,Striker,1.0,0.0,Loss,Non-Win
3825713,Villarreal,Center Back,0.7090909090909091,0.2909090909090909,Win,Win
3825713,Villarreal,Defensive Midfield,0.6097560975609756,0.3902439024390244,Win,Win
3825713,Villarreal,Fullback,0.05555555555555555,0.9444444444444444,Win,Win
3825713,Villarreal,Goalkeeper,0.9047619047619048,0.09523809523809523,Win,Win
3825713,Villarreal,Striker,0.6470588235294118,0.35294117647058826,Win,Win
3825713,Villarreal,Wide Forward,0.4642857142857143,0.5357142857142857,Win,Win
3825716,Rayo Vallecano,Attacking Midfield,0.375,0.625,Draw,Non-Win
3825716,Rayo Vallecano,Center Back,0.5217391304347826,0.4782608695652174,Draw,Non-Win
3825716,Rayo Vallecano,Central Midfield,0.2916666666666667,0.7083333333333334,Draw,Non-Win
3825716,Rayo Vallecano,Defensive Midfield,0.5454545454545454,0.45454545454545453,Draw,Non-Win
3825716,Rayo Vallecano,Fullback,0.15,0.85,Draw,Non-Win
3825716,Rayo Vallecano,Goalkeeper,0.925,0.075,Draw,Non-Win
3825716,Rayo Vallecano,Striker,0.08333333333333333,0.9166666666666666,Draw,Non-Win
3825716,Rayo Vallecano,Wide Forward,0.23076923076923078,0.7692307692307693,Draw,Non-Win
3825716,Real Sociedad,Attacking Midfield,0.6521739130434783,0.34782608695652173,Draw,Non-Win
3825716,Real Sociedad,Center Back,0.64,0.36,Draw,Non-Win
3825716,Real Sociedad,Defensive Midfield,0.5,0.5,Draw,Non-Win
3825716,Real Sociedad,Fullback,0.12,0.88,Draw,Non-Win
3825716,Real Sociedad,Goalkeeper,0.9428571428571428,0.05714285714285714,Draw,Non-Win
3825716,Real Sociedad,Striker,0.6666666666666666,0.3333333333333333,Draw,Non-Win
3825716,Real Sociedad,Wide Forward,0.2962962962962963,0.7037037037037037,Draw,Non-Win
3825725,Getafe,Attacking Midfield,0.5,0.5,Win,Win
3825725,Getafe,Center Back,0.6875,0.3125,Win,Win
3825725,Getafe,Defensive Midfield,0.4666666666666667,0.5333333333333333,Win,Win
3825725,Getafe,Fullback,0.10606060606060606,0.8939393939393939,Win,Win
3825725,Getafe,Goalkeeper,0.9583333333333334,0.041666666666666664,Win,Win
3825725,Getafe,Striker,0.3333333333333333,0.6666666666666666,Win,Win
3825725,Getafe,Wide Forward,0.3333333333333333,0.6666666666666666,Win,Win
3825725,Real Betis,Center Back,0.4857142857142857,0.5142857142857142,Loss,Non-Win
3825725,Real Betis,Defensive Midfield,0.64,0.36,Loss,Non-Win
3825725,Real Betis,Fullback,0.022727272727272728,0.9772727272727273,Loss,Non-Win
3825725,Real Betis,Goalkeeper,0.9642857142857143,0.03571428571428571,Loss,Non-Win
3825725,Real Betis,Striker,0.5714285714285714,0.42857142857142855,Loss,Non-Win
3825725,Real Betis,Wide Forward,0.625,0.375,Loss,Non-Win
3825733,Málaga,Center Back,0.717948717948718,0.28205128205128205,Loss,Non-Win
3825733,Málaga,Defensive Midfield,0.5666666666666667,0.43333333333333335,Loss,Non-Win
3825733,Málaga,Fullback,0.2222222222222222,0.7777777777777778,Loss,Non-Win
3825733,Málaga,Goalkeeper,0.8571428571428571,0.14285714285714285,Loss,Non-Win
3825733,Málaga,Striker,0.6,0.4,Loss,Non-Win
3825733,Málaga,Wide Forward,0.22727272727272727,0.7727272727272727,Loss,Non-Win
3825733,Sevilla,Attacking Midfield,0.5,0.5,Win,Win
3825733,Sevilla,Center Back,0.5641025641025641,0.4358974358974359,Win,Win
3825733,Sevilla,Defensive Midfield,0.6428571428571429,0.35714285714285715,Win,Win
3825733,Sevilla,Fullback,0.175,0.825,Win,Win
3825733,Sevilla,Goalkeeper,1.0,0.0,Win,Win
3825733,Sevilla,Striker,0.8571428571428571,0.14285714285714285,Win,Win
3825733,Sevilla,Wide Forward,0.40540540540540543,0.5945945945945946,Win,Win
3825735,Real Betis,Attacking Midfield,0.4444444444444444,0.5555555555555556,Draw,Non-Win
3825735,Real Betis,Center Back,0.575,0.425,Draw,Non-Win
3825735,Real Betis,Defensive Midfield,0.6764705882352942,0.3235294117647059,Draw,Non-Win
3825735,Real Betis,Fullback,0.11320754716981132,0.8867924528301887,Draw,Non-Win
3825735,Real Betis,Goalkeeper,1.0,0.0,Draw,Non-Win
3825735,Real Betis,Striker,0.36363636363636365,0.6363636363636364,Draw,Non-Win
3825735,Real Betis,Wide Forward,0.21875,0.78125,Draw,Non-Win
3825735,Villarreal,Center Back,0.6666666666666666,0.3333333333333333,Draw,Non-Win
3825735,Villarreal,Defensive Midfield,0.7536231884057971,0.2463768115942029,Draw,Non-Win
3825735,Villarreal,Fullback,0.06818181818181818,0.9318181818181818,Draw,Non-Win
3825735,Villarreal,Goalkeeper,0.875,0.125,Draw,Non-Win
3825735,Villarreal,Striker,0.5833333333333334,0.4166666666666667,Draw,Non-Win
3825735,Villarreal,Wide Forward,0.2564102564102564,0.7435897435897436,Draw,Non-Win
3825744,Espanyol,Attacking Midfield,0.3333333333333333,0.6666666666666666,Draw,Non-Win
3825744,Espanyol,Center Back,0.5483870967741935,0.45161290322580644,Draw,Non-Win
3825744,Espanyol,Defensive Midfield,0.5714285714285714,0.42857142857142855,Draw,Non-Win
3825744,Espanyol,Fullback,0.2727272727272727,0.7272727272727273,Draw,Non-Win
3825744,Espanyol,Goalkeeper,0.8636363636363636,0.13636363636363635,Draw,Non-Win
3825744,Espanyol,Striker,0.6,0.4,Draw,Non-Win
3825744,Espanyol,Wide Forward,0.3333333333333333,0.6666666666666666,Draw,Non-Win
3825744,Villarreal,Center Back,0.8275862068965517,0.1724137931034483,Draw,Non-Win
3825744,Villarreal,Defensive Midfield,0.6727272727272727,0.32727272727272727,Draw,Non-Win
3825744,Villarreal,Fullback,0.11538461538461539,0.8846153846153846,Draw,Non-Win
3825744,Villarreal,Goalkeeper,0.9411764705882353,0.058823529411764705,Draw,Non-Win
3825744,Villarreal,Striker,0.2,0.8,Draw,Non-Win
3825744,Villarreal,Wide Forward,0.25,0.75,Draw,Non-Win
3825745,RC Deportivo La Coruña,Attacking Midfield,0.6521739130434783,0.34782608695652173,Draw,Non-Win
3825745,RC Deportivo La Coruña,Center Back,0.5641025641025641,0.4358974358974359,Draw,Non-Win
3825745,RC Deportivo La Coruña,Defensive Midfield,0.76,0.24,Draw,Non-Win
3825745,RC Deportivo La Coruña,Fullback,0.17307692307692307,0.8269230769230769,Draw,Non-Win
3825745,RC Deportivo La Coruña,Goalkeeper,0.875,0.125,Draw,Non-Win
3825745,RC Deportivo La Coruña,Striker,0.3333333333333333,0.6666666666666666,Draw,Non-Win
3825745,RC Deportivo La Coruña,Wide Forward,0.2,0.8,Draw,Non-Win
3825745,Valencia,Attacking Midfield,0.5555555555555556,0.4444444444444444,Draw,Non-Win
3825745,Valencia,Center Back,0.6290322580645161,0.3709677419354839,Draw,Non-Win
3825745,Valencia,Defensive Midfield,0.5769230769230769,0.4230769230769231,Draw,Non-Win
3825745,Valencia,Fullback,0.09433962264150944,0.9056603773584906,Draw,Non-Win
3825745,Valencia,Goalkeeper,0.9428571428571428,0.05714285714285714,Draw,Non-Win
3825745,Valencia,Striker,0.75,0.25,Draw,Non-Win
3825745,Valencia,Wide Forward,0.43333333333333335,0.5666666666666667,Draw,Non-Win
3825751,Athletic Club,Attacking Midfield,0.42857142857142855,0.5714285714285714,Win,Win
3825751,Athletic Club,Center Back,0.5263157894736842,0.47368421052631576,Win,Win
3825751,Athletic Club,Defensive Midfield,0.7555555555555555,0.24444444444444444,Win,Win
3825751,Athletic Club,Fullback,0.14893617021276595,0.851063829787234,Win,Win
3825751,Athletic Club,Goalkeeper,0.9428571428571428,0.05714285714285714,Win,Win
3825751,Athletic Club,Striker,0.6,0.4,Win,Win
3825751,Athletic Club,Wide Forward,0.38461538461538464,0.6153846153846154,Win,Win
3825751,Getafe,Attacking Midfield,0.23076923076923078,0.7692307692307693,Loss,Non-Win
3825751,Getafe,Center Back,0.5714285714285714,0.42857142857142855,Loss,Non-Win
3825751,Getafe,Defensive Midfield,0.8611111111111112,0.1388888888888889,Loss,Non-Win
3825751,Getafe,Fullback,0.19672131147540983,0.8032786885245902,Loss,Non-Win
3825751,Getafe,Goalkeeper,1.0,0.0,Loss,Non-Win
3825751,Getafe,Striker,0.6,0.4,Loss,Non-Win
3825751,Getafe,Wide Forward,0.21875,0.78125,Loss,Non-Win
3825758,RC Deportivo La Coruña,Attacking Midfield,0.5882352941176471,0.4117647058823529,Draw,Non-Win
3825758,RC Deportivo La Coruña,Center Back,0.4888888888888889,0.5111111111111111,Draw,Non-Win
3825758,RC Deportivo La Coruña,Defensive Midfield,0.6585365853658537,0.34146341463414637,Draw,Non-Win
3825758,RC Deportivo La Coruña,Fullback,0.17307692307692307,0.8269230769230769,Draw,Non-Win
3825758,RC Deportivo La Coruña,Goalkeeper,0.9,0.1,Draw,Non-Win
3825758,RC Deportivo La Coruña,Striker,0.7272727272727273,0.2727272727272727,Draw,Non-Win
3825758,RC Deportivo La Coruña,Wide Forward,0.2857142857142857,0.7142857142857143,Draw,Non-Win
3825758,Rayo Vallecano,Attacking Midfield,0.5714285714285714,0.42857142857142855,Draw,Non-Win
3825758,Rayo Vallecano,Center Back,0.45652173913043476,0.5434782608695652,Draw,Non-Win
3825758,Rayo Vallecano,Defensive Midfield,0.5555555555555556,0.4444444444444444,Draw,Non-Win
3825758,Rayo Vallecano,Fullback,0.14285714285714285,0.8571428571428571,Draw,Non-Win
3825758,Rayo Vallecano,Goalkeeper,0.9736842105263158,0.02631578947368421,Draw,Non-Win
3825758,Rayo Vallecano,Striker,0.6666666666666666,0.3333333333333333,Draw,Non-Win
3825758,Rayo Vallecano,Wide Forward,0.2647058823529412,0.7352941176470589,Draw,Non-Win
3825766,Real Betis,Center Back,0.5526315789473685,0.4473684210526316,Win,Win
3825766,Real Betis,Defensive Midfield,0.3902439024390244,0.6097560975609756,Win,Win
3825766,Real Betis,Fullback,0.14285714285714285,0.8571428571428571,Win,Win
3825766,Real Betis,Goalkeeper,0.6521739130434783,0.34782608695652173,Win,Win
3825766,Real Betis,Striker,0.38461538461538464,0.6153846153846154,Win,Win
3825766,Real Betis,Wide Forward,0.325,0.675,Win,Win
3825766,Valencia,Attacking Midfield,0.55,0.45,Loss,Non-Win
3825766,Valencia,Center Back,0.5217391304347826,0.4782608695652174,Loss,Non-Win
3825766,Valencia,Defensive Midfield,0.375,0.625,Loss,Non-Win
3825766,Valencia,Fullback,0.11320754716981132,0.8867924528301887,Loss,Non-Win
3825766,Valencia,Goalkeeper,0.9583333333333334,0.041666666666666664,Loss,Non-Win
3825766,Valencia,Striker,0.4,0.6,Loss,Non-Win
3825766,Valencia,Wide Forward,0.3333333333333333,0.6666666666666666,Loss,Non-Win
3825768,Rayo Vallecano,Attacking Midfield,0.6923076923076923,0.3076923076923077,Draw,Non-Win
3825768,Rayo Vallecano,Center Back,0.36231884057971014,0.6376811594202898,Draw,Non-Win
3825768,Rayo Vallecano,Defensive Midfield,0.7068965517241379,0.29310344827586204,Draw,Non-Win
3825768,Rayo Vallecano,Fullback,0.16981132075471697,0.8301886792452831,Draw,Non-Win
3825768,Rayo Vallecano,Goalkeeper,1.0,0.0,Draw,Non-Win
3825768,Rayo Vallecano,Striker,0.0,1.0,Draw,Non-Win
3825768,Rayo Vallecano,Wide Forward,0.3235294117647059,0.6764705882352942,Draw,Non-Win
3825768,Sporting Gijón,Attacking Midfield,0.6666666666666666,0.3333333333333333,Draw,Non-Win
3825768,Sporting Gijón,Center Back,0.7037037037037037,0.2962962962962963,Draw,Non-Win
3825768,Sporting Gijón,Defensive Midfield,0.5151515151515151,0.48484848484848486,Draw,Non-Win
3825768,Sporting Gijón,Fullback,0.17777777777777778,0.8222222222222222,Draw,Non-Win
3825768,Sporting Gijón,Goalkeeper,0.9285714285714286,0.07142857142857142,Draw,Non-Win
3825768,Sporting Gijón,Striker,0.0,1.0,Draw,Non-Win
3825768,Sporting Gijón,Wide Forward,0.14285714285714285,0.8571428571428571,Draw,Non-Win
3825770,Athletic Club,Attacking Midfield,0.6666666666666666,0.3333333333333333,Loss,Non-Win
3825770,Athletic Club,Center Back,0.7,0.3,Loss,Non-Win
3825770,Athletic Club,Defensive Midfield,0.717948717948718,0.28205128205128205,Loss,Non-Win
3825770,Athletic Club,Fullback,0.2459016393442623,0.7540983606557377,Loss,Non-Win
3825770,Athletic Club,Goalkeeper,0.9259259259259259,0.07407407407407407,Loss,Non-Win
3825770,Athletic Club,Striker,0.3333333333333333,0.6666666666666666,Loss,Non-Win
3825770,Athletic Club,Wide Forward,0.5789473684210527,0.42105263157894735,Loss,Non-Win
3825770,Real Madrid,Center Back,0.6981132075471698,0.3018867924528302,Win,Win
3825770,Real Madrid,Central Midfield,0.5952380952380952,0.40476190476190477,Win,Win
3825770,Real Madrid,Defensive Midfield,0.7931034482758621,0.20689655172413793,Win,Win
3825770,Real Madrid,Fullback,0.14285714285714285,0.8571428571428571,Win,Win
3825770,Real Madrid,Goalkeeper,1.0,0.0,Win,Win
3825770,Real Madrid,Striker,0.8,0.2,Win,Win
3825770,Real Madrid,Wide Forward,0.4642857142857143,0.5357142857142857,Win,Win
3825777,Getafe,Attacking Midfield,0.34615384615384615,0.6538461538461539,Loss,Non-Win
3825777,Getafe,Center Back,0.625,0.375,Loss,Non-Win
3825777,Getafe,Defensive Midfield,0.4782608695652174,0.5217391304347826,Loss,Non-Win
3825777,Getafe,Fullback,0.16176470588235295,0.8382352941176471,Loss,Non-Win
3825777,Getafe,Goalkeeper,0.9565217391304348,0.043478260869565216,Loss,Non-Win
3825777,Getafe,Striker,0.0,1.0,Loss,Non-Win
3825777,Getafe,Wide Forward,0.29411764705882354,0.7058823529411765,Loss,Non-Win
3825777,Levante UD,Center Back,0.46153846153846156,0.5384615384615384,Win,Win
3825777,Levante UD,Defensive Midfield,0.5428571428571428,0.45714285714285713,Win,Win
3825777,Levante UD,Fullback,0.125,0.875,Win,Win
3825777,Levante UD,Goalkeeper,0.90625,0.09375,Win,Win
3825777,Levante UD,Striker,0.6086956521739131,0.391304347826087,Win,Win
3825777,Levante UD,Wide Forward,0.3333333333333333,0.6666666666666666,Win,Win
3825783,Athletic Club,Attacking Midfield,0.3076923076923077,0.6923076923076923,Loss,Non-Win
3825783,Athletic Club,Center Back,0.5849056603773585,0.41509433962264153,Loss,Non-Win
3825783,Athletic Club,Defensive Midfield,0.6785714285714286,0.32142857142857145,Loss,Non-Win
3825783,Athletic Club,Fullback,0.3125,0.6875,Loss,Non-Win
3825783,Athletic Club,Goalkeeper,0.9534883720930233,0.046511627906976744,Loss,Non-Win
3825783,Athletic Club,Striker,0.7777777777777778,0.2222222222222222,Loss,Non-Win
3825783,Athletic Club,Wide Forward,0.48148148148148145,0.5185185185185185,Loss,Non-Win
3825783,Real Sociedad,Attacking Midfield,0.6,0.4,Win,Win
3825783,Real Sociedad,Center Back,0.3125,0.6875,Win,Win
3825783,Real Sociedad,Central Midfield,0.391304347826087,0.6086956521739131,Win,Win
3825783,Real Sociedad,Defensive Midfield,0.6666666666666666,0.3333333333333333,Win,Win
3825783,Real Sociedad,Fullback,0.18,0.82,Win,Win
3825783,Real Sociedad,Goalkeeper,0.9444444444444444,0.05555555555555555,Win,Win
3825783,Real Sociedad,Striker,0.6,0.4,Win,Win
3825783,Real Sociedad,Wide Forward,0.18181818181818182,0.8181818181818182,Win,Win
3825785,Málaga,Center Back,0.625,0.375,Draw,Non-Win
3825785,Málaga,Defensive Midfield,0.48484848484848486,0.5151515151515151,Draw,Non-Win
3825785,Málaga,Fullback,0.13333333333333333,0.8666666666666667,Draw,Non-Win
3825785,Málaga,Goalkeeper,1.0,0.0,Draw,Non-Win
3825785,Málaga,Striker,0.5714285714285714,0.42857142857142855,Draw,Non-Win
3825785,Málaga,Wide Forward,0.32432432432432434,0.6756756756756757,Draw,Non-Win
3825785,Real Madrid,Center Back,0.6486486486486487,0.35135135135135137,Draw,Non-Win
3825785,Real Madrid,Central Midfield,0.5675675675675675,0.43243243243243246,Draw,Non-Win
3825785,Real Madrid,Defensive Midfield,0.7777777777777778,0.2222222222222222,Draw,Non-Win
3825785,Real Madrid,Fullback,0.1095890410958904,0.8904109589041096,Draw,Non-Win
3825785,Real Madrid,Goalkeeper,0.9642857142857143,0.03571428571428571,Draw,Non-Win
3825785,Real Madrid,Striker,0.2631578947368421,0.7368421052631579,Draw,Non-Win
3825785,Real Madrid,Wide Forward,0.21739130434782608,0.782608695652174,Draw,Non-Win
3825787,Atlético Madrid,Center Back,0.7083333333333334,0.2916666666666667,Win,Win
3825787,Atlético Madrid,Defensive Midfield,0.5333333333333333,0.4666666666666667,Win,Win
3825787,Atlético Madrid,Fullback,0.175,0.825,Win,Win
3825787,Atlético Madrid,Goalkeeper,0.9629629629629629,0.037037037037037035,Win,Win
3825787,Atlético Madrid,Striker,0.4375,0.5625,Win,Win
3825787,Atlético Madrid,Wide Forward,0.5384615384615384,0.46153846153846156,Win,Win
3825787,Real Madrid,Center Back,0.7735849056603774,0.22641509433962265,Loss,Non-Win
3825787,Real Madrid,Central Midfield,0.4864864864864865,0.5135135135135135,Loss,Non-Win
3825787,Real Madrid,Defensive Midfield,0.6086956521739131,0.391304347826087,Loss,Non-Win
3825787,Real Madrid,Fullback,0.23684210526315788,0.7631578947368421,Loss,Non-Win
3825787,Real Madrid,Goalkeeper,1.0,0.0,Loss,Non-Win
3825787,Real Madrid,Striker,0.2727272727272727,0.7272727272727273,Loss,Non-Win
3825787,Real Madrid,Wide Forward,0.22857142857142856,0.7714285714285715,Loss,Non-Win
3825800,Celta Vigo,Attacking Midfield,0.5526315789473685,0.4473684210526316,Draw,Non-Win
3825800,Celta Vigo,Center Back,0.6984126984126984,0.30158730158730157,Draw,Non-Win
3825800,Celta Vigo,Defensive Midfield,0.71875,0.28125,Draw,Non-Win
3825800,Celta Vigo,Fullback,0.25,0.75,Draw,Non-Win
3825800,Celta Vigo,Goalkeeper,1.0,0.0,Draw,Non-Win
3825800,Celta Vigo,Striker,0.6666666666666666,0.3333333333333333,Draw,Non-Win
3825800,Celta Vigo,Wide Forward,0.28,0.72,Draw,Non-Win
3825800,Villarreal,Center Back,0.7272727272727273,0.2727272727272727,Draw,Non-Win
3825800,Villarreal,Defensive Midfield,0.8461538461538461,0.15384615384615385,Draw,Non-Win
3825800,Villarreal,Fullback,0.25,0.75,Draw,Non-Win
3825800,Villarreal,Goalkeeper,0.96,0.04,Draw,Non-Win
3825800,Villarreal,Striker,0.68,0.32,Draw,Non-Win
3825800,Villarreal,Wide Forward,0.3448275862068966,0.6551724137931034,Draw,Non-Win
3825802,Espanyol,Attacking Midfield,0.6153846153846154,0.38461538461538464,Loss,Non-Win
3825802,Espanyol,Center Back,0.6197183098591549,0.38028169014084506,Loss,Non-Win
3825802,Espanyol,Defensive Midfield,0.6739130434782609,0.32608695652173914,Loss,Non-Win
3825802,Espanyol,Fullback,0.2535211267605634,0.7464788732394366,Loss,Non-Win
3825802,Espanyol,Goalkeeper,0.9285714285714286,0.07142857142857142,Loss,Non-Win
3825802,Espanyol,Striker,0.5833333333333334,0.4166666666666667,Loss,Non-Win
3825802,Espanyol,Wide Forward,0.4642857142857143,0.5357142857142857,Loss,Non-Win
3825802,Real Betis,Attacking Midfield,0.5,0.5,Win,Win
3825802,Real Betis,Center Back,0.8823529411764706,0.11764705882352941,Win,Win
3825802,Real Betis,Defensive Midfield,0.625,0.375,Win,Win
3825802,Real Betis,Fullback,0.09615384615384616,0.9038461538461539,Win,Win
3825802,Real Betis,Goalkeeper,0.9523809523809523,0.047619047619047616,Win,Win
3825802,Real Betis,Striker,0.6,0.4,Win,Win
3825802,Real Betis,Wide Forward,0.4166666666666667,0.5833333333333334,Win,Win
3825809,Granada,Center Back,0.717948717948718,0.28205128205128205,Loss,Non-Win
3825809,Granada,Defensive Midfield,0.7,0.3,Loss,Non-Win
3825809,Granada,Fullback,0.1346153846153846,0.8653846153846154,Loss,Non-Win
3825809,Granada,Goalkeeper,0.9354838709677419,0.06451612903225806,Loss,Non-Win
3825809,Granada,Striker,0.5,0.5,Loss,Non-Win
3825809,Granada,Wide Forward,0.5,0.5,Loss,Non-Win
3825809,Real Betis,Attacking Midfield,0.0,1.0,Win,Win
3825809,Real Betis,Center Back,0.4864864864864865,0.5135135135135135,Win,Win
3825809,Real Betis,Defensive Midfield,0.4782608695652174,0.5217391304347826,Win,Win
3825809,Real Betis,Fullback,0.14285714285714285,0.8571428571428571,Win,Win
3825809,Real Betis,Goalkeeper,0.918918918918919,0.08108108108108109,Win,Win
3825809,Real Betis,Striker,0.35294117647058826,0.6470588235294118,Win,Win
3825809,Real Betis,Wide Forward,0.4230769230769231,0.5769230769230769,Win,Win
3825815,Levante UD,Center Back,0.43478260869565216,0.5652173913043478,Win,Win
3825815,Levante UD,Defensive Midfield,0.6949152542372882,0.3050847457627119,Win,Win
3825815,Levante UD,Fullback,0.25806451612903225,0.7419354838709677,Win,Win
3825815,Levante UD,Goalkeeper,0.9655172413793104,0.034482758620689655,Win,Win
3825815,Levante UD,Striker,0.6296296296296297,0.37037037037037035,Win,Win
3825815,Levante UD,Wide Forward,0.46153846153846156,0.5384615384615384,Win,Win
3825815,Valencia,Center Back,0.38636363636363635,0.6136363636363636,Loss,Non-Win
3825815,Valencia,Central Midfield,0.55,0.45,Loss,Non-Win
3825815,Valencia,Defensive Midfield,0.5833333333333334,0.4166666666666667,Loss,Non-Win
3825815,Valencia,Fullback,0.18333333333333332,0.8166666666666667,Loss,Non-Win
3825815,Valencia,Goalkeeper,0.9285714285714286,0.07142857142857142,Loss,Non-Win
3825815,Valencia,Striker,1.0,0.0,Loss,Non-Win
3825815,Valencia,Wide Forward,0.35294117647058826,0.6470588235294118,Loss,Non-Win
3825826,Granada,Attacking Midfield,0.7142857142857143,0.2857142857142857,Draw,Non-Win
3825826,Granada,Center Back,0.675,0.325,Draw,Non-Win
3825826,Granada,Defensive Midfield,0.525,0.475,Draw,Non-Win
3825826,Granada,Fullback,0.21568627450980393,0.7843137254901961,Draw,Non-Win
3825826,Granada,Goalkeeper,1.0,0.0,Draw,Non-Win
3825826,Granada,Striker,0.5384615384615384,0.46153846153846156,Draw,Non-Win
3825826,Granada,Wide Forward,0.28,0.72,Draw,Non-Win
3825826,Málaga,Center Back,0.6944444444444444,0.3055555555555556,Draw,Non-Win
3825826,Málaga,Defensive Midfield,0.6190476190476191,0.38095238095238093,Draw,Non-Win
3825826,Málaga,Fullback,0.15217391304347827,0.8478260869565217,Draw,Non-Win
3825826,Málaga,Goalkeeper,0.9714285714285714,0.02857142857142857,Draw,Non-Win
3825826,Málaga,Striker,0.2222222222222222,0.7777777777777778,Draw,Non-Win
3825826,Málaga,Wide Forward,0.3235294117647059,0.6764705882352942,Draw,Non-Win
3825828,Atlético Madrid,Center Back,0.6451612903225806,0.3548387096774194,Win,Win
3825828,Atlético Madrid,Central Midfield,0.46808510638297873,0.5319148936170213,Win,Win
3825828,Atlético Madrid,Defensive Midfield,0.6875,0.3125,Win,Win
3825828,Atlético Madrid,Fullback,0.12280701754385964,0.8771929824561403,Win,Win
3825828,Atlético Madrid,Goalkeeper,1.0,0.0,Win,Win
3825828,Atlético Madrid,Striker,0.7142857142857143,0.2857142857142857,Win,Win
3825828,Atlético Madrid,Wide Forward,0.55,0.45,Win,Win
3825828,Espanyol,Center Back,0.4642857142857143,0.5357142857142857,Loss,Non-Win
3825828,Espanyol,Central Midfield,0.5897435897435898,0.41025641025641024,Loss,Non-Win
3825828,Espanyol,Defensive Midfield,0.5,0.5,Loss,Non-Win
3825828,Espanyol,Fullback,0.22857142857142856,0.7714285714285715,Loss,Non-Win
3825828,Espanyol,Goalkeeper,1.0,0.0,Loss,Non-Win
3825828,Espanyol,Striker,0.625,0.375,Loss,Non-Win
3825828,Espanyol,Wide Forward,0.47368421052631576,0.5263157894736842,Loss,Non-Win
3825839,Sevilla,Attacking Midfield,0.5483870967741935,0.45161290322580644,Loss,Non-Win
3825839,Sevilla,Center Back,0.5818181818181818,0.41818181818181815,Loss,Non-Win
3825839,Sevilla,Defensive Midfield,0.8596491228070176,0.14035087719298245,Loss,Non-Win
3825839,Sevilla,Fullback,0.12962962962962962,0.8703703703703703,Loss,Non-Win
3825839,Sevilla,Goalkeeper,0.92,0.08,Loss,Non-Win
3825839,Sevilla,Striker,0.5555555555555556,0.4444444444444444,Loss,Non-Win
3825839,Sevilla,Wide Forward,0.42424242424242425,0.5757575757575758,Loss,Non-Win
3825839,Sporting Gijón,Attacking Midfield,0.3103448275862069,0.6896551724137931,Win,Win
3825839,Sporting Gijón,Center Back,0.6046511627906976,0.3953488372093023,Win,Win
3825839,Sporting Gijón,Defensive Midfield,0.7647058823529411,0.23529411764705882,Win,Win
3825839,Sporting Gijón,Fullback,0.21739130434782608,0.782608695652174,Win,Win
3825839,Sporting Gijón,Goalkeeper,1.0,0.0,Win,Win
3825839,Sporting Gijón,Striker,0.3125,0.6875,Win,Win
3825839,Sporting Gijón,Wide Forward,0.34146341463414637,0.6585365853658537,Win,Win
3825843,Málaga,Center Back,0.6744186046511628,0.32558139534883723,Draw,Non-Win
3825843,Málaga,Defensive Midfield,0.5333333333333333,0.4666666666666667,Draw,Non-Win
3825843,Málaga,Fullback,0.13953488372093023,0.8604651162790697,Draw,Non-Win
3825843,Málaga,Goalkeeper,1.0,0.0,Draw,Non-Win
3825843,Málaga,Striker,0.4444444444444444,0.5555555555555556,Draw,Non-Win
3825843,Málaga,Wide Forward,0.4444444444444444,0.5555555555555556,Draw,Non-Win
3825843,Rayo Vallecano,Center Back,0.5121951219512195,0.4878048780487805,Draw,Non-Win
3825843,Rayo Vallecano,Defensive Midfield,0.5945945945945946,0.40540540540540543,Draw,Non-Win
3825843,Rayo Vallecano,Fullback,0.28,0.72,Draw,Non-Win
3825843,Rayo Vallecano,Goalkeeper,0.9,0.1,Draw,Non-Win
3825843,Rayo Vallecano,Striker,0.7333333333333333,0.26666666666666666,Draw,Non-Win
3825843,Rayo Vallecano,Wide Forward,0.3333333333333333,0.6666666666666666,Draw,Non-Win
3825847,Eibar,Attacking Midfield,0.2222222222222222,0.7777777777777778,Draw,Non-Win
3825847,Eibar,Center Back,0.5789473684210527,0.42105263157894735,Draw,Non-Win
3825847,Eibar,Defensive Midfield,0.5116279069767442,0.4883720930232558,Draw,Non-Win
3825847,Eibar,Fullback,0.13043478260869565,0.8695652173913043,Draw,Non-Win
3825847,Eibar,Goalkeeper,0.9655172413793104,0.034482758620689655,Draw,Non-Win
3825847,Eibar,Striker,0.5,0.5,Draw,Non-Win
3825847,Eibar,Wide Forward,0.34375,0.65625,Draw,Non-Win
3825847,RC Deportivo La Coruña,Center Back,0.5681818181818182,0.4318181818181818,Draw,Non-Win
3825847,RC Deportivo La Coruña,Defensive Midfield,0.6511627906976745,0.3488372093023256,Draw,Non-Win
3825847,RC Deportivo La Coruña,Fullback,0.14893617021276595,0.851063829787234,Draw,Non-Win
3825847,RC Deportivo La Coruña,Goalkeeper,0.9428571428571428,0.05714285714285714,Draw,Non-Win
3825847,RC Deportivo La Coruña,Striker,0.5909090909090909,0.4090909090909091,Draw,Non-Win
3825847,RC Deportivo La Coruña,Wide Forward,0.2,0.8,Draw,Non-Win
3825848,Eibar,Attacking Midfield,0.6,0.4,Draw,Non-Win
3825848,Eibar,Center Back,0.5555555555555556,0.4444444444444444,Draw,Non-Win
3825848,Eibar,Defensive Midfield,0.6111111111111112,0.3888888888888889,Draw,Non-Win
3825848,Eibar,Fullback,0.1346153846153846,0.8653846153846154,Draw,Non-Win
3825848,Eibar,Goalkeeper,1.0,0.0,Draw,Non-Win
3825848,Eibar,Striker,0.2,0.8,Draw,Non-Win
3825848,Eibar,Wide Forward,0.23529411764705882,0.7647058823529411,Draw,Non-Win
3825848,Levante UD,Center Back,0.5154639175257731,0.4845360824742268,Draw,Non-Win
3825848,Levante UD,Central Midfield,0.6470588235294118,0.35294117647058826,Draw,Non-Win
3825848,Levante UD,Defensive Midfield,0.7058823529411765,0.29411764705882354,Draw,Non-Win
3825848,Levante UD,Fullback,0.11290322580645161,0.8870967741935484,Draw,Non-Win
3825848,Levante UD,Goalkeeper,0.9523809523809523,0.047619047619047616,Draw,Non-Win
3825848,Levante UD,Striker,0.7142857142857143,0.2857142857142857,Draw,Non-Win
3825848,Levante UD,Wide Forward,0.16666666666666666,0.8333333333333334,Draw,Non-Win
3825849,Real Sociedad,Attacking Midfield,0.25,0.75,Win,Win
3825849,Real Sociedad,Center Back,0.673469387755102,0.32653061224489793,Win,Win
3825849,Real Sociedad,Defensive Midfield,0.6326530612244898,0.3673469387755102,Win,Win
3825849,Real Sociedad,Fullback,0.12244897959183673,0.8775510204081632,Win,Win
3825849,Real Sociedad,Goalkeeper,0.967741935483871,0.03225806451612903,Win,Win
3825849,Real Sociedad,Striker,0.5,0.5,Win,Win
3825849,Real Sociedad,Wide Forward,0.30303030303030304,0.696969696969697,Win,Win
3825849,Valencia,Center Back,0.8235294117647058,0.17647058823529413,Loss,Non-Win
3825849,Valencia,Central Midfield,0.7619047619047619,0.23809523809523808,Loss,Non-Win
3825849,Valencia,Defensive Midfield,0.8571428571428571,0.14285714285714285,Loss,Non-Win
3825849,Valencia,Fullback,0.07692307692307693,0.9230769230769231,Loss,Non-Win
3825849,Valencia,Goalkeeper,0.9714285714285714,0.02857142857142857,Loss,Non-Win
3825849,Valencia,Striker,1.0,0.0,Loss,Non-Win
3825849,Valencia,Wide Forward,0.14285714285714285,0.8571428571428571,Loss,Non-Win
3825851,RC Deportivo La Coruña,Center Back,0.47368421052631576,0.5263157894736842,Win,Win
3825851,RC Deportivo La Coruña,Central Midfield,0.6666666666666666,0.3333333333333333,Win,Win
3825851,RC Deportivo La Coruña,Defensive Midfield,0.5384615384615384,0.46153846153846156,Win,Win
3825851,RC Deportivo La Coruña,Fullback,0.22580645161290322,0.7741935483870968,Win,Win
3825851,RC Deportivo La Coruña,Goalkeeper,0.9473684210526315,0.05263157894736842,Win,Win
3825851,RC Deportivo La Coruña,Striker,1.0,0.0,Win,Win
3825851,RC Deportivo La Coruña,Wide Forward,0.1,0.9,Win,Win
3825851,Villarreal,Center Back,0.7096774193548387,0.2903225806451613,Loss,Non-Win
3825851,Villarreal,Defensive Midfield,0.8333333333333334,0.16666666666666666,Loss,Non-Win
3825851,Villarreal,Fullback,0.07894736842105263,0.9210526315789473,Loss,Non-Win
3825851,Villarreal,Goalkeeper,1.0,0.0,Loss,Non-Win
3825851,Villarreal,Striker,0.5,0.5,Loss,Non-Win
3825851,Villarreal,Wide Forward,0.2727272727272727,0.7272727272727273,Loss,Non-Win
3825859,Granada,Center Back,0.7586206896551724,0.2413793103448276,Win,Win
3825859,Granada,Defensive Midfield,0.525,0.475,Win,Win
3825859,Granada,Fullback,0.05128205128205128,0.9487179487179487,Win,Win
3825859,Granada,Goalkeeper,1.0,0.0,Win,Win
3825859,Granada,Striker,0.3157894736842105,0.6842105263157895,Win,Win
3825859,Granada,Wide Forward,0.47368421052631576,0.5263157894736842,Win,Win
3825859,Las Palmas,Attacking Midfield,0.72,0.28,Loss,Non-Win
3825859,Las Palmas,Center Back,0.75,0.25,Loss,Non-Win
3825859,Las Palmas,Defensive Midfield,0.7358490566037735,0.2641509433962264,Loss,Non-Win
3825859,Las Palmas,Fullback,0.043478260869565216,0.9565217391304348,Loss,Non-Win
3825859,Las Palmas,Goalkeeper,1.0,0.0,Loss,Non-Win
3825859,Las Palmas,Striker,0.625,0.375,Loss,Non-Win
3825859,Las Palmas,Wide Forward,0.5,0.5,Loss,Non-Win
3825861,Rayo Vallecano,Attacking Midfield,0.0,1.0,Loss,Non-Win
3825861,Rayo Vallecano,Center Back,0.4461538461538462,0.5538461538461539,Loss,Non-Win
3825861,Rayo Vallecano,Central Midfield,0.3939393939393939,0.6060606060606061,Loss,Non-Win
3825861,Rayo Vallecano,Defensive Midfield,0.6233766233766234,0.37662337662337664,Loss,Non-Win
3825861,Rayo Vallecano,Fullback,0.21311475409836064,0.7868852459016393,Loss,Non-Win
3825861,Rayo Vallecano,Goalkeeper,0.9565217391304348,0.043478260869565216,Loss,Non-Win
3825861,Rayo Vallecano,Striker,0.38461538461538464,0.6153846153846154,Loss,Non-Win
3825861,Rayo Vallecano,Wide Forward,0.2,0.8,Loss,Non-Win
3825861,Real Sociedad,Attacking Midfield,0.5,0.5,Win,Win
3825861,Real Sociedad,Center Back,0.6,0.4,Win,Win
3825861,Real Sociedad,Defensive Midfield,0.7741935483870968,0.22580645161290322,Win,Win
3825861,Real Sociedad,Fullback,0.16666666666666666,0.8333333333333334,Win,Win
3825861,Real Sociedad,Goalkeeper,0.9375,0.0625,Win,Win
3825861,Real Sociedad,Striker,0.45454545454545453,0.5454545454545454,Win,Win
3825861,Real Sociedad,Wide Forward,0.28888888888888886,0.7111111111111111,Win,Win
3825866,Athletic Club,Attacking Midfield,0.48,0.52,Draw,Non-Win
3825866,Athletic Club,Center Back,0.5319148936170213,0.46808510638297873,Draw,Non-Win
3825866,Athletic Club,Defensive Midfield,0.5909090909090909,0.4090909090909091,Draw,Non-Win
3825866,Athletic Club,Fullback,0.08823529411764706,0.9117647058823529,Draw,Non-Win
3825866,Athletic Club,Goalkeeper,0.8780487804878049,0.12195121951219512,Draw,Non-Win
3825866,Athletic Club,Striker,0.5,0.5,Draw,Non-Win
3825866,Athletic Club,Wide Forward,0.5405405405405406,0.4594594594594595,Draw,Non-Win
3825866,Las Palmas,Attacking Midfield,0.6,0.4,Draw,Non-Win
3825866,Las Palmas,Center Back,0.5882352941176471,0.4117647058823529,Draw,Non-Win
3825866,Las Palmas,Defensive Midfield,0.6842105263157895,0.3157894736842105,Draw,Non-Win
3825866,Las Palmas,Fullback,0.2753623188405797,0.7246376811594203,Draw,Non-Win
3825866,Las Palmas,Goalkeeper,0.9629629629629629,0.037037037037037035,Draw,Non-Win
3825866,Las Palmas,Striker,0.75,0.25,Draw,Non-Win
3825866,Las Palmas,Wide Forward,0.4,0.6,Draw,Non-Win
3825875,Real Sociedad,Center Back,0.3728813559322034,0.6271186440677966,Draw,Non-Win
3825875,Real Sociedad,Central Midfield,0.4722222222222222,0.5277777777777778,Draw,Non-Win
3825875,Real Sociedad,Defensive Midfield,0.5416666666666666,0.4583333333333333,Draw,Non-Win
3825875,Real Sociedad,Fullback,0.05714285714285714,0.9428571428571428,Draw,Non-Win
3825875,Real Sociedad,Goalkeeper,1.0,0.0,Draw,Non-Win
3825875,Real Sociedad,Striker,0.4166666666666667,0.5833333333333334,Draw,Non-Win
3825875,Real Sociedad,Wide Forward,0.35,0.65,Draw,Non-Win
3825875,Villarreal,Center Back,0.52,0.48,Draw,Non-Win
3825875,Villarreal,Defensive Midfield,0.696969696969697,0.30303030303030304,Draw,Non-Win
3825875,Villarreal,Fullback,0.075,0.925,Draw,Non-Win
3825875,Villarreal,Goalkeeper,1.0,0.0,Draw,Non-Win
3825875,Villarreal,Striker,0.5263157894736842,0.47368421052631576,Draw,Non-Win
3825875,Villarreal,Wide Forward,0.28,0.72,Draw,Non-Win
3825878,Atlético Madrid,Center Back,0.6,0.4,Win,Win
3825878,Atlético Madrid,Defensive Midfield,0.5,0.5,Win,Win
3825878,Atlético Madrid,Fullback,0.15384615384615385,0.8461538461538461,Win,Win
3825878,Atlético Madrid,Goalkeeper,0.9722222222222222,0.027777777777777776,Win,Win
3825878,Atlético Madrid,Striker,0.3333333333333333,0.6666666666666666,Win,Win
3825878,Atlético Madrid,Wide Forward,0.32,0.68,Win,Win
3825878,Rayo Vallecano,Attacking Midfield,0.0,1.0,Loss,Non-Win
3825878,Rayo Vallecano,Center Back,0.4861111111111111,0.5138888888888888,Loss,Non-Win
3825878,Rayo Vallecano,Central Midfield,0.10526315789473684,0.8947368421052632,Loss,Non-Win
3825878,Rayo Vallecano,Defensive Midfield,0.5897435897435898,0.41025641025641024,Loss,Non-Win
3825878,Rayo Vallecano,Fullback,0.109375,0.890625,Loss,Non-Win
3825878,Rayo Vallecano,Goalkeeper,0.9166666666666666,0.08333333333333333,Loss,Non-Win
3825878,Rayo Vallecano,Striker,0.3333333333333333,0.6666666666666666,Loss,Non-Win
3825878,Rayo Vallecano,Wide Forward,0.36363636363636365,0.6363636363636364,Loss,Non-Win
3825881,Espanyol,Center Back,0.6818181818181818,0.3181818181818182,Draw,Non-Win
3825881,Espanyol,Central Midfield,0.3448275862068966,0.6551724137931034,Draw,Non-Win
3825881,Espanyol,Defensive Midfield,0.5789473684210527,0.42105263157894735,Draw,Non-Win
3825881,Espanyol,Fullback,0.13333333333333333,0.8666666666666667,Draw,Non-Win
3825881,Espanyol,Goalkeeper,1.0,0.0,Draw,Non-Win
3825881,Espanyol,Striker,1.0,0.0,Draw,Non-Win
3825881,Espanyol,Wide Forward,0.25,0.75,Draw,Non-Win
3825881,Granada,Center Back,0.7058823529411765,0.29411764705882354,Draw,Non-Win
3825881,Granada,Defensive Midfield,0.6206896551724138,0.3793103448275862,Draw,Non-Win
3825881,Granada,Fullback,0.06666666666666667,0.9333333333333333,Draw,Non-Win
3825881,Granada,Goalkeeper,0.9714285714285714,0.02857142857142857,Draw,Non-Win
3825881,Granada,Striker,0.4166666666666667,0.5833333333333334,Draw,Non-Win
3825881,Granada,Wide Forward,0.2647058823529412,0.7352941176470589,Draw,Non-Win
3825888,Las Palmas,Attacking Midfield,0.6363636363636364,0.36363636363636365,Draw,Non-Win
3825888,Las Palmas,Center Back,0.5411764705882353,0.4588235294117647,Draw,Non-Win
3825888,Las Palmas,Defensive Midfield,0.6097560975609756,0.3902439024390244,Draw,Non-Win
3825888,Las Palmas,Fullback,0.13333333333333333,0.8666666666666667,Draw,Non-Win
3825888,Las Palmas,Goalkeeper,0.9714285714285714,0.02857142857142857,Draw,Non-Win
3825888,Las Palmas,Striker,0.38461538461538464,0.6153846153846154,Draw,Non-Win
3825888,Las Palmas,Wide Forward,0.21621621621621623,0.7837837837837838,Draw,Non-Win
3825888,Valencia,Center Back,0.6666666666666666,0.3333333333333333,Draw,Non-Win
3825888,Valencia,Central Midfield,0.5957446808510638,0.40425531914893614,Draw,Non-Win
3825888,Valencia,Defensive Midfield,0.7894736842105263,0.21052631578947367,Draw,Non-Win
3825888,Valencia,Fullback,0.15384615384615385,0.8461538461538461,Draw,Non-Win
3825888,Valencia,Goalkeeper,0.9583333333333334,0.041666666666666664,Draw,Non-Win
3825888,Valencia,Striker,0.5,0.5,Draw,Non-Win
3825888,Valencia,Wide Forward,0.21428571428571427,0.7857142857142857,Draw,Non-Win
3825894,Getafe,Center Back,0.5769230769230769,0.4230769230769231,Win,Win
3825894,Getafe,Central Midfield,0.6470588235294118,0.35294117647058826,Win,Win
3825894,Getafe,Defensive Midfield,0.5,0.5,Win,Win
3825894,Getafe,Fullback,0.13333333333333333,0.8666666666666667,Win,Win
3825894,Getafe,Goalkeeper,0.9487179487179487,0.05128205128205128,Win,Win
3825894,Getafe,Striker,0.0,1.0,Win,Win
3825894,Getafe,Wide Forward,0.41935483870967744,0.5806451612903226,Win,Win
3825894,RC Deportivo La Coruña,Center Back,0.4186046511627907,0.5813953488372093,Loss,Non-Win
3825894,RC Deportivo La Coruña,Defensive Midfield,0.625,0.375,Loss,Non-Win
3825894,RC Deportivo La Coruña,Fullback,0.13043478260869565,0.8695652173913043,Loss,Non-Win
3825894,RC Deportivo La Coruña,Goalkeeper,0.9565217391304348,0.043478260869565216,Loss,Non-Win
3825894,RC Deportivo La Coruña,Striker,0.6842105263157895,0.3157894736842105,Loss,Non-Win
3825894,RC Deportivo La Coruña,Wide Forward,0.25,0.75,Loss,Non-Win
3825901,Real Madrid,Center Back,0.6538461538461539,0.34615384615384615,Win,Win
3825901,Real Madrid,Central Midfield,0.7555555555555555,0.24444444444444444,Win,Win
3825901,Real Madrid,Defensive Midfield,0.8823529411764706,0.11764705882352941,Win,Win
3825901,Real Madrid,Fullback,0.27450980392156865,0.7254901960784313,Win,Win
3825901,Real Madrid,Goalkeeper,0.9375,0.0625,Win,Win
3825901,Real Madrid,Striker,0.5555555555555556,0.4444444444444444,Win,Win
3825901,Real Madrid,Wide Forward,0.6666666666666666,0.3333333333333333,Win,Win
3825901,Valencia,Center Back,0.8113207547169812,0.18867924528301888,Loss,Non-Win
3825901,Valencia,Central Midfield,0.7,0.3,Loss,Non-Win
3825901,Valencia,Defensive Midfield,0.6923076923076923,0.3076923076923077,Loss,Non-Win
3825901,Valencia,Fullback,0.08695652173913043,0.9130434782608695,Loss,Non-Win
3825901,Valencia,Goalkeeper,0.9130434782608695,0.08695652173913043,Loss,Non-Win
3825901,Valencia,Striker,0.6666666666666666,0.3333333333333333,Loss,Non-Win
3825901,Valencia,Wide Forward,0.37142857142857144,0.6285714285714286,Loss,Non-Win
3825902,Levante UD,Center Back,0.5306122448979592,0.46938775510204084,Loss,Non-Win
3825902,Levante UD,Central Midfield,0.6470588235294118,0.35294117647058826,Loss,Non-Win
3825902,Levante UD,Defensive Midfield,0.75,0.25,Loss,Non-Win
3825902,Levante UD,Fullback,0.0975609756097561,0.9024390243902439,Loss,Non-Win
3825902,Levante UD,Goalkeeper,1.0,0.0,Loss,Non-Win
3825902,Levante UD,Striker,0.45454545454545453,0.5454545454545454,Loss,Non-Win
3825902,Levante UD,Wide Forward,0.46153846153846156,0.5384615384615384,Loss,Non-Win
3825902,Rayo Vallecano,Attacking Midfield,0.6666666666666666,0.3333333333333333,Win,Win
3825902,Rayo Vallecano,Center Back,0.6363636363636364,0.36363636363636365,Win,Win
3825902,Rayo Vallecano,Central Midfield,0.5555555555555556,0.4444444444444444,Win,Win
3825902,Rayo Vallecano,Defensive Midfield,0.6507936507936508,0.3492063492063492,Win,Win
3825902,Rayo Vallecano,Fullback,0.15517241379310345,0.8448275862068966,Win,Win
3825902,Rayo Vallecano,Goalkeeper,0.9705882352941176,0.029411764705882353,Win,Win
3825902,Rayo Vallecano,Striker,0.4,0.6,Win,Win
3825902,Rayo Vallecano,Wide Forward,0.19047619047619047,0.8095238095238095,Win,Win
3825908,Eibar,Center Back,0.5,0.5,Loss,Non-Win
3825908,Eibar,Defensive Midfield,0.56,0.44,Loss,Non-Win
3825908,Eibar,Fullback,0.17857142857142858,0.8214285714285714,Loss,Non-Win
3825908,Eibar,Goalkeeper,0.8717948717948718,0.1282051282051282,Loss,Non-Win
3825908,Eibar,Striker,0.75,0.25,Loss,Non-Win
3825908,Eibar,Wide Forward,0.22857142857142856,0.7714285714285715,Loss,Non-Win
3825908,Espanyol,Center Back,0.5967741935483871,0.4032258064516129,Win,Win
3825908,Espanyol,Central Midfield,0.6923076923076923,0.3076923076923077,Win,Win
3825908,Espanyol,Defensive Midfield,0.6,0.4,Win,Win
3825908,Espanyol,Fullback,0.225,0.775,Win,Win
3825908,Espanyol,Goalkeeper,0.9615384615384616,0.038461538461538464,Win,Win
3825908,Espanyol,Striker,0.5555555555555556,0.4444444444444444,Win,Win
3825908,Espanyol,Wide Forward,0.34615384615384615,0.6538461538461539,Win,Win
3827337,Jamshedpur,Attacking Midfield,0.2857142857142857,0.7142857142857143,Loss,Non-Win
3827337,Jamshedpur,Center Back,0.46153846153846156,0.5384615384615384,Loss,Non-Win
3827337,Jamshedpur,Defensive Midfield,0.4666666666666667,0.5333333333333333,Loss,Non-Win
3827337,Jamshedpur,Fullback,0.25,0.75,Loss,Non-Win
3827337,Jamshedpur,Goalkeeper,0.8857142857142857,0.11428571428571428,Loss,Non-Win
3827337,Jamshedpur,Striker,1.0,0.0,Loss,Non-Win
3827337,Jamshedpur,Wide Forward,0.18181818181818182,0.8181818181818182,Loss,Non-Win
3827337,Kerala Blasters,Center Back,0.8292682926829268,0.17073170731707318,Win,Win
3827337,Kerala Blasters,Defensive Midfield,0.6153846153846154,0.38461538461538464,Win,Win
3827337,Kerala Blasters,Fullback,0.20634920634920634,0.7936507936507936,Win,Win
3827337,Kerala Blasters,Goalkeeper,0.9705882352941176,0.029411764705882353,Win,Win
3827337,Kerala Blasters,Striker,0.45454545454545453,0.5454545454545454,Win,Win
3827337,Kerala Blasters,Wide Forward,0.38461538461538464,0.6153846153846154,Win,Win
3829415,Bastia,Attacking Midfield,0.42857142857142855,0.5714285714285714,Win,Win
3829415,Bastia,Center Back,0.5,0.5,Win,Win
3829415,Bastia,Central Midfield,0.6111111111111112,0.3888888888888889,Win,Win
3829415,Bastia,Defensive Midfield,0.6111111111111112,0.3888888888888889,Win,Win
3829415,Bastia,Fullback,0.16666666666666666,0.8333333333333334,Win,Win
3829415,Bastia,Goalkeeper,0.8857142857142857,0.11428571428571428,Win,Win
3829415,Bastia,Striker,0.2,0.8,Win,Win
3829415,Bastia,Wide Forward,0.3333333333333333,0.6666666666666666,Win,Win
3829415,Rennes,Center Back,0.5421686746987951,0.4578313253012048,Loss,Non-Win
3829415,Rennes,Defensive Midfield,0.6363636363636364,0.36363636363636365,Loss,Non-Win
3829415,Rennes,Fullback,0.06779661016949153,0.9322033898305084,Loss,Non-Win
3829415,Rennes,Goalkeeper,0.8518518518518519,0.14814814814814814,Loss,Non-Win
3829415,Rennes,Striker,0.6,0.4,Loss,Non-Win
3829415,Rennes,Wide Forward,0.35294117647058826,0.6470588235294118,Loss,Non-Win
3829418,Guingamp,Center Back,0.7,0.3,Loss,Non-Win
3829418,Guingamp,Defensive Midfield,0.6153846153846154,0.38461538461538464,Loss,Non-Win
3829418,Guingamp,Fullback,0.125,0.875,Loss,Non-Win
3829418,Guingamp,Goalkeeper,0.9166666666666666,0.08333333333333333,Loss,Non-Win
3829418,Guingamp,Striker,0.5357142857142857,0.4642857142857143,Loss,Non-Win
3829418,Guingamp,Wide Forward,0.24242424242424243,0.7575757575757576,Loss,Non-Win
3829418,Nantes,Center Back,0.48484848484848486,0.5151515151515151,Win,Win
3829418,Nantes,Central Midfield,0.5121951219512195,0.4878048780487805,Win,Win
3829418,Nantes,Defensive Midfield,0.6428571428571429,0.35714285714285715,Win,Win
3829418,Nantes,Fullback,0.1,0.9,Win,Win
3829418,Nantes,Goalkeeper,0.8928571428571429,0.10714285714285714,Win,Win
3829418,Nantes,Striker,0.3333333333333333,0.6666666666666666,Win,Win
3829418,Nantes,Wide Forward,0.23333333333333334,0.7666666666666667,Win,Win
3829421,Saint-Étienne,Center Back,0.5056179775280899,0.4943820224719101,Loss,Non-Win
3829421,Saint-Étienne,Defensive Midfield,0.5581395348837209,0.4418604651162791,Loss,Non-Win
3829421,Saint-Étienne,Fullback,0.14285714285714285,0.8571428571428571,Loss,Non-Win
3829421,Saint-Étienne,Goalkeeper,0.9629629629629629,0.037037037037037035,Loss,Non-Win
3829421,Saint-Étienne,Striker,0.5454545454545454,0.45454545454545453,Loss,Non-Win
3829421,Saint-Étienne,Wide Forward,0.3333333333333333,0.6666666666666666,Loss,Non-Win
3829421,Toulouse,Attacking Midfield,0.24,0.76,Win,Win
3829421,Toulouse,Center Back,0.8108108108108109,0.1891891891891892,Win,Win
3829421,Toulouse,Central Midfield,0.39285714285714285,0.6071428571428571,Win,Win
3829421,Toulouse,Defensive Midfield,0.6363636363636364,0.36363636363636365,Win,Win
3829421,Toulouse,Fullback,0.11764705882352941,0.8823529411764706,Win,Win
3829421,Toulouse,Goalkeeper,0.967741935483871,0.03225806451612903,Win,Win
3829421,Toulouse,Striker,0.4,0.6,Win,Win
3829421,Toulouse,Wide Forward,0.0,1.0,Win,Win
3829425,Angers,Center Back,0.7169811320754716,0.2830188679245283,Draw,Non-Win
3829425,Angers,Central Midfield,0.5185185185185185,0.48148148148148145,Draw,Non-Win
3829425,Angers,Defensive Midfield,0.6666666666666666,0.3333333333333333,Draw,Non-Win
3829425,Angers,Fullback,0.13636363636363635,0.8636363636363636,Draw,Non-Win
3829425,Angers,Goalkeeper,0.8571428571428571,0.14285714285714285,Draw,Non-Win
3829425,Angers,Striker,0.09090909090909091,0.9090909090909091,Draw,Non-Win
3829425,Angers,Wide Forward,0.30434782608695654,0.6956521739130435,Draw,Non-Win
3829425,Nantes,Center Back,0.5818181818181818,0.41818181818181815,Draw,Non-Win
3829425,Nantes,Defensive Midfield,0.6666666666666666,0.3333333333333333,Draw,Non-Win
3829425,Nantes,Fullback,0.044444444444444446,0.9555555555555556,Draw,Non-Win
3829425,Nantes,Goalkeeper,0.9705882352941176,0.029411764705882353,Draw,Non-Win
3829425,Nantes,Striker,0.47058823529411764,0.5294117647058824,Draw,Non-Win
3829425,Nantes,Wide Forward,0.4074074074074074,0.5925925925925926,Draw,Non-Win
3829426,Guingamp,Attacking Midfield,0.75,0.25,Loss,Non-Win
3829426,Guingamp,Center Back,0.7333333333333333,0.26666666666666666,Loss,Non-Win
3829426,Guingamp,Defensive Midfield,0.875,0.125,Loss,Non-Win
3829426,Guingamp,Fullback,0.16,0.84,Loss,Non-Win
3829426,Guingamp,Goalkeeper,0.9354838709677419,0.06451612903225806,Loss,Non-Win
3829426,Guingamp,Striker,0.42857142857142855,0.5714285714285714,Loss,Non-Win
3829426,Guingamp,Wide Forward,0.2702702702702703,0.7297297297297297,Loss,Non-Win
3829426,Lyon,Attacking Midfield,0.32,0.68,Win,Win
3829426,Lyon,Center Back,0.6122448979591837,0.3877551020408163,Win,Win
3829426,Lyon,Central Midfield,0.5396825396825397,0.4603174603174603,Win,Win
3829426,Lyon,Defensive Midfield,0.8636363636363636,0.13636363636363635,Win,Win
3829426,Lyon,Fullback,0.05,0.95,Win,Win
3829426,Lyon,Goalkeeper,0.8260869565217391,0.17391304347826086,Win,Win
3829426,Lyon,Striker,0.6,0.4,Win,Win
3829428,Caen,Center Back,0.6444444444444445,0.35555555555555557,Win,Win
3829428,Caen,Central Midfield,0.6590909090909091,0.3409090909090909,Win,Win
3829428,Caen,Defensive Midfield,0.7857142857142857,0.21428571428571427,Win,Win
3829428,Caen,Fullback,0.1927710843373494,0.8072289156626506,Win,Win
3829428,Caen,Goalkeeper,0.9032258064516129,0.0967741935483871,Win,Win
3829428,Caen,Striker,0.3333333333333333,0.6666666666666666,Win,Win
3829428,Caen,Wide Forward,0.10526315789473684,0.8947368421052632,Win,Win
3829428,Toulouse,Attacking Midfield,0.5945945945945946,0.40540540540540543,Loss,Non-Win
3829428,Toulouse,Center Back,0.8860759493670886,0.11392405063291139,Loss,Non-Win
3829428,Toulouse,Central Midfield,0.5769230769230769,0.4230769230769231,Loss,Non-Win
3829428,Toulouse,Defensive Midfield,0.5636363636363636,0.43636363636363634,Loss,Non-Win
3829428,Toulouse,Fullback,0.04,0.96,Loss,Non-Win
3829428,Toulouse,Goalkeeper,0.9666666666666667,0.03333333333333333,Loss,Non-Win
3829428,Toulouse,Striker,0.375,0.625,Loss,Non-Win
3829431,Bastia,Center Back,0.5526315789473685,0.4473684210526316,Draw,Non-Win
3829431,Bastia,Central Midfield,0.4375,0.5625,Draw,Non-Win
3829431,Bastia,Defensive Midfield,0.7333333333333333,0.26666666666666666,Draw,Non-Win
3829431,Bastia,Fullback,0.15254237288135594,0.847457627118644,Draw,Non-Win
3829431,Bastia,Goalkeeper,0.975,0.025,Draw,Non-Win
3829431,Bastia,Striker,0.5,0.5,Draw,Non-Win
3829431,Bastia,Wide Forward,0.21875,0.78125,Draw,Non-Win
3829431,Lorient,Attacking Midfield,0.75,0.25,Draw,Non-Win
3829431,Lorient,Center Back,0.7380952380952381,0.2619047619047619,Draw,Non-Win
3829431,Lorient,Defensive Midfield,0.6853932584269663,0.3146067415730337,Draw,Non-Win
3829431,Lorient,Fullback,0.1643835616438356,0.8356164383561644,Draw,Non-Win
3829431,Lorient,Goalkeeper,1.0,0.0,Draw,Non-Win
3829431,Lorient,Striker,0.75,0.25,Draw,Non-Win
3829431,Lorient,Wide Forward,0.24242424242424243,0.7575757575757576,Draw,Non-Win
3829435,Lyon,Attacking Midfield,0.625,0.375,Loss,Non-Win
3829435,Lyon,Center Back,0.5753424657534246,0.4246575342465753,Loss,Non-Win
3829435,Lyon,Central Midfield,0.6666666666666666,0.3333333333333333,Loss,Non-Win
3829435,Lyon,Defensive Midfield,0.7407407407407407,0.25925925925925924,Loss,Non-Win
3829435,Lyon,Fullback,0.15555555555555556,0.8444444444444444,Loss,Non-Win
3829435,Lyon,Goalkeeper,0.9473684210526315,0.05263157894736842,Loss,Non-Win
3829435,Lyon,Striker,0.5,0.5,Loss,Non-Win
3829435,Lyon,Wide Forward,0.5714285714285714,0.42857142857142855,Loss,Non-Win
3829435,Rennes,Center Back,0.5151515151515151,0.48484848484848486,Win,Win
3829435,Rennes,Defensive Midfield,0.5357142857142857,0.4642857142857143,Win,Win
3829435,Rennes,Fullback,0.11764705882352941,0.8823529411764706,Win,Win
3829435,Rennes,Goalkeeper,1.0,0.0,Win,Win
3829435,Rennes,Striker,0.5,0.5,Win,Win
3829435,Rennes,Wide Forward,0.3333333333333333,0.6666666666666666,Win,Win
3829437,Angers,Center Back,0.8571428571428571,0.14285714285714285,Win,Win
3829437,Angers,Central Midfield,0.43478260869565216,0.5652173913043478,Win,Win
3829437,Angers,Defensive Midfield,0.7777777777777778,0.2222222222222222,Win,Win
3829437,Angers,Fullback,0.06976744186046512,0.9302325581395349,Win,Win
3829437,Angers,Goalkeeper,0.9259259259259259,0.07407407407407407,Win,Win
3829437,Angers,Striker,0.7142857142857143,0.2857142857142857,Win,Win
3829437,Angers,Wide Forward,0.15,0.85,Win,Win
3829437,Gazélec Ajaccio,Center Back,0.5535714285714286,0.44642857142857145,Loss,Non-Win
3829437,Gazélec Ajaccio,Central Midfield,0.68,0.32,Loss,Non-Win
3829437,Gazélec Ajaccio,Defensive Midfield,0.6808510638297872,0.3191489361702128,Loss,Non-Win
3829437,Gazélec Ajaccio,Fullback,0.140625,0.859375,Loss,Non-Win
3829437,Gazélec Ajaccio,Goalkeeper,0.926829268292683,0.07317073170731707,Loss,Non-Win
3829437,Gazélec Ajaccio,Striker,0.5454545454545454,0.45454545454545453,Loss,Non-Win
3829437,Gazélec Ajaccio,Wide Forward,0.32,0.68,Loss,Non-Win
3829438,Caen,Center Back,0.5833333333333334,0.4166666666666667,Loss,Non-Win
3829438,Caen,Central Midfield,0.5555555555555556,0.4444444444444444,Loss,Non-Win
3829438,Caen,Defensive Midfield,0.6470588235294118,0.35294117647058826,Loss,Non-Win
3829438,Caen,Fullback,0.17777777777777778,0.8222222222222222,Loss,Non-Win
3829438,Caen,Goalkeeper,0.92,0.08,Loss,Non-Win
3829438,Caen,Striker,0.5882352941176471,0.4117647058823529,Loss,Non-Win
3829438,Caen,Wide Forward,0.17391304347826086,0.8260869565217391,Loss,Non-Win
3829438,OGC Nice,Attacking Midfield,0.7,0.3,Win,Win
3829438,OGC Nice,Center Back,0.7272727272727273,0.2727272727272727,Win,Win
3829438,OGC Nice,Central Midfield,0.7380952380952381,0.2619047619047619,Win,Win
3829438,OGC Nice,Defensive Midfield,0.8620689655172413,0.13793103448275862,Win,Win
3829438,OGC Nice,Fullback,0.058823529411764705,0.9411764705882353,Win,Win
3829438,OGC Nice,Goalkeeper,0.9583333333333334,0.041666666666666664,Win,Win
3829438,OGC Nice,Striker,0.5,0.5,Win,Win
3829444,Caen,Center Back,0.65625,0.34375,Loss,Non-Win
3829444,Caen,Central Midfield,0.64,0.36,Loss,Non-Win
3829444,Caen,Defensive Midfield,0.7241379310344828,0.27586206896551724,Loss,Non-Win
3829444,Caen,Fullback,0.08,0.92,Loss,Non-Win
3829444,Caen,Goalkeeper,0.9444444444444444,0.05555555555555555,Loss,Non-Win
3829444,Caen,Striker,0.7333333333333333,0.26666666666666666,Loss,Non-Win
3829444,Caen,Wide Forward,0.35,0.65,Loss,Non-Win
3829444,Lyon,Attacking Midfield,0.625,0.375,Win,Win
3829444,Lyon,Center Back,0.609375,0.390625,Win,Win
3829444,Lyon,Central Midfield,0.631578947368421,0.3684210526315789,Win,Win
3829444,Lyon,Defensive Midfield,1.0,0.0,Win,Win
3829444,Lyon,Fullback,0.06666666666666667,0.9333333333333333,Win,Win
3829444,Lyon,Goalkeeper,0.9230769230769231,0.07692307692307693,Win,Win
3829444,Lyon,Striker,0.36363636363636365,0.6363636363636364,Win,Win
3829446,Montpellier,Attacking Midfield,0.325,0.675,Draw,Non-Win
3829446,Montpellier,Center Back,0.5294117647058824,0.47058823529411764,Draw,Non-Win
3829446,Montpellier,Central Midfield,0.6086956521739131,0.391304347826087,Draw,Non-Win
3829446,Montpellier,Defensive Midfield,0.631578947368421,0.3684210526315789,Draw,Non-Win
3829446,Montpellier,Fullback,0.03333333333333333,0.9666666666666667,Draw,Non-Win
3829446,Montpellier,Goalkeeper,1.0,0.0,Draw,Non-Win
3829446,Montpellier,Striker,0.5833333333333334,0.4166666666666667,Draw,Non-Win
3829446,Troyes,Center Back,0.6666666666666666,0.3333333333333333,Draw,Non-Win
3829446,Troyes,Defensive Midfield,0.43902439024390244,0.5609756097560976,Draw,Non-Win
3829446,Troyes,Fullback,0.075,0.925,Draw,Non-Win
3829446,Troyes,Goalkeeper,0.9142857142857143,0.08571428571428572,Draw,Non-Win
3829446,Troyes,Striker,0.2962962962962963,0.7037037037037037,Draw,Non-Win
3829446,Troyes,Wide Forward,0.25,0.75,Draw,Non-Win
3829453,Bordeaux,Attacking Midfield,0.2857142857142857,0.7142857142857143,Draw,Non-Win
3829453,Bordeaux,Center Back,0.84375,0.15625,Draw,Non-Win
3829453,Bordeaux,Defensive Midfield,0.5172413793103449,0.4827586206896552,Draw,Non-Win
3829453,Bordeaux,Fullback,0.1388888888888889,0.8611111111111112,Draw,Non-Win
3829453,Bordeaux,Goalkeeper,0.9130434782608695,0.08695652173913043,Draw,Non-Win
3829453,Bordeaux,Striker,0.6,0.4,Draw,Non-Win
3829453,Bordeaux,Wide Forward,0.2894736842105263,0.7105263157894737,Draw,Non-Win
3829453,Paris Saint-Germain,Center Back,0.7571428571428571,0.24285714285714285,Draw,Non-Win
3829453,Paris Saint-Germain,Central Midfield,0.7164179104477612,0.2835820895522388,Draw,Non-Win
3829453,Paris Saint-Germain,Defensive Midfield,0.7894736842105263,0.21052631578947367,Draw,Non-Win
3829453,Paris Saint-Germain,Fullback,0.027777777777777776,0.9722222222222222,Draw,Non-Win
3829453,Paris Saint-Germain,Goalkeeper,0.8181818181818182,0.18181818181818182,Draw,Non-Win
3829453,Paris Saint-Germain,Striker,0.5,0.5,Draw,Non-Win
3829453,Paris Saint-Germain,Wide Forward,0.41304347826086957,0.5869565217391305,Draw,Non-Win
3829454,Lille,Center Back,0.4864864864864865,0.5135135135135135,Draw,Non-Win
3829454,Lille,Defensive Midfield,0.5666666666666667,0.43333333333333335,Draw,Non-Win
3829454,Lille,Fullback,0.08,0.92,Draw,Non-Win
3829454,Lille,Goalkeeper,0.896551724137931,0.10344827586206896,Draw,Non-Win
3829454,Lille,Striker,0.375,0.625,Draw,Non-Win
3829454,Lille,Wide Forward,0.36363636363636365,0.6363636363636364,Draw,Non-Win
3829454,Lyon,Attacking Midfield,0.41379310344827586,0.5862068965517241,Draw,Non-Win
3829454,Lyon,Center Back,0.5409836065573771,0.45901639344262296,Draw,Non-Win
3829454,Lyon,Central Midfield,0.375,0.625,Draw,Non-Win
3829454,Lyon,Defensive Midfield,0.7333333333333333,0.26666666666666666,Draw,Non-Win
3829454,Lyon,Fullback,0.1724137931034483,0.8275862068965517,Draw,Non-Win
3829454,Lyon,Goalkeeper,0.9428571428571428,0.05714285714285714,Draw,Non-Win
3829454,Lyon,Striker,0.45454545454545453,0.5454545454545454,Draw,Non-Win
3829456,Angers,Center Back,0.47058823529411764,0.5294117647058824,Loss,Non-Win
3829456,Angers,Central Midfield,0.543859649122807,0.45614035087719296,Loss,Non-Win
3829456,Angers,Defensive Midfield,0.7692307692307693,0.23076923076923078,Loss,Non-Win
3829456,Angers,Fullback,0.08196721311475409,0.9180327868852459,Loss,Non-Win
3829456,Angers,Goalkeeper,0.9545454545454546,0.045454545454545456,Loss,Non-Win
3829456,Angers,Striker,0.0,1.0,Loss,Non-Win
3829456,Angers,Wide Forward,0.48484848484848486,0.5151515151515151,Loss,Non-Win
3829456,Lorient,Center Back,0.6981132075471698,0.3018867924528302,Win,Win
3829456,Lorient,Defensive Midfield,0.7755102040816326,0.22448979591836735,Win,Win
3829456,Lorient,Fullback,0.13432835820895522,0.8656716417910447,Win,Win
3829456,Lorient,Goalkeeper,0.8620689655172413,0.13793103448275862,Win,Win
3829456,Lorient,Striker,0.35294117647058826,0.6470588235294118,Win,Win
3829456,Lorient,Wide Forward,0.28846153846153844,0.7115384615384616,Win,Win
3829457,Montpellier,Attacking Midfield,0.6111111111111112,0.3888888888888889,Loss,Non-Win
3829457,Montpellier,Center Back,0.5692307692307692,0.4307692307692308,Loss,Non-Win
3829457,Montpellier,Defensive Midfield,0.6170212765957447,0.3829787234042553,Loss,Non-Win
3829457,Montpellier,Fullback,0.06976744186046512,0.9302325581395349,Loss,Non-Win
3829457,Montpellier,Goalkeeper,0.9130434782608695,0.08695652173913043,Loss,Non-Win
3829457,Montpellier,Striker,0.42857142857142855,0.5714285714285714,Loss,Non-Win
3829457,Montpellier,Wide Forward,0.4782608695652174,0.5217391304347826,Loss,Non-Win
3829457,Saint-Étienne,Attacking Midfield,0.6190476190476191,0.38095238095238093,Win,Win
3829457,Saint-Étienne,Center Back,0.5909090909090909,0.4090909090909091,Win,Win
3829457,Saint-Étienne,Defensive Midfield,0.575,0.425,Win,Win
3829457,Saint-Étienne,Fullback,0.12280701754385964,0.8771929824561403,Win,Win
3829457,Saint-Étienne,Goalkeeper,0.9629629629629629,0.037037037037037035,Win,Win
3829457,Saint-Étienne,Striker,0.3,0.7,Win,Win
3829457,Saint-Étienne,Wide Forward,0.2857142857142857,0.7142857142857143,Win,Win
3829468,Gazélec Ajaccio,Center Back,0.4782608695652174,0.5217391304347826,Loss,Non-Win
3829468,Gazélec Ajaccio,Central Midfield,0.5625,0.4375,Loss,Non-Win
3829468,Gazélec Ajaccio,Defensive Midfield,0.6538461538461539,0.34615384615384615,Loss,Non-Win
3829468,Gazélec Ajaccio,Fullback,0.18181818181818182,0.8181818181818182,Loss,Non-Win
3829468,Gazélec Ajaccio,Goalkeeper,0.925,0.075,Loss,Non-Win
3829468,Gazélec Ajaccio,Striker,0.5555555555555556,0.4444444444444444,Loss,Non-Win
3829468,Gazélec Ajaccio,Wide Forward,0.6956521739130435,0.30434782608695654,Loss,Non-Win
3829468,Guingamp,Center Back,0.625,0.375,Win,Win
3829468,Guingamp,Central Midfield,0.75,0.25,Win,Win
3829468,Guingamp,Defensive Midfield,0.8,0.2,Win,Win
3829468,Guingamp,Fullback,0.1016949152542373,0.8983050847457628,Win,Win
3829468,Guingamp,Goalkeeper,0.9444444444444444,0.05555555555555555,Win,Win
3829468,Guingamp,Striker,0.5652173913043478,0.43478260869565216,Win,Win
3829468,Guingamp,Wide Forward,0.2549019607843137,0.7450980392156863,Win,Win
3829479,Caen,Attacking Midfield,0.7142857142857143,0.2857142857142857,Loss,Non-Win
3829479,Caen,Center Back,0.41333333333333333,0.5866666666666667,Loss,Non-Win
3829479,Caen,Defensive Midfield,0.4745762711864407,0.5254237288135594,Loss,Non-Win
3829479,Caen,Fullback,0.2037037037037037,0.7962962962962963,Loss,Non-Win
3829479,Caen,Goalkeeper,0.9411764705882353,0.058823529411764705,Loss,Non-Win
3829479,Caen,Striker,0.5714285714285714,0.42857142857142855,Loss,Non-Win
3829479,Caen,Wide Forward,0.36363636363636365,0.6363636363636364,Loss,Non-Win
3829479,Lorient,Center Back,0.8181818181818182,0.18181818181818182,Win,Win
3829479,Lorient,Central Midfield,0.6190476190476191,0.38095238095238093,Win,Win
3829479,Lorient,Defensive Midfield,0.4230769230769231,0.5769230769230769,Win,Win
3829479,Lorient,Fullback,0.1724137931034483,0.8275862068965517,Win,Win
3829479,Lorient,Goalkeeper,0.9444444444444444,0.05555555555555555,Win,Win
3829479,Lorient,Striker,0.2857142857142857,0.7142857142857143,Win,Win
3829479,Lorient,Wide Forward,0.075,0.925,Win,Win
3829506,Guingamp,Center Back,0.7272727272727273,0.2727272727272727,Draw,Non-Win
3829506,Guingamp,Defensive Midfield,0.53125,0.46875,Draw,Non-Win
3829506,Guingamp,Fullback,0.12903225806451613,0.8709677419354839,Draw,Non-Win
3829506,Guingamp,Goalkeeper,0.95,0.05,Draw,Non-Win
3829506,Guingamp,Striker,0.6666666666666666,0.3333333333333333,Draw,Non-Win
3829506,Guingamp,Wide Forward,0.16,0.84,Draw,Non-Win
3829506,Lille,Center Back,0.5189873417721519,0.4810126582278481,Draw,Non-Win
3829506,Lille,Defensive Midfield,0.6724137931034483,0.3275862068965517,Draw,Non-Win
3829506,Lille,Fullback,0.14285714285714285,0.8571428571428571,Draw,Non-Win
3829506,Lille,Goalkeeper,1.0,0.0,Draw,Non-Win
3829506,Lille,Striker,0.2,0.8,Draw,Non-Win
3829506,Lille,Wide Forward,0.22857142857142856,0.7714285714285715,Draw,Non-Win
3829513,Caen,Attacking Midfield,0.5555555555555556,0.4444444444444444,Loss,Non-Win
3829513,Caen,Center Back,0.5,0.5,Loss,Non-Win
3829513,Caen,Defensive Midfield,0.603448275862069,0.39655172413793105,Loss,Non-Win
3829513,Caen,Fullback,0.14285714285714285,0.8571428571428571,Loss,Non-Win
3829513,Caen,Goalkeeper,0.8148148148148148,0.18518518518518517,Loss,Non-Win
3829513,Caen,Striker,0.2222222222222222,0.7777777777777778,Loss,Non-Win
3829513,Caen,Wide Forward,0.4375,0.5625,Loss,Non-Win
3829513,Nantes,Attacking Midfield,0.5294117647058824,0.47058823529411764,Win,Win
3829513,Nantes,Center Back,0.5555555555555556,0.4444444444444444,Win,Win
3829513,Nantes,Defensive Midfield,0.46875,0.53125,Win,Win
3829513,Nantes,Fullback,0.125,0.875,Win,Win
3829513,Nantes,Goalkeeper,0.9411764705882353,0.058823529411764705,Win,Win
3829513,Nantes,Striker,0.23076923076923078,0.7692307692307693,Win,Win
3829513,Nantes,Wide Forward,0.2558139534883721,0.7441860465116279,Win,Win
3829515,Bastia,Attacking Midfield,0.8,0.2,Loss,Non-Win
3829515,Bastia,Center Back,0.7333333333333333,0.26666666666666666,Loss,Non-Win
3829515,Bastia,Defensive Midfield,0.775,0.225,Loss,Non-Win
3829515,Bastia,Fullback,0.12307692307692308,0.8769230769230769,Loss,Non-Win
3829515,Bastia,Goalkeeper,0.975609756097561,0.024390243902439025,Loss,Non-Win
3829515,Bastia,Striker,0.2777777777777778,0.7222222222222222,Loss,Non-Win
3829515,Bastia,Wide Forward,0.4166666666666667,0.5833333333333334,Loss,Non-Win
3829515,Montpellier,Attacking Midfield,0.7777777777777778,0.2222222222222222,Win,Win
3829515,Montpellier,Center Back,0.8,0.2,Win,Win
3829515,Montpellier,Defensive Midfield,0.5333333333333333,0.4666666666666667,Win,Win
3829515,Montpellier,Fullback,0.225,0.775,Win,Win
3829515,Montpellier,Goalkeeper,1.0,0.0,Win,Win
3829515,Montpellier,Striker,0.7142857142857143,0.2857142857142857,Win,Win
3829515,Montpellier,Wide Forward,0.38461538461538464,0.6153846153846154,Win,Win
3829516,Lorient,Center Back,0.6285714285714286,0.37142857142857144,Draw,Non-Win
3829516,Lorient,Defensive Midfield,0.45614035087719296,0.543859649122807,Draw,Non-Win
3829516,Lorient,Fullback,0.10638297872340426,0.8936170212765957,Draw,Non-Win
3829516,Lorient,Goalkeeper,0.8809523809523809,0.11904761904761904,Draw,Non-Win
3829516,Lorient,Striker,0.21739130434782608,0.782608695652174,Draw,Non-Win
3829516,Lorient,Wide Forward,0.4444444444444444,0.5555555555555556,Draw,Non-Win
3829516,Rennes,Attacking Midfield,0.6060606060606061,0.3939393939393939,Draw,Non-Win
3829516,Rennes,Center Back,0.6101694915254238,0.3898305084745763,Draw,Non-Win
3829516,Rennes,Defensive Midfield,0.66,0.34,Draw,Non-Win
3829516,Rennes,Fullback,0.14545454545454545,0.8545454545454545,Draw,Non-Win
3829516,Rennes,Goalkeeper,1.0,0.0,Draw,Non-Win
3829516,Rennes,Striker,0.75,0.25,Draw,Non-Win
3829516,Rennes,Wide Forward,0.48717948717948717,0.5128205128205128,Draw,Non-Win
3829520,AS Monaco,Center Back,0.5434782608695652,0.45652173913043476,Win,Win
3829520,AS Monaco,Central Midfield,0.5517241379310345,0.4482758620689655,Win,Win
3829520,AS Monaco,Defensive Midfield,0.48,0.52,Win,Win
3829520,AS Monaco,Fullback,0.08333333333333333,0.9166666666666666,Win,Win
3829520,AS Monaco,Goalkeeper,0.9459459459459459,0.05405405405405406,Win,Win
3829520,AS Monaco,Striker,0.8461538461538461,0.15384615384615385,Win,Win
3829520,AS Monaco,Wide Forward,0.34210526315789475,0.6578947368421053,Win,Win
3829520,Stade de Reims,Attacking Midfield,0.07142857142857142,0.9285714285714286,Loss,Non-Win
3829520,Stade de Reims,Center Back,0.7868852459016393,0.21311475409836064,Loss,Non-Win
3829520,Stade de Reims,Defensive Midfield,0.5510204081632653,0.4489795918367347,Loss,Non-Win
3829520,Stade de Reims,Fullback,0.11864406779661017,0.8813559322033898,Loss,Non-Win
3829520,Stade de Reims,Goalkeeper,0.9259259259259259,0.07407407407407407,Loss,Non-Win
3829520,Stade de Reims,Striker,0.75,0.25,Loss,Non-Win
3829520,Stade de Reims,Wide Forward,0.34285714285714286,0.6571428571428571,Loss,Non-Win
3829521,Bordeaux,Center Back,0.6296296296296297,0.37037037037037035,Win,Win
3829521,Bordeaux,Central Midfield,0.5,0.5,Win,Win
3829521,Bordeaux,Defensive Midfield,0.5517241379310345,0.4482758620689655,Win,Win
3829521,Bordeaux,Fullback,0.14035087719298245,0.8596491228070176,Win,Win
3829521,Bordeaux,Goalkeeper,1.0,0.0,Win,Win
3829521,Bordeaux,Striker,0.4,0.6,Win,Win
3829521,Bordeaux,Wide Forward,0.3469387755102041,0.6530612244897959,Win,Win
3829521,Troyes,Attacking Midfield,0.6428571428571429,0.35714285714285715,Loss,Non-Win
3829521,Troyes,Center Back,0.6,0.4,Loss,Non-Win
3829521,Troyes,Defensive Midfield,0.6222222222222222,0.37777777777777777,Loss,Non-Win
3829521,Troyes,Fullback,0.16326530612244897,0.8367346938775511,Loss,Non-Win
3829521,Troyes,Goalkeeper,0.9285714285714286,0.07142857142857142,Loss,Non-Win
3829521,Troyes,Striker,0.6,0.4,Loss,Non-Win
3829521,Troyes,Wide Forward,0.42424242424242425,0.5757575757575758,Loss,Non-Win
3835332,Netherlands Women's,Attacking Midfield,0.75,0.25,Win,Win
3835332,Netherlands Women's,Center Back,0.671875,0.328125,Win,Win
3835332,Netherlands Women's,Defensive Midfield,0.7209302325581395,0.27906976744186046,Win,Win
3835332,Netherlands Women's,Fullback,0.07692307692307693,0.9230769230769231,Win,Win
3835332,Netherlands Women's,Goalkeeper,1.0,0.0,Win,Win
3835332,Netherlands Women's,Striker,0.5,0.5,Win,Win
3835332,Netherlands Women's,Wide Forward,0.2857142857142857,0.7142857142857143,Win,Win
3835332,Portugal Women's,Attacking Midfield,0.0,1.0,Loss,Non-Win
3835332,Portugal Women's,Center Back,0.7777777777777778,0.2222222222222222,Loss,Non-Win
3835332,Portugal Women's,Central Midfield,0.5652173913043478,0.43478260869565216,Loss,Non-Win
3835332,Portugal Women's,Defensive Midfield,0.8,0.2,Loss,Non-Win
3835332,Portugal Women's,Fullback,0.12727272727272726,0.8727272727272727,Loss,Non-Win
3835332,Portugal Women's,Goalkeeper,0.9444444444444444,0.05555555555555555,Loss,Non-Win
3835332,Portugal Women's,Striker,0.375,0.625,Loss,Non-Win
3835332,Portugal Women's,Wide Forward,0.06666666666666667,0.9333333333333333,Loss,Non-Win
3835334,Iceland Women's,Center Back,0.6666666666666666,0.3333333333333333,Draw,Non-Win
3835334,Iceland Women's,Central Midfield,0.45454545454545453,0.5454545454545454,Draw,Non-Win
3835334,Iceland Women's,Defensive Midfield,0.5714285714285714,0.42857142857142855,Draw,Non-Win
3835334,Iceland Women's,Fullback,0.08571428571428572,0.9142857142857143,Draw,Non-Win
3835334,Iceland Women's,Goalkeeper,0.8378378378378378,0.16216216216216217,Draw,Non-Win
3835334,Iceland Women's,Striker,0.0,1.0,Draw,Non-Win
3835334,Iceland Women's,Wide Forward,0.2727272727272727,0.7272727272727273,Draw,Non-Win
3835334,Italy Women's,Center Back,0.47761194029850745,0.5223880597014925,Draw,Non-Win
3835334,Italy Women's,Defensive Midfield,0.5,0.5,Draw,Non-Win
3835334,Italy Women's,Fullback,0.08333333333333333,0.9166666666666666,Draw,Non-Win
3835334,Italy Women's,Goalkeeper,1.0,0.0,Draw,Non-Win
3835334,Italy Women's,Striker,0.35,0.65,Draw,Non-Win
3835334,Italy Women's,Wide Forward,0.3103448275862069,0.6896551724137931,Draw,Non-Win
3835337,Denmark Women's,Center Back,0.5,0.5,Loss,Non-Win
3835337,Denmark Women's,Central Midfield,0.7727272727272727,0.22727272727272727,Loss,Non-Win
3835337,Denmark Women's,Fullback,0.2222222222222222,0.7777777777777778,Loss,Non-Win
3835337,Denmark Women's,Goalkeeper,0.9259259259259259,0.07407407407407407,Loss,Non-Win
3835337,Denmark Women's,Striker,0.7142857142857143,0.2857142857142857,Loss,Non-Win
3835337,Denmark Women's,Wide Forward,0.5333333333333333,0.4666666666666667,Loss,Non-Win
3835337,Spain Women's,Center Back,0.6638655462184874,0.33613445378151263,Win,Win
3835337,Spain Women's,Central Midfield,0.46153846153846156,0.5384615384615384,Win,Win
3835337,Spain Women's,Defensive Midfield,0.71875,0.28125,Win,Win
3835337,Spain Women's,Fullback,0.14754098360655737,0.8524590163934426,Win,Win
3835337,Spain Women's,Goalkeeper,0.9166666666666666,0.08333333333333333,Win,Win
3835337,Spain Women's,Striker,0.0,1.0,Win,Win
3835337,Spain Women's,Wide Forward,0.35714285714285715,0.6428571428571429,Win,Win
3837839,Paris Saint-Germain,Attacking Midfield,0.6875,0.3125,Draw,Non-Win
3837839,Paris Saint-Germain,Center Back,0.803030303030303,0.19696969696969696,Draw,Non-Win
3837839,Paris Saint-Germain,Central Midfield,0.5789473684210527,0.42105263157894735,Draw,Non-Win
3837839,Paris Saint-Germain,Defensive Midfield,0.6666666666666666,0.3333333333333333,Draw,Non-Win
3837839,Paris Saint-Germain,Fullback,0.05263157894736842,0.9473684210526315,Draw,Non-Win
3837839,Paris Saint-Germain,Goalkeeper,0.967741935483871,0.03225806451612903,Draw,Non-Win
3837839,Paris Saint-Germain,Striker,0.3684210526315789,0.631578947368421,Draw,Non-Win
3837839,Paris Saint-Germain,Wide Forward,0.55,0.45,Draw,Non-Win
3837839,Stade de Reims,Center Back,0.5,0.5,Draw,Non-Win
3837839,Stade de Reims,Central Midfield,0.6571428571428571,0.34285714285714286,Draw,Non-Win
3837839,Stade de Reims,Defensive Midfield,0.8888888888888888,0.1111111111111111,Draw,Non-Win
3837839,Stade de Reims,Fullback,0.2682926829268293,0.7317073170731707,Draw,Non-Win
3837839,Stade de Reims,Goalkeeper,1.0,0.0,Draw,Non-Win
3837839,Stade de Reims,Striker,1.0,0.0,Draw,Non-Win
3837839,Stade de Reims,Wide Forward,0.33962264150943394,0.660377358490566,Draw,Non-Win
3837918,Paris Saint-Germain,Center Back,0.6736842105263158,0.3263157894736842,Loss,Non-Win
3837918,Paris Saint-Germain,Central Midfield,0.575,0.425,Loss,Non-Win
3837918,Paris Saint-Germain,Defensive Midfield,0.7058823529411765,0.29411764705882354,Loss,Non-Win
3837918,Paris Saint-Germain,Fullback,0.2222222222222222,0.7777777777777778,Loss,Non-Win
3837918,Paris Saint-Germain,Goalkeeper,0.8333333333333334,0.16666666666666666,Loss,Non-Win
3837918,Paris Saint-Germain,Striker,0.7222222222222222,0.2777777777777778,Loss,Non-Win
3837918,Paris Saint-Germain,Wide Forward,0.7857142857142857,0.21428571428571427,Loss,Non-Win
3837918,Rennes,Center Back,0.41818181818181815,0.5818181818181818,Win,Win
3837918,Rennes,Defensive Midfield,0.6585365853658537,0.34146341463414637,Win,Win
3837918,Rennes,Fullback,0.11428571428571428,0.8857142857142857,Win,Win
3837918,Rennes,Goalkeeper,1.0,0.0,Win,Win
3837918,Rennes,Striker,0.5,0.5,Win,Win
3837918,Rennes,Wide Forward,0.4230769230769231,0.5769230769230769,Win,Win
3837947,Lens,Attacking Midfield,0.0,1.0,Loss,Non-Win
3837947,Lens,Center Back,0.6212121212121212,0.3787878787878788,Loss,Non-Win
3837947,Lens,Central Midfield,0.5769230769230769,0.4230769230769231,Loss,Non-Win
3837947,Lens,Defensive Midfield,0.75,0.25,Loss,Non-Win
3837947,Lens,Fullback,0.19230769230769232,0.8076923076923077,Loss,Non-Win
3837947,Lens,Goalkeeper,1.0,0.0,Loss,Non-Win
3837947,Lens,Striker,0.6,0.4,Loss,Non-Win
3837947,Lens,Wide Forward,0.6,0.4,Loss,Non-Win
3837947,Paris Saint-Germain,Center Back,0.782608695652174,0.21739130434782608,Win,Win
3837947,Paris Saint-Germain,Central Midfield,0.4,0.6,Win,Win
3837947,Paris Saint-Germain,Defensive Midfield,0.6829268292682927,0.3170731707317073,Win,Win
3837947,Paris Saint-Germain,Fullback,0.2222222222222222,0.7777777777777778,Win,Win
3837947,Paris Saint-Germain,Goalkeeper,1.0,0.0,Win,Win
3837947,Paris Saint-Germain,Striker,0.5777777777777777,0.4222222222222222,Win,Win
3837947,Paris Saint-Germain,Wide Forward,0.6363636363636364,0.36363636363636365,Win,Win
3844384,England Women's,Attacking Midfield,0.3333333333333333,0.6666666666666666,Win,Win
3844384,England Women's,Center Back,0.6666666666666666,0.3333333333333333,Win,Win
3844384,England Women's,Defensive Midfield,0.631578947368421,0.3684210526315789,Win,Win
3844384,England Women's,Fullback,0.08333333333333333,0.9166666666666666,Win,Win
3844384,England Women's,Goalkeeper,1.0,0.0,Win,Win
3844384,England Women's,Striker,0.8,0.2,Win,Win
3844384,England Women's,Wide Forward,0.06666666666666667,0.9333333333333333,Win,Win
3844384,Spain Women's,Attacking Midfield,0.8181818181818182,0.18181818181818182,Loss,Non-Win
3844384,Spain Women's,Center Back,0.5154639175257731,0.4845360824742268,Loss,Non-Win
3844384,Spain Women's,Central Midfield,0.8235294117647058,0.17647058823529413,Loss,Non-Win
3844384,Spain Women's,Defensive Midfield,0.6176470588235294,0.38235294117647056,Loss,Non-Win
3844384,Spain Women's,Fullback,0.20754716981132076,0.7924528301886793,Loss,Non-Win
3844384,Spain Women's,Goalkeeper,0.9354838709677419,0.06451612903225806,Loss,Non-Win
3844384,Spain Women's,Striker,0.5,0.5,Loss,Non-Win
3844384,Spain Women's,Wide Forward,0.15151515151515152,0.8484848484848485,Loss,Non-Win
3845507,France Women's,Attacking Midfield,0.5833333333333334,0.4166666666666667,Loss,Non-Win
3845507,France Women's,Center Back,0.6779661016949152,0.3220338983050847,Loss,Non-Win
3845507,France Women's,Defensive Midfield,0.6666666666666666,0.3333333333333333,Loss,Non-Win
3845507,France Women's,Fullback,0.14545454545454545,0.8545454545454545,Loss,Non-Win
3845507,France Women's,Goalkeeper,0.9523809523809523,0.047619047619047616,Loss,Non-Win
3845507,France Women's,Striker,0.6666666666666666,0.3333333333333333,Loss,Non-Win
3845507,France Women's,Wide Forward,0.10256410256410256,0.8974358974358975,Loss,Non-Win
3845507,Germany Women's,Center Back,0.4714285714285714,0.5285714285714286,Win,Win
3845507,Germany Women's,Central Midfield,0.38095238095238093,0.6190476190476191,Win,Win
3845507,Germany Women's,Defensive Midfield,0.36363636363636365,0.6363636363636364,Win,Win
3845507,Germany Women's,Fullback,0.08,0.92,Win,Win
3845507,Germany Women's,Goalkeeper,0.96,0.04,Win,Win
3845507,Germany Women's,Striker,0.7142857142857143,0.2857142857142857,Win,Win
3845507,Germany Women's,Wide Forward,0.36666666666666664,0.6333333333333333,Win,Win
3847567,England Women's,Attacking Midfield,0.8181818181818182,0.18181818181818182,Win,Win
3847567,England Women's,Center Back,0.676923076923077,0.3230769230769231,Win,Win
3847567,England Women's,Defensive Midfield,0.59375,0.40625,Win,Win
3847567,England Women's,Fullback,0.13333333333333333,0.8666666666666667,Win,Win
3847567,England Women's,Goalkeeper,1.0,0.0,Win,Win
3847567,England Women's,Striker,0.42857142857142855,0.5714285714285714,Win,Win
3847567,England Women's,Wide Forward,0.2727272727272727,0.7272727272727273,Win,Win
3847567,Germany Women's,Attacking Midfield,0.0,1.0,Loss,Non-Win
3847567,Germany Women's,Center Back,0.5454545454545454,0.45454545454545453,Loss,Non-Win
3847567,Germany Women's,Central Midfield,0.35714285714285715,0.6428571428571429,Loss,Non-Win
3847567,Germany Women's,Defensive Midfield,0.5416666666666666,0.4583333333333333,Loss,Non-Win
3847567,Germany Women's,Fullback,0.2619047619047619,0.7380952380952381,Loss,Non-Win
3847567,Germany Women's,Goalkeeper,0.8928571428571429,0.10714285714285714,Loss,Non-Win
3847567,Germany Women's,Striker,0.5,0.5,Loss,Non-Win
3847567,Germany Women's,Wide Forward,0.3333333333333333,0.6666666666666666,Loss,Non-Win
3857257,Australia,Attacking Midfield,0.8,0.2,Win,Win
3857257,Australia,Center Back,0.5882352941176471,0.4117647058823529,Win,Win
3857257,Australia,Defensive Midfield,0.5,0.5,Win,Win
3857257,Australia,Fullback,0.17073170731707318,0.8292682926829268,Win,Win
3857257,Australia,Goalkeeper,0.972972972972973,0.02702702702702703,Win,Win
3857257,Australia,Striker,0.5333333333333333,0.4666666666666667,Win,Win
3857257,Australia,Wide Forward,0.3448275862068966,0.6551724137931034,Win,Win
3857257,Denmark,Center Back,0.6666666666666666,0.3333333333333333,Loss,Non-Win
3857257,Denmark,Central Midfield,0.5862068965517241,0.41379310344827586,Loss,Non-Win
3857257,Denmark,Defensive Midfield,0.6097560975609756,0.3902439024390244,Loss,Non-Win
3857257,Denmark,Fullback,0.12280701754385964,0.8771929824561403,Loss,Non-Win
3857257,Denmark,Goalkeeper,0.9629629629629629,0.037037037037037035,Loss,Non-Win
3857257,Denmark,Striker,1.0,0.0,Loss,Non-Win
3857257,Denmark,Wide Forward,0.12903225806451613,0.8709677419354839,Loss,Non-Win
3857270,Portugal,Attacking Midfield,0.6363636363636364,0.36363636363636365,Win,Win
3857270,Portugal,Center Back,0.5384615384615384,0.46153846153846156,Win,Win
3857270,Portugal,Central Midfield,0.6923076923076923,0.3076923076923077,Win,Win
3857270,Portugal,Defensive Midfield,0.7894736842105263,0.21052631578947367,Win,Win
3857270,Portugal,Fullback,0.0975609756097561,0.9024390243902439,Win,Win
3857270,Portugal,Goalkeeper,1.0,0.0,Win,Win
3857270,Portugal,Striker,0.6428571428571429,0.35714285714285715,Win,Win
3857270,Portugal,Wide Forward,0.47058823529411764,0.5294117647058824,Win,Win
3857270,Uruguay,Center Back,0.7638888888888888,0.2361111111111111,Loss,Non-Win
3857270,Uruguay,Central Midfield,0.5,0.5,Loss,Non-Win
3857270,Uruguay,Defensive Midfield,0.574468085106383,0.425531914893617,Loss,Non-Win
3857270,Uruguay,Fullback,0.13043478260869565,0.8695652173913043,Loss,Non-Win
3857270,Uruguay,Goalkeeper,1.0,0.0,Loss,Non-Win
3857270,Uruguay,Striker,0.375,0.625,Loss,Non-Win
3857270,Uruguay,Wide Forward,0.3333333333333333,0.6666666666666666,Loss,Non-Win
3857272,England,Attacking Midfield,0.14285714285714285,0.8571428571428571,Draw,Non-Win
3857272,England,Center Back,0.7195121951219512,0.2804878048780488,Draw,Non-Win
3857272,England,Defensive Midfield,0.5357142857142857,0.4642857142857143,Draw,Non-Win
3857272,England,Fullback,0.14035087719298245,0.8596491228070176,Draw,Non-Win
3857272,England,Goalkeeper,1.0,0.0,Draw,Non-Win
3857272,England,Striker,0.8571428571428571,0.14285714285714285,Draw,Non-Win
3857272,England,Wide Forward,0.5,0.5,Draw,Non-Win
3857272,United States,Center Back,0.6956521739130435,0.30434782608695654,Draw,Non-Win
3857272,United States,Defensive Midfield,0.48148148148148145,0.5185185185185185,Draw,Non-Win
3857272,United States,Fullback,0.1956521739130435,0.8043478260869565,Draw,Non-Win
3857272,United States,Goalkeeper,0.92,0.08,Draw,Non-Win
3857272,United States,Striker,0.25,0.75,Draw,Non-Win
3857272,United States,Wide Forward,0.4146341463414634,0.5853658536585366,Draw,Non-Win
3857275,France,Attacking Midfield,0.8,0.2,Loss,Non-Win
3857275,France,Center Back,0.75,0.25,Loss,Non-Win
3857275,France,Central Midfield,0.5384615384615384,0.46153846153846156,Loss,Non-Win
3857275,France,Defensive Midfield,0.84375,0.15625,Loss,Non-Win
3857275,France,Fullback,0.16326530612244897,0.8367346938775511,Loss,Non-Win
3857275,France,Goalkeeper,1.0,0.0,Loss,Non-Win
3857275,France,Striker,0.0,1.0,Loss,Non-Win
3857275,France,Wide Forward,0.3333333333333333,0.6666666666666666,Loss,Non-Win
3857275,Tunisia,Attacking Midfield,0.47058823529411764,0.5294117647058824,Win,Win
3857275,Tunisia,Center Back,0.5106382978723404,0.48936170212765956,Win,Win
3857275,Tunisia,Defensive Midfield,0.6410256410256411,0.358974358974359,Win,Win
3857275,Tunisia,Fullback,0.06976744186046512,0.9302325581395349,Win,Win
3857275,Tunisia,Goalkeeper,0.9230769230769231,0.07692307692307693,Win,Win
3857275,Tunisia,Striker,0.7777777777777778,0.2222222222222222,Win,Win
3857278,Iran,Attacking Midfield,0.75,0.25,Loss,Non-Win
3857278,Iran,Center Back,0.578125,0.421875,Loss,Non-Win
3857278,Iran,Central Midfield,0.5,0.5,Loss,Non-Win
3857278,Iran,Defensive Midfield,0.7575757575757576,0.24242424242424243,Loss,Non-Win
3857278,Iran,Fullback,0.06153846153846154,0.9384615384615385,Loss,Non-Win
3857278,Iran,Goalkeeper,0.95,0.05,Loss,Non-Win
3857278,Iran,Striker,0.5555555555555556,0.4444444444444444,Loss,Non-Win
3857278,Iran,Wide Forward,0.38461538461538464,0.6153846153846154,Loss,Non-Win
3857278,United States,Center Back,0.5802469135802469,0.41975308641975306,Win,Win
3857278,United States,Central Midfield,0.5333333333333333,0.4666666666666667,Win,Win
3857278,United States,Defensive Midfield,0.6153846153846154,0.38461538461538464,Win,Win
3857278,United States,Fullback,0.11764705882352941,0.8823529411764706,Win,Win
3857278,United States,Goalkeeper,0.9565217391304348,0.043478260869565216,Win,Win
3857278,United States,Striker,0.5714285714285714,0.42857142857142855,Win,Win
3857278,United States,Wide Forward,0.5882352941176471,0.4117647058823529,Win,Win
3857287,South Korea,Attacking Midfield,0.2727272727272727,0.7272727272727273,Draw,Non-Win
3857287,South Korea,Center Back,0.5,0.5,Draw,Non-Win
3857287,South Korea,Defensive Midfield,0.6585365853658537,0.34146341463414637,Draw,Non-Win
3857287,South Korea,Fullback,0.09375,0.90625,Draw,Non-Win
3857287,South Korea,Goalkeeper,0.8888888888888888,0.1111111111111111,Draw,Non-Win
3857287,South Korea,Striker,0.3333333333333333,0.6666666666666666,Draw,Non-Win
3857287,South Korea,Wide Forward,0.25,0.75,Draw,Non-Win
3857287,Uruguay,Center Back,0.6515151515151515,0.3484848484848485,Draw,Non-Win
3857287,Uruguay,Central Midfield,0.6666666666666666,0.3333333333333333,Draw,Non-Win
3857287,Uruguay,Defensive Midfield,0.6511627906976745,0.3488372093023256,Draw,Non-Win
3857287,Uruguay,Fullback,0.36363636363636365,0.6363636363636364,Draw,Non-Win
3857287,Uruguay,Goalkeeper,0.9411764705882353,0.058823529411764705,Draw,Non-Win
3857287,Uruguay,Striker,0.375,0.625,Draw,Non-Win
3857287,Uruguay,Wide Forward,0.4117647058823529,0.5882352941176471,Draw,Non-Win
3857289,Argentina,Center Back,0.5,0.5,Win,Win
3857289,Argentina,Central Midfield,0.4,0.6,Win,Win
3857289,Argentina,Defensive Midfield,0.7017543859649122,0.2982456140350877,Win,Win
3857289,Argentina,Fullback,0.09090909090909091,0.9090909090909091,Win,Win
3857289,Argentina,Goalkeeper,0.9444444444444444,0.05555555555555555,Win,Win
3857289,Argentina,Striker,0.6363636363636364,0.36363636363636365,Win,Win
3857289,Argentina,Wide Forward,0.2916666666666667,0.7083333333333334,Win,Win
3857289,Mexico,Attacking Midfield,0.5,0.5,Loss,Non-Win
3857289,Mexico,Center Back,0.39436619718309857,0.6056338028169014,Loss,Non-Win
3857289,Mexico,Central Midfield,0.5,0.5,Loss,Non-Win
3857289,Mexico,Defensive Midfield,0.5,0.5,Loss,Non-Win
3857289,Mexico,Fullback,0.19047619047619047,0.8095238095238095,Loss,Non-Win
3857289,Mexico,Goalkeeper,0.9523809523809523,0.047619047619047616,Loss,Non-Win
3857289,Mexico,Striker,0.3684210526315789,0.631578947368421,Loss,Non-Win
3857289,Mexico,Wide Forward,0.0,1.0,Loss,Non-Win
3857293,Ghana,Attacking Midfield,0.6666666666666666,0.3333333333333333,Loss,Non-Win
3857293,Ghana,Center Back,0.696969696969697,0.30303030303030304,Loss,Non-Win
3857293,Ghana,Defensive Midfield,0.6615384615384615,0.3384615384615385,Loss,Non-Win
3857293,Ghana,Fullback,0.08163265306122448,0.9183673469387755,Loss,Non-Win
3857293,Ghana,Goalkeeper,0.9565217391304348,0.043478260869565216,Loss,Non-Win
3857293,Ghana,Striker,0.8,0.2,Loss,Non-Win
3857293,Ghana,Wide Forward,0.21428571428571427,0.7857142857142857,Loss,Non-Win
3857293,Uruguay,Center Back,0.6944444444444444,0.3055555555555556,Win,Win
3857293,Uruguay,Defensive Midfield,0.5,0.5,Win,Win
3857293,Uruguay,Fullback,0.1111111111111111,0.8888888888888888,Win,Win
3857293,Uruguay,Goalkeeper,0.9583333333333334,0.041666666666666664,Win,Win
3857293,Uruguay,Striker,0.4666666666666667,0.5333333333333333,Win,Win
3857293,Uruguay,Wide Forward,0.5666666666666667,0.43333333333333335,Win,Win
3857297,Poland,Attacking Midfield,0.42857142857142855,0.5714285714285714,Win,Win
3857297,Poland,Center Back,0.6363636363636364,0.36363636363636365,Win,Win
3857297,Poland,Defensive Midfield,0.7083333333333334,0.2916666666666667,Win,Win
3857297,Poland,Fullback,0.06451612903225806,0.9354838709677419,Win,Win
3857297,Poland,Goalkeeper,0.9722222222222222,0.027777777777777776,Win,Win
3857297,Poland,Striker,0.46153846153846156,0.5384615384615384,Win,Win
3857297,Poland,Wide Forward,0.5555555555555556,0.4444444444444444,Win,Win
3857297,Saudi Arabia,Attacking Midfield,0.45454545454545453,0.5454545454545454,Loss,Non-Win
3857297,Saudi Arabia,Center Back,0.5147058823529411,0.4852941176470588,Loss,Non-Win
3857297,Saudi Arabia,Defensive Midfield,0.5370370370370371,0.46296296296296297,Loss,Non-Win
3857297,Saudi Arabia,Fullback,0.1509433962264151,0.8490566037735849,Loss,Non-Win
3857297,Saudi Arabia,Goalkeeper,0.9285714285714286,0.07142857142857142,Loss,Non-Win
3857297,Saudi Arabia,Striker,0.6666666666666666,0.3333333333333333,Loss,Non-Win
3857297,Saudi Arabia,Wide Forward,0.42424242424242425,0.5757575757575758,Loss,Non-Win
3857299,Ghana,Attacking Midfield,0.4,0.6,Win,Win
3857299,Ghana,Center Back,0.37209302325581395,0.627906976744186,Win,Win
3857299,Ghana,Defensive Midfield,0.59375,0.40625,Win,Win
3857299,Ghana,Fullback,0.0625,0.9375,Win,Win
3857299,Ghana,Goalkeeper,1.0,0.0,Win,Win
3857299,Ghana,Striker,0.0,1.0,Win,Win
3857299,Ghana,Wide Forward,0.2222222222222222,0.7777777777777778,Win,Win
3857299,South Korea,Attacking Midfield,0.4,0.6,Loss,Non-Win
3857299,South Korea,Center Back,0.5365853658536586,0.4634146341463415,Loss,Non-Win
3857299,South Korea,Defensive Midfield,0.48717948717948717,0.5128205128205128,Loss,Non-Win
3857299,South Korea,Fullback,0.16666666666666666,0.8333333333333334,Loss,Non-Win
3857299,South Korea,Goalkeeper,0.9333333333333333,0.06666666666666667,Loss,Non-Win
3857299,South Korea,Striker,0.5,0.5,Loss,Non-Win
3857299,South Korea,Wide Forward,0.4583333333333333,0.5416666666666666,Loss,Non-Win
3857301,Qatar,Center Back,0.5411764705882353,0.4588235294117647,Loss,Non-Win
3857301,Qatar,Central Midfield,0.5641025641025641,0.4358974358974359,Loss,Non-Win
3857301,Qatar,Defensive Midfield,0.7777777777777778,0.2222222222222222,Loss,Non-Win
3857301,Qatar,Fullback,0.14814814814814814,0.8518518518518519,Loss,Non-Win
3857301,Qatar,Goalkeeper,0.9473684210526315,0.05263157894736842,Loss,Non-Win
3857301,Qatar,Striker,0.46153846153846156,0.5384615384615384,Loss,Non-Win
3857301,Senegal,Attacking Midfield,0.0,1.0,Win,Win
3857301,Senegal,Center Back,0.651685393258427,0.34831460674157305,Win,Win
3857301,Senegal,Central Midfield,0.3333333333333333,0.6666666666666666,Win,Win
3857301,Senegal,Defensive Midfield,0.6333333333333333,0.36666666666666664,Win,Win
3857301,Senegal,Fullback,0.041666666666666664,0.9583333333333334,Win,Win
3857301,Senegal,Goalkeeper,0.9523809523809523,0.047619047619047616,Win,Win
3857301,Senegal,Wide Forward,0.23529411764705882,0.7647058823529411,Win,Win
3869117,Netherlands,Attacking Midfield,0.4444444444444444,0.5555555555555556,Win,Win
3869117,Netherlands,Center Back,0.5333333333333333,0.4666666666666667,Win,Win
3869117,Netherlands,Defensive Midfield,0.5,0.5,Win,Win
3869117,Netherlands,Fullback,0.12244897959183673,0.8775510204081632,Win,Win
3869117,Netherlands,Goalkeeper,1.0,0.0,Win,Win
3869117,Netherlands,Striker,0.6153846153846154,0.38461538461538464,Win,Win
3869117,United States,Center Back,0.7951807228915663,0.20481927710843373,Loss,Non-Win
3869117,United States,Central Midfield,0.4772727272727273,0.5227272727272727,Loss,Non-Win
3869117,United States,Defensive Midfield,0.7297297297297297,0.2702702702702703,Loss,Non-Win
3869117,United States,Fullback,0.3114754098360656,0.6885245901639344,Loss,Non-Win
3869117,United States,Goalkeeper,1.0,0.0,Loss,Non-Win
3869117,United States,Striker,0.25,0.75,Loss,Non-Win
3869117,United States,Wide Forward,0.6060606060606061,0.3939393939393939,Loss,Non-Win
3869118,England,Center Back,0.5714285714285714,0.42857142857142855,Win,Win
3869118,England,Central Midfield,0.25,0.75,Win,Win
3869118,England,Defensive Midfield,0.6666666666666666,0.3333333333333333,Win,Win
3869118,England,Fullback,0.27450980392156865,0.7254901960784313,Win,Win
3869118,England,Goalkeeper,0.9696969696969697,0.030303030303030304,Win,Win
3869118,England,Striker,0.46153846153846156,0.5384615384615384,Win,Win
3869118,England,Wide Forward,0.2608695652173913,0.7391304347826086,Win,Win
3869118,Senegal,Attacking Midfield,0.5555555555555556,0.4444444444444444,Loss,Non-Win
3869118,Senegal,Center Back,0.6081081081081081,0.3918918918918919,Loss,Non-Win
3869118,Senegal,Defensive Midfield,0.5333333333333333,0.4666666666666667,Loss,Non-Win
3869118,Senegal,Fullback,0.15151515151515152,0.8484848484848485,Loss,Non-Win
3869118,Senegal,Goalkeeper,1.0,0.0,Loss,Non-Win
3869118,Senegal,Striker,0.5,0.5,Loss,Non-Win
3869118,Senegal,Wide Forward,0.25,0.75,Loss,Non-Win
3869219,Croatia,Center Back,0.7766990291262136,0.22330097087378642,Draw,Non-Win
3869219,Croatia,Central Midfield,0.6724137931034483,0.3275862068965517,Draw,Non-Win
3869219,Croatia,Defensive Midfield,0.5,0.5,Draw,Non-Win
3869219,Croatia,Fullback,0.1076923076923077,0.8923076923076924,Draw,Non-Win
3869219,Croatia,Goalkeeper,1.0,0.0,Draw,Non-Win
3869219,Croatia,Striker,0.3333333333333333,0.6666666666666666,Draw,Non-Win
3869219,Croatia,Wide Forward,0.4,0.6,Draw,Non-Win
3869219,Japan,Center Back,0.5384615384615384,0.46153846153846156,Draw,Non-Win
3869219,Japan,Defensive Midfield,0.7021276595744681,0.2978723404255319,Draw,Non-Win
3869219,Japan,Fullback,0.15384615384615385,0.8461538461538461,Draw,Non-Win
3869219,Japan,Goalkeeper,0.90625,0.09375,Draw,Non-Win
3869219,Japan,Striker,0.6666666666666666,0.3333333333333333,Draw,Non-Win
3869219,Japan,Wide Forward,0.5277777777777778,0.4722222222222222,Draw,Non-Win
3869486,Morocco,Center Back,0.625,0.375,Win,Win
3869486,Morocco,Central Midfield,0.6363636363636364,0.36363636363636365,Win,Win
3869486,Morocco,Defensive Midfield,0.631578947368421,0.3684210526315789,Win,Win
3869486,Morocco,Fullback,0.08823529411764706,0.9117647058823529,Win,Win
3869486,Morocco,Goalkeeper,1.0,0.0,Win,Win
3869486,Morocco,Striker,0.42857142857142855,0.5714285714285714,Win,Win
3869486,Morocco,Wide Forward,0.38461538461538464,0.6153846153846154,Win,Win
3869486,Portugal,Attacking Midfield,1.0,0.0,Loss,Non-Win
3869486,Portugal,Center Back,0.75,0.25,Loss,Non-Win
3869486,Portugal,Central Midfield,0.75,0.25,Loss,Non-Win
3869486,Portugal,Defensive Midfield,0.7272727272727273,0.2727272727272727,Loss,Non-Win
3869486,Portugal,Fullback,0.3111111111111111,0.6888888888888889,Loss,Non-Win
3869486,Portugal,Goalkeeper,0.8571428571428571,0.14285714285714285,Loss,Non-Win
3869486,Portugal,Striker,0.5,0.5,Loss,Non-Win
3869486,Portugal,Wide Forward,0.48717948717948717,0.5128205128205128,Loss,Non-Win
3869684,Croatia,Attacking Midfield,0.625,0.375,Win,Win
3869684,Croatia,Center Back,0.6181818181818182,0.38181818181818183,Win,Win
3869684,Croatia,Defensive Midfield,0.5689655172413793,0.43103448275862066,Win,Win
3869684,Croatia,Fullback,0.15625,0.84375,Win,Win
3869684,Croatia,Goalkeeper,1.0,0.0,Win,Win
3869684,Croatia,Striker,0.5714285714285714,0.42857142857142855,Win,Win
3869684,Croatia,Wide Forward,0.5454545454545454,0.45454545454545453,Win,Win
3869684,Morocco,Center Back,0.6101694915254238,0.3898305084745763,Loss,Non-Win
3869684,Morocco,Central Midfield,0.42857142857142855,0.5714285714285714,Loss,Non-Win
3869684,Morocco,Defensive Midfield,0.6666666666666666,0.3333333333333333,Loss,Non-Win
3869684,Morocco,Fullback,0.1794871794871795,0.8205128205128205,Loss,Non-Win
3869684,Morocco,Goalkeeper,0.9285714285714286,0.07142857142857142,Loss,Non-Win
3869684,Morocco,Striker,0.0,1.0,Loss,Non-Win
3869684,Morocco,Wide Forward,0.2702702702702703,0.7297297297297297,Loss,Non-Win
3877060,Inter Miami,Center Back,0.45454545454545453,0.5454545454545454,Win,Win
3877060,Inter Miami,Defensive Midfield,0.6470588235294118,0.35294117647058826,Win,Win
3877060,Inter Miami,Fullback,0.1276595744680851,0.8723404255319149,Win,Win
3877060,Inter Miami,Goalkeeper,0.95,0.05,Win,Win
3877060,Inter Miami,Striker,0.6666666666666666,0.3333333333333333,Win,Win
3877060,Inter Miami,Wide Forward,0.43478260869565216,0.5652173913043478,Win,Win
3877060,New York Red Bulls,Attacking Midfield,0.3333333333333333,0.6666666666666666,Loss,Non-Win
3877060,New York Red Bulls,Center Back,0.6046511627906976,0.3953488372093023,Loss,Non-Win
3877060,New York Red Bulls,Central Midfield,0.8181818181818182,0.18181818181818182,Loss,Non-Win
3877060,New York Red Bulls,Defensive Midfield,0.6,0.4,Loss,Non-Win
3877060,New York Red Bulls,Fullback,0.23076923076923078,0.7692307692307693,Loss,Non-Win
3877060,New York Red Bulls,Goalkeeper,0.95,0.05,Loss,Non-Win
3877060,New York Red Bulls,Striker,1.0,0.0,Loss,Non-Win
3877060,New York Red Bulls,Wide Forward,0.5238095238095238,0.47619047619047616,Loss,Non-Win
3877072,Inter Miami,Center Back,0.6153846153846154,0.38461538461538464,Draw,Non-Win
3877072,Inter Miami,Defensive Midfield,0.8166666666666667,0.18333333333333332,Draw,Non-Win
3877072,Inter Miami,Fullback,0.2702702702702703,0.7297297297297297,Draw,Non-Win
3877072,Inter Miami,Goalkeeper,1.0,0.0,Draw,Non-Win
3877072,Inter Miami,Striker,0.8108108108108109,0.1891891891891892,Draw,Non-Win
3877072,Inter Miami,Wide Forward,0.6,0.4,Draw,Non-Win
3877072,Nashville SC,Attacking Midfield,0.0,1.0,Draw,Non-Win
3877072,Nashville SC,Center Back,0.5789473684210527,0.42105263157894735,Draw,Non-Win
3877072,Nashville SC,Central Midfield,1.0,0.0,Draw,Non-Win
3877072,Nashville SC,Defensive Midfield,0.6764705882352942,0.3235294117647059,Draw,Non-Win
3877072,Nashville SC,Fullback,0.17857142857142858,0.8214285714285714,Draw,Non-Win
3877072,Nashville SC,Goalkeeper,1.0,0.0,Draw,Non-Win
3877072,Nashville SC,Striker,0.5294117647058824,0.47058823529411764,Draw,Non-Win
3877072,Nashville SC,Wide Forward,0.6666666666666666,0.3333333333333333,Draw,Non-Win
3877090,Inter Miami,Center Back,0.5409836065573771,0.45901639344262296,Win,Win
3877090,Inter Miami,Central Midfield,0.625,0.375,Win,Win
3877090,Inter Miami,Defensive Midfield,0.7142857142857143,0.2857142857142857,Win,Win
3877090,Inter Miami,Fullback,0.058823529411764705,0.9411764705882353,Win,Win
3877090,Inter Miami,Goalkeeper,0.9259259259259259,0.07407407407407407,Win,Win
3877090,Inter Miami,Striker,0.7586206896551724,0.2413793103448276,Win,Win
3877090,LAFC,Center Back,0.46808510638297873,0.5319148936170213,Loss,Non-Win
3877090,LAFC,Central Midfield,0.6428571428571429,0.35714285714285715,Loss,Non-Win
3877090,LAFC,Defensive Midfield,0.7241379310344828,0.27586206896551724,Loss,Non-Win
3877090,LAFC,Fullback,0.2553191489361702,0.7446808510638298,Loss,Non-Win
3877090,LAFC,Goalkeeper,1.0,0.0,Loss,Non-Win
3877090,LAFC,Striker,1.0,0.0,Loss,Non-Win
3877090,LAFC,Wide Forward,0.47619047619047616,0.5238095238095238,Loss,Non-Win
3877115,Inter Miami,Center Back,0.6794871794871795,0.32051282051282054,Win,Win
3877115,Inter Miami,Central Midfield,0.6739130434782609,0.32608695652173914,Win,Win
3877115,Inter Miami,Defensive Midfield,0.9166666666666666,0.08333333333333333,Win,Win
3877115,Inter Miami,Fullback,0.1794871794871795,0.8205128205128205,Win,Win
3877115,Inter Miami,Goalkeeper,1.0,0.0,Win,Win
3877115,Inter Miami,Striker,0.7916666666666666,0.20833333333333334,Win,Win
3877115,Inter Miami,Wide Forward,0.26666666666666666,0.7333333333333333,Win,Win
3877115,Toronto FC,Center Back,0.8709677419354839,0.12903225806451613,Loss,Non-Win
3877115,Toronto FC,Central Midfield,0.6666666666666666,0.3333333333333333,Loss,Non-Win
3877115,Toronto FC,Defensive Midfield,0.6785714285714286,0.32142857142857145,Loss,Non-Win
3877115,Toronto FC,Fullback,0.3541666666666667,0.6458333333333334,Loss,Non-Win
3877115,Toronto FC,Goalkeeper,1.0,0.0,Loss,Non-Win
3877115,Toronto FC,Striker,1.0,0.0,Loss,Non-Win
3877115,Toronto FC,Wide Forward,0.47058823529411764,0.5294117647058824,Loss,Non-Win
3877194,Charlotte,Center Back,0.55,0.45,Win,Win
3877194,Charlotte,Central Midfield,0.4166666666666667,0.5833333333333334,Win,Win
3877194,Charlotte,Defensive Midfield,0.6,0.4,Win,Win
3877194,Charlotte,Fullback,0.2903225806451613,0.7096774193548387,Win,Win
3877194,Charlotte,Goalkeeper,0.9,0.1,Win,Win
3877194,Charlotte,Striker,0.5714285714285714,0.42857142857142855,Win,Win
3877194,Charlotte,Wide Forward,0.08695652173913043,0.9130434782608695,Win,Win
3877194,Inter Miami,Center Back,0.421875,0.578125,Loss,Non-Win
3877194,Inter Miami,Central Midfield,0.7142857142857143,0.2857142857142857,Loss,Non-Win
3877194,Inter Miami,Defensive Midfield,0.8275862068965517,0.1724137931034483,Loss,Non-Win
3877194,Inter Miami,Fullback,0.14285714285714285,0.8571428571428571,Loss,Non-Win
3877194,Inter Miami,Goalkeeper,1.0,0.0,Loss,Non-Win
3877194,Inter Miami,Striker,1.0,0.0,Loss,Non-Win
3877194,Inter Miami,Wide Forward,0.7037037037037037,0.2962962962962963,Loss,Non-Win
3878541,AS Roma,Center Back,0.7962962962962963,0.2037037037037037,Draw,Non-Win
3878541,AS Roma,Central Midfield,0.746031746031746,0.25396825396825395,Draw,Non-Win
3878541,AS Roma,Defensive Midfield,0.8148148148148148,0.18518518518518517,Draw,Non-Win
3878541,AS Roma,Fullback,0.2765957446808511,0.723404255319149,Draw,Non-Win
3878541,AS Roma,Goalkeeper,1.0,0.0,Draw,Non-Win
3878541,AS Roma,Striker,0.6666666666666666,0.3333333333333333,Draw,Non-Win
3878541,AS Roma,Wide Forward,0.3076923076923077,0.6923076923076923,Draw,Non-Win
3878541,Hellas Verona,Center Back,0.7333333333333333,0.26666666666666666,Draw,Non-Win
3878541,Hellas Verona,Central Midfield,0.5,0.5,Draw,Non-Win
3878541,Hellas Verona,Defensive Midfield,0.6666666666666666,0.3333333333333333,Draw,Non-Win
3878541,Hellas Verona,Fullback,0.30303030303030304,0.696969696969697,Draw,Non-Win
3878541,Hellas Verona,Goalkeeper,1.0,0.0,Draw,Non-Win
3878541,Hellas Verona,Striker,0.7,0.3,Draw,Non-Win
3878541,Hellas Verona,Wide Forward,0.07407407407407407,0.9259259259259259,Draw,Non-Win
3878551,AC Milan,Attacking Midfield,0.15789473684210525,0.8421052631578947,Win,Win
3878551,AC Milan,Center Back,0.6304347826086957,0.3695652173913043,Win,Win
3878551,AC Milan,Central Midfield,0.3023255813953488,0.6976744186046512,Win,Win
3878551,AC Milan,Defensive Midfield,0.7857142857142857,0.21428571428571427,Win,Win
3878551,AC Milan,Fullback,0.15254237288135594,0.847457627118644,Win,Win
3878551,AC Milan,Goalkeeper,0.9736842105263158,0.02631578947368421,Win,Win
3878551,AC Milan,Striker,0.625,0.375,Win,Win
3878551,Empoli,Attacking Midfield,0.75,0.25,Loss,Non-Win
3878551,Empoli,Center Back,0.7575757575757576,0.24242424242424243,Loss,Non-Win
3878551,Empoli,Central Midfield,0.5483870967741935,0.45161290322580644,Loss,Non-Win
3878551,Empoli,Defensive Midfield,0.6774193548387096,0.3225806451612903,Loss,Non-Win
3878551,Empoli,Fullback,0.057971014492753624,0.9420289855072463,Loss,Non-Win
3878551,Empoli,Goalkeeper,1.0,0.0,Loss,Non-Win
3878551,Empoli,Striker,0.5714285714285714,0.42857142857142855,Loss,Non-Win
3878555,AS Roma,Center Back,0.7301587301587301,0.2698412698412698,Win,Win
3878555,AS Roma,Central Midfield,0.7441860465116279,0.2558139534883721,Win,Win
3878555,AS Roma,Defensive Midfield,0.5238095238095238,0.47619047619047616,Win,Win
3878555,AS Roma,Fullback,0.14814814814814814,0.8518518518518519,Win,Win
3878555,AS Roma,Goalkeeper,1.0,0.0,Win,Win
3878555,AS Roma,Striker,0.6923076923076923,0.3076923076923077,Win,Win
3878555,AS Roma,Wide Forward,0.34375,0.65625,Win,Win
3878555,Juventus,Center Back,0.6716417910447762,0.3283582089552239,Loss,Non-Win
3878555,Juventus,Central Midfield,0.75,0.25,Loss,Non-Win
3878555,Juventus,Defensive Midfield,1.0,0.0,Loss,Non-Win
3878555,Juventus,Fullback,0.125,0.875,Loss,Non-Win
3878555,Juventus,Goalkeeper,0.9285714285714286,0.07142857142857142,Loss,Non-Win
3878555,Juventus,Striker,0.5555555555555556,0.4444444444444444,Loss,Non-Win
3878556,Fiorentina,Attacking Midfield,0.5,0.5,Loss,Non-Win
3878556,Fiorentina,Center Back,0.4672897196261682,0.5327102803738317,Loss,Non-Win
3878556,Fiorentina,Defensive Midfield,0.6851851851851852,0.3148148148148148,Loss,Non-Win
3878556,Fiorentina,Fullback,0.1875,0.8125,Loss,Non-Win
3878556,Fiorentina,Goalkeeper,1.0,0.0,Loss,Non-Win
3878556,Fiorentina,Striker,0.5,0.5,Loss,Non-Win
3878556,Torino,Center Back,0.3333333333333333,0.6666666666666666,Win,Win
3878556,Torino,Central Midfield,0.3888888888888889,0.6111111111111112,Win,Win
3878556,Torino,Defensive Midfield,0.6428571428571429,0.35714285714285715,Win,Win
3878556,Torino,Fullback,0.16981132075471697,0.8301886792452831,Win,Win
3878556,Torino,Goalkeeper,1.0,0.0,Win,Win
3878556,Torino,Striker,0.7142857142857143,0.2857142857142857,Win,Win
3878592,Fiorentina,Center Back,0.7567567567567568,0.24324324324324326,Win,Win
3878592,Fiorentina,Central Midfield,0.6666666666666666,0.3333333333333333,Win,Win
3878592,Fiorentina,Defensive Midfield,0.7058823529411765,0.29411764705882354,Win,Win
3878592,Fiorentina,Fullback,0.07692307692307693,0.9230769230769231,Win,Win
3878592,Fiorentina,Goalkeeper,1.0,0.0,Win,Win
3878592,Fiorentina,Striker,0.0,1.0,Win,Win
3878592,Fiorentina,Wide Forward,0.375,0.625,Win,Win
3878592,Genoa,Center Back,0.36585365853658536,0.6341463414634146,Loss,Non-Win
3878592,Genoa,Defensive Midfield,0.43478260869565216,0.5652173913043478,Loss,Non-Win
3878592,Genoa,Fullback,0.13157894736842105,0.868421052631579,Loss,Non-Win
3878592,Genoa,Goalkeeper,1.0,0.0,Loss,Non-Win
3878592,Genoa,Striker,0.5,0.5,Loss,Non-Win
3878592,Genoa,Wide Forward,0.3448275862068966,0.6551724137931034,Loss,Non-Win
3878595,Lazio,Attacking Midfield,0.6666666666666666,0.3333333333333333,Win,Win
3878595,Lazio,Center Back,0.5686274509803921,0.43137254901960786,Win,Win
3878595,Lazio,Defensive Midfield,0.711864406779661,0.288135593220339,Win,Win
3878595,Lazio,Fullback,0.18181818181818182,0.8181818181818182,Win,Win
3878595,Lazio,Goalkeeper,1.0,0.0,Win,Win
3878595,Lazio,Striker,0.3333333333333333,0.6666666666666666,Win,Win
3878595,Lazio,Wide Forward,0.325,0.675,Win,Win
3878595,Udinese,Center Back,0.5396825396825397,0.4603174603174603,Loss,Non-Win
3878595,Udinese,Central Midfield,0.53125,0.46875,Loss,Non-Win
3878595,Udinese,Defensive Midfield,0.5833333333333334,0.4166666666666667,Loss,Non-Win
3878595,Udinese,Fullback,0.0625,0.9375,Loss,Non-Win
3878595,Udinese,Goalkeeper,0.9444444444444444,0.05555555555555555,Loss,Non-Win
3878595,Udinese,Striker,0.3684210526315789,0.631578947368421,Loss,Non-Win
3878595,Udinese,Wide Forward,0.0,1.0,Loss,Non-Win
3878596,Hellas Verona,Center Back,0.6170212765957447,0.3829787234042553,Draw,Non-Win
3878596,Hellas Verona,Central Midfield,0.30952380952380953,0.6904761904761905,Draw,Non-Win
3878596,Hellas Verona,Defensive Midfield,0.5769230769230769,0.4230769230769231,Draw,Non-Win
3878596,Hellas Verona,Fullback,0.17777777777777778,0.8222222222222222,Draw,Non-Win
3878596,Hellas Verona,Goalkeeper,0.9090909090909091,0.09090909090909091,Draw,Non-Win
3878596,Hellas Verona,Striker,0.5,0.5,Draw,Non-Win
3878596,Hellas Verona,Wide Forward,0.16666666666666666,0.8333333333333334,Draw,Non-Win
3878596,Torino,Center Back,0.6702127659574468,0.32978723404255317,Draw,Non-Win
3878596,Torino,Central Midfield,0.4666666666666667,0.5333333333333333,Draw,Non-Win
3878596,Torino,Defensive Midfield,0.8333333333333334,0.16666666666666666,Draw,Non-Win
3878596,Torino,Fullback,0.22857142857142856,0.7714285714285715,Draw,Non-Win
3878596,Torino,Goalkeeper,0.96,0.04,Draw,Non-Win
3878596,Torino,Striker,0.7777777777777778,0.2222222222222222,Draw,Non-Win
3878597,Empoli,Attacking Midfield,0.5294117647058824,0.47058823529411764,Draw,Non-Win
3878597,Empoli,Center Back,0.8275862068965517,0.1724137931034483,Draw,Non-Win
3878597,Empoli,Central Midfield,0.5952380952380952,0.40476190476190477,Draw,Non-Win
3878597,Empoli,Defensive Midfield,0.65,0.35,Draw,Non-Win
3878597,Empoli,Fullback,0.20588235294117646,0.7941176470588235,Draw,Non-Win
3878597,Empoli,Goalkeeper,0.9354838709677419,0.06451612903225806,Draw,Non-Win
3878597,Empoli,Striker,0.4375,0.5625,Draw,Non-Win
3878597,Napoli,Attacking Midfield,0.5555555555555556,0.4444444444444444,Draw,Non-Win
3878597,Napoli,Center Back,0.810126582278481,0.189873417721519,Draw,Non-Win
3878597,Napoli,Central Midfield,0.5283018867924528,0.4716981132075472,Draw,Non-Win
3878597,Napoli,Defensive Midfield,0.5897435897435898,0.41025641025641024,Draw,Non-Win
3878597,Napoli,Fullback,0.1,0.9,Draw,Non-Win
3878597,Napoli,Goalkeeper,0.8928571428571429,0.10714285714285714,Draw,Non-Win
3878597,Napoli,Striker,0.7857142857142857,0.21428571428571427,Draw,Non-Win
3878597,Napoli,Wide Forward,0.23076923076923078,0.7692307692307693,Draw,Non-Win
3878599,Atalanta,Center Back,0.6666666666666666,0.3333333333333333,Draw,Non-Win
3878599,Atalanta,Central Midfield,0.25,0.75,Draw,Non-Win
3878599,Atalanta,Defensive Midfield,0.6521739130434783,0.34782608695652173,Draw,Non-Win
3878599,Atalanta,Fullback,0.11363636363636363,0.8863636363636364,Draw,Non-Win
3878599,Atalanta,Goalkeeper,0.8888888888888888,0.1111111111111111,Draw,Non-Win
3878599,Atalanta,Striker,0.45454545454545453,0.5454545454545454,Draw,Non-Win
3878599,Atalanta,Wide Forward,0.2222222222222222,0.7777777777777778,Draw,Non-Win
3878599,Sassuolo,Center Back,0.6346153846153846,0.36538461538461536,Draw,Non-Win
3878599,Sassuolo,Central Midfield,0.4444444444444444,0.5555555555555556,Draw,Non-Win
3878599,Sassuolo,Defensive Midfield,0.7560975609756098,0.24390243902439024,Draw,Non-Win
3878599,Sassuolo,Fullback,0.11627906976744186,0.8837209302325582,Draw,Non-Win
3878599,Sassuolo,Goalkeeper,0.9130434782608695,0.08695652173913043,Draw,Non-Win
3878599,Sassuolo,Striker,0.3333333333333333,0.6666666666666666,Draw,Non-Win
3878599,Sassuolo,Wide Forward,0.4074074074074074,0.5925925925925926,Draw,Non-Win
3878600,AC Milan,Attacking Midfield,0.2857142857142857,0.7142857142857143,Loss,Non-Win
3878600,AC Milan,Center Back,0.7666666666666667,0.23333333333333334,Loss,Non-Win
3878600,AC Milan,Central Midfield,0.4117647058823529,0.5882352941176471,Loss,Non-Win
3878600,AC Milan,Defensive Midfield,0.6296296296296297,0.37037037037037035,Loss,Non-Win
3878600,AC Milan,Fullback,0.058823529411764705,0.9411764705882353,Loss,Non-Win
3878600,AC Milan,Goalkeeper,0.8947368421052632,0.10526315789473684,Loss,Non-Win
3878600,AC Milan,Striker,0.5454545454545454,0.45454545454545453,Loss,Non-Win
3878600,AC Milan,Wide Forward,0.0,1.0,Loss,Non-Win
3878600,Inter Milan,Attacking Midfield,0.5,0.5,Win,Win
3878600,Inter Milan,Center Back,0.5925925925925926,0.4074074074074074,Win,Win
3878600,Inter Milan,Central Midfield,0.3888888888888889,0.6111111111111112,Win,Win
3878600,Inter Milan,Defensive Midfield,0.7,0.3,Win,Win
3878600,Inter Milan,Fullback,0.15492957746478872,0.8450704225352113,Win,Win
3878600,Inter Milan,Goalkeeper,1.0,0.0,Win,Win
3878600,Inter Milan,Striker,0.4583333333333333,0.5416666666666666,Win,Win
3878602,AC Milan,Attacking Midfield,0.47058823529411764,0.5294117647058824,Win,Win
3878602,AC Milan,Center Back,0.71875,0.28125,Win,Win
3878602,AC Milan,Central Midfield,0.4528301886792453,0.5471698113207547,Win,Win
3878602,AC Milan,Defensive Midfield,0.5789473684210527,0.42105263157894735,Win,Win
3878602,AC Milan,Fullback,0.20987654320987653,0.7901234567901234,Win,Win
3878602,AC Milan,Goalkeeper,1.0,0.0,Win,Win
3878602,AC Milan,Striker,0.5294117647058824,0.47058823529411764,Win,Win
3878602,Palermo,Attacking Midfield,0.6,0.4,Loss,Non-Win
3878602,Palermo,Center Back,0.5217391304347826,0.4782608695652174,Loss,Non-Win
3878602,Palermo,Central Midfield,0.391304347826087,0.6086956521739131,Loss,Non-Win
3878602,Palermo,Defensive Midfield,0.5,0.5,Loss,Non-Win
3878602,Palermo,Fullback,0.07462686567164178,0.9253731343283582,Loss,Non-Win
3878602,Palermo,Goalkeeper,0.925,0.075,Loss,Non-Win
3878602,Palermo,Striker,0.3333333333333333,0.6666666666666666,Loss,Non-Win
3878603,Empoli,Attacking Midfield,0.8125,0.1875,Win,Win
3878603,Empoli,Center Back,0.7368421052631579,0.2631578947368421,Win,Win
3878603,Empoli,Central Midfield,0.4878048780487805,0.5121951219512195,Win,Win
3878603,Empoli,Defensive Midfield,0.7115384615384616,0.28846153846153844,Win,Win
3878603,Empoli,Fullback,0.2857142857142857,0.7142857142857143,Win,Win
3878603,Empoli,Goalkeeper,1.0,0.0,Win,Win
3878603,Empoli,Striker,0.5555555555555556,0.4444444444444444,Win,Win
3878603,Udinese,Center Back,0.65,0.35,Loss,Non-Win
3878603,Udinese,Central Midfield,0.3939393939393939,0.6060606060606061,Loss,Non-Win
3878603,Udinese,Defensive Midfield,0.6666666666666666,0.3333333333333333,Loss,Non-Win
3878603,Udinese,Fullback,0.14583333333333334,0.8541666666666666,Loss,Non-Win
3878603,Udinese,Goalkeeper,1.0,0.0,Loss,Non-Win
3878603,Udinese,Striker,0.21428571428571427,0.7857142857142857,Loss,Non-Win
3878610,Atalanta,Center Back,0.7941176470588235,0.20588235294117646,Draw,Non-Win
3878610,Atalanta,Central Midfield,0.2702702702702703,0.7297297297297297,Draw,Non-Win
3878610,Atalanta,Defensive Midfield,0.5384615384615384,0.46153846153846156,Draw,Non-Win
3878610,Atalanta,Fullback,0.1,0.9,Draw,Non-Win
3878610,Atalanta,Goalkeeper,0.8,0.2,Draw,Non-Win
3878610,Atalanta,Striker,0.6666666666666666,0.3333333333333333,Draw,Non-Win
3878610,Atalanta,Wide Forward,0.24444444444444444,0.7555555555555555,Draw,Non-Win
3878610,Hellas Verona,Center Back,0.7209302325581395,0.27906976744186046,Draw,Non-Win
3878610,Hellas Verona,Central Midfield,0.3793103448275862,0.6206896551724138,Draw,Non-Win
3878610,Hellas Verona,Defensive Midfield,0.6538461538461539,0.34615384615384615,Draw,Non-Win
3878610,Hellas Verona,Fullback,0.18,0.82,Draw,Non-Win
3878610,Hellas Verona,Goalkeeper,0.96875,0.03125,Draw,Non-Win
3878610,Hellas Verona,Striker,0.42857142857142855,0.5714285714285714,Draw,Non-Win
3878610,Hellas Verona,Wide Forward,0.2727272727272727,0.7272727272727273,Draw,Non-Win
3878611,Chievo,Attacking Midfield,0.5217391304347826,0.4782608695652174,Loss,Non-Win
3878611,Chievo,Center Back,0.42105263157894735,0.5789473684210527,Loss,Non-Win
3878611,Chievo,Central Midfield,0.4117647058823529,0.5882352941176471,Loss,Non-Win
3878611,Chievo,Defensive Midfield,0.6538461538461539,0.34615384615384615,Loss,Non-Win
3878611,Chievo,Fullback,0.18181818181818182,0.8181818181818182,Loss,Non-Win
3878611,Chievo,Goalkeeper,0.9565217391304348,0.043478260869565216,Loss,Non-Win
3878611,Chievo,Striker,0.875,0.125,Loss,Non-Win
3878611,Chievo,Wide Forward,0.14285714285714285,0.8571428571428571,Loss,Non-Win
3878611,Inter Milan,Attacking Midfield,0.25,0.75,Win,Win
3878611,Inter Milan,Center Back,0.7297297297297297,0.2702702702702703,Win,Win
3878611,Inter Milan,Central Midfield,0.4838709677419355,0.5161290322580645,Win,Win
3878611,Inter Milan,Defensive Midfield,0.6666666666666666,0.3333333333333333,Win,Win
3878611,Inter Milan,Fullback,0.10526315789473684,0.8947368421052632,Win,Win
3878611,Inter Milan,Goalkeeper,1.0,0.0,Win,Win
3878611,Inter Milan,Striker,0.3333333333333333,0.6666666666666666,Win,Win
3878611,Inter Milan,Wide Forward,0.21052631578947367,0.7894736842105263,Win,Win
3879546,Atalanta,Center Back,0.7,0.3,Win,Win
3879546,Atalanta,Central Midfield,0.34210526315789475,0.6578947368421053,Win,Win
3879546,Atalanta,Defensive Midfield,0.7894736842105263,0.21052631578947367,Win,Win
3879546,Atalanta,Fullback,0.17647058823529413,0.8235294117647058,Win,Win
3879546,Atalanta,Goalkeeper,1.0,0.0,Win,Win
3879546,Atalanta,Striker,0.625,0.375,Win,Win
3879546,Atalanta,Wide Forward,0.3125,0.6875,Win,Win
3879546,Empoli,Attacking Midfield,0.875,0.125,Loss,Non-Win
3879546,Empoli,Center Back,0.7377049180327869,0.26229508196721313,Loss,Non-Win
3879546,Empoli,Central Midfield,0.5526315789473685,0.4473684210526316,Loss,Non-Win
3879546,Empoli,Defensive Midfield,0.8813559322033898,0.11864406779661017,Loss,Non-Win
3879546,Empoli,Fullback,0.175,0.825,Loss,Non-Win
3879546,Empoli,Goalkeeper,1.0,0.0,Loss,Non-Win
3879546,Empoli,Striker,0.4666666666666667,0.5333333333333333,Loss,Non-Win
3879549,AC Milan,Attacking Midfield,0.2857142857142857,0.7142857142857143,Loss,Non-Win
3879549,AC Milan,Center Back,0.5675675675675675,0.43243243243243246,Loss,Non-Win
3879549,AC Milan,Central Midfield,0.4583333333333333,0.5416666666666666,Loss,Non-Win
3879549,AC Milan,Defensive Midfield,0.6818181818181818,0.3181818181818182,Loss,Non-Win
3879549,AC Milan,Fullback,0.2,0.8,Loss,Non-Win
3879549,AC Milan,Goalkeeper,0.96875,0.03125,Loss,Non-Win
3879549,AC Milan,Striker,0.5789473684210527,0.42105263157894735,Loss,Non-Win
3879549,Genoa,Attacking Midfield,0.5757575757575758,0.42424242424242425,Win,Win
3879549,Genoa,Center Back,0.5098039215686274,0.49019607843137253,Win,Win
3879549,Genoa,Defensive Midfield,0.5714285714285714,0.42857142857142855,Win,Win
3879549,Genoa,Fullback,0.1702127659574468,0.8297872340425532,Win,Win
3879549,Genoa,Goalkeeper,0.8571428571428571,0.14285714285714285,Win,Win
3879549,Genoa,Striker,0.5454545454545454,0.45454545454545453,Win,Win
3879549,Genoa,Wide Forward,0.46153846153846156,0.5384615384615384,Win,Win
3879554,Palermo,Attacking Midfield,0.5,0.5,Loss,Non-Win
3879554,Palermo,Center Back,0.5060240963855421,0.4939759036144578,Loss,Non-Win
3879554,Palermo,Central Midfield,0.2857142857142857,0.7142857142857143,Loss,Non-Win
3879554,Palermo,Defensive Midfield,0.6538461538461539,0.34615384615384615,Loss,Non-Win
3879554,Palermo,Fullback,0.175,0.825,Loss,Non-Win
3879554,Palermo,Goalkeeper,0.9130434782608695,0.08695652173913043,Loss,Non-Win
3879554,Palermo,Striker,0.16666666666666666,0.8333333333333334,Loss,Non-Win
3879554,Torino,Center Back,0.6483516483516484,0.3516483516483517,Win,Win
3879554,Torino,Central Midfield,0.6774193548387096,0.3225806451612903,Win,Win
3879554,Torino,Defensive Midfield,0.6071428571428571,0.39285714285714285,Win,Win
3879554,Torino,Fullback,0.05405405405405406,0.9459459459459459,Win,Win
3879554,Torino,Goalkeeper,1.0,0.0,Win,Win
3879554,Torino,Striker,0.8571428571428571,0.14285714285714285,Win,Win
3879557,Chievo,Attacking Midfield,0.6111111111111112,0.3888888888888889,Draw,Non-Win
3879557,Chievo,Center Back,0.7735849056603774,0.22641509433962265,Draw,Non-Win
3879557,Chievo,Central Midfield,0.4583333333333333,0.5416666666666666,Draw,Non-Win
3879557,Chievo,Defensive Midfield,0.6666666666666666,0.3333333333333333,Draw,Non-Win
3879557,Chievo,Fullback,0.13636363636363635,0.8636363636363636,Draw,Non-Win
3879557,Chievo,Goalkeeper,0.875,0.125,Draw,Non-Win
3879557,Chievo,Striker,0.5384615384615384,0.46153846153846156,Draw,Non-Win
3879557,Hellas Verona,Center Back,0.47761194029850745,0.5223880597014925,Draw,Non-Win
3879557,Hellas Verona,Defensive Midfield,0.5384615384615384,0.46153846153846156,Draw,Non-Win
3879557,Hellas Verona,Fullback,0.1111111111111111,0.8888888888888888,Draw,Non-Win
3879557,Hellas Verona,Goalkeeper,0.9444444444444444,0.05555555555555555,Draw,Non-Win
3879557,Hellas Verona,Striker,0.25,0.75,Draw,Non-Win
3879557,Hellas Verona,Wide Forward,0.4482758620689655,0.5517241379310345,Draw,Non-Win
3879569,Bologna,Attacking Midfield,0.4594594594594595,0.5405405405405406,Loss,Non-Win
3879569,Bologna,Center Back,0.7647058823529411,0.23529411764705882,Loss,Non-Win
3879569,Bologna,Central Midfield,0.5333333333333333,0.4666666666666667,Loss,Non-Win
3879569,Bologna,Defensive Midfield,0.8857142857142857,0.11428571428571428,Loss,Non-Win
3879569,Bologna,Fullback,0.21568627450980393,0.7843137254901961,Loss,Non-Win
3879569,Bologna,Goalkeeper,0.9642857142857143,0.03571428571428571,Loss,Non-Win
3879569,Bologna,Striker,1.0,0.0,Loss,Non-Win
3879569,Bologna,Wide Forward,0.6,0.4,Loss,Non-Win
3879569,Palermo,Attacking Midfield,0.3333333333333333,0.6666666666666666,Win,Win
3879569,Palermo,Center Back,0.5294117647058824,0.47058823529411764,Win,Win
3879569,Palermo,Central Midfield,0.4444444444444444,0.5555555555555556,Win,Win
3879569,Palermo,Defensive Midfield,0.6363636363636364,0.36363636363636365,Win,Win
3879569,Palermo,Fullback,0.0851063829787234,0.9148936170212766,Win,Win
3879569,Palermo,Goalkeeper,0.9655172413793104,0.034482758620689655,Win,Win
3879569,Palermo,Striker,0.25,0.75,Win,Win
3879589,Carpi,Attacking Midfield,1.0,0.0,Loss,Non-Win
3879589,Carpi,Center Back,0.5,0.5,Loss,Non-Win
3879589,Carpi,Central Midfield,0.4444444444444444,0.5555555555555556,Loss,Non-Win
3879589,Carpi,Defensive Midfield,0.7142857142857143,0.2857142857142857,Loss,Non-Win
3879589,Carpi,Fullback,0.1527777777777778,0.8472222222222222,Loss,Non-Win
3879589,Carpi,Goalkeeper,0.8709677419354839,0.12903225806451613,Loss,Non-Win
3879589,Carpi,Striker,0.5,0.5,Loss,Non-Win
3879589,Carpi,Wide Forward,0.2,0.8,Loss,Non-Win
3879589,Frosinone,Center Back,0.5757575757575758,0.42424242424242425,Win,Win
3879589,Frosinone,Central Midfield,0.5833333333333334,0.4166666666666667,Win,Win
3879589,Frosinone,Defensive Midfield,0.5333333333333333,0.4666666666666667,Win,Win
3879589,Frosinone,Fullback,0.17142857142857143,0.8285714285714286,Win,Win
3879589,Frosinone,Goalkeeper,0.9166666666666666,0.08333333333333333,Win,Win
3879589,Frosinone,Striker,0.2,0.8,Win,Win
3879589,Frosinone,Wide Forward,0.23529411764705882,0.7647058823529411,Win,Win
3879590,Genoa,Center Back,0.49230769230769234,0.5076923076923077,Draw,Non-Win
3879590,Genoa,Defensive Midfield,0.5581395348837209,0.4418604651162791,Draw,Non-Win
3879590,Genoa,Fullback,0.03333333333333333,0.9666666666666667,Draw,Non-Win
3879590,Genoa,Goalkeeper,0.9615384615384616,0.038461538461538464,Draw,Non-Win
3879590,Genoa,Striker,0.8333333333333334,0.16666666666666666,Draw,Non-Win
3879590,Genoa,Wide Forward,0.42424242424242425,0.5757575757575758,Draw,Non-Win
3879590,Torino,Center Back,0.4358974358974359,0.5641025641025641,Draw,Non-Win
3879590,Torino,Central Midfield,0.5925925925925926,0.4074074074074074,Draw,Non-Win
3879590,Torino,Defensive Midfield,0.8461538461538461,0.15384615384615385,Draw,Non-Win
3879590,Torino,Fullback,0.06818181818181818,0.9318181818181818,Draw,Non-Win
3879590,Torino,Goalkeeper,1.0,0.0,Draw,Non-Win
3879590,Torino,Striker,0.76,0.24,Draw,Non-Win
3879591,Juventus,Center Back,0.75,0.25,Loss,Non-Win
3879591,Juventus,Central Midfield,0.5357142857142857,0.4642857142857143,Loss,Non-Win
3879591,Juventus,Defensive Midfield,0.6666666666666666,0.3333333333333333,Loss,Non-Win
3879591,Juventus,Fullback,0.06153846153846154,0.9384615384615385,Loss,Non-Win
3879591,Juventus,Goalkeeper,0.9090909090909091,0.09090909090909091,Loss,Non-Win
3879591,Juventus,Striker,0.5416666666666666,0.4583333333333333,Loss,Non-Win
3879591,Juventus,Wide Forward,0.15384615384615385,0.8461538461538461,Loss,Non-Win
3879591,Sassuolo,Center Back,0.6666666666666666,0.3333333333333333,Win,Win
3879591,Sassuolo,Central Midfield,0.35294117647058826,0.6470588235294118,Win,Win
3879591,Sassuolo,Defensive Midfield,0.64,0.36,Win,Win
3879591,Sassuolo,Fullback,0.061224489795918366,0.9387755102040817,Win,Win
3879591,Sassuolo,Goalkeeper,0.96875,0.03125,Win,Win
3879591,Sassuolo,Striker,0.6,0.4,Win,Win
3879591,Sassuolo,Wide Forward,0.13636363636363635,0.8636363636363636,Win,Win
3879596,Empoli,Attacking Midfield,0.6,0.4,Draw,Non-Win
3879596,Empoli,Center Back,0.7230769230769231,0.27692307692307694,Draw,Non-Win
3879596,Empoli,Central Midfield,0.59375,0.40625,Draw,Non-Win
3879596,Empoli,Defensive Midfield,0.7872340425531915,0.2127659574468085,Draw,Non-Win
3879596,Empoli,Fullback,0.13157894736842105,0.868421052631579,Draw,Non-Win
3879596,Empoli,Goalkeeper,0.9565217391304348,0.043478260869565216,Draw,Non-Win
3879596,Empoli,Striker,0.6363636363636364,0.36363636363636365,Draw,Non-Win
3879596,Sampdoria,Center Back,0.5714285714285714,0.42857142857142855,Draw,Non-Win
3879596,Sampdoria,Central Midfield,0.4583333333333333,0.5416666666666666,Draw,Non-Win
3879596,Sampdoria,Defensive Midfield,0.7391304347826086,0.2608695652173913,Draw,Non-Win
3879596,Sampdoria,Fullback,0.19642857142857142,0.8035714285714286,Draw,Non-Win
3879596,Sampdoria,Goalkeeper,0.9696969696969697,0.030303030303030304,Draw,Non-Win
3879596,Sampdoria,Striker,0.5333333333333333,0.4666666666666667,Draw,Non-Win
3879596,Sampdoria,Wide Forward,0.30303030303030304,0.696969696969697,Draw,Non-Win
3879601,Atalanta,Attacking Midfield,0.5714285714285714,0.42857142857142855,Loss,Non-Win
3879601,Atalanta,Center Back,0.725,0.275,Loss,Non-Win
3879601,Atalanta,Central Midfield,0.42857142857142855,0.5714285714285714,Loss,Non-Win
3879601,Atalanta,Defensive Midfield,0.7872340425531915,0.2127659574468085,Loss,Non-Win
3879601,Atalanta,Fullback,0.19607843137254902,0.803921568627451,Loss,Non-Win
3879601,Atalanta,Goalkeeper,0.9583333333333334,0.041666666666666664,Loss,Non-Win
3879601,Atalanta,Striker,0.5,0.5,Loss,Non-Win
3879601,Atalanta,Wide Forward,0.2647058823529412,0.7352941176470589,Loss,Non-Win
3879601,Bologna,Center Back,0.6363636363636364,0.36363636363636365,Win,Win
3879601,Bologna,Central Midfield,0.5,0.5,Win,Win
3879601,Bologna,Defensive Midfield,0.7142857142857143,0.2857142857142857,Win,Win
3879601,Bologna,Fullback,0.18518518518518517,0.8148148148148148,Win,Win
3879601,Bologna,Goalkeeper,0.9375,0.0625,Win,Win
3879601,Bologna,Striker,0.5,0.5,Win,Win
3879601,Bologna,Wide Forward,0.40625,0.59375,Win,Win
3879605,Empoli,Attacking Midfield,0.7878787878787878,0.21212121212121213,Win,Win
3879605,Empoli,Center Back,0.75,0.25,Win,Win
3879605,Empoli,Central Midfield,0.6,0.4,Win,Win
3879605,Empoli,Defensive Midfield,0.7391304347826086,0.2608695652173913,Win,Win
3879605,Empoli,Fullback,0.14545454545454545,0.8545454545454545,Win,Win
3879605,Empoli,Goalkeeper,0.9047619047619048,0.09523809523809523,Win,Win
3879605,Empoli,Striker,0.4666666666666667,0.5333333333333333,Win,Win
3879605,Palermo,Attacking Midfield,0.9,0.1,Loss,Non-Win
3879605,Palermo,Center Back,0.6458333333333334,0.3541666666666667,Loss,Non-Win
3879605,Palermo,Central Midfield,0.5,0.5,Loss,Non-Win
3879605,Palermo,Defensive Midfield,0.5945945945945946,0.40540540540540543,Loss,Non-Win
3879605,Palermo,Fullback,0.21333333333333335,0.7866666666666666,Loss,Non-Win
3879605,Palermo,Goalkeeper,0.8857142857142857,0.11428571428571428,Loss,Non-Win
3879605,Palermo,Striker,0.5,0.5,Loss,Non-Win
3879605,Palermo,Wide Forward,0.375,0.625,Loss,Non-Win
3879606,Chievo,Attacking Midfield,0.5,0.5,Draw,Non-Win
3879606,Chievo,Center Back,0.7333333333333333,0.26666666666666666,Draw,Non-Win
3879606,Chievo,Central Midfield,0.34,0.66,Draw,Non-Win
3879606,Chievo,Defensive Midfield,0.7142857142857143,0.2857142857142857,Draw,Non-Win
3879606,Chievo,Fullback,0.1111111111111111,0.8888888888888888,Draw,Non-Win
3879606,Chievo,Goalkeeper,0.8260869565217391,0.17391304347826086,Draw,Non-Win
3879606,Chievo,Striker,0.4444444444444444,0.5555555555555556,Draw,Non-Win
3879606,Sampdoria,Center Back,0.5428571428571428,0.45714285714285713,Draw,Non-Win
3879606,Sampdoria,Central Midfield,0.41935483870967744,0.5806451612903226,Draw,Non-Win
3879606,Sampdoria,Defensive Midfield,0.5625,0.4375,Draw,Non-Win
3879606,Sampdoria,Fullback,0.11864406779661017,0.8813559322033898,Draw,Non-Win
3879606,Sampdoria,Goalkeeper,0.9555555555555556,0.044444444444444446,Draw,Non-Win
3879606,Sampdoria,Striker,0.4444444444444444,0.5555555555555556,Draw,Non-Win
3879606,Sampdoria,Wide Forward,0.3448275862068966,0.6551724137931034,Draw,Non-Win
3879619,Genoa,Center Back,0.46,0.54,Win,Win
3879619,Genoa,Defensive Midfield,0.5277777777777778,0.4722222222222222,Win,Win
3879619,Genoa,Fullback,0.21875,0.78125,Win,Win
3879619,Genoa,Goalkeeper,0.8787878787878788,0.12121212121212122,Win,Win
3879619,Genoa,Striker,0.7142857142857143,0.2857142857142857,Win,Win
3879619,Genoa,Wide Forward,0.38461538461538464,0.6153846153846154,Win,Win
3879619,Sassuolo,Center Back,0.6349206349206349,0.36507936507936506,Loss,Non-Win
3879619,Sassuolo,Central Midfield,0.18181818181818182,0.8181818181818182,Loss,Non-Win
3879619,Sassuolo,Defensive Midfield,0.5862068965517241,0.41379310344827586,Loss,Non-Win
3879619,Sassuolo,Fullback,0.08695652173913043,0.9130434782608695,Loss,Non-Win
3879619,Sassuolo,Goalkeeper,0.9722222222222222,0.027777777777777776,Loss,Non-Win
3879619,Sassuolo,Striker,0.8571428571428571,0.14285714285714285,Loss,Non-Win
3879619,Sassuolo,Wide Forward,0.6,0.4,Loss,Non-Win
3879622,Carpi,Attacking Midfield,0.45454545454545453,0.5454545454545454,Loss,Non-Win
3879622,Carpi,Center Back,0.75,0.25,Loss,Non-Win
3879622,Carpi,Defensive Midfield,0.6,0.4,Loss,Non-Win
3879622,Carpi,Fullback,0.12871287128712872,0.8712871287128713,Loss,Non-Win
3879622,Carpi,Goalkeeper,0.9666666666666667,0.03333333333333333,Loss,Non-Win
3879622,Carpi,Striker,0.7142857142857143,0.2857142857142857,Loss,Non-Win
3879622,Carpi,Wide Forward,0.23529411764705882,0.7647058823529411,Loss,Non-Win
3879622,Chievo,Attacking Midfield,0.8,0.2,Win,Win
3879622,Chievo,Center Back,0.48148148148148145,0.5185185185185185,Win,Win
3879622,Chievo,Central Midfield,0.4230769230769231,0.5769230769230769,Win,Win
3879622,Chievo,Defensive Midfield,0.6,0.4,Win,Win
3879622,Chievo,Fullback,0.1276595744680851,0.8723404255319149,Win,Win
3879622,Chievo,Goalkeeper,0.90625,0.09375,Win,Win
3879622,Chievo,Striker,0.5555555555555556,0.4444444444444444,Win,Win
3879622,Chievo,Wide Forward,0.23076923076923078,0.7692307692307693,Win,Win
3879625,Sampdoria,Attacking Midfield,1.0,0.0,Loss,Non-Win
3879625,Sampdoria,Center Back,0.625,0.375,Loss,Non-Win
3879625,Sampdoria,Central Midfield,0.5714285714285714,0.42857142857142855,Loss,Non-Win
3879625,Sampdoria,Defensive Midfield,0.8979591836734694,0.10204081632653061,Loss,Non-Win
3879625,Sampdoria,Fullback,0.125,0.875,Loss,Non-Win
3879625,Sampdoria,Goalkeeper,0.975,0.025,Loss,Non-Win
3879625,Sampdoria,Striker,0.5384615384615384,0.46153846153846156,Loss,Non-Win
3879625,Sampdoria,Wide Forward,0.46153846153846156,0.5384615384615384,Loss,Non-Win
3879625,Udinese,Center Back,0.42857142857142855,0.5714285714285714,Win,Win
3879625,Udinese,Central Midfield,0.4666666666666667,0.5333333333333333,Win,Win
3879625,Udinese,Defensive Midfield,0.6285714285714286,0.37142857142857144,Win,Win
3879625,Udinese,Fullback,0.125,0.875,Win,Win
3879625,Udinese,Goalkeeper,0.9583333333333334,0.041666666666666664,Win,Win
3879625,Udinese,Striker,0.41379310344827586,0.5862068965517241,Win,Win
3879631,Chievo,Attacking Midfield,0.4827586206896552,0.5172413793103449,Loss,Non-Win
3879631,Chievo,Center Back,0.2857142857142857,0.7142857142857143,Loss,Non-Win
3879631,Chievo,Central Midfield,0.3333333333333333,0.6666666666666666,Loss,Non-Win
3879631,Chievo,Defensive Midfield,0.6363636363636364,0.36363636363636365,Loss,Non-Win
3879631,Chievo,Fullback,0.25,0.75,Loss,Non-Win
3879631,Chievo,Goalkeeper,0.9714285714285714,0.02857142857142857,Loss,Non-Win
3879631,Chievo,Striker,0.5882352941176471,0.4117647058823529,Loss,Non-Win
3879631,Udinese,Center Back,0.6730769230769231,0.3269230769230769,Win,Win
3879631,Udinese,Central Midfield,0.6296296296296297,0.37037037037037035,Win,Win
3879631,Udinese,Defensive Midfield,0.7,0.3,Win,Win
3879631,Udinese,Fullback,0.1388888888888889,0.8611111111111112,Win,Win
3879631,Udinese,Goalkeeper,1.0,0.0,Win,Win
3879631,Udinese,Striker,0.3939393939393939,0.6060606060606061,Win,Win
3879635,Inter Milan,Center Back,0.6296296296296297,0.37037037037037035,Loss,Non-Win
3879635,Inter Milan,Central Midfield,0.7647058823529411,0.23529411764705882,Loss,Non-Win
3879635,Inter Milan,Defensive Midfield,0.6896551724137931,0.3103448275862069,Loss,Non-Win
3879635,Inter Milan,Fullback,0.17777777777777778,0.8222222222222222,Loss,Non-Win
3879635,Inter Milan,Goalkeeper,1.0,0.0,Loss,Non-Win
3879635,Inter Milan,Striker,0.2727272727272727,0.7272727272727273,Loss,Non-Win
3879635,Inter Milan,Wide Forward,0.18181818181818182,0.8181818181818182,Loss,Non-Win
3879635,Napoli,Center Back,0.8021978021978022,0.1978021978021978,Win,Win
3879635,Napoli,Central Midfield,0.515625,0.484375,Win,Win
3879635,Napoli,Defensive Midfield,0.65,0.35,Win,Win
3879635,Napoli,Fullback,0.12962962962962962,0.8703703703703703,Win,Win
3879635,Napoli,Goalkeeper,1.0,0.0,Win,Win
3879635,Napoli,Striker,0.5714285714285714,0.42857142857142855,Win,Win
3879635,Napoli,Wide Forward,0.3333333333333333,0.6666666666666666,Win,Win
3879637,Juventus,Center Back,0.5873015873015873,0.4126984126984127,Win,Win
3879637,Juventus,Central Midfield,0.5,0.5,Win,Win
3879637,Juventus,Defensive Midfield,0.5,0.5,Win,Win
3879637,Juventus,Fullback,0.17391304347826086,0.8260869565217391,Win,Win
3879637,Juventus,Goalkeeper,0.9523809523809523,0.047619047619047616,Win,Win
3879637,Juventus,Striker,0.4444444444444444,0.5555555555555556,Win,Win
3879637,Juventus,Wide Forward,0.0,1.0,Win,Win
3879637,Lazio,Attacking Midfield,0.36363636363636365,0.6363636363636364,Loss,Non-Win
3879637,Lazio,Center Back,0.6363636363636364,0.36363636363636365,Loss,Non-Win
3879637,Lazio,Defensive Midfield,0.5555555555555556,0.4444444444444444,Loss,Non-Win
3879637,Lazio,Fullback,0.1791044776119403,0.8208955223880597,Loss,Non-Win
3879637,Lazio,Goalkeeper,1.0,0.0,Loss,Non-Win
3879637,Lazio,Striker,0.6666666666666666,0.3333333333333333,Loss,Non-Win
3879637,Lazio,Wide Forward,0.2972972972972973,0.7027027027027027,Loss,Non-Win
3879640,Chievo,Attacking Midfield,0.5,0.5,Win,Win
3879640,Chievo,Center Back,0.7037037037037037,0.2962962962962963,Win,Win
3879640,Chievo,Central Midfield,0.47368421052631576,0.5263157894736842,Win,Win
3879640,Chievo,Defensive Midfield,0.7727272727272727,0.22727272727272727,Win,Win
3879640,Chievo,Fullback,0.09230769230769231,0.9076923076923077,Win,Win
3879640,Chievo,Goalkeeper,0.9117647058823529,0.08823529411764706,Win,Win
3879640,Chievo,Striker,0.5882352941176471,0.4117647058823529,Win,Win
3879640,Frosinone,Attacking Midfield,1.0,0.0,Loss,Non-Win
3879640,Frosinone,Center Back,0.717948717948718,0.28205128205128205,Loss,Non-Win
3879640,Frosinone,Defensive Midfield,0.5,0.5,Loss,Non-Win
3879640,Frosinone,Fullback,0.16666666666666666,0.8333333333333334,Loss,Non-Win
3879640,Frosinone,Goalkeeper,1.0,0.0,Loss,Non-Win
3879640,Frosinone,Striker,0.6666666666666666,0.3333333333333333,Loss,Non-Win
3879640,Frosinone,Wide Forward,0.2571428571428571,0.7428571428571429,Loss,Non-Win
3879645,Bologna,Center Back,0.6944444444444444,0.3055555555555556,Win,Win
3879645,Bologna,Central Midfield,0.5,0.5,Win,Win
3879645,Bologna,Defensive Midfield,0.5625,0.4375,Win,Win
3879645,Bologna,Fullback,0.19047619047619047,0.8095238095238095,Win,Win
3879645,Bologna,Goalkeeper,0.972972972972973,0.02702702702702703,Win,Win
3879645,Bologna,Striker,0.4,0.6,Win,Win
3879645,Bologna,Wide Forward,0.3333333333333333,0.6666666666666666,Win,Win
3879645,Napoli,Center Back,0.7373737373737373,0.26262626262626265,Loss,Non-Win
3879645,Napoli,Central Midfield,0.4782608695652174,0.5217391304347826,Loss,Non-Win
3879645,Napoli,Defensive Midfield,0.6896551724137931,0.3103448275862069,Loss,Non-Win
3879645,Napoli,Fullback,0.2,0.8,Loss,Non-Win
3879645,Napoli,Goalkeeper,0.9130434782608695,0.08695652173913043,Loss,Non-Win
3879645,Napoli,Striker,1.0,0.0,Loss,Non-Win
3879645,Napoli,Wide Forward,0.43243243243243246,0.5675675675675675,Loss,Non-Win
3879650,Carpi,Center Back,0.5333333333333333,0.4666666666666667,Loss,Non-Win
3879650,Carpi,Defensive Midfield,0.6774193548387096,0.3225806451612903,Loss,Non-Win
3879650,Carpi,Fullback,0.08064516129032258,0.9193548387096774,Loss,Non-Win
3879650,Carpi,Goalkeeper,0.9629629629629629,0.037037037037037035,Loss,Non-Win
3879650,Carpi,Striker,0.5,0.5,Loss,Non-Win
3879650,Carpi,Wide Forward,0.29545454545454547,0.7045454545454546,Loss,Non-Win
3879650,Empoli,Attacking Midfield,0.8421052631578947,0.15789473684210525,Win,Win
3879650,Empoli,Center Back,0.8390804597701149,0.16091954022988506,Win,Win
3879650,Empoli,Central Midfield,0.45,0.55,Win,Win
3879650,Empoli,Defensive Midfield,0.6086956521739131,0.391304347826087,Win,Win
3879650,Empoli,Fullback,0.11666666666666667,0.8833333333333333,Win,Win
3879650,Empoli,Goalkeeper,1.0,0.0,Win,Win
3879650,Empoli,Striker,0.2777777777777778,0.7222222222222222,Win,Win
3879655,Lazio,Center Back,0.7297297297297297,0.2702702702702703,Draw,Non-Win
3879655,Lazio,Central Midfield,0.6111111111111112,0.3888888888888889,Draw,Non-Win
3879655,Lazio,Defensive Midfield,0.6363636363636364,0.36363636363636365,Draw,Non-Win
3879655,Lazio,Fullback,0.13793103448275862,0.8620689655172413,Draw,Non-Win
3879655,Lazio,Goalkeeper,1.0,0.0,Draw,Non-Win
3879655,Lazio,Striker,0.6363636363636364,0.36363636363636365,Draw,Non-Win
3879655,Lazio,Wide Forward,0.21052631578947367,0.7894736842105263,Draw,Non-Win
3879655,Sampdoria,Center Back,0.6285714285714286,0.37142857142857144,Draw,Non-Win
3879655,Sampdoria,Central Midfield,0.53125,0.46875,Draw,Non-Win
3879655,Sampdoria,Defensive Midfield,0.7333333333333333,0.26666666666666666,Draw,Non-Win
3879655,Sampdoria,Fullback,0.125,0.875,Draw,Non-Win
3879655,Sampdoria,Goalkeeper,1.0,0.0,Draw,Non-Win
3879655,Sampdoria,Striker,0.23076923076923078,0.7692307692307693,Draw,Non-Win
3879655,Sampdoria,Wide Forward,0.3076923076923077,0.6923076923076923,Draw,Non-Win
3879663,Hellas Verona,Attacking Midfield,0.6,0.4,Draw,Non-Win
3879663,Hellas Verona,Center Back,0.6976744186046512,0.3023255813953488,Draw,Non-Win
3879663,Hellas Verona,Defensive Midfield,0.6956521739130435,0.30434782608695654,Draw,Non-Win
3879663,Hellas Verona,Fullback,0.13846153846153847,0.8615384615384616,Draw,Non-Win
3879663,Hellas Verona,Goalkeeper,0.96875,0.03125,Draw,Non-Win
3879663,Hellas Verona,Striker,0.42857142857142855,0.5714285714285714,Draw,Non-Win
3879663,Hellas Verona,Wide Forward,0.4666666666666667,0.5333333333333333,Draw,Non-Win
3879663,Sassuolo,Center Back,0.56,0.44,Draw,Non-Win
3879663,Sassuolo,Central Midfield,0.44680851063829785,0.5531914893617021,Draw,Non-Win
3879663,Sassuolo,Defensive Midfield,0.5294117647058824,0.47058823529411764,Draw,Non-Win
3879663,Sassuolo,Fullback,0.08771929824561403,0.9122807017543859,Draw,Non-Win
3879663,Sassuolo,Goalkeeper,0.9615384615384616,0.038461538461538464,Draw,Non-Win
3879663,Sassuolo,Striker,0.6,0.4,Draw,Non-Win
3879663,Sassuolo,Wide Forward,0.37142857142857144,0.6285714285714286,Draw,Non-Win
3879669,Napoli,Center Back,0.8125,0.1875,Win,Win
3879669,Napoli,Central Midfield,0.6875,0.3125,Win,Win
3879669,Napoli,Defensive Midfield,0.5833333333333334,0.4166666666666667,Win,Win
3879669,Napoli,Fullback,0.21428571428571427,0.7857142857142857,Win,Win
3879669,Napoli,Goalkeeper,1.0,0.0,Win,Win
3879669,Napoli,Striker,1.0,0.0,Win,Win
3879669,Napoli,Wide Forward,0.48,0.52,Win,Win
3879669,Torino,Center Back,0.5584415584415584,0.44155844155844154,Loss,Non-Win
3879669,Torino,Central Midfield,0.6129032258064516,0.3870967741935484,Loss,Non-Win
3879669,Torino,Defensive Midfield,0.8571428571428571,0.14285714285714285,Loss,Non-Win
3879669,Torino,Fullback,0.21739130434782608,0.782608695652174,Loss,Non-Win
3879669,Torino,Goalkeeper,1.0,0.0,Loss,Non-Win
3879669,Torino,Striker,0.9411764705882353,0.058823529411764705,Loss,Non-Win
3879674,AC Milan,Center Back,0.7638888888888888,0.2361111111111111,Loss,Non-Win
3879674,AC Milan,Defensive Midfield,0.5555555555555556,0.4444444444444444,Loss,Non-Win
3879674,AC Milan,Fullback,0.1232876712328767,0.8767123287671232,Loss,Non-Win
3879674,AC Milan,Goalkeeper,1.0,0.0,Loss,Non-Win
3879674,AC Milan,Striker,0.45,0.55,Loss,Non-Win
3879674,AC Milan,Wide Forward,0.29545454545454547,0.7045454545454546,Loss,Non-Win
3879674,Bologna,Center Back,0.5714285714285714,0.42857142857142855,Win,Win
3879674,Bologna,Central Midfield,0.4444444444444444,0.5555555555555556,Win,Win
3879674,Bologna,Defensive Midfield,0.8421052631578947,0.15789473684210525,Win,Win
3879674,Bologna,Fullback,0.058823529411764705,0.9411764705882353,Win,Win
3879674,Bologna,Goalkeeper,0.9047619047619048,0.09523809523809523,Win,Win
3879674,Bologna,Striker,0.42857142857142855,0.5714285714285714,Win,Win
3879674,Bologna,Wide Forward,0.5128205128205128,0.48717948717948717,Win,Win
3879681,Inter Milan,Center Back,0.5166666666666667,0.48333333333333334,Loss,Non-Win
3879681,Inter Milan,Central Midfield,0.4722222222222222,0.5277777777777778,Loss,Non-Win
3879681,Inter Milan,Defensive Midfield,0.7222222222222222,0.2777777777777778,Loss,Non-Win
3879681,Inter Milan,Fullback,0.15555555555555556,0.8444444444444444,Loss,Non-Win
3879681,Inter Milan,Goalkeeper,0.9354838709677419,0.06451612903225806,Loss,Non-Win
3879681,Inter Milan,Striker,0.4444444444444444,0.5555555555555556,Loss,Non-Win
3879681,Inter Milan,Wide Forward,0.45454545454545453,0.5454545454545454,Loss,Non-Win
3879681,Sassuolo,Center Back,0.5,0.5,Win,Win
3879681,Sassuolo,Central Midfield,0.6229508196721312,0.3770491803278688,Win,Win
3879681,Sassuolo,Defensive Midfield,0.6666666666666666,0.3333333333333333,Win,Win
3879681,Sassuolo,Fullback,0.27419354838709675,0.7258064516129032,Win,Win
3879681,Sassuolo,Goalkeeper,0.95,0.05,Win,Win
3879681,Sassuolo,Striker,0.42857142857142855,0.5714285714285714,Win,Win
3879681,Sassuolo,Wide Forward,0.391304347826087,0.6086956521739131,Win,Win
3879689,Carpi,Attacking Midfield,0.7692307692307693,0.23076923076923078,Win,Win
3879689,Carpi,Center Back,0.6071428571428571,0.39285714285714285,Win,Win
3879689,Carpi,Defensive Midfield,0.5882352941176471,0.4117647058823529,Win,Win
3879689,Carpi,Fullback,0.16666666666666666,0.8333333333333334,Win,Win
3879689,Carpi,Goalkeeper,0.9565217391304348,0.043478260869565216,Win,Win
3879689,Carpi,Striker,0.7777777777777778,0.2222222222222222,Win,Win
3879689,Carpi,Wide Forward,0.3103448275862069,0.6896551724137931,Win,Win
3879689,Sampdoria,Center Back,0.6063829787234043,0.39361702127659576,Loss,Non-Win
3879689,Sampdoria,Central Midfield,0.6666666666666666,0.3333333333333333,Loss,Non-Win
3879689,Sampdoria,Defensive Midfield,0.7058823529411765,0.29411764705882354,Loss,Non-Win
3879689,Sampdoria,Fullback,0.11904761904761904,0.8809523809523809,Loss,Non-Win
3879689,Sampdoria,Goalkeeper,1.0,0.0,Loss,Non-Win
3879689,Sampdoria,Striker,0.5555555555555556,0.4444444444444444,Loss,Non-Win
3879689,Sampdoria,Wide Forward,0.34375,0.65625,Loss,Non-Win
3879690,AC Milan,Center Back,0.5238095238095238,0.47619047619047616,Win,Win
3879690,AC Milan,Central Midfield,0.25,0.75,Win,Win
3879690,AC Milan,Defensive Midfield,0.72,0.28,Win,Win
3879690,AC Milan,Fullback,0.06976744186046512,0.9302325581395349,Win,Win
3879690,AC Milan,Goalkeeper,0.9393939393939394,0.06060606060606061,Win,Win
3879690,AC Milan,Striker,0.17647058823529413,0.8235294117647058,Win,Win
3879690,AC Milan,Wide Forward,0.21875,0.78125,Win,Win
3879690,Fiorentina,Attacking Midfield,0.7575757575757576,0.24242424242424243,Loss,Non-Win
3879690,Fiorentina,Center Back,0.4574468085106383,0.5425531914893617,Loss,Non-Win
3879690,Fiorentina,Defensive Midfield,0.765625,0.234375,Loss,Non-Win
3879690,Fiorentina,Fullback,0.12244897959183673,0.8775510204081632,Loss,Non-Win
3879690,Fiorentina,Goalkeeper,1.0,0.0,Loss,Non-Win
3879690,Fiorentina,Striker,1.0,0.0,Loss,Non-Win
3879697,Atalanta,Attacking Midfield,0.6363636363636364,0.36363636363636365,Draw,Non-Win
3879697,Atalanta,Center Back,0.546875,0.453125,Draw,Non-Win
3879697,Atalanta,Central Midfield,0.3142857142857143,0.6857142857142857,Draw,Non-Win
3879697,Atalanta,Defensive Midfield,0.6428571428571429,0.35714285714285715,Draw,Non-Win
3879697,Atalanta,Fullback,0.14583333333333334,0.8541666666666666,Draw,Non-Win
3879697,Atalanta,Goalkeeper,0.8947368421052632,0.10526315789473684,Draw,Non-Win
3879697,Atalanta,Striker,0.5714285714285714,0.42857142857142855,Draw,Non-Win
3879697,Frosinone,Attacking Midfield,0.0,1.0,Draw,Non-Win
3879697,Frosinone,Center Back,0.5869565217391305,0.41304347826086957,Draw,Non-Win
3879697,Frosinone,Central Midfield,0.5714285714285714,0.42857142857142855,Draw,Non-Win
3879697,Frosinone,Defensive Midfield,0.4230769230769231,0.5769230769230769,Draw,Non-Win
3879697,Frosinone,Fullback,0.1111111111111111,0.8888888888888888,Draw,Non-Win
3879697,Frosinone,Goalkeeper,0.9666666666666667,0.03333333333333333,Draw,Non-Win
3879697,Frosinone,Striker,0.6666666666666666,0.3333333333333333,Draw,Non-Win
3879697,Frosinone,Wide Forward,0.375,0.625,Draw,Non-Win
3879698,AC Milan,Attacking Midfield,0.0,1.0,Draw,Non-Win
3879698,AC Milan,Center Back,0.6363636363636364,0.36363636363636365,Draw,Non-Win
3879698,AC Milan,Central Midfield,0.75,0.25,Draw,Non-Win
3879698,AC Milan,Defensive Midfield,0.7857142857142857,0.21428571428571427,Draw,Non-Win
3879698,AC Milan,Fullback,0.11864406779661017,0.8813559322033898,Draw,Non-Win
3879698,AC Milan,Goalkeeper,0.8888888888888888,0.1111111111111111,Draw,Non-Win
3879698,AC Milan,Striker,0.65,0.35,Draw,Non-Win
3879698,AC Milan,Wide Forward,0.2222222222222222,0.7777777777777778,Draw,Non-Win
3879698,Empoli,Attacking Midfield,0.8888888888888888,0.1111111111111111,Draw,Non-Win
3879698,Empoli,Center Back,0.746268656716418,0.2537313432835821,Draw,Non-Win
3879698,Empoli,Central Midfield,0.6052631578947368,0.39473684210526316,Draw,Non-Win
3879698,Empoli,Defensive Midfield,0.6538461538461539,0.34615384615384615,Draw,Non-Win
3879698,Empoli,Fullback,0.18867924528301888,0.8113207547169812,Draw,Non-Win
3879698,Empoli,Goalkeeper,1.0,0.0,Draw,Non-Win
3879698,Empoli,Striker,0.42857142857142855,0.5714285714285714,Draw,Non-Win
3879712,AC Milan,Center Back,0.7272727272727273,0.2727272727272727,Win,Win
3879712,AC Milan,Defensive Midfield,0.6,0.4,Win,Win
3879712,AC Milan,Fullback,0.08064516129032258,0.9193548387096774,Win,Win
3879712,AC Milan,Goalkeeper,0.9473684210526315,0.05263157894736842,Win,Win
3879712,AC Milan,Striker,0.55,0.45,Win,Win
3879712,AC Milan,Wide Forward,0.35294117647058826,0.6470588235294118,Win,Win
3879712,Inter Milan,Attacking Midfield,0.375,0.625,Loss,Non-Win
3879712,Inter Milan,Center Back,0.5,0.5,Loss,Non-Win
3879712,Inter Milan,Central Midfield,1.0,0.0,Loss,Non-Win
3879712,Inter Milan,Defensive Midfield,0.6792452830188679,0.32075471698113206,Loss,Non-Win
3879712,Inter Milan,Fullback,0.041666666666666664,0.9583333333333334,Loss,Non-Win
3879712,Inter Milan,Goalkeeper,1.0,0.0,Loss,Non-Win
3879712,Inter Milan,Striker,0.5555555555555556,0.4444444444444444,Loss,Non-Win
3879712,Inter Milan,Wide Forward,0.2692307692307692,0.7307692307692307,Loss,Non-Win
3879717,AS Roma,Attacking Midfield,0.6363636363636364,0.36363636363636365,Win,Win
3879717,AS Roma,Center Back,0.5555555555555556,0.4444444444444444,Win,Win
3879717,AS Roma,Central Midfield,0.7142857142857143,0.2857142857142857,Win,Win
3879717,AS Roma,Defensive Midfield,0.5483870967741935,0.45161290322580644,Win,Win
3879717,AS Roma,Fullback,0.06382978723404255,0.9361702127659575,Win,Win
3879717,AS Roma,Goalkeeper,0.9534883720930233,0.046511627906976744,Win,Win
3879717,AS Roma,Striker,0.47368421052631576,0.5263157894736842,Win,Win
3879717,AS Roma,Wide Forward,0.21428571428571427,0.7857142857142857,Win,Win
3879717,Sassuolo,Center Back,0.6491228070175439,0.3508771929824561,Loss,Non-Win
3879717,Sassuolo,Central Midfield,0.3333333333333333,0.6666666666666666,Loss,Non-Win
3879717,Sassuolo,Defensive Midfield,0.7307692307692307,0.2692307692307692,Loss,Non-Win
3879717,Sassuolo,Fullback,0.15384615384615385,0.8461538461538461,Loss,Non-Win
3879717,Sassuolo,Goalkeeper,1.0,0.0,Loss,Non-Win
3879717,Sassuolo,Striker,0.5,0.5,Loss,Non-Win
3879717,Sassuolo,Wide Forward,0.2571428571428571,0.7428571428571429,Loss,Non-Win
3879722,Atalanta,Center Back,0.675,0.325,Loss,Non-Win
3879722,Atalanta,Defensive Midfield,0.6756756756756757,0.32432432432432434,Loss,Non-Win
3879722,Atalanta,Fullback,0.3103448275862069,0.6896551724137931,Loss,Non-Win
3879722,Atalanta,Goalkeeper,0.9333333333333333,0.06666666666666667,Loss,Non-Win
3879722,Atalanta,Striker,0.7777777777777778,0.2222222222222222,Loss,Non-Win
3879722,Atalanta,Wide Forward,0.5,0.5,Loss,Non-Win
3879722,Hellas Verona,Center Back,0.6111111111111112,0.3888888888888889,Win,Win
3879722,Hellas Verona,Defensive Midfield,0.7321428571428571,0.26785714285714285,Win,Win
3879722,Hellas Verona,Fullback,0.11475409836065574,0.8852459016393442,Win,Win
3879722,Hellas Verona,Goalkeeper,1.0,0.0,Win,Win
3879722,Hellas Verona,Striker,0.6666666666666666,0.3333333333333333,Win,Win
3879722,Hellas Verona,Wide Forward,0.25,0.75,Win,Win
3879727,Genoa,Attacking Midfield,0.6538461538461539,0.34615384615384615,Draw,Non-Win
3879727,Genoa,Center Back,0.5949367088607594,0.4050632911392405,Draw,Non-Win
3879727,Genoa,Defensive Midfield,0.7551020408163265,0.24489795918367346,Draw,Non-Win
3879727,Genoa,Fullback,0.15384615384615385,0.8461538461538461,Draw,Non-Win
3879727,Genoa,Goalkeeper,0.9285714285714286,0.07142857142857142,Draw,Non-Win
3879727,Genoa,Striker,0.4,0.6,Draw,Non-Win
3879727,Lazio,Center Back,0.6923076923076923,0.3076923076923077,Draw,Non-Win
3879727,Lazio,Central Midfield,0.6111111111111112,0.3888888888888889,Draw,Non-Win
3879727,Lazio,Defensive Midfield,0.5555555555555556,0.4444444444444444,Draw,Non-Win
3879727,Lazio,Fullback,0.22033898305084745,0.7796610169491526,Draw,Non-Win
3879727,Lazio,Goalkeeper,0.9166666666666666,0.08333333333333333,Draw,Non-Win
3879727,Lazio,Striker,0.875,0.125,Draw,Non-Win
3879727,Lazio,Wide Forward,0.43333333333333335,0.5666666666666667,Draw,Non-Win
3879728,Bologna,Center Back,0.5952380952380952,0.40476190476190477,Draw,Non-Win
3879728,Bologna,Central Midfield,0.5370370370370371,0.46296296296296297,Draw,Non-Win
3879728,Bologna,Defensive Midfield,0.6666666666666666,0.3333333333333333,Draw,Non-Win
3879728,Bologna,Fullback,0.109375,0.890625,Draw,Non-Win
3879728,Bologna,Goalkeeper,0.9230769230769231,0.07692307692307693,Draw,Non-Win
3879728,Bologna,Striker,0.6,0.4,Draw,Non-Win
3879728,Bologna,Wide Forward,0.34375,0.65625,Draw,Non-Win
3879728,Fiorentina,Attacking Midfield,0.6153846153846154,0.38461538461538464,Draw,Non-Win
3879728,Fiorentina,Center Back,0.6153846153846154,0.38461538461538464,Draw,Non-Win
3879728,Fiorentina,Defensive Midfield,0.65625,0.34375,Draw,Non-Win
3879728,Fiorentina,Fullback,0.14035087719298245,0.8596491228070176,Draw,Non-Win
3879728,Fiorentina,Goalkeeper,1.0,0.0,Draw,Non-Win
3879728,Fiorentina,Striker,0.6666666666666666,0.3333333333333333,Draw,Non-Win
3879728,Fiorentina,Wide Forward,0.36666666666666664,0.6333333333333333,Draw,Non-Win
3879732,Chievo,Center Back,0.7906976744186046,0.20930232558139536,Win,Win
3879732,Chievo,Defensive Midfield,0.6857142857142857,0.3142857142857143,Win,Win
3879732,Chievo,Fullback,0.0847457627118644,0.9152542372881356,Win,Win
3879732,Chievo,Goalkeeper,0.9473684210526315,0.05263157894736842,Win,Win
3879732,Chievo,Striker,0.6,0.4,Win,Win
3879732,Chievo,Wide Forward,0.391304347826087,0.6086956521739131,Win,Win
3879732,Torino,Center Back,0.43089430894308944,0.5691056910569106,Loss,Non-Win
3879732,Torino,Central Midfield,0.5555555555555556,0.4444444444444444,Loss,Non-Win
3879732,Torino,Defensive Midfield,0.96,0.04,Loss,Non-Win
3879732,Torino,Fullback,0.14,0.86,Loss,Non-Win
3879732,Torino,Goalkeeper,1.0,0.0,Loss,Non-Win
3879732,Torino,Striker,0.5,0.5,Loss,Non-Win
3879735,Atalanta,Center Back,0.5882352941176471,0.4117647058823529,Draw,Non-Win
3879735,Atalanta,Central Midfield,0.35,0.65,Draw,Non-Win
3879735,Atalanta,Defensive Midfield,0.8,0.2,Draw,Non-Win
3879735,Atalanta,Fullback,0.3191489361702128,0.6808510638297872,Draw,Non-Win
3879735,Atalanta,Goalkeeper,1.0,0.0,Draw,Non-Win
3879735,Atalanta,Striker,0.7142857142857143,0.2857142857142857,Draw,Non-Win
3879735,Atalanta,Wide Forward,0.44,0.56,Draw,Non-Win
3879735,Empoli,Attacking Midfield,0.9,0.1,Draw,Non-Win
3879735,Empoli,Center Back,0.8852459016393442,0.11475409836065574,Draw,Non-Win
3879735,Empoli,Central Midfield,0.5416666666666666,0.4583333333333333,Draw,Non-Win
3879735,Empoli,Defensive Midfield,0.9333333333333333,0.06666666666666667,Draw,Non-Win
3879735,Empoli,Fullback,0.11428571428571428,0.8857142857142857,Draw,Non-Win
3879735,Empoli,Goalkeeper,0.9230769230769231,0.07692307692307693,Draw,Non-Win
3879735,Empoli,Striker,0.4444444444444444,0.5555555555555556,Draw,Non-Win
3879739,Juventus,Center Back,0.717948717948718,0.28205128205128205,Win,Win
3879739,Juventus,Central Midfield,0.5,0.5,Win,Win
3879739,Juventus,Defensive Midfield,0.6428571428571429,0.35714285714285715,Win,Win
3879739,Juventus,Fullback,0.08888888888888889,0.9111111111111111,Win,Win
3879739,Juventus,Goalkeeper,1.0,0.0,Win,Win
3879739,Juventus,Striker,0.5294117647058824,0.47058823529411764,Win,Win
3879739,Juventus,Wide Forward,0.5405405405405406,0.4594594594594595,Win,Win
3879739,Napoli,Center Back,0.72,0.28,Loss,Non-Win
3879739,Napoli,Central Midfield,0.4126984126984127,0.5873015873015873,Loss,Non-Win
3879739,Napoli,Defensive Midfield,0.7857142857142857,0.21428571428571427,Loss,Non-Win
3879739,Napoli,Fullback,0.0967741935483871,0.9032258064516129,Loss,Non-Win
3879739,Napoli,Goalkeeper,0.9333333333333333,0.06666666666666667,Loss,Non-Win
3879739,Napoli,Striker,1.0,0.0,Loss,Non-Win
3879739,Napoli,Wide Forward,0.25,0.75,Loss,Non-Win
3879749,Inter Milan,Attacking Midfield,0.5,0.5,Win,Win
3879749,Inter Milan,Center Back,0.5333333333333333,0.4666666666666667,Win,Win
3879749,Inter Milan,Central Midfield,0.75,0.25,Win,Win
3879749,Inter Milan,Defensive Midfield,0.6129032258064516,0.3870967741935484,Win,Win
3879749,Inter Milan,Fullback,0.09859154929577464,0.9014084507042254,Win,Win
3879749,Inter Milan,Goalkeeper,0.9545454545454546,0.045454545454545456,Win,Win
3879749,Inter Milan,Striker,0.6,0.4,Win,Win
3879749,Inter Milan,Wide Forward,0.2222222222222222,0.7777777777777778,Win,Win
3879749,Sampdoria,Attacking Midfield,1.0,0.0,Loss,Non-Win
3879749,Sampdoria,Center Back,0.5189873417721519,0.4810126582278481,Loss,Non-Win
3879749,Sampdoria,Central Midfield,0.6666666666666666,0.3333333333333333,Loss,Non-Win
3879749,Sampdoria,Defensive Midfield,0.7674418604651163,0.23255813953488372,Loss,Non-Win
3879749,Sampdoria,Fullback,0.17857142857142858,0.8214285714285714,Loss,Non-Win
3879749,Sampdoria,Goalkeeper,1.0,0.0,Loss,Non-Win
3879749,Sampdoria,Striker,0.7777777777777778,0.2222222222222222,Loss,Non-Win
3879749,Sampdoria,Wide Forward,0.55,0.45,Loss,Non-Win
3879752,Genoa,Attacking Midfield,0.5,0.5,Win,Win
3879752,Genoa,Center Back,0.4523809523809524,0.5476190476190477,Win,Win
3879752,Genoa,Central Midfield,0.3333333333333333,0.6666666666666666,Win,Win
3879752,Genoa,Defensive Midfield,0.6190476190476191,0.38095238095238093,Win,Win
3879752,Genoa,Fullback,0.2916666666666667,0.7083333333333334,Win,Win
3879752,Genoa,Goalkeeper,1.0,0.0,Win,Win
3879752,Genoa,Striker,0.47368421052631576,0.5263157894736842,Win,Win
3879752,Genoa,Wide Forward,0.35714285714285715,0.6428571428571429,Win,Win
3879752,Udinese,Attacking Midfield,0.3333333333333333,0.6666666666666666,Loss,Non-Win
3879752,Udinese,Center Back,0.6,0.4,Loss,Non-Win
3879752,Udinese,Central Midfield,0.6071428571428571,0.39285714285714285,Loss,Non-Win
3879752,Udinese,Defensive Midfield,0.53125,0.46875,Loss,Non-Win
3879752,Udinese,Fullback,0.2,0.8,Loss,Non-Win
3879752,Udinese,Goalkeeper,1.0,0.0,Loss,Non-Win
3879752,Udinese,Striker,0.3333333333333333,0.6666666666666666,Loss,Non-Win
3879755,Frosinone,Center Back,0.6060606060606061,0.3939393939393939,Draw,Non-Win
3879755,Frosinone,Central Midfield,0.5294117647058824,0.47058823529411764,Draw,Non-Win
3879755,Frosinone,Defensive Midfield,0.75,0.25,Draw,Non-Win
3879755,Frosinone,Fullback,0.12244897959183673,0.8775510204081632,Draw,Non-Win
3879755,Frosinone,Goalkeeper,1.0,0.0,Draw,Non-Win
3879755,Frosinone,Striker,0.45454545454545453,0.5454545454545454,Draw,Non-Win
3879755,Frosinone,Wide Forward,0.125,0.875,Draw,Non-Win
3879755,Lazio,Center Back,0.6612903225806451,0.3387096774193548,Draw,Non-Win
3879755,Lazio,Central Midfield,0.71875,0.28125,Draw,Non-Win
3879755,Lazio,Defensive Midfield,0.8431372549019608,0.1568627450980392,Draw,Non-Win
3879755,Lazio,Fullback,0.2987012987012987,0.7012987012987013,Draw,Non-Win
3879755,Lazio,Goalkeeper,1.0,0.0,Draw,Non-Win
3879755,Lazio,Striker,0.16666666666666666,0.8333333333333334,Draw,Non-Win
3879755,Lazio,Wide Forward,0.24324324324324326,0.7567567567567568,Draw,Non-Win
3879765,Fiorentina,Attacking Midfield,0.3888888888888889,0.6111111111111112,Draw,Non-Win
3879765,Fiorentina,Center Back,0.6285714285714286,0.37142857142857144,Draw,Non-Win
3879765,Fiorentina,Defensive Midfield,0.74,0.26,Draw,Non-Win
3879765,Fiorentina,Fullback,0.24,0.76,Draw,Non-Win
3879765,Fiorentina,Goalkeeper,1.0,0.0,Draw,Non-Win
3879765,Fiorentina,Striker,1.0,0.0,Draw,Non-Win
3879765,Fiorentina,Wide Forward,0.23529411764705882,0.7647058823529411,Draw,Non-Win
3879765,Napoli,Center Back,0.5977011494252874,0.40229885057471265,Draw,Non-Win
3879765,Napoli,Central Midfield,0.5526315789473685,0.4473684210526316,Draw,Non-Win
3879765,Napoli,Defensive Midfield,0.6875,0.3125,Draw,Non-Win
3879765,Napoli,Fullback,0.07692307692307693,0.9230769230769231,Draw,Non-Win
3879765,Napoli,Goalkeeper,0.9166666666666666,0.08333333333333333,Draw,Non-Win
3879765,Napoli,Striker,0.5,0.5,Draw,Non-Win
3879765,Napoli,Wide Forward,0.48148148148148145,0.5185185185185185,Draw,Non-Win
3879771,AC Milan,Center Back,0.7169811320754716,0.2830188679245283,Loss,Non-Win
3879771,AC Milan,Defensive Midfield,0.5882352941176471,0.4117647058823529,Loss,Non-Win
3879771,AC Milan,Fullback,0.2033898305084746,0.7966101694915254,Loss,Non-Win
3879771,AC Milan,Goalkeeper,0.9545454545454546,0.045454545454545456,Loss,Non-Win
3879771,AC Milan,Striker,0.8181818181818182,0.18181818181818182,Loss,Non-Win
3879771,AC Milan,Wide Forward,0.2222222222222222,0.7777777777777778,Loss,Non-Win
3879771,Sassuolo,Center Back,0.5588235294117647,0.4411764705882353,Win,Win
3879771,Sassuolo,Central Midfield,0.43478260869565216,0.5652173913043478,Win,Win
3879771,Sassuolo,Defensive Midfield,0.6296296296296297,0.37037037037037035,Win,Win
3879771,Sassuolo,Fullback,0.22950819672131148,0.7704918032786885,Win,Win
3879771,Sassuolo,Goalkeeper,1.0,0.0,Win,Win
3879771,Sassuolo,Striker,0.75,0.25,Win,Win
3879771,Sassuolo,Wide Forward,0.45454545454545453,0.5454545454545454,Win,Win
3879775,Empoli,Attacking Midfield,0.8,0.2,Loss,Non-Win
3879775,Empoli,Center Back,0.7111111111111111,0.28888888888888886,Loss,Non-Win
3879775,Empoli,Central Midfield,0.5813953488372093,0.4186046511627907,Loss,Non-Win
3879775,Empoli,Defensive Midfield,0.8,0.2,Loss,Non-Win
3879775,Empoli,Fullback,0.07017543859649122,0.9298245614035088,Loss,Non-Win
3879775,Empoli,Goalkeeper,0.9696969696969697,0.030303030303030304,Loss,Non-Win
3879775,Empoli,Striker,0.2,0.8,Loss,Non-Win
3879775,Genoa,Center Back,0.4375,0.5625,Win,Win
3879775,Genoa,Central Midfield,0.4722222222222222,0.5277777777777778,Win,Win
3879775,Genoa,Defensive Midfield,0.9047619047619048,0.09523809523809523,Win,Win
3879775,Genoa,Fullback,0.18055555555555555,0.8194444444444444,Win,Win
3879775,Genoa,Goalkeeper,0.9523809523809523,0.047619047619047616,Win,Win
3879775,Genoa,Striker,0.37142857142857144,0.6285714285714286,Win,Win
3879780,Fiorentina,Attacking Midfield,0.8,0.2,Draw,Non-Win
3879780,Fiorentina,Center Back,0.4788732394366197,0.5211267605633803,Draw,Non-Win
3879780,Fiorentina,Defensive Midfield,0.575,0.425,Draw,Non-Win
3879780,Fiorentina,Fullback,0.32653061224489793,0.673469387755102,Draw,Non-Win
3879780,Fiorentina,Goalkeeper,0.9047619047619048,0.09523809523809523,Draw,Non-Win
3879780,Fiorentina,Striker,0.6666666666666666,0.3333333333333333,Draw,Non-Win
3879780,Fiorentina,Wide Forward,0.4,0.6,Draw,Non-Win
3879780,Hellas Verona,Center Back,0.48148148148148145,0.5185185185185185,Draw,Non-Win
3879780,Hellas Verona,Central Midfield,0.6,0.4,Draw,Non-Win
3879780,Hellas Verona,Defensive Midfield,0.7272727272727273,0.2727272727272727,Draw,Non-Win
3879780,Hellas Verona,Fullback,0.10416666666666667,0.8958333333333334,Draw,Non-Win
3879780,Hellas Verona,Goalkeeper,0.9705882352941176,0.029411764705882353,Draw,Non-Win
3879780,Hellas Verona,Striker,0.42857142857142855,0.5714285714285714,Draw,Non-Win
3879780,Hellas Verona,Wide Forward,0.4444444444444444,0.5555555555555556,Draw,Non-Win
3879785,Atalanta,Attacking Midfield,0.0,1.0,Loss,Non-Win
3879785,Atalanta,Center Back,0.6410256410256411,0.358974358974359,Loss,Non-Win
3879785,Atalanta,Central Midfield,0.5,0.5,Loss,Non-Win
3879785,Atalanta,Defensive Midfield,0.5,0.5,Loss,Non-Win
3879785,Atalanta,Fullback,0.16666666666666666,0.8333333333333334,Loss,Non-Win
3879785,Atalanta,Goalkeeper,1.0,0.0,Loss,Non-Win
3879785,Atalanta,Striker,0.6,0.4,Loss,Non-Win
3879785,Atalanta,Wide Forward,0.45161290322580644,0.5483870967741935,Loss,Non-Win
3879785,Lazio,Attacking Midfield,0.46153846153846156,0.5384615384615384,Win,Win
3879785,Lazio,Center Back,0.4482758620689655,0.5517241379310345,Win,Win
3879785,Lazio,Defensive Midfield,0.6666666666666666,0.3333333333333333,Win,Win
3879785,Lazio,Fullback,0.18,0.82,Win,Win
3879785,Lazio,Goalkeeper,0.8928571428571429,0.10714285714285714,Win,Win
3879785,Lazio,Striker,0.6666666666666666,0.3333333333333333,Win,Win
3879785,Lazio,Wide Forward,0.38461538461538464,0.6153846153846154,Win,Win
3879788,Empoli,Attacking Midfield,0.6428571428571429,0.35714285714285715,Draw,Non-Win
3879788,Empoli,Center Back,0.8588235294117647,0.1411764705882353,Draw,Non-Win
3879788,Empoli,Central Midfield,0.4583333333333333,0.5416666666666666,Draw,Non-Win
3879788,Empoli,Defensive Midfield,0.75,0.25,Draw,Non-Win
3879788,Empoli,Fullback,0.22857142857142856,0.7714285714285715,Draw,Non-Win
3879788,Empoli,Goalkeeper,0.9375,0.0625,Draw,Non-Win
3879788,Empoli,Striker,0.5454545454545454,0.45454545454545453,Draw,Non-Win
3879788,Palermo,Center Back,0.6333333333333333,0.36666666666666664,Draw,Non-Win
3879788,Palermo,Central Midfield,0.5416666666666666,0.4583333333333333,Draw,Non-Win
3879788,Palermo,Defensive Midfield,0.6875,0.3125,Draw,Non-Win
3879788,Palermo,Fullback,0.12727272727272726,0.8727272727272727,Draw,Non-Win
3879788,Palermo,Goalkeeper,0.9705882352941176,0.029411764705882353,Draw,Non-Win
3879788,Palermo,Striker,0.55,0.45,Draw,Non-Win
3879788,Palermo,Wide Forward,0.32,0.68,Draw,Non-Win
3879790,Juventus,Center Back,0.36082474226804123,0.6391752577319587,Win,Win
3879790,Juventus,Central Midfield,0.5769230769230769,0.4230769230769231,Win,Win
3879790,Juventus,Defensive Midfield,0.7916666666666666,0.20833333333333334,Win,Win
3879790,Juventus,Fullback,0.14285714285714285,0.8571428571428571,Win,Win
3879790,Juventus,Goalkeeper,0.9166666666666666,0.08333333333333333,Win,Win
3879790,Juventus,Striker,0.5555555555555556,0.4444444444444444,Win,Win
3879790,Torino,Center Back,0.36363636363636365,0.6363636363636364,Loss,Non-Win
3879790,Torino,Central Midfield,0.5,0.5,Loss,Non-Win
3879790,Torino,Defensive Midfield,0.5384615384615384,0.46153846153846156,Loss,Non-Win
3879790,Torino,Fullback,0.24242424242424243,0.7575757575757576,Loss,Non-Win
3879790,Torino,Goalkeeper,1.0,0.0,Loss,Non-Win
3879790,Torino,Striker,0.5454545454545454,0.45454545454545453,Loss,Non-Win
3879795,Carpi,Center Back,0.7727272727272727,0.22727272727272727,Win,Win
3879795,Carpi,Central Midfield,0.8125,0.1875,Win,Win
3879795,Carpi,Defensive Midfield,0.7333333333333333,0.26666666666666666,Win,Win
3879795,Carpi,Fullback,0.22727272727272727,0.7727272727272727,Win,Win
3879795,Carpi,Goalkeeper,0.8387096774193549,0.16129032258064516,Win,Win
3879795,Carpi,Striker,0.5555555555555556,0.4444444444444444,Win,Win
3879795,Carpi,Wide Forward,0.3055555555555556,0.6944444444444444,Win,Win
3879795,Hellas Verona,Attacking Midfield,0.5454545454545454,0.45454545454545453,Loss,Non-Win
3879795,Hellas Verona,Center Back,0.6222222222222222,0.37777777777777777,Loss,Non-Win
3879795,Hellas Verona,Defensive Midfield,0.6792452830188679,0.32075471698113206,Loss,Non-Win
3879795,Hellas Verona,Fullback,0.16666666666666666,0.8333333333333334,Loss,Non-Win
3879795,Hellas Verona,Goalkeeper,0.9069767441860465,0.09302325581395349,Loss,Non-Win
3879795,Hellas Verona,Striker,0.5555555555555556,0.4444444444444444,Loss,Non-Win
3879795,Hellas Verona,Wide Forward,0.25,0.75,Loss,Non-Win
3879797,Carpi,Attacking Midfield,0.5714285714285714,0.42857142857142855,Loss,Non-Win
3879797,Carpi,Center Back,0.6046511627906976,0.3953488372093023,Loss,Non-Win
3879797,Carpi,Central Midfield,0.75,0.25,Loss,Non-Win
3879797,Carpi,Defensive Midfield,0.48484848484848486,0.5151515151515151,Loss,Non-Win
3879797,Carpi,Fullback,0.15,0.85,Loss,Non-Win
3879797,Carpi,Goalkeeper,0.96,0.04,Loss,Non-Win
3879797,Carpi,Striker,0.16666666666666666,0.8333333333333334,Loss,Non-Win
3879797,Carpi,Wide Forward,0.425,0.575,Loss,Non-Win
3879797,Sassuolo,Center Back,0.6153846153846154,0.38461538461538464,Win,Win
3879797,Sassuolo,Central Midfield,0.5121951219512195,0.4878048780487805,Win,Win
3879797,Sassuolo,Defensive Midfield,0.55,0.45,Win,Win
3879797,Sassuolo,Fullback,0.0851063829787234,0.9148936170212766,Win,Win
3879797,Sassuolo,Goalkeeper,0.9807692307692307,0.019230769230769232,Win,Win
3879797,Sassuolo,Striker,0.7,0.3,Win,Win
3879797,Sassuolo,Wide Forward,0.3333333333333333,0.6666666666666666,Win,Win
3879801,Inter Milan,Attacking Midfield,0.3,0.7,Loss,Non-Win
3879801,Inter Milan,Center Back,0.725,0.275,Loss,Non-Win
3879801,Inter Milan,Defensive Midfield,0.4714285714285714,0.5285714285714286,Loss,Non-Win
3879801,Inter Milan,Fullback,0.17543859649122806,0.8245614035087719,Loss,Non-Win
3879801,Inter Milan,Goalkeeper,0.9444444444444444,0.05555555555555555,Loss,Non-Win
3879801,Inter Milan,Striker,0.6666666666666666,0.3333333333333333,Loss,Non-Win
3879801,Inter Milan,Wide Forward,0.1,0.9,Loss,Non-Win
3879801,Torino,Center Back,0.5,0.5,Win,Win
3879801,Torino,Central Midfield,0.5333333333333333,0.4666666666666667,Win,Win
3879801,Torino,Defensive Midfield,0.9285714285714286,0.07142857142857142,Win,Win
3879801,Torino,Fullback,0.18867924528301888,0.8113207547169812,Win,Win
3879801,Torino,Goalkeeper,1.0,0.0,Win,Win
3879801,Torino,Striker,0.4666666666666667,0.5333333333333333,Win,Win
3879806,Bologna,Center Back,0.7428571428571429,0.2571428571428571,Loss,Non-Win
3879806,Bologna,Central Midfield,0.6041666666666666,0.3958333333333333,Loss,Non-Win
3879806,Bologna,Defensive Midfield,0.8571428571428571,0.14285714285714285,Loss,Non-Win
3879806,Bologna,Fullback,0.14634146341463414,0.8536585365853658,Loss,Non-Win
3879806,Bologna,Goalkeeper,0.9166666666666666,0.08333333333333333,Loss,Non-Win
3879806,Bologna,Striker,0.3333333333333333,0.6666666666666666,Loss,Non-Win
3879806,Bologna,Wide Forward,0.24,0.76,Loss,Non-Win
3879806,Hellas Verona,Attacking Midfield,0.8,0.2,Win,Win
3879806,Hellas Verona,Center Back,0.875,0.125,Win,Win
3879806,Hellas Verona,Central Midfield,0.36363636363636365,0.6363636363636364,Win,Win
3879806,Hellas Verona,Defensive Midfield,0.5526315789473685,0.4473684210526316,Win,Win
3879806,Hellas Verona,Fullback,0.18,0.82,Win,Win
3879806,Hellas Verona,Goalkeeper,0.8529411764705882,0.14705882352941177,Win,Win
3879806,Hellas Verona,Striker,0.25,0.75,Win,Win
3879806,Hellas Verona,Wide Forward,0.24242424242424243,0.7575757575757576,Win,Win
3879815,Atalanta,Attacking Midfield,0.35714285714285715,0.6428571428571429,Loss,Non-Win
3879815,Atalanta,Center Back,0.8333333333333334,0.16666666666666666,Loss,Non-Win
3879815,Atalanta,Defensive Midfield,0.559322033898305,0.4406779661016949,Loss,Non-Win
3879815,Atalanta,Fullback,0.17543859649122806,0.8245614035087719,Loss,Non-Win
3879815,Atalanta,Goalkeeper,1.0,0.0,Loss,Non-Win
3879815,Atalanta,Striker,0.0,1.0,Loss,Non-Win
3879815,Atalanta,Wide Forward,0.41935483870967744,0.5806451612903226,Loss,Non-Win
3879815,Torino,Center Back,0.5977011494252874,0.40229885057471265,Win,Win
3879815,Torino,Central Midfield,0.27586206896551724,0.7241379310344828,Win,Win
3879815,Torino,Defensive Midfield,0.8260869565217391,0.17391304347826086,Win,Win
3879815,Torino,Fullback,0.14285714285714285,0.8571428571428571,Win,Win
3879815,Torino,Goalkeeper,1.0,0.0,Win,Win
3879815,Torino,Striker,0.4444444444444444,0.5555555555555556,Win,Win
3879821,Fiorentina,Attacking Midfield,0.5238095238095238,0.47619047619047616,Win,Win
3879821,Fiorentina,Center Back,0.5952380952380952,0.40476190476190477,Win,Win
3879821,Fiorentina,Defensive Midfield,0.6111111111111112,0.3888888888888889,Win,Win
3879821,Fiorentina,Fullback,0.13043478260869565,0.8695652173913043,Win,Win
3879821,Fiorentina,Goalkeeper,0.9393939393939394,0.06060606060606061,Win,Win
3879821,Fiorentina,Striker,0.75,0.25,Win,Win
3879821,Fiorentina,Wide Forward,0.39285714285714285,0.6071428571428571,Win,Win
3879821,Sassuolo,Center Back,0.5526315789473685,0.4473684210526316,Loss,Non-Win
3879821,Sassuolo,Central Midfield,0.4166666666666667,0.5833333333333334,Loss,Non-Win
3879821,Sassuolo,Defensive Midfield,0.4722222222222222,0.5277777777777778,Loss,Non-Win
3879821,Sassuolo,Fullback,0.15789473684210525,0.8421052631578947,Loss,Non-Win
3879821,Sassuolo,Goalkeeper,1.0,0.0,Loss,Non-Win
3879821,Sassuolo,Striker,0.25,0.75,Loss,Non-Win
3879821,Sassuolo,Wide Forward,0.047619047619047616,0.9523809523809523,Loss,Non-Win
3879828,AS Roma,Attacking Midfield,0.6923076923076923,0.3076923076923077,Win,Win
3879828,AS Roma,Center Back,0.74,0.26,Win,Win
3879828,AS Roma,Central Midfield,0.37037037037037035,0.6296296296296297,Win,Win
3879828,AS Roma,Defensive Midfield,0.7142857142857143,0.2857142857142857,Win,Win
3879828,AS Roma,Fullback,0.2,0.8,Win,Win
3879828,AS Roma,Goalkeeper,0.9,0.1,Win,Win
3879828,AS Roma,Striker,0.3333333333333333,0.6666666666666666,Win,Win
3879828,AS Roma,Wide Forward,0.34782608695652173,0.6521739130434783,Win,Win
3879828,Torino,Center Back,0.5466666666666666,0.4533333333333333,Loss,Non-Win
3879828,Torino,Central Midfield,0.5862068965517241,0.41379310344827586,Loss,Non-Win
3879828,Torino,Defensive Midfield,0.8095238095238095,0.19047619047619047,Loss,Non-Win
3879828,Torino,Fullback,0.11538461538461539,0.8846153846153846,Loss,Non-Win
3879828,Torino,Goalkeeper,1.0,0.0,Loss,Non-Win
3879828,Torino,Striker,0.8125,0.1875,Loss,Non-Win
3879829,Empoli,Attacking Midfield,0.8095238095238095,0.19047619047619047,Win,Win
3879829,Empoli,Center Back,0.7692307692307693,0.23076923076923078,Win,Win
3879829,Empoli,Central Midfield,0.5,0.5,Win,Win
3879829,Empoli,Defensive Midfield,0.75,0.25,Win,Win
3879829,Empoli,Fullback,0.14814814814814814,0.8518518518518519,Win,Win
3879829,Empoli,Goalkeeper,1.0,0.0,Win,Win
3879829,Empoli,Striker,0.3333333333333333,0.6666666666666666,Win,Win
3879829,Hellas Verona,Attacking Midfield,0.36363636363636365,0.6363636363636364,Loss,Non-Win
3879829,Hellas Verona,Center Back,0.7142857142857143,0.2857142857142857,Loss,Non-Win
3879829,Hellas Verona,Defensive Midfield,0.47619047619047616,0.5238095238095238,Loss,Non-Win
3879829,Hellas Verona,Fullback,0.14285714285714285,0.8571428571428571,Loss,Non-Win
3879829,Hellas Verona,Goalkeeper,0.92,0.08,Loss,Non-Win
3879829,Hellas Verona,Striker,0.5,0.5,Loss,Non-Win
3879829,Hellas Verona,Wide Forward,0.37142857142857144,0.6285714285714286,Loss,Non-Win
3879830,Genoa,Center Back,0.2653061224489796,0.7346938775510204,Win,Win
3879830,Genoa,Defensive Midfield,0.6388888888888888,0.3611111111111111,Win,Win
3879830,Genoa,Fullback,0.17391304347826086,0.8260869565217391,Win,Win
3879830,Genoa,Goalkeeper,0.96,0.04,Win,Win
3879830,Genoa,Striker,1.0,0.0,Win,Win
3879830,Genoa,Wide Forward,0.20512820512820512,0.7948717948717948,Win,Win
3879830,Inter Milan,Attacking Midfield,0.5789473684210527,0.42105263157894735,Loss,Non-Win
3879830,Inter Milan,Center Back,0.581081081081081,0.4189189189189189,Loss,Non-Win
3879830,Inter Milan,Defensive Midfield,0.75,0.25,Loss,Non-Win
3879830,Inter Milan,Fullback,0.19696969696969696,0.803030303030303,Loss,Non-Win
3879830,Inter Milan,Goalkeeper,1.0,0.0,Loss,Non-Win
3879830,Inter Milan,Striker,0.8333333333333334,0.16666666666666666,Loss,Non-Win
3879830,Inter Milan,Wide Forward,0.41935483870967744,0.5806451612903226,Loss,Non-Win
3879840,Bologna,Attacking Midfield,0.4444444444444444,0.5555555555555556,Win,Win
3879840,Bologna,Center Back,0.5952380952380952,0.40476190476190477,Win,Win
3879840,Bologna,Central Midfield,0.625,0.375,Win,Win
3879840,Bologna,Defensive Midfield,0.6666666666666666,0.3333333333333333,Win,Win
3879840,Bologna,Fullback,0.03773584905660377,0.9622641509433962,Win,Win
3879840,Bologna,Goalkeeper,0.7931034482758621,0.20689655172413793,Win,Win
3879840,Bologna,Striker,0.5,0.5,Win,Win
3879840,Bologna,Wide Forward,0.07142857142857142,0.9285714285714286,Win,Win
3879840,Genoa,Center Back,0.5106382978723404,0.48936170212765956,Loss,Non-Win
3879840,Genoa,Central Midfield,0.55,0.45,Loss,Non-Win
3879840,Genoa,Defensive Midfield,0.6857142857142857,0.3142857142857143,Loss,Non-Win
3879840,Genoa,Fullback,0.07936507936507936,0.9206349206349206,Loss,Non-Win
3879840,Genoa,Goalkeeper,0.9642857142857143,0.03571428571428571,Loss,Non-Win
3879840,Genoa,Striker,0.6666666666666666,0.3333333333333333,Loss,Non-Win
3879840,Genoa,Wide Forward,0.5333333333333333,0.4666666666666667,Loss,Non-Win
3879841,Frosinone,Attacking Midfield,0.7272727272727273,0.2727272727272727,Loss,Non-Win
3879841,Frosinone,Center Back,0.5,0.5,Loss,Non-Win
3879841,Frosinone,Central Midfield,0.5714285714285714,0.42857142857142855,Loss,Non-Win
3879841,Frosinone,Defensive Midfield,0.5416666666666666,0.4583333333333333,Loss,Non-Win
3879841,Frosinone,Fullback,0.16326530612244897,0.8367346938775511,Loss,Non-Win
3879841,Frosinone,Goalkeeper,0.8636363636363636,0.13636363636363635,Loss,Non-Win
3879841,Frosinone,Striker,0.8333333333333334,0.16666666666666666,Loss,Non-Win
3879841,Frosinone,Wide Forward,0.21739130434782608,0.782608695652174,Loss,Non-Win
3879841,Palermo,Attacking Midfield,0.6363636363636364,0.36363636363636365,Win,Win
3879841,Palermo,Center Back,0.6326530612244898,0.3673469387755102,Win,Win
3879841,Palermo,Defensive Midfield,0.7,0.3,Win,Win
3879841,Palermo,Fullback,0.22,0.78,Win,Win
3879841,Palermo,Goalkeeper,0.9230769230769231,0.07692307692307693,Win,Win
3879841,Palermo,Striker,0.375,0.625,Win,Win
3879843,Sassuolo,Center Back,0.7333333333333333,0.26666666666666666,Win,Win
3879843,Sassuolo,Central Midfield,0.5,0.5,Win,Win
3879843,Sassuolo,Defensive Midfield,0.7391304347826086,0.2608695652173913,Win,Win
3879843,Sassuolo,Fullback,0.12307692307692308,0.8769230769230769,Win,Win
3879843,Sassuolo,Goalkeeper,1.0,0.0,Win,Win
3879843,Sassuolo,Striker,0.6666666666666666,0.3333333333333333,Win,Win
3879843,Sassuolo,Wide Forward,0.18181818181818182,0.8181818181818182,Win,Win
3879843,Torino,Center Back,0.5729166666666666,0.4270833333333333,Loss,Non-Win
3879843,Torino,Central Midfield,0.5434782608695652,0.45652173913043476,Loss,Non-Win
3879843,Torino,Defensive Midfield,0.8666666666666667,0.13333333333333333,Loss,Non-Win
3879843,Torino,Fullback,0.15,0.85,Loss,Non-Win
3879843,Torino,Goalkeeper,0.9583333333333334,0.041666666666666664,Loss,Non-Win
3879843,Torino,Striker,0.6363636363636364,0.36363636363636365,Loss,Non-Win
3879843,Torino,Wide Forward,1.0,0.0,Loss,Non-Win
3879847,Torino,Center Back,0.6886792452830188,0.3113207547169811,Win,Win
3879847,Torino,Central Midfield,0.575,0.425,Win,Win
3879847,Torino,Defensive Midfield,0.9142857142857143,0.08571428571428572,Win,Win
3879847,Torino,Fullback,0.05714285714285714,0.9428571428571428,Win,Win
3879847,Torino,Goalkeeper,1.0,0.0,Win,Win
3879847,Torino,Striker,0.875,0.125,Win,Win
3879847,Udinese,Attacking Midfield,0.5,0.5,Loss,Non-Win
3879847,Udinese,Center Back,0.6447368421052632,0.35526315789473684,Loss,Non-Win
3879847,Udinese,Central Midfield,0.6333333333333333,0.36666666666666664,Loss,Non-Win
3879847,Udinese,Defensive Midfield,0.8387096774193549,0.16129032258064516,Loss,Non-Win
3879847,Udinese,Fullback,0.15625,0.84375,Loss,Non-Win
3879847,Udinese,Goalkeeper,1.0,0.0,Loss,Non-Win
3879847,Udinese,Striker,0.25,0.75,Loss,Non-Win
3879848,Chievo,Attacking Midfield,0.45454545454545453,0.5454545454545454,Draw,Non-Win
3879848,Chievo,Center Back,0.631578947368421,0.3684210526315789,Draw,Non-Win
3879848,Chievo,Central Midfield,0.47368421052631576,0.5263157894736842,Draw,Non-Win
3879848,Chievo,Defensive Midfield,0.42105263157894735,0.5789473684210527,Draw,Non-Win
3879848,Chievo,Fullback,0.1206896551724138,0.8793103448275862,Draw,Non-Win
3879848,Chievo,Goalkeeper,0.8888888888888888,0.1111111111111111,Draw,Non-Win
3879848,Chievo,Striker,0.5,0.5,Draw,Non-Win
3879848,Fiorentina,Attacking Midfield,0.5,0.5,Draw,Non-Win
3879848,Fiorentina,Center Back,0.5056179775280899,0.4943820224719101,Draw,Non-Win
3879848,Fiorentina,Central Midfield,0.575,0.425,Draw,Non-Win
3879848,Fiorentina,Defensive Midfield,0.7419354838709677,0.25806451612903225,Draw,Non-Win
3879848,Fiorentina,Fullback,0.14285714285714285,0.8571428571428571,Draw,Non-Win
3879848,Fiorentina,Goalkeeper,1.0,0.0,Draw,Non-Win
3879848,Fiorentina,Striker,0.6666666666666666,0.3333333333333333,Draw,Non-Win
3879849,Bologna,Attacking Midfield,0.6923076923076923,0.3076923076923077,Draw,Non-Win
3879849,Bologna,Center Back,0.6,0.4,Draw,Non-Win
3879849,Bologna,Defensive Midfield,0.6857142857142857,0.3142857142857143,Draw,Non-Win
3879849,Bologna,Fullback,0.20408163265306123,0.7959183673469388,Draw,Non-Win
3879849,Bologna,Goalkeeper,1.0,0.0,Draw,Non-Win
3879849,Bologna,Striker,0.9,0.1,Draw,Non-Win
3879849,Bologna,Wide Forward,0.45454545454545453,0.5454545454545454,Draw,Non-Win
3879849,Empoli,Attacking Midfield,0.7272727272727273,0.2727272727272727,Draw,Non-Win
3879849,Empoli,Center Back,0.7777777777777778,0.2222222222222222,Draw,Non-Win
3879849,Empoli,Central Midfield,0.6923076923076923,0.3076923076923077,Draw,Non-Win
3879849,Empoli,Defensive Midfield,0.64,0.36,Draw,Non-Win
3879849,Empoli,Fullback,0.07407407407407407,0.9259259259259259,Draw,Non-Win
3879849,Empoli,Goalkeeper,1.0,0.0,Draw,Non-Win
3879849,Empoli,Striker,0.23529411764705882,0.7647058823529411,Draw,Non-Win
3879868,Inter Milan,Center Back,0.7719298245614035,0.22807017543859648,Loss,Non-Win
3879868,Inter Milan,Central Midfield,0.5925925925925926,0.4074074074074074,Loss,Non-Win
3879868,Inter Milan,Defensive Midfield,0.5517241379310345,0.4482758620689655,Loss,Non-Win
3879868,Inter Milan,Fullback,0.1276595744680851,0.8723404255319149,Loss,Non-Win
3879868,Inter Milan,Goalkeeper,0.9047619047619048,0.09523809523809523,Loss,Non-Win
3879868,Inter Milan,Striker,0.6666666666666666,0.3333333333333333,Loss,Non-Win
3879868,Inter Milan,Wide Forward,0.3,0.7,Loss,Non-Win
3879868,Sassuolo,Center Back,0.7906976744186046,0.20930232558139536,Win,Win
3879868,Sassuolo,Central Midfield,0.5813953488372093,0.4186046511627907,Win,Win
3879868,Sassuolo,Defensive Midfield,0.7073170731707317,0.2926829268292683,Win,Win
3879868,Sassuolo,Fullback,0.125,0.875,Win,Win
3879868,Sassuolo,Goalkeeper,0.9166666666666666,0.08333333333333333,Win,Win
3879868,Sassuolo,Striker,0.5,0.5,Win,Win
3879868,Sassuolo,Wide Forward,0.30434782608695654,0.6956521739130435,Win,Win
3879871,Carpi,Attacking Midfield,0.42857142857142855,0.5714285714285714,Win,Win
3879871,Carpi,Center Back,0.55,0.45,Win,Win
3879871,Carpi,Central Midfield,0.4444444444444444,0.5555555555555556,Win,Win
3879871,Carpi,Defensive Midfield,0.5454545454545454,0.45454545454545453,Win,Win
3879871,Carpi,Fullback,0.2698412698412698,0.7301587301587301,Win,Win
3879871,Carpi,Goalkeeper,1.0,0.0,Win,Win
3879871,Carpi,Striker,0.6666666666666666,0.3333333333333333,Win,Win
3879871,Udinese,Center Back,0.49074074074074076,0.5092592592592593,Loss,Non-Win
3879871,Udinese,Central Midfield,0.45454545454545453,0.5454545454545454,Loss,Non-Win
3879871,Udinese,Defensive Midfield,0.7045454545454546,0.29545454545454547,Loss,Non-Win
3879871,Udinese,Fullback,0.2127659574468085,0.7872340425531915,Loss,Non-Win
3879871,Udinese,Goalkeeper,1.0,0.0,Loss,Non-Win
3879871,Udinese,Striker,0.5,0.5,Loss,Non-Win
3879871,Udinese,Wide Forward,0.08333333333333333,0.9166666666666666,Loss,Non-Win
3879872,Bologna,Attacking Midfield,0.7037037037037037,0.2962962962962963,Draw,Non-Win
3879872,Bologna,Center Back,0.7735849056603774,0.22641509433962265,Draw,Non-Win
3879872,Bologna,Defensive Midfield,0.7115384615384616,0.28846153846153844,Draw,Non-Win
3879872,Bologna,Fullback,0.26865671641791045,0.7313432835820896,Draw,Non-Win
3879872,Bologna,Goalkeeper,0.9655172413793104,0.034482758620689655,Draw,Non-Win
3879872,Bologna,Striker,0.25,0.75,Draw,Non-Win
3879872,Bologna,Wide Forward,0.37209302325581395,0.627906976744186,Draw,Non-Win
3879872,Chievo,Attacking Midfield,0.5555555555555556,0.4444444444444444,Draw,Non-Win
3879872,Chievo,Center Back,0.6666666666666666,0.3333333333333333,Draw,Non-Win
3879872,Chievo,Central Midfield,0.41025641025641024,0.5897435897435898,Draw,Non-Win
3879872,Chievo,Defensive Midfield,0.8823529411764706,0.11764705882352941,Draw,Non-Win
3879872,Chievo,Fullback,0.1509433962264151,0.8490566037735849,Draw,Non-Win
3879872,Chievo,Goalkeeper,0.9696969696969697,0.030303030303030304,Draw,Non-Win
3879872,Chievo,Striker,0.4,0.6,Draw,Non-Win
3879874,Fiorentina,Center Back,0.7111111111111111,0.28888888888888886,Win,Win
3879874,Fiorentina,Central Midfield,0.6216216216216216,0.3783783783783784,Win,Win
3879874,Fiorentina,Defensive Midfield,0.8536585365853658,0.14634146341463414,Win,Win
3879874,Fiorentina,Fullback,0.14583333333333334,0.8541666666666666,Win,Win
3879874,Fiorentina,Goalkeeper,1.0,0.0,Win,Win
3879874,Fiorentina,Striker,0.8333333333333334,0.16666666666666666,Win,Win
3879874,Fiorentina,Wide Forward,0.42857142857142855,0.5714285714285714,Win,Win
3879874,Lazio,Attacking Midfield,0.0,1.0,Loss,Non-Win
3879874,Lazio,Center Back,0.7868852459016393,0.21311475409836064,Loss,Non-Win
3879874,Lazio,Central Midfield,0.4583333333333333,0.5416666666666666,Loss,Non-Win
3879874,Lazio,Defensive Midfield,0.6470588235294118,0.35294117647058826,Loss,Non-Win
3879874,Lazio,Fullback,0.2682926829268293,0.7317073170731707,Loss,Non-Win
3879874,Lazio,Goalkeeper,1.0,0.0,Loss,Non-Win
3879874,Lazio,Striker,0.6666666666666666,0.3333333333333333,Loss,Non-Win
3879874,Lazio,Wide Forward,0.225,0.775,Loss,Non-Win
3879875,Hellas Verona,Attacking Midfield,0.25,0.75,Loss,Non-Win
3879875,Hellas Verona,Center Back,0.8301886792452831,0.16981132075471697,Loss,Non-Win
3879875,Hellas Verona,Defensive Midfield,0.7272727272727273,0.2727272727272727,Loss,Non-Win
3879875,Hellas Verona,Fullback,0.08196721311475409,0.9180327868852459,Loss,Non-Win
3879875,Hellas Verona,Goalkeeper,1.0,0.0,Loss,Non-Win
3879875,Hellas Verona,Striker,0.5,0.5,Loss,Non-Win
3879875,Hellas Verona,Wide Forward,0.23809523809523808,0.7619047619047619,Loss,Non-Win
3879875,Palermo,Center Back,0.5897435897435898,0.41025641025641024,Win,Win
3879875,Palermo,Defensive Midfield,0.5769230769230769,0.4230769230769231,Win,Win
3879875,Palermo,Fullback,0.12121212121212122,0.8787878787878788,Win,Win
3879875,Palermo,Goalkeeper,0.85,0.15,Win,Win
3879875,Palermo,Striker,0.2727272727272727,0.7272727272727273,Win,Win
3879875,Palermo,Wide Forward,0.25,0.75,Win,Win
3888719,Brazil,Center Back,0.8148148148148148,0.18518518518518517,Loss,Non-Win
3888719,Brazil,Defensive Midfield,0.7662337662337663,0.23376623376623376,Loss,Non-Win
3888719,Brazil,Fullback,0.20833333333333334,0.7916666666666666,Loss,Non-Win
3888719,Brazil,Goalkeeper,0.9375,0.0625,Loss,Non-Win
3888719,Brazil,Striker,0.75,0.25,Loss,Non-Win
3888719,Brazil,Wide Forward,0.4375,0.5625,Loss,Non-Win
3888719,Netherlands,Center Back,0.5517241379310345,0.4482758620689655,Win,Win
3888719,Netherlands,Central Midfield,0.4716981132075472,0.5283018867924528,Win,Win
3888719,Netherlands,Defensive Midfield,0.6153846153846154,0.38461538461538464,Win,Win
3888719,Netherlands,Fullback,0.15151515151515152,0.8484848484848485,Win,Win
3888719,Netherlands,Goalkeeper,1.0,0.0,Win,Win
3888719,Netherlands,Striker,0.625,0.375,Win,Win
3888719,Netherlands,Wide Forward,0.2608695652173913,0.7391304347826086,Win,Win
3889082,Boca Juniors,Attacking Midfield,0.8095238095238095,0.19047619047619047,Win,Win
3889082,Boca Juniors,Center Back,0.75,0.25,Win,Win
3889082,Boca Juniors,Central Midfield,0.5873015873015873,0.4126984126984127,Win,Win
3889082,Boca Juniors,Defensive Midfield,0.6923076923076923,0.3076923076923077,Win,Win
3889082,Boca Juniors,Fullback,0.13043478260869565,0.8695652173913043,Win,Win
3889082,Boca Juniors,Goalkeeper,1.0,0.0,Win,Win
3889082,Boca Juniors,Striker,0.5,0.5,Win,Win
3889082,River Plate,Attacking Midfield,0.5384615384615384,0.46153846153846156,Loss,Non-Win
3889082,River Plate,Center Back,0.7450980392156863,0.2549019607843137,Loss,Non-Win
3889082,River Plate,Defensive Midfield,0.7692307692307693,0.23076923076923078,Loss,Non-Win
3889082,River Plate,Fullback,0.3157894736842105,0.6842105263157895,Loss,Non-Win
3889082,River Plate,Goalkeeper,1.0,0.0,Loss,Non-Win
3889082,River Plate,Striker,0.875,0.125,Loss,Non-Win
3889082,River Plate,Wide Forward,0.3,0.7,Loss,Non-Win
3889149,Argentina,Center Back,0.6341463414634146,0.36585365853658536,Win,Win
3889149,Argentina,Central Midfield,0.8181818181818182,0.18181818181818182,Win,Win
3889149,Argentina,Defensive Midfield,0.6,0.4,Win,Win
3889149,Argentina,Fullback,0.3225806451612903,0.6774193548387096,Win,Win
3889149,Argentina,Goalkeeper,1.0,0.0,Win,Win
3889149,Argentina,Striker,0.6296296296296297,0.37037037037037035,Win,Win
3889149,Germany,Attacking Midfield,0.5555555555555556,0.4444444444444444,Loss,Non-Win
3889149,Germany,Center Back,0.5168539325842697,0.48314606741573035,Loss,Non-Win
3889149,Germany,Defensive Midfield,0.6,0.4,Loss,Non-Win
3889149,Germany,Fullback,0.3191489361702128,0.6808510638297872,Loss,Non-Win
3889149,Germany,Goalkeeper,1.0,0.0,Loss,Non-Win
3889149,Germany,Striker,0.5714285714285714,0.42857142857142855,Loss,Non-Win
3890262,Darmstadt 98,Attacking Midfield,0.5,0.5,Draw,Non-Win
3890262,Darmstadt 98,Center Back,0.5483870967741935,0.45161290322580644,Draw,Non-Win
3890262,Darmstadt 98,Defensive Midfield,0.34615384615384615,0.6538461538461539,Draw,Non-Win
3890262,Darmstadt 98,Fullback,0.15217391304347827,0.8478260869565217,Draw,Non-Win
3890262,Darmstadt 98,Goalkeeper,0.8571428571428571,0.14285714285714285,Draw,Non-Win
3890262,Darmstadt 98,Striker,0.2857142857142857,0.7142857142857143,Draw,Non-Win
3890262,Darmstadt 98,Wide Forward,0.25,0.75,Draw,Non-Win
3890262,Hannover 96,Attacking Midfield,0.3333333333333333,0.6666666666666666,Draw,Non-Win
3890262,Hannover 96,Center Back,0.39622641509433965,0.6037735849056604,Draw,Non-Win
3890262,Hannover 96,Defensive Midfield,0.5517241379310345,0.4482758620689655,Draw,Non-Win
3890262,Hannover 96,Fullback,0.16666666666666666,0.8333333333333334,Draw,Non-Win
3890262,Hannover 96,Goalkeeper,0.9411764705882353,0.058823529411764705,Draw,Non-Win
3890262,Hannover 96,Striker,0.3333333333333333,0.6666666666666666,Draw,Non-Win
3890262,Hannover 96,Wide Forward,0.2222222222222222,0.7777777777777778,Draw,Non-Win
3890263,FSV Mainz 05,Attacking Midfield,0.6923076923076923,0.3076923076923077,Loss,Non-Win
3890263,FSV Mainz 05,Center Back,0.6868686868686869,0.31313131313131315,Loss,Non-Win
3890263,FSV Mainz 05,Defensive Midfield,0.8297872340425532,0.1702127659574468,Loss,Non-Win
3890263,FSV Mainz 05,Fullback,0.1111111111111111,0.8888888888888888,Loss,Non-Win
3890263,FSV Mainz 05,Goalkeeper,0.9285714285714286,0.07142857142857142,Loss,Non-Win
3890263,FSV Mainz 05,Striker,0.5,0.5,Loss,Non-Win
3890263,FSV Mainz 05,Wide Forward,0.25,0.75,Loss,Non-Win
3890263,Ingolstadt,Center Back,0.5862068965517241,0.41379310344827586,Win,Win
3890263,Ingolstadt,Central Midfield,0.44680851063829785,0.5531914893617021,Win,Win
3890263,Ingolstadt,Defensive Midfield,0.6363636363636364,0.36363636363636365,Win,Win
3890263,Ingolstadt,Fullback,0.2037037037037037,0.7962962962962963,Win,Win
3890263,Ingolstadt,Goalkeeper,0.9111111111111111,0.08888888888888889,Win,Win
3890263,Ingolstadt,Striker,0.3888888888888889,0.6111111111111112,Win,Win
3890263,Ingolstadt,Wide Forward,0.3793103448275862,0.6206896551724138,Win,Win
3890264,Schalke 04,Attacking Midfield,0.3333333333333333,0.6666666666666666,Win,Win
3890264,Schalke 04,Center Back,0.5833333333333334,0.4166666666666667,Win,Win
3890264,Schalke 04,Defensive Midfield,0.48,0.52,Win,Win
3890264,Schalke 04,Fullback,0.20833333333333334,0.7916666666666666,Win,Win
3890264,Schalke 04,Goalkeeper,0.9767441860465116,0.023255813953488372,Win,Win
3890264,Schalke 04,Striker,0.6666666666666666,0.3333333333333333,Win,Win
3890264,Schalke 04,Wide Forward,0.3333333333333333,0.6666666666666666,Win,Win
3890264,Werder Bremen,Attacking Midfield,0.4,0.6,Loss,Non-Win
3890264,Werder Bremen,Center Back,0.620253164556962,0.379746835443038,Loss,Non-Win
3890264,Werder Bremen,Central Midfield,0.6666666666666666,0.3333333333333333,Loss,Non-Win
3890264,Werder Bremen,Defensive Midfield,0.6458333333333334,0.3541666666666667,Loss,Non-Win
3890264,Werder Bremen,Fullback,0.08108108108108109,0.918918918918919,Loss,Non-Win
3890264,Werder Bremen,Goalkeeper,0.8888888888888888,0.1111111111111111,Loss,Non-Win
3890264,Werder Bremen,Striker,0.5833333333333334,0.4166666666666667,Loss,Non-Win
3890264,Werder Bremen,Wide Forward,0.46938775510204084,0.5306122448979592,Loss,Non-Win
3890266,FC Köln,Attacking Midfield,1.0,0.0,Win,Win
3890266,FC Köln,Center Back,0.38095238095238093,0.6190476190476191,Win,Win
3890266,FC Köln,Central Midfield,0.5454545454545454,0.45454545454545453,Win,Win
3890266,FC Köln,Defensive Midfield,0.6785714285714286,0.32142857142857145,Win,Win
3890266,FC Köln,Fullback,0.23529411764705882,0.7647058823529411,Win,Win
3890266,FC Köln,Goalkeeper,0.9024390243902439,0.0975609756097561,Win,Win
3890266,FC Köln,Striker,0.7777777777777778,0.2222222222222222,Win,Win
3890266,FC Köln,Wide Forward,0.375,0.625,Win,Win
3890266,VfB Stuttgart,Center Back,0.5633802816901409,0.43661971830985913,Loss,Non-Win
3890266,VfB Stuttgart,Defensive Midfield,0.6136363636363636,0.38636363636363635,Loss,Non-Win
3890266,VfB Stuttgart,Fullback,0.16326530612244897,0.8367346938775511,Loss,Non-Win
3890266,VfB Stuttgart,Goalkeeper,0.9473684210526315,0.05263157894736842,Loss,Non-Win
3890266,VfB Stuttgart,Striker,0.5,0.5,Loss,Non-Win
3890266,VfB Stuttgart,Wide Forward,0.375,0.625,Loss,Non-Win
3890267,Eintracht Frankfurt,Center Back,0.723404255319149,0.2765957446808511,Loss,Non-Win
3890267,Eintracht Frankfurt,Central Midfield,0.45454545454545453,0.5454545454545454,Loss,Non-Win
3890267,Eintracht Frankfurt,Defensive Midfield,0.6923076923076923,0.3076923076923077,Loss,Non-Win
3890267,Eintracht Frankfurt,Fullback,0.14035087719298245,0.8596491228070176,Loss,Non-Win
3890267,Eintracht Frankfurt,Goalkeeper,0.9354838709677419,0.06451612903225806,Loss,Non-Win
3890267,Eintracht Frankfurt,Striker,0.5,0.5,Loss,Non-Win
3890267,Eintracht Frankfurt,Wide Forward,0.25,0.75,Loss,Non-Win
3890267,Wolfsburg,Attacking Midfield,0.4375,0.5625,Win,Win
3890267,Wolfsburg,Center Back,0.43820224719101125,0.5617977528089888,Win,Win
3890267,Wolfsburg,Defensive Midfield,0.6486486486486487,0.35135135135135137,Win,Win
3890267,Wolfsburg,Fullback,0.15873015873015872,0.8412698412698413,Win,Win
3890267,Wolfsburg,Goalkeeper,0.9722222222222222,0.027777777777777776,Win,Win
3890267,Wolfsburg,Striker,0.5714285714285714,0.42857142857142855,Win,Win
3890267,Wolfsburg,Wide Forward,0.37037037037037035,0.6296296296296297,Win,Win
3890268,Hertha Berlin,Center Back,0.574468085106383,0.425531914893617,Draw,Non-Win
3890268,Hertha Berlin,Defensive Midfield,0.5238095238095238,0.47619047619047616,Draw,Non-Win
3890268,Hertha Berlin,Fullback,0.017857142857142856,0.9821428571428571,Draw,Non-Win
3890268,Hertha Berlin,Goalkeeper,1.0,0.0,Draw,Non-Win
3890268,Hertha Berlin,Striker,0.21739130434782608,0.782608695652174,Draw,Non-Win
3890268,Hertha Berlin,Wide Forward,0.28125,0.71875,Draw,Non-Win
3890268,Werder Bremen,Attacking Midfield,0.75,0.25,Draw,Non-Win
3890268,Werder Bremen,Center Back,0.5573770491803278,0.4426229508196721,Draw,Non-Win
3890268,Werder Bremen,Central Midfield,0.42105263157894735,0.5789473684210527,Draw,Non-Win
3890268,Werder Bremen,Defensive Midfield,0.7586206896551724,0.2413793103448276,Draw,Non-Win
3890268,Werder Bremen,Fullback,0.18181818181818182,0.8181818181818182,Draw,Non-Win
3890268,Werder Bremen,Goalkeeper,1.0,0.0,Draw,Non-Win
3890268,Werder Bremen,Striker,0.46153846153846156,0.5384615384615384,Draw,Non-Win
3890268,Werder Bremen,Wide Forward,0.0,1.0,Draw,Non-Win
3890272,Augsburg,Attacking Midfield,0.5555555555555556,0.4444444444444444,Draw,Non-Win
3890272,Augsburg,Center Back,0.4444444444444444,0.5555555555555556,Draw,Non-Win
3890272,Augsburg,Defensive Midfield,0.7333333333333333,0.26666666666666666,Draw,Non-Win
3890272,Augsburg,Fullback,0.21153846153846154,0.7884615384615384,Draw,Non-Win
3890272,Augsburg,Goalkeeper,1.0,0.0,Draw,Non-Win
3890272,Augsburg,Striker,0.3333333333333333,0.6666666666666666,Draw,Non-Win
3890272,Augsburg,Wide Forward,0.3157894736842105,0.6842105263157895,Draw,Non-Win
3890272,Eintracht Frankfurt,Attacking Midfield,0.3333333333333333,0.6666666666666666,Draw,Non-Win
3890272,Eintracht Frankfurt,Center Back,0.5087719298245614,0.49122807017543857,Draw,Non-Win
3890272,Eintracht Frankfurt,Central Midfield,0.25,0.75,Draw,Non-Win
3890272,Eintracht Frankfurt,Defensive Midfield,0.5769230769230769,0.4230769230769231,Draw,Non-Win
3890272,Eintracht Frankfurt,Fullback,0.07547169811320754,0.9245283018867925,Draw,Non-Win
3890272,Eintracht Frankfurt,Goalkeeper,0.9285714285714286,0.07142857142857142,Draw,Non-Win
3890272,Eintracht Frankfurt,Striker,0.4166666666666667,0.5833333333333334,Draw,Non-Win
3890272,Eintracht Frankfurt,Wide Forward,0.14285714285714285,0.8571428571428571,Draw,Non-Win
3890276,Borussia Mönchengladbach,Center Back,0.7373737373737373,0.26262626262626265,Loss,Non-Win
3890276,Borussia Mönchengladbach,Defensive Midfield,0.7023809523809523,0.2976190476190476,Loss,Non-Win
3890276,Borussia Mönchengladbach,Fullback,0.16,0.84,Loss,Non-Win
3890276,Borussia Mönchengladbach,Goalkeeper,0.9655172413793104,0.034482758620689655,Loss,Non-Win
3890276,Borussia Mönchengladbach,Striker,0.6666666666666666,0.3333333333333333,Loss,Non-Win
3890276,Borussia Mönchengladbach,Wide Forward,0.1875,0.8125,Loss,Non-Win
3890276,FSV Mainz 05,Attacking Midfield,0.4166666666666667,0.5833333333333334,Win,Win
3890276,FSV Mainz 05,Center Back,0.6545454545454545,0.34545454545454546,Win,Win
3890276,FSV Mainz 05,Defensive Midfield,0.4782608695652174,0.5217391304347826,Win,Win
3890276,FSV Mainz 05,Fullback,0.04878048780487805,0.9512195121951219,Win,Win
3890276,FSV Mainz 05,Goalkeeper,0.9487179487179487,0.05128205128205128,Win,Win
3890276,FSV Mainz 05,Striker,0.5,0.5,Win,Win
3890276,FSV Mainz 05,Wide Forward,0.21052631578947367,0.7894736842105263,Win,Win
3890281,Augsburg,Attacking Midfield,0.875,0.125,Loss,Non-Win
3890281,Augsburg,Center Back,0.696969696969697,0.30303030303030304,Loss,Non-Win
3890281,Augsburg,Central Midfield,0.0,1.0,Loss,Non-Win
3890281,Augsburg,Defensive Midfield,0.6888888888888889,0.3111111111111111,Loss,Non-Win
3890281,Augsburg,Fullback,0.07017543859649122,0.9298245614035088,Loss,Non-Win
3890281,Augsburg,Goalkeeper,0.9777777777777777,0.022222222222222223,Loss,Non-Win
3890281,Augsburg,Striker,0.5,0.5,Loss,Non-Win
3890281,Augsburg,Wide Forward,0.5,0.5,Loss,Non-Win
3890281,Ingolstadt,Center Back,0.4583333333333333,0.5416666666666666,Win,Win
3890281,Ingolstadt,Central Midfield,0.375,0.625,Win,Win
3890281,Ingolstadt,Defensive Midfield,0.35714285714285715,0.6428571428571429,Win,Win
3890281,Ingolstadt,Fullback,0.05555555555555555,0.9444444444444444,Win,Win
3890281,Ingolstadt,Goalkeeper,0.9459459459459459,0.05405405405405406,Win,Win
3890281,Ingolstadt,Striker,0.5,0.5,Win,Win
3890281,Ingolstadt,Wide Forward,0.3076923076923077,0.6923076923076923,Win,Win
3890290,Hertha Berlin,Center Back,0.4915254237288136,0.5084745762711864,Win,Win
3890290,Hertha Berlin,Defensive Midfield,0.5925925925925926,0.4074074074074074,Win,Win
3890290,Hertha Berlin,Fullback,0.05128205128205128,0.9487179487179487,Win,Win
3890290,Hertha Berlin,Goalkeeper,1.0,0.0,Win,Win
3890290,Hertha Berlin,Striker,0.5294117647058824,0.47058823529411764,Win,Win
3890290,Hertha Berlin,Wide Forward,0.2608695652173913,0.7391304347826086,Win,Win
3890290,VfB Stuttgart,Center Back,0.6101694915254238,0.3898305084745763,Loss,Non-Win
3890290,VfB Stuttgart,Central Midfield,0.49019607843137253,0.5098039215686274,Loss,Non-Win
3890290,VfB Stuttgart,Defensive Midfield,0.8214285714285714,0.17857142857142858,Loss,Non-Win
3890290,VfB Stuttgart,Fullback,0.1951219512195122,0.8048780487804879,Loss,Non-Win
3890290,VfB Stuttgart,Goalkeeper,0.9473684210526315,0.05263157894736842,Loss,Non-Win
3890290,VfB Stuttgart,Striker,0.6,0.4,Loss,Non-Win
3890290,VfB Stuttgart,Wide Forward,0.2,0.8,Loss,Non-Win
3890295,FSV Mainz 05,Attacking Midfield,0.5714285714285714,0.42857142857142855,Win,Win
3890295,FSV Mainz 05,Center Back,0.6301369863013698,0.3698630136986301,Win,Win
3890295,FSV Mainz 05,Defensive Midfield,0.6111111111111112,0.3888888888888889,Win,Win
3890295,FSV Mainz 05,Fullback,0.18461538461538463,0.8153846153846154,Win,Win
3890295,FSV Mainz 05,Goalkeeper,1.0,0.0,Win,Win
3890295,FSV Mainz 05,Striker,0.75,0.25,Win,Win
3890295,FSV Mainz 05,Wide Forward,0.22580645161290322,0.7741935483870968,Win,Win
3890295,Hoffenheim,Attacking Midfield,0.0,1.0,Loss,Non-Win
3890295,Hoffenheim,Center Back,0.46808510638297873,0.5319148936170213,Loss,Non-Win
3890295,Hoffenheim,Central Midfield,0.6363636363636364,0.36363636363636365,Loss,Non-Win
3890295,Hoffenheim,Defensive Midfield,0.6388888888888888,0.3611111111111111,Loss,Non-Win
3890295,Hoffenheim,Fullback,0.25925925925925924,0.7407407407407407,Loss,Non-Win
3890295,Hoffenheim,Goalkeeper,0.9393939393939394,0.06060606060606061,Loss,Non-Win
3890295,Hoffenheim,Striker,0.5555555555555556,0.4444444444444444,Loss,Non-Win
3890295,Hoffenheim,Wide Forward,0.26666666666666666,0.7333333333333333,Loss,Non-Win
3890300,Ingolstadt,Center Back,0.45454545454545453,0.5454545454545454,Win,Win
3890300,Ingolstadt,Central Midfield,0.42105263157894735,0.5789473684210527,Win,Win
3890300,Ingolstadt,Defensive Midfield,0.8235294117647058,0.17647058823529413,Win,Win
3890300,Ingolstadt,Fullback,0.09259259259259259,0.9074074074074074,Win,Win
3890300,Ingolstadt,Goalkeeper,0.9230769230769231,0.07692307692307693,Win,Win
3890300,Ingolstadt,Striker,0.5,0.5,Win,Win
3890300,Ingolstadt,Wide Forward,0.3333333333333333,0.6666666666666666,Win,Win
3890300,Werder Bremen,Attacking Midfield,0.8333333333333334,0.16666666666666666,Loss,Non-Win
3890300,Werder Bremen,Center Back,0.660377358490566,0.33962264150943394,Loss,Non-Win
3890300,Werder Bremen,Central Midfield,0.27586206896551724,0.7241379310344828,Loss,Non-Win
3890300,Werder Bremen,Defensive Midfield,0.6923076923076923,0.3076923076923077,Loss,Non-Win
3890300,Werder Bremen,Fullback,0.13432835820895522,0.8656716417910447,Loss,Non-Win
3890300,Werder Bremen,Goalkeeper,0.896551724137931,0.10344827586206896,Loss,Non-Win
3890300,Werder Bremen,Striker,0.6190476190476191,0.38095238095238093,Loss,Non-Win
3890308,Augsburg,Attacking Midfield,0.8461538461538461,0.15384615384615385,Loss,Non-Win
3890308,Augsburg,Center Back,0.5686274509803921,0.43137254901960786,Loss,Non-Win
3890308,Augsburg,Defensive Midfield,0.7317073170731707,0.2682926829268293,Loss,Non-Win
3890308,Augsburg,Fullback,0.19047619047619047,0.8095238095238095,Loss,Non-Win
3890308,Augsburg,Goalkeeper,0.9230769230769231,0.07692307692307693,Loss,Non-Win
3890308,Augsburg,Striker,0.8333333333333334,0.16666666666666666,Loss,Non-Win
3890308,Augsburg,Wide Forward,0.26666666666666666,0.7333333333333333,Loss,Non-Win
3890308,Borussia Mönchengladbach,Center Back,0.6326530612244898,0.3673469387755102,Win,Win
3890308,Borussia Mönchengladbach,Defensive Midfield,0.6585365853658537,0.34146341463414637,Win,Win
3890308,Borussia Mönchengladbach,Fullback,0.08571428571428572,0.9142857142857143,Win,Win
3890308,Borussia Mönchengladbach,Goalkeeper,0.9523809523809523,0.047619047619047616,Win,Win
3890308,Borussia Mönchengladbach,Striker,0.5,0.5,Win,Win
3890308,Borussia Mönchengladbach,Wide Forward,0.2727272727272727,0.7272727272727273,Win,Win
3890311,Eintracht Frankfurt,Attacking Midfield,0.5555555555555556,0.4444444444444444,Loss,Non-Win
3890311,Eintracht Frankfurt,Center Back,0.625,0.375,Loss,Non-Win
3890311,Eintracht Frankfurt,Central Midfield,0.4642857142857143,0.5357142857142857,Loss,Non-Win
3890311,Eintracht Frankfurt,Defensive Midfield,0.7777777777777778,0.2222222222222222,Loss,Non-Win
3890311,Eintracht Frankfurt,Fullback,0.125,0.875,Loss,Non-Win
3890311,Eintracht Frankfurt,Goalkeeper,0.926829268292683,0.07317073170731707,Loss,Non-Win
3890311,Eintracht Frankfurt,Striker,0.47619047619047616,0.5238095238095238,Loss,Non-Win
3890311,Eintracht Frankfurt,Wide Forward,0.18181818181818182,0.8181818181818182,Loss,Non-Win
3890311,Schalke 04,Attacking Midfield,0.6363636363636364,0.36363636363636365,Win,Win
3890311,Schalke 04,Center Back,0.5,0.5,Win,Win
3890311,Schalke 04,Central Midfield,0.34782608695652173,0.6521739130434783,Win,Win
3890311,Schalke 04,Defensive Midfield,0.7307692307692307,0.2692307692307692,Win,Win
3890311,Schalke 04,Fullback,0.05172413793103448,0.9482758620689655,Win,Win
3890311,Schalke 04,Goalkeeper,1.0,0.0,Win,Win
3890311,Schalke 04,Striker,0.20689655172413793,0.7931034482758621,Win,Win
3890311,Schalke 04,Wide Forward,0.25,0.75,Win,Win
3890314,Augsburg,Attacking Midfield,0.5,0.5,Loss,Non-Win
3890314,Augsburg,Center Back,0.7380952380952381,0.2619047619047619,Loss,Non-Win
3890314,Augsburg,Defensive Midfield,0.5671641791044776,0.43283582089552236,Loss,Non-Win
3890314,Augsburg,Fullback,0.125,0.875,Loss,Non-Win
3890314,Augsburg,Goalkeeper,1.0,0.0,Loss,Non-Win
3890314,Augsburg,Striker,0.6,0.4,Loss,Non-Win
3890314,Augsburg,Wide Forward,0.3333333333333333,0.6666666666666666,Loss,Non-Win
3890314,Hoffenheim,Center Back,0.46153846153846156,0.5384615384615384,Win,Win
3890314,Hoffenheim,Defensive Midfield,0.59375,0.40625,Win,Win
3890314,Hoffenheim,Fullback,0.11627906976744186,0.8837209302325582,Win,Win
3890314,Hoffenheim,Goalkeeper,0.9555555555555556,0.044444444444444446,Win,Win
3890314,Hoffenheim,Striker,0.47368421052631576,0.5263157894736842,Win,Win
3890314,Hoffenheim,Wide Forward,0.39285714285714285,0.6071428571428571,Win,Win
3890320,Eintracht Frankfurt,Attacking Midfield,1.0,0.0,Draw,Non-Win
3890320,Eintracht Frankfurt,Center Back,0.6956521739130435,0.30434782608695654,Draw,Non-Win
3890320,Eintracht Frankfurt,Central Midfield,0.5128205128205128,0.48717948717948717,Draw,Non-Win
3890320,Eintracht Frankfurt,Defensive Midfield,0.5172413793103449,0.4827586206896552,Draw,Non-Win
3890320,Eintracht Frankfurt,Fullback,0.09090909090909091,0.9090909090909091,Draw,Non-Win
3890320,Eintracht Frankfurt,Goalkeeper,0.9259259259259259,0.07407407407407407,Draw,Non-Win
3890320,Eintracht Frankfurt,Striker,0.36363636363636365,0.6363636363636364,Draw,Non-Win
3890320,Eintracht Frankfurt,Wide Forward,0.5,0.5,Draw,Non-Win
3890320,Hertha Berlin,Attacking Midfield,0.5909090909090909,0.4090909090909091,Draw,Non-Win
3890320,Hertha Berlin,Center Back,0.38596491228070173,0.6140350877192983,Draw,Non-Win
3890320,Hertha Berlin,Defensive Midfield,0.6222222222222222,0.37777777777777777,Draw,Non-Win
3890320,Hertha Berlin,Fullback,0.08888888888888889,0.9111111111111111,Draw,Non-Win
3890320,Hertha Berlin,Goalkeeper,0.9545454545454546,0.045454545454545456,Draw,Non-Win
3890320,Hertha Berlin,Striker,0.4,0.6,Draw,Non-Win
3890320,Hertha Berlin,Wide Forward,0.25,0.75,Draw,Non-Win
3890327,Hoffenheim,Center Back,0.5,0.5,Draw,Non-Win
3890327,Hoffenheim,Defensive Midfield,0.5277777777777778,0.4722222222222222,Draw,Non-Win
3890327,Hoffenheim,Fullback,0.125,0.875,Draw,Non-Win
3890327,Hoffenheim,Goalkeeper,0.9387755102040817,0.061224489795918366,Draw,Non-Win
3890327,Hoffenheim,Striker,0.38461538461538464,0.6153846153846154,Draw,Non-Win
3890327,Hoffenheim,Wide Forward,0.36363636363636365,0.6363636363636364,Draw,Non-Win
3890327,VfB Stuttgart,Attacking Midfield,0.7,0.3,Draw,Non-Win
3890327,VfB Stuttgart,Center Back,0.4696969696969697,0.5303030303030303,Draw,Non-Win
3890327,VfB Stuttgart,Central Midfield,0.8181818181818182,0.18181818181818182,Draw,Non-Win
3890327,VfB Stuttgart,Defensive Midfield,0.7142857142857143,0.2857142857142857,Draw,Non-Win
3890327,VfB Stuttgart,Fullback,0.13043478260869565,0.8695652173913043,Draw,Non-Win
3890327,VfB Stuttgart,Goalkeeper,0.9696969696969697,0.030303030303030304,Draw,Non-Win
3890327,VfB Stuttgart,Striker,0.375,0.625,Draw,Non-Win
3890327,VfB Stuttgart,Wide Forward,0.23076923076923078,0.7692307692307693,Draw,Non-Win
3890328,FC Köln,Attacking Midfield,0.7,0.3,Win,Win
3890328,FC Köln,Center Back,0.6071428571428571,0.39285714285714285,Win,Win
3890328,FC Köln,Defensive Midfield,0.8148148148148148,0.18518518518518517,Win,Win
3890328,FC Köln,Fullback,0.3333333333333333,0.6666666666666666,Win,Win
3890328,FC Köln,Goalkeeper,0.925,0.075,Win,Win
3890328,FC Köln,Striker,0.14285714285714285,0.8571428571428571,Win,Win
3890328,FC Köln,Wide Forward,0.2647058823529412,0.7352941176470589,Win,Win
3890328,Schalke 04,Attacking Midfield,0.3333333333333333,0.6666666666666666,Loss,Non-Win
3890328,Schalke 04,Center Back,0.6076923076923076,0.3923076923076923,Loss,Non-Win
3890328,Schalke 04,Central Midfield,0.7142857142857143,0.2857142857142857,Loss,Non-Win
3890328,Schalke 04,Defensive Midfield,0.6792452830188679,0.32075471698113206,Loss,Non-Win
3890328,Schalke 04,Fullback,0.19047619047619047,0.8095238095238095,Loss,Non-Win
3890328,Schalke 04,Goalkeeper,1.0,0.0,Loss,Non-Win
3890328,Schalke 04,Striker,0.8571428571428571,0.14285714285714285,Loss,Non-Win
3890328,Schalke 04,Wide Forward,0.42105263157894735,0.5789473684210527,Loss,Non-Win
3890343,Hertha Berlin,Attacking Midfield,0.4444444444444444,0.5555555555555556,Win,Win
3890343,Hertha Berlin,Center Back,0.625,0.375,Win,Win
3890343,Hertha Berlin,Defensive Midfield,0.6,0.4,Win,Win
3890343,Hertha Berlin,Fullback,0.10714285714285714,0.8928571428571429,Win,Win
3890343,Hertha Berlin,Goalkeeper,1.0,0.0,Win,Win
3890343,Hertha Berlin,Striker,0.3333333333333333,0.6666666666666666,Win,Win
3890343,Hertha Berlin,Wide Forward,0.25806451612903225,0.7419354838709677,Win,Win
3890343,Ingolstadt,Attacking Midfield,0.3870967741935484,0.6129032258064516,Loss,Non-Win
3890343,Ingolstadt,Center Back,0.6029411764705882,0.39705882352941174,Loss,Non-Win
3890343,Ingolstadt,Central Midfield,0.37142857142857144,0.6285714285714286,Loss,Non-Win
3890343,Ingolstadt,Defensive Midfield,0.8214285714285714,0.17857142857142858,Loss,Non-Win
3890343,Ingolstadt,Fullback,0.11940298507462686,0.8805970149253731,Loss,Non-Win
3890343,Ingolstadt,Goalkeeper,0.9166666666666666,0.08333333333333333,Loss,Non-Win
3890343,Ingolstadt,Striker,0.17647058823529413,0.8235294117647058,Loss,Non-Win
3890345,Eintracht Frankfurt,Attacking Midfield,0.7777777777777778,0.2222222222222222,Win,Win
3890345,Eintracht Frankfurt,Center Back,0.6142857142857143,0.38571428571428573,Win,Win
3890345,Eintracht Frankfurt,Defensive Midfield,0.5882352941176471,0.4117647058823529,Win,Win
3890345,Eintracht Frankfurt,Fullback,0.078125,0.921875,Win,Win
3890345,Eintracht Frankfurt,Goalkeeper,0.9473684210526315,0.05263157894736842,Win,Win
3890345,Eintracht Frankfurt,Striker,0.625,0.375,Win,Win
3890345,Eintracht Frankfurt,Wide Forward,0.2413793103448276,0.7586206896551724,Win,Win
3890345,Hannover 96,Center Back,0.5423728813559322,0.4576271186440678,Loss,Non-Win
3890345,Hannover 96,Defensive Midfield,0.625,0.375,Loss,Non-Win
3890345,Hannover 96,Fullback,0.02702702702702703,0.972972972972973,Loss,Non-Win
3890345,Hannover 96,Goalkeeper,0.8888888888888888,0.1111111111111111,Loss,Non-Win
3890345,Hannover 96,Striker,0.6470588235294118,0.35294117647058826,Loss,Non-Win
3890345,Hannover 96,Wide Forward,0.2916666666666667,0.7083333333333334,Loss,Non-Win
3890360,Darmstadt 98,Attacking Midfield,0.7142857142857143,0.2857142857142857,Draw,Non-Win
3890360,Darmstadt 98,Center Back,0.625,0.375,Draw,Non-Win
3890360,Darmstadt 98,Defensive Midfield,0.6285714285714286,0.37142857142857144,Draw,Non-Win
3890360,Darmstadt 98,Fullback,0.18181818181818182,0.8181818181818182,Draw,Non-Win
3890360,Darmstadt 98,Goalkeeper,0.8888888888888888,0.1111111111111111,Draw,Non-Win
3890360,Darmstadt 98,Striker,0.21052631578947367,0.7894736842105263,Draw,Non-Win
3890360,Darmstadt 98,Wide Forward,0.4074074074074074,0.5925925925925926,Draw,Non-Win
3890360,Hamburger SV,Attacking Midfield,0.5,0.5,Draw,Non-Win
3890360,Hamburger SV,Center Back,0.7192982456140351,0.2807017543859649,Draw,Non-Win
3890360,Hamburger SV,Defensive Midfield,0.6206896551724138,0.3793103448275862,Draw,Non-Win
3890360,Hamburger SV,Fullback,0.09523809523809523,0.9047619047619048,Draw,Non-Win
3890360,Hamburger SV,Goalkeeper,0.9375,0.0625,Draw,Non-Win
3890360,Hamburger SV,Striker,0.46153846153846156,0.5384615384615384,Draw,Non-Win
3890360,Hamburger SV,Wide Forward,0.39473684210526316,0.6052631578947368,Draw,Non-Win
3890363,Borussia Mönchengladbach,Center Back,0.6065573770491803,0.39344262295081966,Draw,Non-Win
3890363,Borussia Mönchengladbach,Central Midfield,0.42857142857142855,0.5714285714285714,Draw,Non-Win
3890363,Borussia Mönchengladbach,Defensive Midfield,0.5641025641025641,0.4358974358974359,Draw,Non-Win
3890363,Borussia Mönchengladbach,Fullback,0.1791044776119403,0.8208955223880597,Draw,Non-Win
3890363,Borussia Mönchengladbach,Goalkeeper,1.0,0.0,Draw,Non-Win
3890363,Borussia Mönchengladbach,Striker,0.42857142857142855,0.5714285714285714,Draw,Non-Win
3890363,Borussia Mönchengladbach,Wide Forward,0.2413793103448276,0.7586206896551724,Draw,Non-Win
3890363,Ingolstadt,Center Back,0.5714285714285714,0.42857142857142855,Draw,Non-Win
3890363,Ingolstadt,Central Midfield,0.5106382978723404,0.48936170212765956,Draw,Non-Win
3890363,Ingolstadt,Defensive Midfield,0.5,0.5,Draw,Non-Win
3890363,Ingolstadt,Fullback,0.11904761904761904,0.8809523809523809,Draw,Non-Win
3890363,Ingolstadt,Goalkeeper,0.8780487804878049,0.12195121951219512,Draw,Non-Win
3890363,Ingolstadt,Striker,0.42857142857142855,0.5714285714285714,Draw,Non-Win
3890363,Ingolstadt,Wide Forward,0.36,0.64,Draw,Non-Win
3890365,Borussia Dortmund,Center Back,0.7378640776699029,0.2621359223300971,Win,Win
3890365,Borussia Dortmund,Central Midfield,0.48333333333333334,0.5166666666666667,Win,Win
3890365,Borussia Dortmund,Defensive Midfield,0.6,0.4,Win,Win
3890365,Borussia Dortmund,Fullback,0.06666666666666667,0.9333333333333333,Win,Win
3890365,Borussia Dortmund,Goalkeeper,0.9473684210526315,0.05263157894736842,Win,Win
3890365,Borussia Dortmund,Striker,0.5714285714285714,0.42857142857142855,Win,Win
3890365,Borussia Dortmund,Wide Forward,0.5217391304347826,0.4782608695652174,Win,Win
3890365,Schalke 04,Center Back,0.7659574468085106,0.23404255319148937,Loss,Non-Win
3890365,Schalke 04,Defensive Midfield,0.5217391304347826,0.4782608695652174,Loss,Non-Win
3890365,Schalke 04,Fullback,0.05084745762711865,0.9491525423728814,Loss,Non-Win
3890365,Schalke 04,Goalkeeper,0.972972972972973,0.02702702702702703,Loss,Non-Win
3890365,Schalke 04,Striker,0.4,0.6,Loss,Non-Win
3890365,Schalke 04,Wide Forward,0.35714285714285715,0.6428571428571429,Loss,Non-Win
3890377,Borussia Mönchengladbach,Attacking Midfield,0.6,0.4,Draw,Non-Win
3890377,Borussia Mönchengladbach,Center Back,0.5760869565217391,0.42391304347826086,Draw,Non-Win
3890377,Borussia Mönchengladbach,Central Midfield,0.2857142857142857,0.7142857142857143,Draw,Non-Win
3890377,Borussia Mönchengladbach,Defensive Midfield,0.631578947368421,0.3684210526315789,Draw,Non-Win
3890377,Borussia Mönchengladbach,Fullback,0.08333333333333333,0.9166666666666666,Draw,Non-Win
3890377,Borussia Mönchengladbach,Goalkeeper,1.0,0.0,Draw,Non-Win
3890377,Borussia Mönchengladbach,Striker,0.5,0.5,Draw,Non-Win
3890377,Hoffenheim,Center Back,0.38461538461538464,0.6153846153846154,Draw,Non-Win
3890377,Hoffenheim,Defensive Midfield,0.696969696969697,0.30303030303030304,Draw,Non-Win
3890377,Hoffenheim,Fullback,0.125,0.875,Draw,Non-Win
3890377,Hoffenheim,Goalkeeper,1.0,0.0,Draw,Non-Win
3890377,Hoffenheim,Striker,0.37037037037037035,0.6296296296296297,Draw,Non-Win
3890377,Hoffenheim,Wide Forward,0.3225806451612903,0.6774193548387096,Draw,Non-Win
3890379,Hamburger SV,Attacking Midfield,0.9,0.1,Win,Win
3890379,Hamburger SV,Center Back,0.7105263157894737,0.2894736842105263,Win,Win
3890379,Hamburger SV,Defensive Midfield,0.6052631578947368,0.39473684210526316,Win,Win
3890379,Hamburger SV,Fullback,0.15555555555555556,0.8444444444444444,Win,Win
3890379,Hamburger SV,Goalkeeper,0.8648648648648649,0.13513513513513514,Win,Win
3890379,Hamburger SV,Striker,0.5,0.5,Win,Win
3890379,Hamburger SV,Wide Forward,0.47619047619047616,0.5238095238095238,Win,Win
3890379,Werder Bremen,Center Back,0.6779661016949152,0.3220338983050847,Loss,Non-Win
3890379,Werder Bremen,Defensive Midfield,0.47058823529411764,0.5294117647058824,Loss,Non-Win
3890379,Werder Bremen,Fullback,0.07142857142857142,0.9285714285714286,Loss,Non-Win
3890379,Werder Bremen,Goalkeeper,0.9130434782608695,0.08695652173913043,Loss,Non-Win
3890379,Werder Bremen,Striker,0.3888888888888889,0.6111111111111112,Loss,Non-Win
3890379,Werder Bremen,Wide Forward,0.41025641025641024,0.5897435897435898,Loss,Non-Win
3890386,FSV Mainz 05,Attacking Midfield,0.5714285714285714,0.42857142857142855,Win,Win
3890386,FSV Mainz 05,Center Back,0.5365853658536586,0.4634146341463415,Win,Win
3890386,FSV Mainz 05,Defensive Midfield,0.75,0.25,Win,Win
3890386,FSV Mainz 05,Fullback,0.05357142857142857,0.9464285714285714,Win,Win
3890386,FSV Mainz 05,Goalkeeper,0.9444444444444444,0.05555555555555555,Win,Win
3890386,FSV Mainz 05,Striker,0.0,1.0,Win,Win
3890386,FSV Mainz 05,Wide Forward,0.29411764705882354,0.7058823529411765,Win,Win
3890386,Hamburger SV,Attacking Midfield,0.6428571428571429,0.35714285714285715,Loss,Non-Win
3890386,Hamburger SV,Center Back,0.5384615384615384,0.46153846153846156,Loss,Non-Win
3890386,Hamburger SV,Defensive Midfield,0.5,0.5,Loss,Non-Win
3890386,Hamburger SV,Fullback,0.1111111111111111,0.8888888888888888,Loss,Non-Win
3890386,Hamburger SV,Goalkeeper,0.9411764705882353,0.058823529411764705,Loss,Non-Win
3890386,Hamburger SV,Striker,0.5,0.5,Loss,Non-Win
3890386,Hamburger SV,Wide Forward,0.3888888888888889,0.6111111111111112,Loss,Non-Win
3890390,Bayer Leverkusen,Center Back,0.6101694915254238,0.3898305084745763,Loss,Non-Win
3890390,Bayer Leverkusen,Defensive Midfield,0.4634146341463415,0.5365853658536586,Loss,Non-Win
3890390,Bayer Leverkusen,Fullback,0.12244897959183673,0.8775510204081632,Loss,Non-Win
3890390,Bayer Leverkusen,Goalkeeper,0.9130434782608695,0.08695652173913043,Loss,Non-Win
3890390,Bayer Leverkusen,Striker,1.0,0.0,Loss,Non-Win
3890390,Bayer Leverkusen,Wide Forward,0.3548387096774194,0.6451612903225806,Loss,Non-Win
3890390,Hertha Berlin,Center Back,0.6021505376344086,0.3978494623655914,Win,Win
3890390,Hertha Berlin,Defensive Midfield,0.5869565217391305,0.41304347826086957,Win,Win
3890390,Hertha Berlin,Fullback,0.08,0.92,Win,Win
3890390,Hertha Berlin,Goalkeeper,1.0,0.0,Win,Win
3890390,Hertha Berlin,Striker,0.5,0.5,Win,Win
3890390,Hertha Berlin,Wide Forward,0.2,0.8,Win,Win
3890392,VfB Stuttgart,Center Back,0.45098039215686275,0.5490196078431373,Draw,Non-Win
3890392,VfB Stuttgart,Central Midfield,0.5,0.5,Draw,Non-Win
3890392,VfB Stuttgart,Defensive Midfield,0.8055555555555556,0.19444444444444445,Draw,Non-Win
3890392,VfB Stuttgart,Fullback,0.19230769230769232,0.8076923076923077,Draw,Non-Win
3890392,VfB Stuttgart,Goalkeeper,1.0,0.0,Draw,Non-Win
3890392,VfB Stuttgart,Striker,0.5714285714285714,0.42857142857142855,Draw,Non-Win
3890392,VfB Stuttgart,Wide Forward,0.36,0.64,Draw,Non-Win
3890392,Werder Bremen,Attacking Midfield,0.2,0.8,Draw,Non-Win
3890392,Werder Bremen,Center Back,0.6136363636363636,0.38636363636363635,Draw,Non-Win
3890392,Werder Bremen,Central Midfield,0.5833333333333334,0.4166666666666667,Draw,Non-Win
3890392,Werder Bremen,Defensive Midfield,0.72,0.28,Draw,Non-Win
3890392,Werder Bremen,Fullback,0.20454545454545456,0.7954545454545454,Draw,Non-Win
3890392,Werder Bremen,Goalkeeper,1.0,0.0,Draw,Non-Win
3890392,Werder Bremen,Striker,0.2857142857142857,0.7142857142857143,Draw,Non-Win
3890392,Werder Bremen,Wide Forward,0.2222222222222222,0.7777777777777778,Draw,Non-Win
3890397,Hannover 96,Attacking Midfield,0.125,0.875,Loss,Non-Win
3890397,Hannover 96,Center Back,0.475,0.525,Loss,Non-Win
3890397,Hannover 96,Defensive Midfield,0.6052631578947368,0.39473684210526316,Loss,Non-Win
3890397,Hannover 96,Fullback,0.14035087719298245,0.8596491228070176,Loss,Non-Win
3890397,Hannover 96,Goalkeeper,1.0,0.0,Loss,Non-Win
3890397,Hannover 96,Striker,0.16666666666666666,0.8333333333333334,Loss,Non-Win
3890397,Hannover 96,Wide Forward,0.19047619047619047,0.8095238095238095,Loss,Non-Win
3890397,Hoffenheim,Attacking Midfield,0.4666666666666667,0.5333333333333333,Win,Win
3890397,Hoffenheim,Center Back,0.35185185185185186,0.6481481481481481,Win,Win
3890397,Hoffenheim,Defensive Midfield,0.6388888888888888,0.3611111111111111,Win,Win
3890397,Hoffenheim,Fullback,0.15151515151515152,0.8484848484848485,Win,Win
3890397,Hoffenheim,Goalkeeper,1.0,0.0,Win,Win
3890397,Hoffenheim,Striker,0.5,0.5,Win,Win
3890397,Hoffenheim,Wide Forward,0.16,0.84,Win,Win
3890400,FC Köln,Attacking Midfield,0.6666666666666666,0.3333333333333333,Draw,Non-Win
3890400,FC Köln,Center Back,0.5925925925925926,0.4074074074074074,Draw,Non-Win
3890400,FC Köln,Defensive Midfield,0.6527777777777778,0.3472222222222222,Draw,Non-Win
3890400,FC Köln,Fullback,0.10714285714285714,0.8928571428571429,Draw,Non-Win
3890400,FC Köln,Goalkeeper,1.0,0.0,Draw,Non-Win
3890400,FC Köln,Striker,0.5,0.5,Draw,Non-Win
3890400,FC Köln,Wide Forward,0.2,0.8,Draw,Non-Win
3890400,Werder Bremen,Center Back,0.5609756097560976,0.43902439024390244,Draw,Non-Win
3890400,Werder Bremen,Central Midfield,0.5135135135135135,0.4864864864864865,Draw,Non-Win
3890400,Werder Bremen,Defensive Midfield,0.52,0.48,Draw,Non-Win
3890400,Werder Bremen,Fullback,0.19047619047619047,0.8095238095238095,Draw,Non-Win
3890400,Werder Bremen,Goalkeeper,0.967741935483871,0.03225806451612903,Draw,Non-Win
3890400,Werder Bremen,Striker,0.8333333333333334,0.16666666666666666,Draw,Non-Win
3890400,Werder Bremen,Wide Forward,0.13333333333333333,0.8666666666666667,Draw,Non-Win
3890402,Augsburg,Attacking Midfield,0.6,0.4,Win,Win
3890402,Augsburg,Center Back,0.5555555555555556,0.4444444444444444,Win,Win
3890402,Augsburg,Defensive Midfield,0.6216216216216216,0.3783783783783784,Win,Win
3890402,Augsburg,Fullback,0.225,0.775,Win,Win
3890402,Augsburg,Goalkeeper,0.9736842105263158,0.02631578947368421,Win,Win
3890402,Augsburg,Striker,0.375,0.625,Win,Win
3890402,Augsburg,Wide Forward,0.2702702702702703,0.7297297297297297,Win,Win
3890402,Schalke 04,Attacking Midfield,0.625,0.375,Loss,Non-Win
3890402,Schalke 04,Center Back,0.40298507462686567,0.5970149253731343,Loss,Non-Win
3890402,Schalke 04,Defensive Midfield,0.7536231884057971,0.2463768115942029,Loss,Non-Win
3890402,Schalke 04,Fullback,0.1794871794871795,0.8205128205128205,Loss,Non-Win
3890402,Schalke 04,Goalkeeper,0.975609756097561,0.024390243902439025,Loss,Non-Win
3890402,Schalke 04,Striker,0.3333333333333333,0.6666666666666666,Loss,Non-Win
3890402,Schalke 04,Wide Forward,0.0967741935483871,0.9032258064516129,Loss,Non-Win
3890403,Hoffenheim,Attacking Midfield,0.6666666666666666,0.3333333333333333,Loss,Non-Win
3890403,Hoffenheim,Center Back,0.4696969696969697,0.5303030303030303,Loss,Non-Win
3890403,Hoffenheim,Defensive Midfield,0.7846153846153846,0.2153846153846154,Loss,Non-Win
3890403,Hoffenheim,Fullback,0.13513513513513514,0.8648648648648649,Loss,Non-Win
3890403,Hoffenheim,Goalkeeper,1.0,0.0,Loss,Non-Win
3890403,Hoffenheim,Striker,0.5789473684210527,0.42105263157894735,Loss,Non-Win
3890403,Hoffenheim,Wide Forward,0.34615384615384615,0.6538461538461539,Loss,Non-Win
3890403,Schalke 04,Center Back,0.5681818181818182,0.4318181818181818,Win,Win
3890403,Schalke 04,Defensive Midfield,0.5384615384615384,0.46153846153846156,Win,Win
3890403,Schalke 04,Fullback,0.20930232558139536,0.7906976744186046,Win,Win
3890403,Schalke 04,Goalkeeper,1.0,0.0,Win,Win
3890403,Schalke 04,Striker,0.4,0.6,Win,Win
3890403,Schalke 04,Wide Forward,0.2727272727272727,0.7272727272727273,Win,Win
3890408,VfB Stuttgart,Attacking Midfield,0.5,0.5,Win,Win
3890408,VfB Stuttgart,Center Back,0.72,0.28,Win,Win
3890408,VfB Stuttgart,Defensive Midfield,0.6551724137931034,0.3448275862068966,Win,Win
3890408,VfB Stuttgart,Fullback,0.11428571428571428,0.8857142857142857,Win,Win
3890408,VfB Stuttgart,Goalkeeper,0.9722222222222222,0.027777777777777776,Win,Win
3890408,VfB Stuttgart,Striker,0.3076923076923077,0.6923076923076923,Win,Win
3890408,VfB Stuttgart,Wide Forward,0.21739130434782608,0.782608695652174,Win,Win
3890408,Wolfsburg,Attacking Midfield,0.6666666666666666,0.3333333333333333,Loss,Non-Win
3890408,Wolfsburg,Center Back,0.7454545454545455,0.2545454545454545,Loss,Non-Win
3890408,Wolfsburg,Central Midfield,0.3333333333333333,0.6666666666666666,Loss,Non-Win
3890408,Wolfsburg,Defensive Midfield,0.5806451612903226,0.41935483870967744,Loss,Non-Win
3890408,Wolfsburg,Fullback,0.12698412698412698,0.873015873015873,Loss,Non-Win
3890408,Wolfsburg,Goalkeeper,0.9444444444444444,0.05555555555555555,Loss,Non-Win
3890408,Wolfsburg,Striker,0.375,0.625,Loss,Non-Win
3890408,Wolfsburg,Wide Forward,0.3125,0.6875,Loss,Non-Win
3890409,Bayer Leverkusen,Center Back,0.6451612903225806,0.3548387096774194,Win,Win
3890409,Bayer Leverkusen,Defensive Midfield,0.5161290322580645,0.4838709677419355,Win,Win
3890409,Bayer Leverkusen,Fullback,0.09433962264150944,0.9056603773584906,Win,Win
3890409,Bayer Leverkusen,Goalkeeper,0.9142857142857143,0.08571428571428572,Win,Win
3890409,Bayer Leverkusen,Striker,0.38461538461538464,0.6153846153846154,Win,Win
3890409,Bayer Leverkusen,Wide Forward,0.41935483870967744,0.5806451612903226,Win,Win
3890409,Ingolstadt,Center Back,0.6896551724137931,0.3103448275862069,Loss,Non-Win
3890409,Ingolstadt,Central Midfield,0.43478260869565216,0.5652173913043478,Loss,Non-Win
3890409,Ingolstadt,Defensive Midfield,0.5833333333333334,0.4166666666666667,Loss,Non-Win
3890409,Ingolstadt,Fullback,0.22448979591836735,0.7755102040816326,Loss,Non-Win
3890409,Ingolstadt,Goalkeeper,0.8974358974358975,0.10256410256410256,Loss,Non-Win
3890409,Ingolstadt,Striker,0.6666666666666666,0.3333333333333333,Loss,Non-Win
3890409,Ingolstadt,Wide Forward,0.3939393939393939,0.6060606060606061,Loss,Non-Win
3890414,Augsburg,Attacking Midfield,0.3,0.7,Draw,Non-Win
3890414,Augsburg,Center Back,0.6428571428571429,0.35714285714285715,Draw,Non-Win
3890414,Augsburg,Defensive Midfield,0.7368421052631579,0.2631578947368421,Draw,Non-Win
3890414,Augsburg,Fullback,0.1111111111111111,0.8888888888888888,Draw,Non-Win
3890414,Augsburg,Goalkeeper,0.9523809523809523,0.047619047619047616,Draw,Non-Win
3890414,Augsburg,Striker,0.6666666666666666,0.3333333333333333,Draw,Non-Win
3890414,Augsburg,Wide Forward,0.3181818181818182,0.6818181818181818,Draw,Non-Win
3890414,Hertha Berlin,Attacking Midfield,0.7,0.3,Draw,Non-Win
3890414,Hertha Berlin,Center Back,0.5851063829787234,0.4148936170212766,Draw,Non-Win
3890414,Hertha Berlin,Defensive Midfield,0.7352941176470589,0.2647058823529412,Draw,Non-Win
3890414,Hertha Berlin,Fullback,0.10638297872340426,0.8936170212765957,Draw,Non-Win
3890414,Hertha Berlin,Goalkeeper,0.972972972972973,0.02702702702702703,Draw,Non-Win
3890414,Hertha Berlin,Striker,0.8,0.2,Draw,Non-Win
3890414,Hertha Berlin,Wide Forward,0.3225806451612903,0.6774193548387096,Draw,Non-Win
3890432,Schalke 04,Attacking Midfield,0.6153846153846154,0.38461538461538464,Win,Win
3890432,Schalke 04,Center Back,0.42857142857142855,0.5714285714285714,Win,Win
3890432,Schalke 04,Defensive Midfield,0.6551724137931034,0.3448275862068966,Win,Win
3890432,Schalke 04,Fullback,0.2222222222222222,0.7777777777777778,Win,Win
3890432,Schalke 04,Goalkeeper,1.0,0.0,Win,Win
3890432,Schalke 04,Striker,0.6666666666666666,0.3333333333333333,Win,Win
3890432,Schalke 04,Wide Forward,0.391304347826087,0.6086956521739131,Win,Win
3890432,Wolfsburg,Attacking Midfield,0.5,0.5,Loss,Non-Win
3890432,Wolfsburg,Center Back,0.7066666666666667,0.29333333333333333,Loss,Non-Win
3890432,Wolfsburg,Central Midfield,0.4166666666666667,0.5833333333333334,Loss,Non-Win
3890432,Wolfsburg,Defensive Midfield,0.5,0.5,Loss,Non-Win
3890432,Wolfsburg,Fullback,0.14754098360655737,0.8524590163934426,Loss,Non-Win
3890432,Wolfsburg,Goalkeeper,0.95,0.05,Loss,Non-Win
3890432,Wolfsburg,Striker,0.8333333333333334,0.16666666666666666,Loss,Non-Win
3890432,Wolfsburg,Wide Forward,0.3783783783783784,0.6216216216216216,Loss,Non-Win
3890435,Borussia Dortmund,Attacking Midfield,0.2857142857142857,0.7142857142857143,Draw,Non-Win
3890435,Borussia Dortmund,Center Back,0.5930232558139535,0.4069767441860465,Draw,Non-Win
3890435,Borussia Dortmund,Central Midfield,0.4666666666666667,0.5333333333333333,Draw,Non-Win
3890435,Borussia Dortmund,Defensive Midfield,0.7457627118644068,0.2542372881355932,Draw,Non-Win
3890435,Borussia Dortmund,Fullback,0.11363636363636363,0.8863636363636364,Draw,Non-Win
3890435,Borussia Dortmund,Goalkeeper,0.96,0.04,Draw,Non-Win
3890435,Borussia Dortmund,Striker,1.0,0.0,Draw,Non-Win
3890435,Borussia Dortmund,Wide Forward,0.4,0.6,Draw,Non-Win
3890435,Hertha Berlin,Attacking Midfield,0.8,0.2,Draw,Non-Win
3890435,Hertha Berlin,Center Back,0.5957446808510638,0.40425531914893614,Draw,Non-Win
3890435,Hertha Berlin,Defensive Midfield,0.631578947368421,0.3684210526315789,Draw,Non-Win
3890435,Hertha Berlin,Fullback,0.2,0.8,Draw,Non-Win
3890435,Hertha Berlin,Goalkeeper,0.9230769230769231,0.07692307692307693,Draw,Non-Win
3890435,Hertha Berlin,Striker,0.4,0.6,Draw,Non-Win
3890435,Hertha Berlin,Wide Forward,0.18181818181818182,0.8181818181818182,Draw,Non-Win
3890444,Bayer Leverkusen,Attacking Midfield,0.6666666666666666,0.3333333333333333,Win,Win
3890444,Bayer Leverkusen,Center Back,0.6428571428571429,0.35714285714285715,Win,Win
3890444,Bayer Leverkusen,Defensive Midfield,0.5348837209302325,0.46511627906976744,Win,Win
3890444,Bayer Leverkusen,Fullback,0.2,0.8,Win,Win
3890444,Bayer Leverkusen,Goalkeeper,1.0,0.0,Win,Win
3890444,Bayer Leverkusen,Striker,0.5833333333333334,0.4166666666666667,Win,Win
3890444,Bayer Leverkusen,Wide Forward,0.3333333333333333,0.6666666666666666,Win,Win
3890444,Darmstadt 98,Attacking Midfield,0.42857142857142855,0.5714285714285714,Loss,Non-Win
3890444,Darmstadt 98,Center Back,0.6666666666666666,0.3333333333333333,Loss,Non-Win
3890444,Darmstadt 98,Defensive Midfield,0.5384615384615384,0.46153846153846156,Loss,Non-Win
3890444,Darmstadt 98,Fullback,0.42857142857142855,0.5714285714285714,Loss,Non-Win
3890444,Darmstadt 98,Goalkeeper,0.8666666666666667,0.13333333333333333,Loss,Non-Win
3890444,Darmstadt 98,Striker,0.42857142857142855,0.5714285714285714,Loss,Non-Win
3890444,Darmstadt 98,Wide Forward,0.2222222222222222,0.7777777777777778,Loss,Non-Win
3890451,Hertha Berlin,Center Back,0.5636363636363636,0.43636363636363634,Draw,Non-Win
3890451,Hertha Berlin,Defensive Midfield,0.7878787878787878,0.21212121212121213,Draw,Non-Win
3890451,Hertha Berlin,Fullback,0.1935483870967742,0.8064516129032258,Draw,Non-Win
3890451,Hertha Berlin,Goalkeeper,0.9824561403508771,0.017543859649122806,Draw,Non-Win
3890451,Hertha Berlin,Striker,0.46153846153846156,0.5384615384615384,Draw,Non-Win
3890451,Hertha Berlin,Wide Forward,0.4375,0.5625,Draw,Non-Win
3890451,Wolfsburg,Center Back,0.6530612244897959,0.3469387755102041,Draw,Non-Win
3890451,Wolfsburg,Defensive Midfield,0.64,0.36,Draw,Non-Win
3890451,Wolfsburg,Fullback,0.3508771929824561,0.6491228070175439,Draw,Non-Win
3890451,Wolfsburg,Goalkeeper,0.9310344827586207,0.06896551724137931,Draw,Non-Win
3890451,Wolfsburg,Striker,0.5555555555555556,0.4444444444444444,Draw,Non-Win
3890451,Wolfsburg,Wide Forward,0.19047619047619047,0.8095238095238095,Draw,Non-Win
3890454,Augsburg,Attacking Midfield,0.4,0.6,Win,Win
3890454,Augsburg,Center Back,0.48214285714285715,0.5178571428571429,Win,Win
3890454,Augsburg,Defensive Midfield,0.55,0.45,Win,Win
3890454,Augsburg,Fullback,0.04,0.96,Win,Win
3890454,Augsburg,Goalkeeper,1.0,0.0,Win,Win
3890454,Augsburg,Striker,0.3333333333333333,0.6666666666666666,Win,Win
3890454,Augsburg,Wide Forward,0.4444444444444444,0.5555555555555556,Win,Win
3890454,Hannover 96,Attacking Midfield,0.5882352941176471,0.4117647058823529,Loss,Non-Win
3890454,Hannover 96,Center Back,0.5535714285714286,0.44642857142857145,Loss,Non-Win
3890454,Hannover 96,Central Midfield,0.2777777777777778,0.7222222222222222,Loss,Non-Win
3890454,Hannover 96,Defensive Midfield,0.7777777777777778,0.2222222222222222,Loss,Non-Win
3890454,Hannover 96,Fullback,0.14925373134328357,0.8507462686567164,Loss,Non-Win
3890454,Hannover 96,Goalkeeper,0.8571428571428571,0.14285714285714285,Loss,Non-Win
3890454,Hannover 96,Striker,0.4,0.6,Loss,Non-Win
3890454,Hannover 96,Wide Forward,0.5555555555555556,0.4444444444444444,Loss,Non-Win
3890457,FC Köln,Attacking Midfield,0.5,0.5,Loss,Non-Win
3890457,FC Köln,Center Back,0.7288135593220338,0.2711864406779661,Loss,Non-Win
3890457,FC Köln,Defensive Midfield,0.6086956521739131,0.391304347826087,Loss,Non-Win
3890457,FC Köln,Fullback,0.10909090909090909,0.8909090909090909,Loss,Non-Win
3890457,FC Köln,Goalkeeper,0.875,0.125,Loss,Non-Win
3890457,FC Köln,Striker,0.6666666666666666,0.3333333333333333,Loss,Non-Win
3890457,FC Köln,Wide Forward,0.21428571428571427,0.7857142857142857,Loss,Non-Win
3890457,Hertha Berlin,Center Back,0.5573770491803278,0.4426229508196721,Win,Win
3890457,Hertha Berlin,Defensive Midfield,0.71875,0.28125,Win,Win
3890457,Hertha Berlin,Fullback,0.06666666666666667,0.9333333333333333,Win,Win
3890457,Hertha Berlin,Goalkeeper,1.0,0.0,Win,Win
3890457,Hertha Berlin,Striker,0.6,0.4,Win,Win
3890457,Hertha Berlin,Wide Forward,0.32432432432432434,0.6756756756756757,Win,Win
3890458,Bayern Munich,Center Back,0.4811320754716981,0.5188679245283019,Win,Win
3890458,Bayern Munich,Central Midfield,0.6,0.4,Win,Win
3890458,Bayern Munich,Defensive Midfield,0.6111111111111112,0.3888888888888889,Win,Win
3890458,Bayern Munich,Fullback,0.46153846153846156,0.5384615384615384,Win,Win
3890458,Bayern Munich,Goalkeeper,0.9629629629629629,0.037037037037037035,Win,Win
3890458,Bayern Munich,Striker,0.5,0.5,Win,Win
3890458,Bayern Munich,Wide Forward,0.13953488372093023,0.8604651162790697,Win,Win
3890458,Wolfsburg,Attacking Midfield,0.4166666666666667,0.5833333333333334,Loss,Non-Win
3890458,Wolfsburg,Center Back,0.6756756756756757,0.32432432432432434,Loss,Non-Win
3890458,Wolfsburg,Defensive Midfield,0.7272727272727273,0.2727272727272727,Loss,Non-Win
3890458,Wolfsburg,Fullback,0.0851063829787234,0.9148936170212766,Loss,Non-Win
3890458,Wolfsburg,Goalkeeper,1.0,0.0,Loss,Non-Win
3890458,Wolfsburg,Striker,0.25,0.75,Loss,Non-Win
3890458,Wolfsburg,Wide Forward,0.23809523809523808,0.7619047619047619,Loss,Non-Win
3890461,Hamburger SV,Attacking Midfield,0.6363636363636364,0.36363636363636365,Draw,Non-Win
3890461,Hamburger SV,Center Back,0.7368421052631579,0.2631578947368421,Draw,Non-Win
3890461,Hamburger SV,Defensive Midfield,0.6363636363636364,0.36363636363636365,Draw,Non-Win
3890461,Hamburger SV,Fullback,0.11475409836065574,0.8852459016393442,Draw,Non-Win
3890461,Hamburger SV,Goalkeeper,0.9487179487179487,0.05128205128205128,Draw,Non-Win
3890461,Hamburger SV,Striker,0.2857142857142857,0.7142857142857143,Draw,Non-Win
3890461,Hamburger SV,Wide Forward,0.3076923076923077,0.6923076923076923,Draw,Non-Win
3890461,Ingolstadt,Center Back,0.5897435897435898,0.41025641025641024,Draw,Non-Win
3890461,Ingolstadt,Central Midfield,0.49206349206349204,0.5079365079365079,Draw,Non-Win
3890461,Ingolstadt,Defensive Midfield,0.85,0.15,Draw,Non-Win
3890461,Ingolstadt,Fullback,0.19230769230769232,0.8076923076923077,Draw,Non-Win
3890461,Ingolstadt,Goalkeeper,0.8076923076923077,0.19230769230769232,Draw,Non-Win
3890461,Ingolstadt,Striker,0.375,0.625,Draw,Non-Win
3890461,Ingolstadt,Wide Forward,0.34615384615384615,0.6538461538461539,Draw,Non-Win
3890462,Augsburg,Attacking Midfield,0.5882352941176471,0.4117647058823529,Draw,Non-Win
3890462,Augsburg,Center Back,0.3541666666666667,0.6458333333333334,Draw,Non-Win
3890462,Augsburg,Defensive Midfield,0.6666666666666666,0.3333333333333333,Draw,Non-Win
3890462,Augsburg,Fullback,0.075,0.925,Draw,Non-Win
3890462,Augsburg,Goalkeeper,0.9743589743589743,0.02564102564102564,Draw,Non-Win
3890462,Augsburg,Striker,0.6666666666666666,0.3333333333333333,Draw,Non-Win
3890462,Augsburg,Wide Forward,0.375,0.625,Draw,Non-Win
3890462,Borussia Mönchengladbach,Center Back,0.5303030303030303,0.4696969696969697,Draw,Non-Win
3890462,Borussia Mönchengladbach,Defensive Midfield,0.5777777777777777,0.4222222222222222,Draw,Non-Win
3890462,Borussia Mönchengladbach,Fullback,0.1111111111111111,0.8888888888888888,Draw,Non-Win
3890462,Borussia Mönchengladbach,Goalkeeper,0.96875,0.03125,Draw,Non-Win
3890462,Borussia Mönchengladbach,Striker,0.4230769230769231,0.5769230769230769,Draw,Non-Win
3890462,Borussia Mönchengladbach,Wide Forward,0.39285714285714285,0.6071428571428571,Draw,Non-Win
3890467,FC Köln,Attacking Midfield,0.5454545454545454,0.45454545454545453,Draw,Non-Win
3890467,FC Köln,Center Back,0.6,0.4,Draw,Non-Win
3890467,FC Köln,Defensive Midfield,0.7,0.3,Draw,Non-Win
3890467,FC Köln,Fullback,0.18421052631578946,0.8157894736842105,Draw,Non-Win
3890467,FC Köln,Goalkeeper,0.9375,0.0625,Draw,Non-Win
3890467,FC Köln,Striker,0.5,0.5,Draw,Non-Win
3890467,FC Köln,Wide Forward,0.1935483870967742,0.8064516129032258,Draw,Non-Win
3890467,Ingolstadt,Center Back,0.625,0.375,Draw,Non-Win
3890467,Ingolstadt,Central Midfield,0.34375,0.65625,Draw,Non-Win
3890467,Ingolstadt,Defensive Midfield,0.7037037037037037,0.2962962962962963,Draw,Non-Win
3890467,Ingolstadt,Fullback,0.12195121951219512,0.8780487804878049,Draw,Non-Win
3890467,Ingolstadt,Goalkeeper,0.86,0.14,Draw,Non-Win
3890467,Ingolstadt,Striker,0.42857142857142855,0.5714285714285714,Draw,Non-Win
3890467,Ingolstadt,Wide Forward,0.425,0.575,Draw,Non-Win
3890469,Augsburg,Attacking Midfield,0.35294117647058826,0.6470588235294118,Loss,Non-Win
3890469,Augsburg,Center Back,0.6716417910447762,0.3283582089552239,Loss,Non-Win
3890469,Augsburg,Defensive Midfield,0.5945945945945946,0.40540540540540543,Loss,Non-Win
3890469,Augsburg,Fullback,0.05555555555555555,0.9444444444444444,Loss,Non-Win
3890469,Augsburg,Goalkeeper,0.8461538461538461,0.15384615384615385,Loss,Non-Win
3890469,Augsburg,Striker,0.8,0.2,Loss,Non-Win
3890469,Augsburg,Wide Forward,0.15,0.85,Loss,Non-Win
3890469,Hoffenheim,Attacking Midfield,0.2,0.8,Win,Win
3890469,Hoffenheim,Center Back,0.4578313253012048,0.5421686746987951,Win,Win
3890469,Hoffenheim,Central Midfield,0.7368421052631579,0.2631578947368421,Win,Win
3890469,Hoffenheim,Defensive Midfield,0.75,0.25,Win,Win
3890469,Hoffenheim,Fullback,0.14634146341463414,0.8536585365853658,Win,Win
3890469,Hoffenheim,Goalkeeper,0.9130434782608695,0.08695652173913043,Win,Win
3890469,Hoffenheim,Striker,0.46153846153846156,0.5384615384615384,Win,Win
3890469,Hoffenheim,Wide Forward,0.4166666666666667,0.5833333333333334,Win,Win
3890474,Bayern Munich,Center Back,0.8434782608695652,0.1565217391304348,Loss,Non-Win
3890474,Bayern Munich,Central Midfield,0.4375,0.5625,Loss,Non-Win
3890474,Bayern Munich,Defensive Midfield,0.875,0.125,Loss,Non-Win
3890474,Bayern Munich,Fullback,0.3516483516483517,0.6483516483516484,Loss,Non-Win
3890474,Bayern Munich,Goalkeeper,1.0,0.0,Loss,Non-Win
3890474,Bayern Munich,Striker,0.8,0.2,Loss,Non-Win
3890474,Bayern Munich,Wide Forward,0.21739130434782608,0.782608695652174,Loss,Non-Win
3890474,FSV Mainz 05,Attacking Midfield,0.625,0.375,Win,Win
3890474,FSV Mainz 05,Center Back,0.4634146341463415,0.5365853658536586,Win,Win
3890474,FSV Mainz 05,Defensive Midfield,0.6875,0.3125,Win,Win
3890474,FSV Mainz 05,Fullback,0.2647058823529412,0.7352941176470589,Win,Win
3890474,FSV Mainz 05,Goalkeeper,0.9761904761904762,0.023809523809523808,Win,Win
3890474,FSV Mainz 05,Striker,1.0,0.0,Win,Win
3890480,FC Köln,Attacking Midfield,0.3333333333333333,0.6666666666666666,Loss,Non-Win
3890480,FC Köln,Center Back,0.6,0.4,Loss,Non-Win
3890480,FC Köln,Defensive Midfield,0.5853658536585366,0.4146341463414634,Loss,Non-Win
3890480,FC Köln,Fullback,0.18571428571428572,0.8142857142857143,Loss,Non-Win
3890480,FC Köln,Goalkeeper,0.8947368421052632,0.10526315789473684,Loss,Non-Win
3890480,FC Köln,Striker,0.5454545454545454,0.45454545454545453,Loss,Non-Win
3890480,FC Köln,Wide Forward,0.15384615384615385,0.8461538461538461,Loss,Non-Win
3890480,Schalke 04,Attacking Midfield,0.5714285714285714,0.42857142857142855,Win,Win
3890480,Schalke 04,Center Back,0.6216216216216216,0.3783783783783784,Win,Win
3890480,Schalke 04,Defensive Midfield,0.6346153846153846,0.36538461538461536,Win,Win
3890480,Schalke 04,Fullback,0.12121212121212122,0.8787878787878788,Win,Win
3890480,Schalke 04,Goalkeeper,0.9230769230769231,0.07692307692307693,Win,Win
3890480,Schalke 04,Striker,0.8,0.2,Win,Win
3890480,Schalke 04,Wide Forward,0.30303030303030304,0.696969696969697,Win,Win
3890482,Darmstadt 98,Attacking Midfield,0.4,0.6,Draw,Non-Win
3890482,Darmstadt 98,Center Back,0.5862068965517241,0.41379310344827586,Draw,Non-Win
3890482,Darmstadt 98,Defensive Midfield,0.3870967741935484,0.6129032258064516,Draw,Non-Win
3890482,Darmstadt 98,Fullback,0.09615384615384616,0.9038461538461539,Draw,Non-Win
3890482,Darmstadt 98,Goalkeeper,0.9090909090909091,0.09090909090909091,Draw,Non-Win
3890482,Darmstadt 98,Striker,0.5555555555555556,0.4444444444444444,Draw,Non-Win
3890482,Darmstadt 98,Wide Forward,0.2631578947368421,0.7368421052631579,Draw,Non-Win
3890482,FSV Mainz 05,Attacking Midfield,0.6666666666666666,0.3333333333333333,Draw,Non-Win
3890482,FSV Mainz 05,Center Back,0.5384615384615384,0.46153846153846156,Draw,Non-Win
3890482,FSV Mainz 05,Defensive Midfield,0.6,0.4,Draw,Non-Win
3890482,FSV Mainz 05,Fullback,0.1746031746031746,0.8253968253968254,Draw,Non-Win
3890482,FSV Mainz 05,Goalkeeper,0.9354838709677419,0.06451612903225806,Draw,Non-Win
3890482,FSV Mainz 05,Striker,0.2,0.8,Draw,Non-Win
3890482,FSV Mainz 05,Wide Forward,0.29411764705882354,0.7058823529411765,Draw,Non-Win
3890484,Hertha Berlin,Attacking Midfield,0.2,0.8,Win,Win
3890484,Hertha Berlin,Center Back,0.6153846153846154,0.38461538461538464,Win,Win
3890484,Hertha Berlin,Defensive Midfield,0.6785714285714286,0.32142857142857145,Win,Win
3890484,Hertha Berlin,Fullback,0.07894736842105263,0.9210526315789473,Win,Win
3890484,Hertha Berlin,Goalkeeper,0.9583333333333334,0.041666666666666664,Win,Win
3890484,Hertha Berlin,Striker,0.5,0.5,Win,Win
3890484,Hertha Berlin,Wide Forward,0.32,0.68,Win,Win
3890484,Schalke 04,Attacking Midfield,0.5,0.5,Loss,Non-Win
3890484,Schalke 04,Center Back,0.5737704918032787,0.4262295081967213,Loss,Non-Win
3890484,Schalke 04,Central Midfield,0.4,0.6,Loss,Non-Win
3890484,Schalke 04,Defensive Midfield,0.6274509803921569,0.37254901960784315,Loss,Non-Win
3890484,Schalke 04,Fullback,0.12962962962962962,0.8703703703703703,Loss,Non-Win
3890484,Schalke 04,Goalkeeper,0.9545454545454546,0.045454545454545456,Loss,Non-Win
3890484,Schalke 04,Striker,0.6666666666666666,0.3333333333333333,Loss,Non-Win
3890484,Schalke 04,Wide Forward,0.35,0.65,Loss,Non-Win
3890487,Augsburg,Attacking Midfield,0.375,0.625,Draw,Non-Win
3890487,Augsburg,Center Back,0.7936507936507936,0.20634920634920634,Draw,Non-Win
3890487,Augsburg,Defensive Midfield,0.6885245901639344,0.3114754098360656,Draw,Non-Win
3890487,Augsburg,Fullback,0.16129032258064516,0.8387096774193549,Draw,Non-Win
3890487,Augsburg,Goalkeeper,1.0,0.0,Draw,Non-Win
3890487,Augsburg,Striker,1.0,0.0,Draw,Non-Win
3890487,Augsburg,Wide Forward,0.631578947368421,0.3684210526315789,Draw,Non-Win
3890487,Darmstadt 98,Attacking Midfield,0.375,0.625,Draw,Non-Win
3890487,Darmstadt 98,Center Back,0.4117647058823529,0.5882352941176471,Draw,Non-Win
3890487,Darmstadt 98,Defensive Midfield,0.6896551724137931,0.3103448275862069,Draw,Non-Win
3890487,Darmstadt 98,Fullback,0.2222222222222222,0.7777777777777778,Draw,Non-Win
3890487,Darmstadt 98,Goalkeeper,0.9444444444444444,0.05555555555555555,Draw,Non-Win
3890487,Darmstadt 98,Striker,0.47368421052631576,0.5263157894736842,Draw,Non-Win
3890487,Darmstadt 98,Wide Forward,0.125,0.875,Draw,Non-Win
3890490,FC Köln,Center Back,0.7391304347826086,0.2608695652173913,Win,Win
3890490,FC Köln,Central Midfield,0.52,0.48,Win,Win
3890490,FC Köln,Defensive Midfield,0.84,0.16,Win,Win
3890490,FC Köln,Fullback,0.1016949152542373,0.8983050847457628,Win,Win
3890490,FC Köln,Goalkeeper,0.9696969696969697,0.030303030303030304,Win,Win
3890490,FC Köln,Striker,1.0,0.0,Win,Win
3890490,FC Köln,Wide Forward,0.25,0.75,Win,Win
3890490,Hannover 96,Attacking Midfield,0.6666666666666666,0.3333333333333333,Loss,Non-Win
3890490,Hannover 96,Center Back,0.6666666666666666,0.3333333333333333,Loss,Non-Win
3890490,Hannover 96,Defensive Midfield,0.5789473684210527,0.42105263157894735,Loss,Non-Win
3890490,Hannover 96,Fullback,0.11764705882352941,0.8823529411764706,Loss,Non-Win
3890490,Hannover 96,Goalkeeper,0.8947368421052632,0.10526315789473684,Loss,Non-Win
3890490,Hannover 96,Striker,0.875,0.125,Loss,Non-Win
3890490,Hannover 96,Wide Forward,0.32142857142857145,0.6785714285714286,Loss,Non-Win
3890492,Bayer Leverkusen,Attacking Midfield,0.42105263157894735,0.5789473684210527,Win,Win
3890492,Bayer Leverkusen,Center Back,0.6296296296296297,0.37037037037037035,Win,Win
3890492,Bayer Leverkusen,Defensive Midfield,0.64,0.36,Win,Win
3890492,Bayer Leverkusen,Fullback,0.15873015873015872,0.8412698412698413,Win,Win
3890492,Bayer Leverkusen,Goalkeeper,0.95,0.05,Win,Win
3890492,Bayer Leverkusen,Striker,0.5,0.5,Win,Win
3890492,Bayer Leverkusen,Wide Forward,0.5675675675675675,0.43243243243243246,Win,Win
3890492,Hamburger SV,Attacking Midfield,0.35294117647058826,0.6470588235294118,Loss,Non-Win
3890492,Hamburger SV,Center Back,0.7142857142857143,0.2857142857142857,Loss,Non-Win
3890492,Hamburger SV,Central Midfield,0.375,0.625,Loss,Non-Win
3890492,Hamburger SV,Defensive Midfield,0.5428571428571428,0.45714285714285713,Loss,Non-Win
3890492,Hamburger SV,Fullback,0.125,0.875,Loss,Non-Win
3890492,Hamburger SV,Goalkeeper,0.9090909090909091,0.09090909090909091,Loss,Non-Win
3890492,Hamburger SV,Striker,0.2857142857142857,0.7142857142857143,Loss,Non-Win
3890492,Hamburger SV,Wide Forward,0.5,0.5,Loss,Non-Win
3890495,Bayern Munich,Center Back,0.6403508771929824,0.35964912280701755,Win,Win
3890495,Bayern Munich,Central Midfield,0.5365853658536586,0.4634146341463415,Win,Win
3890495,Bayern Munich,Defensive Midfield,0.6530612244897959,0.3469387755102041,Win,Win
3890495,Bayern Munich,Fullback,0.13636363636363635,0.8636363636363636,Win,Win
3890495,Bayern Munich,Goalkeeper,0.8387096774193549,0.16129032258064516,Win,Win
3890495,Bayern Munich,Striker,0.42857142857142855,0.5714285714285714,Win,Win
3890495,Bayern Munich,Wide Forward,0.19230769230769232,0.8076923076923077,Win,Win
3890495,FC Köln,Center Back,0.47368421052631576,0.5263157894736842,Loss,Non-Win
3890495,FC Köln,Defensive Midfield,0.6,0.4,Loss,Non-Win
3890495,FC Köln,Fullback,0.13333333333333333,0.8666666666666667,Loss,Non-Win
3890495,FC Köln,Goalkeeper,0.9565217391304348,0.043478260869565216,Loss,Non-Win
3890495,FC Köln,Striker,0.7142857142857143,0.2857142857142857,Loss,Non-Win
3890495,FC Köln,Wide Forward,0.19230769230769232,0.8076923076923077,Loss,Non-Win
3890496,Hertha Berlin,Attacking Midfield,0.6153846153846154,0.38461538461538464,Win,Win
3890496,Hertha Berlin,Center Back,0.5079365079365079,0.49206349206349204,Win,Win
3890496,Hertha Berlin,Defensive Midfield,0.6774193548387096,0.3225806451612903,Win,Win
3890496,Hertha Berlin,Fullback,0.125,0.875,Win,Win
3890496,Hertha Berlin,Goalkeeper,0.9682539682539683,0.031746031746031744,Win,Win
3890496,Hertha Berlin,Striker,0.8,0.2,Win,Win
3890496,Hertha Berlin,Wide Forward,0.48,0.52,Win,Win
3890496,Ingolstadt,Center Back,0.6111111111111112,0.3888888888888889,Loss,Non-Win
3890496,Ingolstadt,Central Midfield,0.2807017543859649,0.7192982456140351,Loss,Non-Win
3890496,Ingolstadt,Defensive Midfield,0.75,0.25,Loss,Non-Win
3890496,Ingolstadt,Fullback,0.13333333333333333,0.8666666666666667,Loss,Non-Win
3890496,Ingolstadt,Goalkeeper,0.9459459459459459,0.05405405405405406,Loss,Non-Win
3890496,Ingolstadt,Striker,0.3333333333333333,0.6666666666666666,Loss,Non-Win
3890496,Ingolstadt,Wide Forward,0.30434782608695654,0.6956521739130435,Loss,Non-Win
3890498,Darmstadt 98,Attacking Midfield,0.5,0.5,Draw,Non-Win
3890498,Darmstadt 98,Center Back,0.8461538461538461,0.15384615384615385,Draw,Non-Win
3890498,Darmstadt 98,Defensive Midfield,0.65,0.35,Draw,Non-Win
3890498,Darmstadt 98,Fullback,0.03571428571428571,0.9642857142857143,Draw,Non-Win
3890498,Darmstadt 98,Goalkeeper,0.9318181818181818,0.06818181818181818,Draw,Non-Win
3890498,Darmstadt 98,Striker,0.35714285714285715,0.6428571428571429,Draw,Non-Win
3890498,Darmstadt 98,Wide Forward,0.2608695652173913,0.7391304347826086,Draw,Non-Win
3890498,Wolfsburg,Attacking Midfield,0.782608695652174,0.21739130434782608,Draw,Non-Win
3890498,Wolfsburg,Center Back,0.7297297297297297,0.2702702702702703,Draw,Non-Win
3890498,Wolfsburg,Central Midfield,0.5757575757575758,0.42424242424242425,Draw,Non-Win
3890498,Wolfsburg,Defensive Midfield,0.6111111111111112,0.3888888888888889,Draw,Non-Win
3890498,Wolfsburg,Fullback,0.11764705882352941,0.8823529411764706,Draw,Non-Win
3890498,Wolfsburg,Goalkeeper,1.0,0.0,Draw,Non-Win
3890498,Wolfsburg,Striker,0.3076923076923077,0.6923076923076923,Draw,Non-Win
3890498,Wolfsburg,Wide Forward,0.36363636363636365,0.6363636363636364,Draw,Non-Win
3890501,Augsburg,Center Back,0.5263157894736842,0.47368421052631576,Loss,Non-Win
3890501,Augsburg,Defensive Midfield,0.5217391304347826,0.4782608695652174,Loss,Non-Win
3890501,Augsburg,Fullback,0.12195121951219512,0.8780487804878049,Loss,Non-Win
3890501,Augsburg,Goalkeeper,0.9629629629629629,0.037037037037037035,Loss,Non-Win
3890501,Augsburg,Striker,1.0,0.0,Loss,Non-Win
3890501,Augsburg,Wide Forward,0.30434782608695654,0.6956521739130435,Loss,Non-Win
3890501,Borussia Dortmund,Attacking Midfield,0.5,0.5,Win,Win
3890501,Borussia Dortmund,Center Back,0.6513761467889908,0.3486238532110092,Win,Win
3890501,Borussia Dortmund,Central Midfield,0.8571428571428571,0.14285714285714285,Win,Win
3890501,Borussia Dortmund,Defensive Midfield,0.6491228070175439,0.3508771929824561,Win,Win
3890501,Borussia Dortmund,Fullback,0.10526315789473684,0.8947368421052632,Win,Win
3890501,Borussia Dortmund,Goalkeeper,1.0,0.0,Win,Win
3890501,Borussia Dortmund,Striker,0.5333333333333333,0.4666666666666667,Win,Win
3890501,Borussia Dortmund,Wide Forward,0.47368421052631576,0.5263157894736842,Win,Win
3890502,Bayer Leverkusen,Attacking Midfield,0.4,0.6,Win,Win
3890502,Bayer Leverkusen,Center Back,0.3333333333333333,0.6666666666666666,Win,Win
3890502,Bayer Leverkusen,Defensive Midfield,0.6585365853658537,0.34146341463414637,Win,Win
3890502,Bayer Leverkusen,Fullback,0.10256410256410256,0.8974358974358975,Win,Win
3890502,Bayer Leverkusen,Goalkeeper,0.9375,0.0625,Win,Win
3890502,Bayer Leverkusen,Striker,0.5,0.5,Win,Win
3890502,Bayer Leverkusen,Wide Forward,0.21052631578947367,0.7894736842105263,Win,Win
3890502,Wolfsburg,Attacking Midfield,0.8,0.2,Loss,Non-Win
3890502,Wolfsburg,Center Back,0.6716417910447762,0.3283582089552239,Loss,Non-Win
3890502,Wolfsburg,Defensive Midfield,0.8620689655172413,0.13793103448275862,Loss,Non-Win
3890502,Wolfsburg,Fullback,0.12727272727272726,0.8727272727272727,Loss,Non-Win
3890502,Wolfsburg,Goalkeeper,1.0,0.0,Loss,Non-Win
3890502,Wolfsburg,Striker,0.5,0.5,Loss,Non-Win
3890502,Wolfsburg,Wide Forward,0.4166666666666667,0.5833333333333334,Loss,Non-Win
3890515,Darmstadt 98,Attacking Midfield,0.6153846153846154,0.38461538461538464,Win,Win
3890515,Darmstadt 98,Center Back,0.52,0.48,Win,Win
3890515,Darmstadt 98,Defensive Midfield,0.42857142857142855,0.5714285714285714,Win,Win
3890515,Darmstadt 98,Fullback,0.15151515151515152,0.8484848484848485,Win,Win
3890515,Darmstadt 98,Goalkeeper,0.9393939393939394,0.06060606060606061,Win,Win
3890515,Darmstadt 98,Striker,0.42105263157894735,0.5789473684210527,Win,Win
3890515,Darmstadt 98,Wide Forward,0.46153846153846156,0.5384615384615384,Win,Win
3890515,Hamburger SV,Attacking Midfield,0.3333333333333333,0.6666666666666666,Loss,Non-Win
3890515,Hamburger SV,Center Back,0.6111111111111112,0.3888888888888889,Loss,Non-Win
3890515,Hamburger SV,Central Midfield,0.6428571428571429,0.35714285714285715,Loss,Non-Win
3890515,Hamburger SV,Defensive Midfield,0.7183098591549296,0.28169014084507044,Loss,Non-Win
3890515,Hamburger SV,Fullback,0.3018867924528302,0.6981132075471698,Loss,Non-Win
3890515,Hamburger SV,Goalkeeper,0.9615384615384616,0.038461538461538464,Loss,Non-Win
3890515,Hamburger SV,Striker,0.5555555555555556,0.4444444444444444,Loss,Non-Win
3890515,Hamburger SV,Wide Forward,0.30303030303030304,0.696969696969697,Loss,Non-Win
3890516,Bayern Munich,Attacking Midfield,0.6842105263157895,0.3157894736842105,Win,Win
3890516,Bayern Munich,Center Back,0.6991869918699187,0.3008130081300813,Win,Win
3890516,Bayern Munich,Defensive Midfield,0.6730769230769231,0.3269230769230769,Win,Win
3890516,Bayern Munich,Fullback,0.1388888888888889,0.8611111111111112,Win,Win
3890516,Bayern Munich,Goalkeeper,0.9642857142857143,0.03571428571428571,Win,Win
3890516,Bayern Munich,Striker,1.0,0.0,Win,Win
3890516,Bayern Munich,Wide Forward,0.25,0.75,Win,Win
3890516,VfB Stuttgart,Center Back,0.5,0.5,Loss,Non-Win
3890516,VfB Stuttgart,Defensive Midfield,0.6111111111111112,0.3888888888888889,Loss,Non-Win
3890516,VfB Stuttgart,Fullback,0.12,0.88,Loss,Non-Win
3890516,VfB Stuttgart,Goalkeeper,0.9459459459459459,0.05405405405405406,Loss,Non-Win
3890516,VfB Stuttgart,Striker,0.6,0.4,Loss,Non-Win
3890516,VfB Stuttgart,Wide Forward,0.13333333333333333,0.8666666666666667,Loss,Non-Win
3890519,Bayer Leverkusen,Attacking Midfield,0.375,0.625,Win,Win
3890519,Bayer Leverkusen,Center Back,0.3958333333333333,0.6041666666666666,Win,Win
3890519,Bayer Leverkusen,Defensive Midfield,0.5777777777777777,0.4222222222222222,Win,Win
3890519,Bayer Leverkusen,Fullback,0.14893617021276595,0.851063829787234,Win,Win
3890519,Bayer Leverkusen,Goalkeeper,0.9761904761904762,0.023809523809523808,Win,Win
3890519,Bayer Leverkusen,Striker,0.45454545454545453,0.5454545454545454,Win,Win
3890519,Bayer Leverkusen,Wide Forward,0.4358974358974359,0.5641025641025641,Win,Win
3890519,FC Köln,Attacking Midfield,0.7,0.3,Loss,Non-Win
3890519,FC Köln,Center Back,0.4603174603174603,0.5396825396825397,Loss,Non-Win
3890519,FC Köln,Central Midfield,0.7142857142857143,0.2857142857142857,Loss,Non-Win
3890519,FC Köln,Defensive Midfield,0.5434782608695652,0.45652173913043476,Loss,Non-Win
3890519,FC Köln,Fullback,0.2,0.8,Loss,Non-Win
3890519,FC Köln,Goalkeeper,0.9259259259259259,0.07407407407407407,Loss,Non-Win
3890519,FC Köln,Striker,0.5,0.5,Loss,Non-Win
3890519,FC Köln,Wide Forward,0.5,0.5,Loss,Non-Win
3890521,Bayer Leverkusen,Attacking Midfield,0.35294117647058826,0.6470588235294118,Win,Win
3890521,Bayer Leverkusen,Center Back,0.6333333333333333,0.36666666666666664,Win,Win
3890521,Bayer Leverkusen,Defensive Midfield,0.673469387755102,0.32653061224489793,Win,Win
3890521,Bayer Leverkusen,Fullback,0.05263157894736842,0.9473684210526315,Win,Win
3890521,Bayer Leverkusen,Goalkeeper,0.9210526315789473,0.07894736842105263,Win,Win
3890521,Bayer Leverkusen,Striker,1.0,0.0,Win,Win
3890521,Bayer Leverkusen,Wide Forward,0.3,0.7,Win,Win
3890521,Eintracht Frankfurt,Attacking Midfield,0.3333333333333333,0.6666666666666666,Loss,Non-Win
3890521,Eintracht Frankfurt,Center Back,0.6451612903225806,0.3548387096774194,Loss,Non-Win
3890521,Eintracht Frankfurt,Central Midfield,0.5,0.5,Loss,Non-Win
3890521,Eintracht Frankfurt,Defensive Midfield,0.47619047619047616,0.5238095238095238,Loss,Non-Win
3890521,Eintracht Frankfurt,Fullback,0.10256410256410256,0.8974358974358975,Loss,Non-Win
3890521,Eintracht Frankfurt,Goalkeeper,0.9069767441860465,0.09302325581395349,Loss,Non-Win
3890521,Eintracht Frankfurt,Striker,0.6666666666666666,0.3333333333333333,Loss,Non-Win
3890521,Eintracht Frankfurt,Wide Forward,0.2,0.8,Loss,Non-Win
3890524,Hertha Berlin,Attacking Midfield,0.45454545454545453,0.5454545454545454,Loss,Non-Win
3890524,Hertha Berlin,Center Back,0.6065573770491803,0.39344262295081966,Loss,Non-Win
3890524,Hertha Berlin,Defensive Midfield,0.8928571428571429,0.10714285714285714,Loss,Non-Win
3890524,Hertha Berlin,Fullback,0.1794871794871795,0.8205128205128205,Loss,Non-Win
3890524,Hertha Berlin,Goalkeeper,0.9473684210526315,0.05263157894736842,Loss,Non-Win
3890524,Hertha Berlin,Striker,0.8,0.2,Loss,Non-Win
3890524,Hertha Berlin,Wide Forward,0.18181818181818182,0.8181818181818182,Loss,Non-Win
3890524,Hoffenheim,Center Back,0.5877192982456141,0.41228070175438597,Win,Win
3890524,Hoffenheim,Central Midfield,0.43333333333333335,0.5666666666666667,Win,Win
3890524,Hoffenheim,Defensive Midfield,0.8,0.2,Win,Win
3890524,Hoffenheim,Fullback,0.09090909090909091,0.9090909090909091,Win,Win
3890524,Hoffenheim,Goalkeeper,1.0,0.0,Win,Win
3890524,Hoffenheim,Striker,0.5714285714285714,0.42857142857142855,Win,Win
3890524,Hoffenheim,Wide Forward,0.4,0.6,Win,Win
3890527,FC Köln,Attacking Midfield,0.625,0.375,Win,Win
3890527,FC Köln,Center Back,0.4107142857142857,0.5892857142857143,Win,Win
3890527,FC Köln,Central Midfield,0.5714285714285714,0.42857142857142855,Win,Win
3890527,FC Köln,Defensive Midfield,0.6666666666666666,0.3333333333333333,Win,Win
3890527,FC Köln,Fullback,0.2127659574468085,0.7872340425531915,Win,Win
3890527,FC Köln,Goalkeeper,0.9428571428571428,0.05714285714285714,Win,Win
3890527,FC Köln,Striker,0.8181818181818182,0.18181818181818182,Win,Win
3890527,FC Köln,Wide Forward,0.7,0.3,Win,Win
3890527,FSV Mainz 05,Attacking Midfield,0.625,0.375,Loss,Non-Win
3890527,FSV Mainz 05,Center Back,0.6229508196721312,0.3770491803278688,Loss,Non-Win
3890527,FSV Mainz 05,Defensive Midfield,0.6216216216216216,0.3783783783783784,Loss,Non-Win
3890527,FSV Mainz 05,Fullback,0.2127659574468085,0.7872340425531915,Loss,Non-Win
3890527,FSV Mainz 05,Goalkeeper,0.9142857142857143,0.08571428571428572,Loss,Non-Win
3890527,FSV Mainz 05,Striker,0.4,0.6,Loss,Non-Win
3890527,FSV Mainz 05,Wide Forward,0.391304347826087,0.6086956521739131,Loss,Non-Win
3890532,Hannover 96,Attacking Midfield,0.375,0.625,Draw,Non-Win
3890532,Hannover 96,Center Back,0.6790123456790124,0.32098765432098764,Draw,Non-Win
3890532,Hannover 96,Central Midfield,0.6956521739130435,0.30434782608695654,Draw,Non-Win
3890532,Hannover 96,Defensive Midfield,0.6274509803921569,0.37254901960784315,Draw,Non-Win
3890532,Hannover 96,Fullback,0.17857142857142858,0.8214285714285714,Draw,Non-Win
3890532,Hannover 96,Goalkeeper,1.0,0.0,Draw,Non-Win
3890532,Hannover 96,Striker,0.7777777777777778,0.2222222222222222,Draw,Non-Win
3890532,Hannover 96,Wide Forward,0.3333333333333333,0.6666666666666666,Draw,Non-Win
3890532,Ingolstadt,Center Back,0.5882352941176471,0.4117647058823529,Draw,Non-Win
3890532,Ingolstadt,Central Midfield,0.4166666666666667,0.5833333333333334,Draw,Non-Win
3890532,Ingolstadt,Defensive Midfield,0.65,0.35,Draw,Non-Win
3890532,Ingolstadt,Fullback,0.10526315789473684,0.8947368421052632,Draw,Non-Win
3890532,Ingolstadt,Goalkeeper,0.9347826086956522,0.06521739130434782,Draw,Non-Win
3890532,Ingolstadt,Striker,0.4444444444444444,0.5555555555555556,Draw,Non-Win
3890532,Ingolstadt,Wide Forward,0.22727272727272727,0.7727272727272727,Draw,Non-Win
3890533,Bayern Munich,Attacking Midfield,0.5555555555555556,0.4444444444444444,Win,Win
3890533,Bayern Munich,Center Back,0.7313432835820896,0.26865671641791045,Win,Win
3890533,Bayern Munich,Defensive Midfield,0.7164179104477612,0.2835820895522388,Win,Win
3890533,Bayern Munich,Fullback,0.12244897959183673,0.8775510204081632,Win,Win
3890533,Bayern Munich,Goalkeeper,0.9629629629629629,0.037037037037037035,Win,Win
3890533,Bayern Munich,Striker,0.3333333333333333,0.6666666666666666,Win,Win
3890533,Bayern Munich,Wide Forward,0.4074074074074074,0.5925925925925926,Win,Win
3890533,Hertha Berlin,Center Back,0.6153846153846154,0.38461538461538464,Loss,Non-Win
3890533,Hertha Berlin,Central Midfield,0.5769230769230769,0.4230769230769231,Loss,Non-Win
3890533,Hertha Berlin,Defensive Midfield,0.45454545454545453,0.5454545454545454,Loss,Non-Win
3890533,Hertha Berlin,Fullback,0.13725490196078433,0.8627450980392157,Loss,Non-Win
3890533,Hertha Berlin,Goalkeeper,0.9629629629629629,0.037037037037037035,Loss,Non-Win
3890533,Hertha Berlin,Striker,0.5,0.5,Loss,Non-Win
3890533,Hertha Berlin,Wide Forward,0.35714285714285715,0.6428571428571429,Loss,Non-Win
3890535,Augsburg,Attacking Midfield,0.5454545454545454,0.45454545454545453,Win,Win
3890535,Augsburg,Center Back,0.42857142857142855,0.5714285714285714,Win,Win
3890535,Augsburg,Defensive Midfield,0.6896551724137931,0.3103448275862069,Win,Win
3890535,Augsburg,Fullback,0.07692307692307693,0.9230769230769231,Win,Win
3890535,Augsburg,Goalkeeper,1.0,0.0,Win,Win
3890535,Augsburg,Striker,0.5,0.5,Win,Win
3890535,Augsburg,Wide Forward,0.0,1.0,Win,Win
3890535,Wolfsburg,Attacking Midfield,0.7272727272727273,0.2727272727272727,Loss,Non-Win
3890535,Wolfsburg,Center Back,0.7454545454545455,0.2545454545454545,Loss,Non-Win
3890535,Wolfsburg,Central Midfield,0.5185185185185185,0.48148148148148145,Loss,Non-Win
3890535,Wolfsburg,Defensive Midfield,0.7169811320754716,0.2830188679245283,Loss,Non-Win
3890535,Wolfsburg,Fullback,0.08333333333333333,0.9166666666666666,Loss,Non-Win
3890535,Wolfsburg,Goalkeeper,0.9411764705882353,0.058823529411764705,Loss,Non-Win
3890535,Wolfsburg,Striker,1.0,0.0,Loss,Non-Win
3890535,Wolfsburg,Wide Forward,0.25806451612903225,0.7419354838709677,Loss,Non-Win
3890536,Borussia Mönchengladbach,Attacking Midfield,0.4444444444444444,0.5555555555555556,Win,Win
3890536,Borussia Mönchengladbach,Center Back,0.35555555555555557,0.6444444444444445,Win,Win
3890536,Borussia Mönchengladbach,Central Midfield,0.5,0.5,Win,Win
3890536,Borussia Mönchengladbach,Defensive Midfield,0.7254901960784313,0.27450980392156865,Win,Win
3890536,Borussia Mönchengladbach,Fullback,0.2857142857142857,0.7142857142857143,Win,Win
3890536,Borussia Mönchengladbach,Goalkeeper,0.967741935483871,0.03225806451612903,Win,Win
3890536,Borussia Mönchengladbach,Striker,0.375,0.625,Win,Win
3890536,Hoffenheim,Center Back,0.5540540540540541,0.44594594594594594,Loss,Non-Win
3890536,Hoffenheim,Central Midfield,0.7222222222222222,0.2777777777777778,Loss,Non-Win
3890536,Hoffenheim,Defensive Midfield,0.6551724137931034,0.3448275862068966,Loss,Non-Win
3890536,Hoffenheim,Fullback,0.21739130434782608,0.782608695652174,Loss,Non-Win
3890536,Hoffenheim,Goalkeeper,0.926829268292683,0.07317073170731707,Loss,Non-Win
3890536,Hoffenheim,Striker,0.5,0.5,Loss,Non-Win
3890536,Hoffenheim,Wide Forward,0.3181818181818182,0.6818181818181818,Loss,Non-Win
3890544,Hoffenheim,Attacking Midfield,0.5384615384615384,0.46153846153846156,Win,Win
3890544,Hoffenheim,Center Back,0.5581395348837209,0.4418604651162791,Win,Win
3890544,Hoffenheim,Defensive Midfield,0.5238095238095238,0.47619047619047616,Win,Win
3890544,Hoffenheim,Fullback,0.19696969696969696,0.803030303030303,Win,Win
3890544,Hoffenheim,Goalkeeper,0.9,0.1,Win,Win
3890544,Hoffenheim,Striker,0.2857142857142857,0.7142857142857143,Win,Win
3890544,Hoffenheim,Wide Forward,0.24,0.76,Win,Win
3890544,Ingolstadt,Center Back,0.4838709677419355,0.5161290322580645,Loss,Non-Win
3890544,Ingolstadt,Central Midfield,0.37209302325581395,0.627906976744186,Loss,Non-Win
3890544,Ingolstadt,Defensive Midfield,0.7692307692307693,0.23076923076923078,Loss,Non-Win
3890544,Ingolstadt,Fullback,0.11904761904761904,0.8809523809523809,Loss,Non-Win
3890544,Ingolstadt,Goalkeeper,0.7692307692307693,0.23076923076923078,Loss,Non-Win
3890544,Ingolstadt,Striker,0.5,0.5,Loss,Non-Win
3890544,Ingolstadt,Wide Forward,0.3103448275862069,0.6896551724137931,Loss,Non-Win
3890554,FC Köln,Attacking Midfield,0.7857142857142857,0.21428571428571427,Draw,Non-Win
3890554,FC Köln,Center Back,0.55,0.45,Draw,Non-Win
3890554,FC Köln,Defensive Midfield,0.8472222222222222,0.1527777777777778,Draw,Non-Win
3890554,FC Köln,Fullback,0.22916666666666666,0.7708333333333334,Draw,Non-Win
3890554,FC Köln,Goalkeeper,1.0,0.0,Draw,Non-Win
3890554,FC Köln,Striker,0.5555555555555556,0.4444444444444444,Draw,Non-Win
3890554,FC Köln,Wide Forward,0.18181818181818182,0.8181818181818182,Draw,Non-Win
3890554,Werder Bremen,Center Back,0.7076923076923077,0.2923076923076923,Draw,Non-Win
3890554,Werder Bremen,Central Midfield,0.6818181818181818,0.3181818181818182,Draw,Non-Win
3890554,Werder Bremen,Defensive Midfield,0.6956521739130435,0.30434782608695654,Draw,Non-Win
3890554,Werder Bremen,Fullback,0.2903225806451613,0.7096774193548387,Draw,Non-Win
3890554,Werder Bremen,Goalkeeper,0.9333333333333333,0.06666666666666667,Draw,Non-Win
3890554,Werder Bremen,Striker,0.8333333333333334,0.16666666666666666,Draw,Non-Win
3890554,Werder Bremen,Wide Forward,0.6190476190476191,0.38095238095238093,Draw,Non-Win
3890555,Darmstadt 98,Attacking Midfield,0.45454545454545453,0.5454545454545454,Win,Win
3890555,Darmstadt 98,Center Back,0.8461538461538461,0.15384615384615385,Win,Win
3890555,Darmstadt 98,Defensive Midfield,0.6086956521739131,0.391304347826087,Win,Win
3890555,Darmstadt 98,Fullback,0.25,0.75,Win,Win
3890555,Darmstadt 98,Goalkeeper,0.9487179487179487,0.05128205128205128,Win,Win
3890555,Darmstadt 98,Striker,0.6,0.4,Win,Win
3890555,Darmstadt 98,Wide Forward,0.23809523809523808,0.7619047619047619,Win,Win
3890555,Hertha Berlin,Attacking Midfield,0.5555555555555556,0.4444444444444444,Loss,Non-Win
3890555,Hertha Berlin,Center Back,0.5784313725490197,0.4215686274509804,Loss,Non-Win
3890555,Hertha Berlin,Central Midfield,0.8157894736842105,0.18421052631578946,Loss,Non-Win
3890555,Hertha Berlin,Defensive Midfield,0.717948717948718,0.28205128205128205,Loss,Non-Win
3890555,Hertha Berlin,Fullback,0.22727272727272727,0.7727272727272727,Loss,Non-Win
3890555,Hertha Berlin,Goalkeeper,0.8823529411764706,0.11764705882352941,Loss,Non-Win
3890555,Hertha Berlin,Striker,0.8571428571428571,0.14285714285714285,Loss,Non-Win
3890555,Hertha Berlin,Wide Forward,0.38461538461538464,0.6153846153846154,Loss,Non-Win
3890558,FSV Mainz 05,Attacking Midfield,0.6666666666666666,0.3333333333333333,Draw,Non-Win
3890558,FSV Mainz 05,Center Back,0.6129032258064516,0.3870967741935484,Draw,Non-Win
3890558,FSV Mainz 05,Defensive Midfield,0.64,0.36,Draw,Non-Win
3890558,FSV Mainz 05,Fullback,0.13793103448275862,0.8620689655172413,Draw,Non-Win
3890558,FSV Mainz 05,Goalkeeper,0.9428571428571428,0.05714285714285714,Draw,Non-Win
3890558,FSV Mainz 05,Striker,0.0,1.0,Draw,Non-Win
3890558,FSV Mainz 05,Wide Forward,0.32142857142857145,0.6785714285714286,Draw,Non-Win
3890558,Hertha Berlin,Attacking Midfield,0.47368421052631576,0.5263157894736842,Draw,Non-Win
3890558,Hertha Berlin,Center Back,0.37662337662337664,0.6233766233766234,Draw,Non-Win
3890558,Hertha Berlin,Defensive Midfield,0.625,0.375,Draw,Non-Win
3890558,Hertha Berlin,Fullback,0.07407407407407407,0.9259259259259259,Draw,Non-Win
3890558,Hertha Berlin,Goalkeeper,0.9090909090909091,0.09090909090909091,Draw,Non-Win
3890558,Hertha Berlin,Striker,0.6,0.4,Draw,Non-Win
3890558,Hertha Berlin,Wide Forward,0.3888888888888889,0.6111111111111112,Draw,Non-Win
3890562,Borussia Dortmund,Attacking Midfield,0.7857142857142857,0.21428571428571427,Draw,Non-Win
3890562,Borussia Dortmund,Center Back,0.717948717948718,0.28205128205128205,Draw,Non-Win
3890562,Borussia Dortmund,Defensive Midfield,0.801980198019802,0.19801980198019803,Draw,Non-Win
3890562,Borussia Dortmund,Fullback,0.17073170731707318,0.8292682926829268,Draw,Non-Win
3890562,Borussia Dortmund,Goalkeeper,0.9444444444444444,0.05555555555555555,Draw,Non-Win
3890562,Borussia Dortmund,Striker,0.6666666666666666,0.3333333333333333,Draw,Non-Win
3890562,Borussia Dortmund,Wide Forward,0.2777777777777778,0.7222222222222222,Draw,Non-Win
3890562,FC Köln,Center Back,0.64,0.36,Draw,Non-Win
3890562,FC Köln,Defensive Midfield,0.6111111111111112,0.3888888888888889,Draw,Non-Win
3890562,FC Köln,Fullback,0.1935483870967742,0.8064516129032258,Draw,Non-Win
3890562,FC Köln,Goalkeeper,1.0,0.0,Draw,Non-Win
3890562,FC Köln,Striker,0.6,0.4,Draw,Non-Win
3890562,FC Köln,Wide Forward,0.5185185185185185,0.48148148148148145,Draw,Non-Win
3890563,Bayer Leverkusen,Center Back,0.6,0.4,Win,Win
3890563,Bayer Leverkusen,Defensive Midfield,0.6511627906976745,0.3488372093023256,Win,Win
3890563,Bayer Leverkusen,Fullback,0.11764705882352941,0.8823529411764706,Win,Win
3890563,Bayer Leverkusen,Goalkeeper,0.9473684210526315,0.05263157894736842,Win,Win
3890563,Bayer Leverkusen,Striker,0.4827586206896552,0.5172413793103449,Win,Win
3890563,Bayer Leverkusen,Wide Forward,0.47368421052631576,0.5263157894736842,Win,Win
3890563,Ingolstadt,Center Back,0.7222222222222222,0.2777777777777778,Loss,Non-Win
3890563,Ingolstadt,Central Midfield,0.5333333333333333,0.4666666666666667,Loss,Non-Win
3890563,Ingolstadt,Defensive Midfield,0.7142857142857143,0.2857142857142857,Loss,Non-Win
3890563,Ingolstadt,Fullback,0.18181818181818182,0.8181818181818182,Loss,Non-Win
3890563,Ingolstadt,Goalkeeper,0.95,0.05,Loss,Non-Win
3890563,Ingolstadt,Striker,0.16666666666666666,0.8333333333333334,Loss,Non-Win
3890563,Ingolstadt,Wide Forward,0.23809523809523808,0.7619047619047619,Loss,Non-Win
3893804,Norway Women's,Center Back,0.8048780487804879,0.1951219512195122,Draw,Non-Win
3893804,Norway Women's,Central Midfield,0.59375,0.40625,Draw,Non-Win
3893804,Norway Women's,Defensive Midfield,0.56,0.44,Draw,Non-Win
3893804,Norway Women's,Fullback,0.05405405405405406,0.9459459459459459,Draw,Non-Win
3893804,Norway Women's,Goalkeeper,1.0,0.0,Draw,Non-Win
3893804,Norway Women's,Striker,1.0,0.0,Draw,Non-Win
3893804,Norway Women's,Wide Forward,0.15151515151515152,0.8484848484848485,Draw,Non-Win
3893804,Switzerland Women's,Attacking Midfield,0.4782608695652174,0.5217391304347826,Draw,Non-Win
3893804,Switzerland Women's,Center Back,0.4927536231884058,0.5072463768115942,Draw,Non-Win
3893804,Switzerland Women's,Central Midfield,0.5517241379310345,0.4482758620689655,Draw,Non-Win
3893804,Switzerland Women's,Defensive Midfield,0.7692307692307693,0.23076923076923078,Draw,Non-Win
3893804,Switzerland Women's,Fullback,0.02564102564102564,0.9743589743589743,Draw,Non-Win
3893804,Switzerland Women's,Goalkeeper,0.8461538461538461,0.15384615384615385,Draw,Non-Win
3893804,Switzerland Women's,Striker,0.23076923076923078,0.7692307692307693,Draw,Non-Win
3893815,Brazil Women's,Center Back,0.6136363636363636,0.38636363636363635,Loss,Non-Win
3893815,Brazil Women's,Defensive Midfield,0.5142857142857142,0.4857142857142857,Loss,Non-Win
3893815,Brazil Women's,Fullback,0.13114754098360656,0.8688524590163934,Loss,Non-Win
3893815,Brazil Women's,Goalkeeper,1.0,0.0,Loss,Non-Win
3893815,Brazil Women's,Striker,0.5,0.5,Loss,Non-Win
3893815,Brazil Women's,Wide Forward,0.3181818181818182,0.6818181818181818,Loss,Non-Win
3893815,France Women's,Center Back,0.5454545454545454,0.45454545454545453,Win,Win
3893815,France Women's,Central Midfield,0.5,0.5,Win,Win
3893815,France Women's,Defensive Midfield,0.53125,0.46875,Win,Win
3893815,France Women's,Fullback,0.2711864406779661,0.7288135593220338,Win,Win
3893815,France Women's,Goalkeeper,0.9354838709677419,0.06451612903225806,Win,Win
3893815,France Women's,Striker,0.3333333333333333,0.6666666666666666,Win,Win
3893815,France Women's,Wide Forward,0.19230769230769232,0.8076923076923077,Win,Win
3895052,Bayer Leverkusen,Center Back,0.6363636363636364,0.36363636363636365,Win,Win
3895052,Bayer Leverkusen,Central Midfield,0.6666666666666666,0.3333333333333333,Win,Win
3895052,Bayer Leverkusen,Defensive Midfield,0.5161290322580645,0.4838709677419355,Win,Win
3895052,Bayer Leverkusen,Fullback,0.1935483870967742,0.8064516129032258,Win,Win
3895052,Bayer Leverkusen,Goalkeeper,0.9583333333333334,0.041666666666666664,Win,Win
3895052,Bayer Leverkusen,Striker,0.4666666666666667,0.5333333333333333,Win,Win
3895052,Bayer Leverkusen,Wide Forward,0.45,0.55,Win,Win
3895052,RB Leipzig,Attacking Midfield,0.6,0.4,Loss,Non-Win
3895052,RB Leipzig,Center Back,0.5853658536585366,0.4146341463414634,Loss,Non-Win
3895052,RB Leipzig,Defensive Midfield,0.4666666666666667,0.5333333333333333,Loss,Non-Win
3895052,RB Leipzig,Fullback,0.12,0.88,Loss,Non-Win
3895052,RB Leipzig,Goalkeeper,0.9090909090909091,0.09090909090909091,Loss,Non-Win
3895052,RB Leipzig,Striker,0.5714285714285714,0.42857142857142855,Loss,Non-Win
3895052,RB Leipzig,Wide Forward,0.3125,0.6875,Loss,Non-Win
3895074,Bayer Leverkusen,Attacking Midfield,0.6923076923076923,0.3076923076923077,Draw,Non-Win
3895074,Bayer Leverkusen,Center Back,0.7258064516129032,0.27419354838709675,Draw,Non-Win
3895074,Bayer Leverkusen,Defensive Midfield,0.6981132075471698,0.3018867924528302,Draw,Non-Win
3895074,Bayer Leverkusen,Fullback,0.2727272727272727,0.7272727272727273,Draw,Non-Win
3895074,Bayer Leverkusen,Goalkeeper,1.0,0.0,Draw,Non-Win
3895074,Bayer Leverkusen,Striker,0.8333333333333334,0.16666666666666666,Draw,Non-Win
3895074,Bayer Leverkusen,Wide Forward,0.5172413793103449,0.4827586206896552,Draw,Non-Win
3895074,Bayern Munich,Attacking Midfield,0.3888888888888889,0.6111111111111112,Draw,Non-Win
3895074,Bayern Munich,Center Back,0.7752808988764045,0.2247191011235955,Draw,Non-Win
3895074,Bayern Munich,Defensive Midfield,0.7659574468085106,0.23404255319148937,Draw,Non-Win
3895074,Bayern Munich,Fullback,0.2682926829268293,0.7317073170731707,Draw,Non-Win
3895074,Bayern Munich,Goalkeeper,1.0,0.0,Draw,Non-Win
3895074,Bayern Munich,Striker,0.0,1.0,Draw,Non-Win
3895074,Bayern Munich,Wide Forward,0.5357142857142857,0.4642857142857143,Draw,Non-Win
3895134,Bayer Leverkusen,Attacking Midfield,0.43333333333333335,0.5666666666666667,Win,Win
3895134,Bayer Leverkusen,Center Back,0.6777777777777778,0.32222222222222224,Win,Win
3895134,Bayer Leverkusen,Central Midfield,1.0,0.0,Win,Win
3895134,Bayer Leverkusen,Defensive Midfield,0.7291666666666666,0.2708333333333333,Win,Win
3895134,Bayer Leverkusen,Fullback,0.029411764705882353,0.9705882352941176,Win,Win
3895134,Bayer Leverkusen,Goalkeeper,1.0,0.0,Win,Win
3895134,Bayer Leverkusen,Striker,0.6153846153846154,0.38461538461538464,Win,Win
3895134,Hoffenheim,Center Back,0.75,0.25,Loss,Non-Win
3895134,Hoffenheim,Central Midfield,0.5609756097560976,0.43902439024390244,Loss,Non-Win
3895134,Hoffenheim,Defensive Midfield,0.6551724137931034,0.3448275862068966,Loss,Non-Win
3895134,Hoffenheim,Fullback,0.2926829268292683,0.7073170731707317,Loss,Non-Win
3895134,Hoffenheim,Goalkeeper,1.0,0.0,Loss,Non-Win
3895134,Hoffenheim,Striker,0.5833333333333334,0.4166666666666667,Loss,Non-Win
3895250,Bayer Leverkusen,Attacking Midfield,0.4583333333333333,0.5416666666666666,Win,Win
3895250,Bayer Leverkusen,Center Back,0.6428571428571429,0.35714285714285715,Win,Win
3895250,Bayer Leverkusen,Defensive Midfield,0.8,0.2,Win,Win
3895250,Bayer Leverkusen,Fullback,0.15384615384615385,0.8461538461538461,Win,Win
3895250,Bayer Leverkusen,Goalkeeper,0.9047619047619048,0.09523809523809523,Win,Win
3895250,Bayer Leverkusen,Striker,0.8333333333333334,0.16666666666666666,Win,Win
3895250,FSV Mainz 05,Attacking Midfield,0.3333333333333333,0.6666666666666666,Loss,Non-Win
3895250,FSV Mainz 05,Center Back,0.5161290322580645,0.4838709677419355,Loss,Non-Win
3895250,FSV Mainz 05,Defensive Midfield,0.6285714285714286,0.37142857142857144,Loss,Non-Win
3895250,FSV Mainz 05,Fullback,0.2916666666666667,0.7083333333333334,Loss,Non-Win
3895250,FSV Mainz 05,Goalkeeper,0.95,0.05,Loss,Non-Win
3895250,FSV Mainz 05,Striker,0.625,0.375,Loss,Non-Win
3895320,Bayer Leverkusen,Attacking Midfield,0.5,0.5,Draw,Non-Win
3895320,Bayer Leverkusen,Center Back,0.43956043956043955,0.5604395604395604,Draw,Non-Win
3895320,Bayer Leverkusen,Defensive Midfield,0.6428571428571429,0.35714285714285715,Draw,Non-Win
3895320,Bayer Leverkusen,Fullback,0.13793103448275862,0.8620689655172413,Draw,Non-Win
3895320,Bayer Leverkusen,Goalkeeper,1.0,0.0,Draw,Non-Win
3895320,Bayer Leverkusen,Striker,1.0,0.0,Draw,Non-Win
3895320,VfB Stuttgart,Attacking Midfield,0.15384615384615385,0.8461538461538461,Draw,Non-Win
3895320,VfB Stuttgart,Center Back,0.5686274509803921,0.43137254901960786,Draw,Non-Win
3895320,VfB Stuttgart,Defensive Midfield,0.7407407407407407,0.25925925925925924,Draw,Non-Win
3895320,VfB Stuttgart,Fullback,0.2857142857142857,0.7142857142857143,Draw,Non-Win
3895320,VfB Stuttgart,Goalkeeper,0.9782608695652174,0.021739130434782608,Draw,Non-Win
3895320,VfB Stuttgart,Striker,0.5,0.5,Draw,Non-Win
3895320,VfB Stuttgart,Wide Forward,0.0,1.0,Draw,Non-Win
3900494,Bordeaux,Attacking Midfield,0.72,0.28,Loss,Non-Win
3900494,Bordeaux,Center Back,0.6666666666666666,0.3333333333333333,Loss,Non-Win
3900494,Bordeaux,Central Midfield,0.5121951219512195,0.4878048780487805,Loss,Non-Win
3900494,Bordeaux,Defensive Midfield,0.6,0.4,Loss,Non-Win
3900494,Bordeaux,Fullback,0.08823529411764706,0.9117647058823529,Loss,Non-Win
3900494,Bordeaux,Goalkeeper,0.75,0.25,Loss,Non-Win
3900494,Bordeaux,Striker,0.21428571428571427,0.7857142857142857,Loss,Non-Win
3900494,Bordeaux,Wide Forward,0.21428571428571427,0.7857142857142857,Loss,Non-Win
3900494,Gazélec Ajaccio,Attacking Midfield,0.6363636363636364,0.36363636363636365,Win,Win
3900494,Gazélec Ajaccio,Center Back,0.35135135135135137,0.6486486486486487,Win,Win
3900494,Gazélec Ajaccio,Central Midfield,0.4482758620689655,0.5517241379310345,Win,Win
3900494,Gazélec Ajaccio,Defensive Midfield,0.6,0.4,Win,Win
3900494,Gazélec Ajaccio,Fullback,0.1875,0.8125,Win,Win
3900494,Gazélec Ajaccio,Goalkeeper,0.95,0.05,Win,Win
3900494,Gazélec Ajaccio,Striker,0.65,0.35,Win,Win
3900496,Montpellier,Attacking Midfield,0.5294117647058824,0.47058823529411764,Draw,Non-Win
3900496,Montpellier,Center Back,0.5111111111111111,0.4888888888888889,Draw,Non-Win
3900496,Montpellier,Defensive Midfield,0.38636363636363635,0.6136363636363636,Draw,Non-Win
3900496,Montpellier,Fullback,0.09836065573770492,0.9016393442622951,Draw,Non-Win
3900496,Montpellier,Goalkeeper,1.0,0.0,Draw,Non-Win
3900496,Montpellier,Striker,0.6,0.4,Draw,Non-Win
3900496,Montpellier,Wide Forward,0.2631578947368421,0.7368421052631579,Draw,Non-Win
3900496,Toulouse,Attacking Midfield,0.5333333333333333,0.4666666666666667,Draw,Non-Win
3900496,Toulouse,Center Back,0.45454545454545453,0.5454545454545454,Draw,Non-Win
3900496,Toulouse,Central Midfield,0.2916666666666667,0.7083333333333334,Draw,Non-Win
3900496,Toulouse,Defensive Midfield,0.3939393939393939,0.6060606060606061,Draw,Non-Win
3900496,Toulouse,Fullback,0.10526315789473684,0.8947368421052632,Draw,Non-Win
3900496,Toulouse,Goalkeeper,1.0,0.0,Draw,Non-Win
3900496,Toulouse,Striker,0.42857142857142855,0.5714285714285714,Draw,Non-Win
3900496,Toulouse,Wide Forward,0.3,0.7,Draw,Non-Win
3900499,Marseille,Attacking Midfield,0.47368421052631576,0.5263157894736842,Win,Win
3900499,Marseille,Center Back,0.5957446808510638,0.40425531914893614,Win,Win
3900499,Marseille,Defensive Midfield,0.5918367346938775,0.40816326530612246,Win,Win
3900499,Marseille,Fullback,0.09615384615384616,0.9038461538461539,Win,Win
3900499,Marseille,Goalkeeper,0.918918918918919,0.08108108108108109,Win,Win
3900499,Marseille,Striker,1.0,0.0,Win,Win
3900499,Marseille,Wide Forward,0.3333333333333333,0.6666666666666666,Win,Win
3900499,Nantes,Attacking Midfield,0.4444444444444444,0.5555555555555556,Loss,Non-Win
3900499,Nantes,Center Back,0.6,0.4,Loss,Non-Win
3900499,Nantes,Defensive Midfield,0.65,0.35,Loss,Non-Win
3900499,Nantes,Fullback,0.14814814814814814,0.8518518518518519,Loss,Non-Win
3900499,Nantes,Goalkeeper,0.8666666666666667,0.13333333333333333,Loss,Non-Win
3900499,Nantes,Striker,0.6666666666666666,0.3333333333333333,Loss,Non-Win
3900499,Nantes,Wide Forward,0.4230769230769231,0.5769230769230769,Loss,Non-Win
3900505,Caen,Center Back,0.5625,0.4375,Win,Win
3900505,Caen,Central Midfield,0.5116279069767442,0.4883720930232558,Win,Win
3900505,Caen,Defensive Midfield,0.7083333333333334,0.2916666666666667,Win,Win
3900505,Caen,Fullback,0.10256410256410256,0.8974358974358975,Win,Win
3900505,Caen,Goalkeeper,0.9032258064516129,0.0967741935483871,Win,Win
3900505,Caen,Striker,0.5625,0.4375,Win,Win
3900505,Caen,Wide Forward,0.2608695652173913,0.7391304347826086,Win,Win
3900505,Guingamp,Center Back,0.6376811594202898,0.36231884057971014,Loss,Non-Win
3900505,Guingamp,Defensive Midfield,0.5454545454545454,0.45454545454545453,Loss,Non-Win
3900505,Guingamp,Fullback,0.17073170731707318,0.8292682926829268,Loss,Non-Win
3900505,Guingamp,Goalkeeper,1.0,0.0,Loss,Non-Win
3900505,Guingamp,Striker,0.6,0.4,Loss,Non-Win
3900505,Guingamp,Wide Forward,0.3448275862068966,0.6551724137931034,Loss,Non-Win
3900508,AS Monaco,Attacking Midfield,0.46153846153846156,0.5384615384615384,Loss,Non-Win
3900508,AS Monaco,Center Back,0.5671641791044776,0.43283582089552236,Loss,Non-Win
3900508,AS Monaco,Central Midfield,0.5384615384615384,0.46153846153846156,Loss,Non-Win
3900508,AS Monaco,Defensive Midfield,0.46551724137931033,0.5344827586206896,Loss,Non-Win
3900508,AS Monaco,Fullback,0.07317073170731707,0.926829268292683,Loss,Non-Win
3900508,AS Monaco,Goalkeeper,1.0,0.0,Loss,Non-Win
3900508,AS Monaco,Striker,0.7777777777777778,0.2222222222222222,Loss,Non-Win
3900508,AS Monaco,Wide Forward,0.44,0.56,Loss,Non-Win
3900508,Bordeaux,Center Back,0.71875,0.28125,Win,Win
3900508,Bordeaux,Central Midfield,0.7647058823529411,0.23529411764705882,Win,Win
3900508,Bordeaux,Defensive Midfield,0.7272727272727273,0.2727272727272727,Win,Win
3900508,Bordeaux,Fullback,0.08571428571428572,0.9142857142857143,Win,Win
3900508,Bordeaux,Goalkeeper,0.8780487804878049,0.12195121951219512,Win,Win
3900508,Bordeaux,Striker,0.5,0.5,Win,Win
3900508,Bordeaux,Wide Forward,0.3793103448275862,0.6206896551724138,Win,Win
3900514,Guingamp,Center Back,0.696969696969697,0.30303030303030304,Win,Win
3900514,Guingamp,Defensive Midfield,0.6764705882352942,0.3235294117647059,Win,Win
3900514,Guingamp,Fullback,0.046511627906976744,0.9534883720930233,Win,Win
3900514,Guingamp,Goalkeeper,0.9285714285714286,0.07142857142857142,Win,Win
3900514,Guingamp,Striker,0.5294117647058824,0.47058823529411764,Win,Win
3900514,Guingamp,Wide Forward,0.18181818181818182,0.8181818181818182,Win,Win
3900514,Toulouse,Attacking Midfield,0.5,0.5,Loss,Non-Win
3900514,Toulouse,Center Back,0.717948717948718,0.28205128205128205,Loss,Non-Win
3900514,Toulouse,Central Midfield,0.3902439024390244,0.6097560975609756,Loss,Non-Win
3900514,Toulouse,Defensive Midfield,0.5263157894736842,0.47368421052631576,Loss,Non-Win
3900514,Toulouse,Fullback,0.17647058823529413,0.8235294117647058,Loss,Non-Win
3900514,Toulouse,Goalkeeper,1.0,0.0,Loss,Non-Win
3900514,Toulouse,Striker,0.5,0.5,Loss,Non-Win
3900514,Toulouse,Wide Forward,1.0,0.0,Loss,Non-Win
3900518,Angers,Center Back,0.7407407407407407,0.25925925925925924,Draw,Non-Win
3900518,Angers,Central Midfield,0.5616438356164384,0.4383561643835616,Draw,Non-Win
3900518,Angers,Defensive Midfield,0.8918918918918919,0.10810810810810811,Draw,Non-Win
3900518,Angers,Fullback,0.1935483870967742,0.8064516129032258,Draw,Non-Win
3900518,Angers,Goalkeeper,1.0,0.0,Draw,Non-Win
3900518,Angers,Striker,0.5,0.5,Draw,Non-Win
3900518,Angers,Wide Forward,0.35,0.65,Draw,Non-Win
3900518,Caen,Attacking Midfield,0.4,0.6,Draw,Non-Win
3900518,Caen,Center Back,0.3968253968253968,0.6031746031746031,Draw,Non-Win
3900518,Caen,Central Midfield,0.5238095238095238,0.47619047619047616,Draw,Non-Win
3900518,Caen,Defensive Midfield,0.6551724137931034,0.3448275862068966,Draw,Non-Win
3900518,Caen,Fullback,0.0967741935483871,0.9032258064516129,Draw,Non-Win
3900518,Caen,Goalkeeper,0.7586206896551724,0.2413793103448276,Draw,Non-Win
3900518,Caen,Striker,0.5454545454545454,0.45454545454545453,Draw,Non-Win
3900518,Caen,Wide Forward,0.25,0.75,Draw,Non-Win
3900519,Bordeaux,Center Back,0.6666666666666666,0.3333333333333333,Draw,Non-Win
3900519,Bordeaux,Central Midfield,0.7777777777777778,0.2222222222222222,Draw,Non-Win
3900519,Bordeaux,Defensive Midfield,0.65,0.35,Draw,Non-Win
3900519,Bordeaux,Fullback,0.1724137931034483,0.8275862068965517,Draw,Non-Win
3900519,Bordeaux,Goalkeeper,0.8461538461538461,0.15384615384615385,Draw,Non-Win
3900519,Bordeaux,Striker,0.8235294117647058,0.17647058823529413,Draw,Non-Win
3900519,Bordeaux,Wide Forward,0.4,0.6,Draw,Non-Win
3900519,Rennes,Attacking Midfield,0.6923076923076923,0.3076923076923077,Draw,Non-Win
3900519,Rennes,Center Back,0.6415094339622641,0.3584905660377358,Draw,Non-Win
3900519,Rennes,Defensive Midfield,0.6285714285714286,0.37142857142857144,Draw,Non-Win
3900519,Rennes,Fullback,0.125,0.875,Draw,Non-Win
3900519,Rennes,Goalkeeper,0.9545454545454546,0.045454545454545456,Draw,Non-Win
3900519,Rennes,Striker,0.4,0.6,Draw,Non-Win
3900519,Rennes,Wide Forward,0.3404255319148936,0.6595744680851063,Draw,Non-Win
3900523,Rennes,Center Back,0.6140350877192983,0.38596491228070173,Draw,Non-Win
3900523,Rennes,Central Midfield,0.6825396825396826,0.31746031746031744,Draw,Non-Win
3900523,Rennes,Defensive Midfield,0.5714285714285714,0.42857142857142855,Draw,Non-Win
3900523,Rennes,Fullback,0.09302325581395349,0.9069767441860465,Draw,Non-Win
3900523,Rennes,Goalkeeper,0.9615384615384616,0.038461538461538464,Draw,Non-Win
3900523,Rennes,Striker,0.8333333333333334,0.16666666666666666,Draw,Non-Win
3900523,Rennes,Wide Forward,0.2,0.8,Draw,Non-Win
3900523,Stade de Reims,Attacking Midfield,0.7777777777777778,0.2222222222222222,Draw,Non-Win
3900523,Stade de Reims,Center Back,0.5892857142857143,0.4107142857142857,Draw,Non-Win
3900523,Stade de Reims,Defensive Midfield,0.5208333333333334,0.4791666666666667,Draw,Non-Win
3900523,Stade de Reims,Fullback,0.1891891891891892,0.8108108108108109,Draw,Non-Win
3900523,Stade de Reims,Goalkeeper,0.9117647058823529,0.08823529411764706,Draw,Non-Win
3900523,Stade de Reims,Striker,0.2857142857142857,0.7142857142857143,Draw,Non-Win
3900523,Stade de Reims,Wide Forward,0.4117647058823529,0.5882352941176471,Draw,Non-Win
3900524,Gazélec Ajaccio,Attacking Midfield,0.6875,0.3125,Draw,Non-Win
3900524,Gazélec Ajaccio,Center Back,0.4791666666666667,0.5208333333333334,Draw,Non-Win
3900524,Gazélec Ajaccio,Central Midfield,0.5245901639344263,0.47540983606557374,Draw,Non-Win
3900524,Gazélec Ajaccio,Defensive Midfield,0.5833333333333334,0.4166666666666667,Draw,Non-Win
3900524,Gazélec Ajaccio,Fullback,0.07462686567164178,0.9253731343283582,Draw,Non-Win
3900524,Gazélec Ajaccio,Goalkeeper,0.8214285714285714,0.17857142857142858,Draw,Non-Win
3900524,Gazélec Ajaccio,Striker,0.2692307692307692,0.7307692307692307,Draw,Non-Win
3900524,Lorient,Attacking Midfield,0.5,0.5,Draw,Non-Win
3900524,Lorient,Center Back,0.425,0.575,Draw,Non-Win
3900524,Lorient,Central Midfield,0.7941176470588235,0.20588235294117646,Draw,Non-Win
3900524,Lorient,Defensive Midfield,0.6333333333333333,0.36666666666666664,Draw,Non-Win
3900524,Lorient,Fullback,0.12307692307692308,0.8769230769230769,Draw,Non-Win
3900524,Lorient,Goalkeeper,0.972972972972973,0.02702702702702703,Draw,Non-Win
3900524,Lorient,Striker,0.6666666666666666,0.3333333333333333,Draw,Non-Win
3900524,Lorient,Wide Forward,0.31666666666666665,0.6833333333333333,Draw,Non-Win
3900535,Lille,Center Back,0.3939393939393939,0.6060606060606061,Win,Win
3900535,Lille,Central Midfield,0.48214285714285715,0.5178571428571429,Win,Win
3900535,Lille,Defensive Midfield,0.5,0.5,Win,Win
3900535,Lille,Fullback,0.02857142857142857,0.9714285714285714,Win,Win
3900535,Lille,Goalkeeper,0.8709677419354839,0.12903225806451613,Win,Win
3900535,Lille,Striker,0.3333333333333333,0.6666666666666666,Win,Win
3900535,Lille,Wide Forward,0.24324324324324326,0.7567567567567568,Win,Win
3900535,Saint-Étienne,Attacking Midfield,0.07142857142857142,0.9285714285714286,Loss,Non-Win
3900535,Saint-Étienne,Center Back,0.5294117647058824,0.47058823529411764,Loss,Non-Win
3900535,Saint-Étienne,Defensive Midfield,0.5428571428571428,0.45714285714285713,Loss,Non-Win
3900535,Saint-Étienne,Fullback,0.14084507042253522,0.8591549295774648,Loss,Non-Win
3900535,Saint-Étienne,Goalkeeper,0.9642857142857143,0.03571428571428571,Loss,Non-Win
3900535,Saint-Étienne,Striker,0.75,0.25,Loss,Non-Win
3900535,Saint-Étienne,Wide Forward,0.04,0.96,Loss,Non-Win
3900539,Marseille,Attacking Midfield,0.3870967741935484,0.6129032258064516,Win,Win
3900539,Marseille,Center Back,0.5,0.5,Win,Win
3900539,Marseille,Defensive Midfield,0.4878048780487805,0.5121951219512195,Win,Win
3900539,Marseille,Fullback,0.12,0.88,Win,Win
3900539,Marseille,Goalkeeper,0.9523809523809523,0.047619047619047616,Win,Win
3900539,Marseille,Striker,0.6,0.4,Win,Win
3900539,Marseille,Wide Forward,0.2692307692307692,0.7307692307692307,Win,Win
3900539,Rennes,Center Back,0.49056603773584906,0.5094339622641509,Loss,Non-Win
3900539,Rennes,Central Midfield,0.5348837209302325,0.46511627906976744,Loss,Non-Win
3900539,Rennes,Defensive Midfield,0.5294117647058824,0.47058823529411764,Loss,Non-Win
3900539,Rennes,Fullback,0.17307692307692307,0.8269230769230769,Loss,Non-Win
3900539,Rennes,Goalkeeper,0.88,0.12,Loss,Non-Win
3900539,Rennes,Striker,0.625,0.375,Loss,Non-Win
3900539,Rennes,Wide Forward,0.16666666666666666,0.8333333333333334,Loss,Non-Win
3900545,Angers,Center Back,0.64,0.36,Win,Win
3900545,Angers,Central Midfield,0.5365853658536586,0.4634146341463415,Win,Win
3900545,Angers,Defensive Midfield,0.6666666666666666,0.3333333333333333,Win,Win
3900545,Angers,Fullback,0.12244897959183673,0.8775510204081632,Win,Win
3900545,Angers,Goalkeeper,0.9333333333333333,0.06666666666666667,Win,Win
3900545,Angers,Striker,0.4666666666666667,0.5333333333333333,Win,Win
3900545,Angers,Wide Forward,0.3333333333333333,0.6666666666666666,Win,Win
3900545,Lyon,Attacking Midfield,0.7777777777777778,0.2222222222222222,Loss,Non-Win
3900545,Lyon,Center Back,0.6818181818181818,0.3181818181818182,Loss,Non-Win
3900545,Lyon,Central Midfield,0.6623376623376623,0.33766233766233766,Loss,Non-Win
3900545,Lyon,Defensive Midfield,0.8148148148148148,0.18518518518518517,Loss,Non-Win
3900545,Lyon,Fullback,0.10256410256410256,0.8974358974358975,Loss,Non-Win
3900545,Lyon,Goalkeeper,0.8823529411764706,0.11764705882352941,Loss,Non-Win
3900545,Lyon,Striker,0.4230769230769231,0.5769230769230769,Loss,Non-Win
3900545,Lyon,Wide Forward,0.47058823529411764,0.5294117647058824,Loss,Non-Win
3900546,Gazélec Ajaccio,Center Back,0.6341463414634146,0.36585365853658536,Draw,Non-Win
3900546,Gazélec Ajaccio,Central Midfield,0.5972222222222222,0.4027777777777778,Draw,Non-Win
3900546,Gazélec Ajaccio,Defensive Midfield,0.8214285714285714,0.17857142857142858,Draw,Non-Win
3900546,Gazélec Ajaccio,Fullback,0.14285714285714285,0.8571428571428571,Draw,Non-Win
3900546,Gazélec Ajaccio,Goalkeeper,0.9545454545454546,0.045454545454545456,Draw,Non-Win
3900546,Gazélec Ajaccio,Striker,0.7,0.3,Draw,Non-Win
3900546,Gazélec Ajaccio,Wide Forward,0.47619047619047616,0.5238095238095238,Draw,Non-Win
3900546,Nantes,Attacking Midfield,0.5,0.5,Draw,Non-Win
3900546,Nantes,Center Back,0.6862745098039216,0.3137254901960784,Draw,Non-Win
3900546,Nantes,Defensive Midfield,0.7857142857142857,0.21428571428571427,Draw,Non-Win
3900546,Nantes,Fullback,0.17391304347826086,0.8260869565217391,Draw,Non-Win
3900546,Nantes,Goalkeeper,0.975,0.025,Draw,Non-Win
3900546,Nantes,Striker,0.6666666666666666,0.3333333333333333,Draw,Non-Win
3900546,Nantes,Wide Forward,0.10344827586206896,0.896551724137931,Draw,Non-Win
3900548,Bordeaux,Attacking Midfield,0.5,0.5,Win,Win
3900548,Bordeaux,Center Back,0.6233766233766234,0.37662337662337664,Win,Win
3900548,Bordeaux,Central Midfield,0.6363636363636364,0.36363636363636365,Win,Win
3900548,Bordeaux,Defensive Midfield,0.7931034482758621,0.20689655172413793,Win,Win
3900548,Bordeaux,Fullback,0.24489795918367346,0.7551020408163265,Win,Win
3900548,Bordeaux,Goalkeeper,1.0,0.0,Win,Win
3900548,Bordeaux,Wide Forward,0.30952380952380953,0.6904761904761905,Win,Win
3900548,Guingamp,Center Back,0.5952380952380952,0.40476190476190477,Loss,Non-Win
3900548,Guingamp,Central Midfield,0.6842105263157895,0.3157894736842105,Loss,Non-Win
3900548,Guingamp,Defensive Midfield,0.4482758620689655,0.5517241379310345,Loss,Non-Win
3900548,Guingamp,Fullback,0.15384615384615385,0.8461538461538461,Loss,Non-Win
3900548,Guingamp,Goalkeeper,0.9666666666666667,0.03333333333333333,Loss,Non-Win
3900548,Guingamp,Striker,0.3,0.7,Loss,Non-Win
3900548,Guingamp,Wide Forward,0.3448275862068966,0.6551724137931034,Loss,Non-Win
3900559,Gazélec Ajaccio,Attacking Midfield,0.8181818181818182,0.18181818181818182,Draw,Non-Win
3900559,Gazélec Ajaccio,Center Back,0.7446808510638298,0.2553191489361702,Draw,Non-Win
3900559,Gazélec Ajaccio,Central Midfield,0.5625,0.4375,Draw,Non-Win
3900559,Gazélec Ajaccio,Defensive Midfield,0.7857142857142857,0.21428571428571427,Draw,Non-Win
3900559,Gazélec Ajaccio,Fullback,0.03389830508474576,0.9661016949152542,Draw,Non-Win
3900559,Gazélec Ajaccio,Goalkeeper,0.7647058823529411,0.23529411764705882,Draw,Non-Win
3900559,Gazélec Ajaccio,Striker,0.6666666666666666,0.3333333333333333,Draw,Non-Win
3900559,Gazélec Ajaccio,Wide Forward,0.8,0.2,Draw,Non-Win
3900559,Marseille,Attacking Midfield,0.18181818181818182,0.8181818181818182,Draw,Non-Win
3900559,Marseille,Center Back,0.7368421052631579,0.2631578947368421,Draw,Non-Win
3900559,Marseille,Central Midfield,0.5,0.5,Draw,Non-Win
3900559,Marseille,Defensive Midfield,0.7857142857142857,0.21428571428571427,Draw,Non-Win
3900559,Marseille,Fullback,0.1625,0.8375,Draw,Non-Win
3900559,Marseille,Goalkeeper,1.0,0.0,Draw,Non-Win
3900559,Marseille,Striker,1.0,0.0,Draw,Non-Win
3900559,Marseille,Wide Forward,0.21621621621621623,0.7837837837837838,Draw,Non-Win
3900560,Montpellier,Attacking Midfield,0.7333333333333333,0.26666666666666666,Loss,Non-Win
3900560,Montpellier,Center Back,0.6923076923076923,0.3076923076923077,Loss,Non-Win
3900560,Montpellier,Defensive Midfield,0.7209302325581395,0.27906976744186046,Loss,Non-Win
3900560,Montpellier,Fullback,0.19047619047619047,0.8095238095238095,Loss,Non-Win
3900560,Montpellier,Goalkeeper,1.0,0.0,Loss,Non-Win
3900560,Montpellier,Striker,0.4,0.6,Loss,Non-Win
3900560,Montpellier,Wide Forward,0.5925925925925926,0.4074074074074074,Loss,Non-Win
3900560,OGC Nice,Center Back,0.5256410256410257,0.47435897435897434,Win,Win
3900560,OGC Nice,Central Midfield,0.5416666666666666,0.4583333333333333,Win,Win
3900560,OGC Nice,Defensive Midfield,0.8421052631578947,0.15789473684210525,Win,Win
3900560,OGC Nice,Fullback,0.2564102564102564,0.7435897435897436,Win,Win
3900560,OGC Nice,Goalkeeper,1.0,0.0,Win,Win
3900560,OGC Nice,Striker,0.5483870967741935,0.45161290322580644,Win,Win
3900561,Lille,Center Back,0.5535714285714286,0.44642857142857145,Draw,Non-Win
3900561,Lille,Central Midfield,0.453125,0.546875,Draw,Non-Win
3900561,Lille,Defensive Midfield,0.7096774193548387,0.2903225806451613,Draw,Non-Win
3900561,Lille,Fullback,0.09615384615384616,0.9038461538461539,Draw,Non-Win
3900561,Lille,Goalkeeper,1.0,0.0,Draw,Non-Win
3900561,Lille,Striker,0.7777777777777778,0.2222222222222222,Draw,Non-Win
3900561,Lille,Wide Forward,0.13043478260869565,0.8695652173913043,Draw,Non-Win
3900561,Toulouse,Center Back,0.6444444444444445,0.35555555555555557,Draw,Non-Win
3900561,Toulouse,Central Midfield,0.5882352941176471,0.4117647058823529,Draw,Non-Win
3900561,Toulouse,Defensive Midfield,0.5555555555555556,0.4444444444444444,Draw,Non-Win
3900561,Toulouse,Fullback,0.2972972972972973,0.7027027027027027,Draw,Non-Win
3900561,Toulouse,Goalkeeper,0.8947368421052632,0.10526315789473684,Draw,Non-Win
3900561,Toulouse,Striker,0.5714285714285714,0.42857142857142855,Draw,Non-Win
3900561,Toulouse,Wide Forward,0.2972972972972973,0.7027027027027027,Draw,Non-Win
3900563,Guingamp,Center Back,0.5135135135135135,0.4864864864864865,Loss,Non-Win
3900563,Guingamp,Central Midfield,0.5384615384615384,0.46153846153846156,Loss,Non-Win
3900563,Guingamp,Defensive Midfield,0.6216216216216216,0.3783783783783784,Loss,Non-Win
3900563,Guingamp,Fullback,0.09615384615384616,0.9038461538461539,Loss,Non-Win
3900563,Guingamp,Goalkeeper,0.967741935483871,0.03225806451612903,Loss,Non-Win
3900563,Guingamp,Striker,0.6666666666666666,0.3333333333333333,Loss,Non-Win
3900563,Guingamp,Wide Forward,0.4411764705882353,0.5588235294117647,Loss,Non-Win
3900563,Rennes,Attacking Midfield,0.8095238095238095,0.19047619047619047,Win,Win
3900563,Rennes,Center Back,0.6888888888888889,0.3111111111111111,Win,Win
3900563,Rennes,Defensive Midfield,0.6764705882352942,0.3235294117647059,Win,Win
3900563,Rennes,Fullback,0.18518518518518517,0.8148148148148148,Win,Win
3900563,Rennes,Goalkeeper,1.0,0.0,Win,Win
3900563,Rennes,Striker,0.5,0.5,Win,Win
3900563,Rennes,Wide Forward,0.21875,0.78125,Win,Win
3900566,Bastia,Attacking Midfield,0.5,0.5,Win,Win
3900566,Bastia,Center Back,0.6521739130434783,0.34782608695652173,Win,Win
3900566,Bastia,Central Midfield,0.6774193548387096,0.3225806451612903,Win,Win
3900566,Bastia,Defensive Midfield,0.5652173913043478,0.43478260869565216,Win,Win
3900566,Bastia,Fullback,0.07272727272727272,0.9272727272727272,Win,Win
3900566,Bastia,Goalkeeper,0.9714285714285714,0.02857142857142857,Win,Win
3900566,Bastia,Striker,0.5833333333333334,0.4166666666666667,Win,Win
3900566,Bastia,Wide Forward,0.41935483870967744,0.5806451612903226,Win,Win
3900566,Stade de Reims,Attacking Midfield,0.5,0.5,Loss,Non-Win
3900566,Stade de Reims,Center Back,0.6511627906976745,0.3488372093023256,Loss,Non-Win
3900566,Stade de Reims,Central Midfield,0.5625,0.4375,Loss,Non-Win
3900566,Stade de Reims,Defensive Midfield,0.6666666666666666,0.3333333333333333,Loss,Non-Win
3900566,Stade de Reims,Fullback,0.08536585365853659,0.9146341463414634,Loss,Non-Win
3900566,Stade de Reims,Goalkeeper,0.9473684210526315,0.05263157894736842,Loss,Non-Win
3900566,Stade de Reims,Striker,0.3333333333333333,0.6666666666666666,Loss,Non-Win
3900566,Stade de Reims,Wide Forward,0.425,0.575,Loss,Non-Win
3900571,Lorient,Attacking Midfield,0.5,0.5,Draw,Non-Win
3900571,Lorient,Center Back,0.7142857142857143,0.2857142857142857,Draw,Non-Win
3900571,Lorient,Central Midfield,0.6875,0.3125,Draw,Non-Win
3900571,Lorient,Defensive Midfield,0.5263157894736842,0.47368421052631576,Draw,Non-Win
3900571,Lorient,Fullback,0.23333333333333334,0.7666666666666667,Draw,Non-Win
3900571,Lorient,Goalkeeper,0.8421052631578947,0.15789473684210525,Draw,Non-Win
3900571,Lorient,Striker,0.42857142857142855,0.5714285714285714,Draw,Non-Win
3900571,Lorient,Wide Forward,0.4482758620689655,0.5517241379310345,Draw,Non-Win
3900571,Rennes,Center Back,0.5072463768115942,0.4927536231884058,Draw,Non-Win
3900571,Rennes,Central Midfield,0.6346153846153846,0.36538461538461536,Draw,Non-Win
3900571,Rennes,Defensive Midfield,0.8571428571428571,0.14285714285714285,Draw,Non-Win
3900571,Rennes,Fullback,0.09375,0.90625,Draw,Non-Win
3900571,Rennes,Goalkeeper,1.0,0.0,Draw,Non-Win
3900571,Rennes,Striker,1.0,0.0,Draw,Non-Win
3900571,Rennes,Wide Forward,0.2903225806451613,0.7096774193548387,Draw,Non-Win
3900573,Angers,Center Back,0.7307692307692307,0.2692307692307692,Win,Win
3900573,Angers,Central Midfield,0.46153846153846156,0.5384615384615384,Win,Win
3900573,Angers,Defensive Midfield,0.625,0.375,Win,Win
3900573,Angers,Fullback,0.1568627450980392,0.8431372549019608,Win,Win
3900573,Angers,Goalkeeper,1.0,0.0,Win,Win
3900573,Angers,Striker,0.6666666666666666,0.3333333333333333,Win,Win
3900573,Angers,Wide Forward,0.2647058823529412,0.7352941176470589,Win,Win
3900573,Caen,Center Back,0.5869565217391305,0.41304347826086957,Loss,Non-Win
3900573,Caen,Central Midfield,0.6764705882352942,0.3235294117647059,Loss,Non-Win
3900573,Caen,Defensive Midfield,0.7241379310344828,0.27586206896551724,Loss,Non-Win
3900573,Caen,Fullback,0.17391304347826086,0.8260869565217391,Loss,Non-Win
3900573,Caen,Goalkeeper,0.9473684210526315,0.05263157894736842,Loss,Non-Win
3900573,Caen,Striker,0.5555555555555556,0.4444444444444444,Loss,Non-Win
3900573,Caen,Wide Forward,0.2571428571428571,0.7428571428571429,Loss,Non-Win
3900578,Lille,Attacking Midfield,0.4,0.6,Draw,Non-Win
3900578,Lille,Center Back,0.4883720930232558,0.5116279069767442,Draw,Non-Win
3900578,Lille,Central Midfield,0.7,0.3,Draw,Non-Win
3900578,Lille,Defensive Midfield,0.3939393939393939,0.6060606060606061,Draw,Non-Win
3900578,Lille,Fullback,0.0,1.0,Draw,Non-Win
3900578,Lille,Goalkeeper,0.9166666666666666,0.08333333333333333,Draw,Non-Win
3900578,Lille,Striker,0.5,0.5,Draw,Non-Win
3900578,Lille,Wide Forward,0.3902439024390244,0.6097560975609756,Draw,Non-Win
3900578,OGC Nice,Attacking Midfield,0.1111111111111111,0.8888888888888888,Draw,Non-Win
3900578,OGC Nice,Center Back,0.38596491228070173,0.6140350877192983,Draw,Non-Win
3900578,OGC Nice,Central Midfield,0.29411764705882354,0.7058823529411765,Draw,Non-Win
3900578,OGC Nice,Defensive Midfield,0.6071428571428571,0.39285714285714285,Draw,Non-Win
3900578,OGC Nice,Fullback,0.06666666666666667,0.9333333333333333,Draw,Non-Win
3900578,OGC Nice,Goalkeeper,1.0,0.0,Draw,Non-Win
3900578,OGC Nice,Striker,0.4444444444444444,0.5555555555555556,Draw,Non-Win
3900578,OGC Nice,Wide Forward,0.21428571428571427,0.7857142857142857,Draw,Non-Win
3900585,Paris Saint-Germain,Center Back,0.6901408450704225,0.30985915492957744,Win,Win
3900585,Paris Saint-Germain,Central Midfield,0.5789473684210527,0.42105263157894735,Win,Win
3900585,Paris Saint-Germain,Defensive Midfield,0.775,0.225,Win,Win
3900585,Paris Saint-Germain,Fullback,0.2702702702702703,0.7297297297297297,Win,Win
3900585,Paris Saint-Germain,Goalkeeper,1.0,0.0,Win,Win
3900585,Paris Saint-Germain,Striker,0.6,0.4,Win,Win
3900585,Paris Saint-Germain,Wide Forward,0.5172413793103449,0.4827586206896552,Win,Win
3900585,Toulouse,Center Back,0.46,0.54,Loss,Non-Win
3900585,Toulouse,Defensive Midfield,0.5714285714285714,0.42857142857142855,Loss,Non-Win
3900585,Toulouse,Fullback,0.18181818181818182,0.8181818181818182,Loss,Non-Win
3900585,Toulouse,Goalkeeper,0.92,0.08,Loss,Non-Win
3900585,Toulouse,Striker,0.5714285714285714,0.42857142857142855,Loss,Non-Win
3900585,Toulouse,Wide Forward,0.5625,0.4375,Loss,Non-Win
3900588,AS Monaco,Attacking Midfield,0.625,0.375,Win,Win
3900588,AS Monaco,Center Back,0.6046511627906976,0.3953488372093023,Win,Win
3900588,AS Monaco,Defensive Midfield,0.6666666666666666,0.3333333333333333,Win,Win
3900588,AS Monaco,Fullback,0.046511627906976744,0.9534883720930233,Win,Win
3900588,AS Monaco,Goalkeeper,0.9642857142857143,0.03571428571428571,Win,Win
3900588,AS Monaco,Striker,0.4166666666666667,0.5833333333333334,Win,Win
3900588,AS Monaco,Wide Forward,0.39473684210526316,0.6052631578947368,Win,Win
3900588,Lorient,Center Back,0.7073170731707317,0.2926829268292683,Loss,Non-Win
3900588,Lorient,Central Midfield,0.5897435897435898,0.41025641025641024,Loss,Non-Win
3900588,Lorient,Defensive Midfield,0.6,0.4,Loss,Non-Win
3900588,Lorient,Fullback,0.1896551724137931,0.8103448275862069,Loss,Non-Win
3900588,Lorient,Goalkeeper,0.9487179487179487,0.05128205128205128,Loss,Non-Win
3900588,Lorient,Striker,0.3333333333333333,0.6666666666666666,Loss,Non-Win
3900588,Lorient,Wide Forward,0.2037037037037037,0.7962962962962963,Loss,Non-Win
3900594,Bordeaux,Attacking Midfield,1.0,0.0,Draw,Non-Win
3900594,Bordeaux,Center Back,0.5208333333333334,0.4791666666666667,Draw,Non-Win
3900594,Bordeaux,Central Midfield,0.6666666666666666,0.3333333333333333,Draw,Non-Win
3900594,Bordeaux,Defensive Midfield,0.6451612903225806,0.3548387096774194,Draw,Non-Win
3900594,Bordeaux,Fullback,0.16176470588235295,0.8382352941176471,Draw,Non-Win
3900594,Bordeaux,Goalkeeper,0.8620689655172413,0.13793103448275862,Draw,Non-Win
3900594,Bordeaux,Striker,1.0,0.0,Draw,Non-Win
3900594,Bordeaux,Wide Forward,0.2972972972972973,0.7027027027027027,Draw,Non-Win
3900594,Nantes,Attacking Midfield,0.25,0.75,Draw,Non-Win
3900594,Nantes,Center Back,0.4642857142857143,0.5357142857142857,Draw,Non-Win
3900594,Nantes,Defensive Midfield,0.6666666666666666,0.3333333333333333,Draw,Non-Win
3900594,Nantes,Fullback,0.09803921568627451,0.9019607843137255,Draw,Non-Win
3900594,Nantes,Goalkeeper,0.975609756097561,0.024390243902439025,Draw,Non-Win
3900594,Nantes,Striker,0.2,0.8,Draw,Non-Win
3900594,Nantes,Wide Forward,0.25925925925925924,0.7407407407407407,Draw,Non-Win
3900602,Lorient,Center Back,0.5714285714285714,0.42857142857142855,Win,Win
3900602,Lorient,Central Midfield,0.2857142857142857,0.7142857142857143,Win,Win
3900602,Lorient,Defensive Midfield,0.6,0.4,Win,Win
3900602,Lorient,Fullback,0.13725490196078433,0.8627450980392157,Win,Win
3900602,Lorient,Goalkeeper,0.9069767441860465,0.09302325581395349,Win,Win
3900602,Lorient,Striker,0.35714285714285715,0.6428571428571429,Win,Win
3900602,Lorient,Wide Forward,0.1951219512195122,0.8048780487804879,Win,Win
3900602,Stade de Reims,Attacking Midfield,0.5333333333333333,0.4666666666666667,Loss,Non-Win
3900602,Stade de Reims,Center Back,0.5405405405405406,0.4594594594594595,Loss,Non-Win
3900602,Stade de Reims,Defensive Midfield,0.6607142857142857,0.3392857142857143,Loss,Non-Win
3900602,Stade de Reims,Fullback,0.19047619047619047,0.8095238095238095,Loss,Non-Win
3900602,Stade de Reims,Goalkeeper,0.9565217391304348,0.043478260869565216,Loss,Non-Win
3900602,Stade de Reims,Striker,0.36363636363636365,0.6363636363636364,Loss,Non-Win
3900602,Stade de Reims,Wide Forward,0.32142857142857145,0.6785714285714286,Loss,Non-Win
3900605,Bastia,Attacking Midfield,0.75,0.25,Win,Win
3900605,Bastia,Center Back,0.631578947368421,0.3684210526315789,Win,Win
3900605,Bastia,Defensive Midfield,0.5384615384615384,0.46153846153846156,Win,Win
3900605,Bastia,Fullback,0.20754716981132076,0.7924528301886793,Win,Win
3900605,Bastia,Goalkeeper,0.96875,0.03125,Win,Win
3900605,Bastia,Striker,0.875,0.125,Win,Win
3900605,Bastia,Wide Forward,0.0967741935483871,0.9032258064516129,Win,Win
3900605,Lyon,Attacking Midfield,0.6666666666666666,0.3333333333333333,Loss,Non-Win
3900605,Lyon,Center Back,0.7272727272727273,0.2727272727272727,Loss,Non-Win
3900605,Lyon,Central Midfield,0.7142857142857143,0.2857142857142857,Loss,Non-Win
3900605,Lyon,Defensive Midfield,0.8571428571428571,0.14285714285714285,Loss,Non-Win
3900605,Lyon,Fullback,0.17543859649122806,0.8245614035087719,Loss,Non-Win
3900605,Lyon,Goalkeeper,0.9166666666666666,0.08333333333333333,Loss,Non-Win
3900605,Lyon,Striker,1.0,0.0,Loss,Non-Win
3900605,Lyon,Wide Forward,0.5806451612903226,0.41935483870967744,Loss,Non-Win
3900606,Nantes,Attacking Midfield,0.38461538461538464,0.6153846153846154,Win,Win
3900606,Nantes,Center Back,0.6666666666666666,0.3333333333333333,Win,Win
3900606,Nantes,Defensive Midfield,0.4358974358974359,0.5641025641025641,Win,Win
3900606,Nantes,Fullback,0.07407407407407407,0.9259259259259259,Win,Win
3900606,Nantes,Goalkeeper,0.9166666666666666,0.08333333333333333,Win,Win
3900606,Nantes,Striker,0.3333333333333333,0.6666666666666666,Win,Win
3900606,Nantes,Wide Forward,0.34615384615384615,0.6538461538461539,Win,Win
3900606,Troyes,Attacking Midfield,0.3333333333333333,0.6666666666666666,Loss,Non-Win
3900606,Troyes,Center Back,0.5357142857142857,0.4642857142857143,Loss,Non-Win
3900606,Troyes,Defensive Midfield,0.5217391304347826,0.4782608695652174,Loss,Non-Win
3900606,Troyes,Fullback,0.19230769230769232,0.8076923076923077,Loss,Non-Win
3900606,Troyes,Goalkeeper,1.0,0.0,Loss,Non-Win
3900606,Troyes,Striker,0.0,1.0,Loss,Non-Win
3900606,Troyes,Wide Forward,0.23809523809523808,0.7619047619047619,Loss,Non-Win
3900610,Marseille,Attacking Midfield,0.6363636363636364,0.36363636363636365,Win,Win
3900610,Marseille,Center Back,0.6363636363636364,0.36363636363636365,Win,Win
3900610,Marseille,Defensive Midfield,0.7090909090909091,0.2909090909090909,Win,Win
3900610,Marseille,Fullback,0.12121212121212122,0.8787878787878788,Win,Win
3900610,Marseille,Goalkeeper,0.9473684210526315,0.05263157894736842,Win,Win
3900610,Marseille,Striker,0.8333333333333334,0.16666666666666666,Win,Win
3900610,Marseille,Wide Forward,0.21875,0.78125,Win,Win
3900610,Montpellier,Attacking Midfield,0.7777777777777778,0.2222222222222222,Loss,Non-Win
3900610,Montpellier,Center Back,0.723404255319149,0.2765957446808511,Loss,Non-Win
3900610,Montpellier,Central Midfield,0.723404255319149,0.2765957446808511,Loss,Non-Win
3900610,Montpellier,Defensive Midfield,0.875,0.125,Loss,Non-Win
3900610,Montpellier,Fullback,0.13333333333333333,0.8666666666666667,Loss,Non-Win
3900610,Montpellier,Goalkeeper,0.875,0.125,Loss,Non-Win
3900610,Montpellier,Striker,0.42857142857142855,0.5714285714285714,Loss,Non-Win
3900610,Montpellier,Wide Forward,0.4583333333333333,0.5416666666666666,Loss,Non-Win
3900614,Caen,Center Back,0.6122448979591837,0.3877551020408163,Loss,Non-Win
3900614,Caen,Central Midfield,0.42857142857142855,0.5714285714285714,Loss,Non-Win
3900614,Caen,Defensive Midfield,0.7692307692307693,0.23076923076923078,Loss,Non-Win
3900614,Caen,Fullback,0.044444444444444446,0.9555555555555556,Loss,Non-Win
3900614,Caen,Goalkeeper,0.9375,0.0625,Loss,Non-Win
3900614,Caen,Striker,0.8,0.2,Loss,Non-Win
3900614,Caen,Wide Forward,0.4482758620689655,0.5517241379310345,Loss,Non-Win
3900614,Lille,Center Back,0.6101694915254238,0.3898305084745763,Win,Win
3900614,Lille,Central Midfield,0.48214285714285715,0.5178571428571429,Win,Win
3900614,Lille,Defensive Midfield,0.8181818181818182,0.18181818181818182,Win,Win
3900614,Lille,Fullback,0.11363636363636363,0.8863636363636364,Win,Win
3900614,Lille,Goalkeeper,0.8823529411764706,0.11764705882352941,Win,Win
3900614,Lille,Striker,0.5714285714285714,0.42857142857142855,Win,Win
3900614,Lille,Wide Forward,0.4222222222222222,0.5777777777777777,Win,Win
3900619,Rennes,Attacking Midfield,0.7777777777777778,0.2222222222222222,Loss,Non-Win
3900619,Rennes,Center Back,0.7073170731707317,0.2926829268292683,Loss,Non-Win
3900619,Rennes,Central Midfield,0.6666666666666666,0.3333333333333333,Loss,Non-Win
3900619,Rennes,Defensive Midfield,0.7222222222222222,0.2777777777777778,Loss,Non-Win
3900619,Rennes,Fullback,0.07352941176470588,0.9264705882352942,Loss,Non-Win
3900619,Rennes,Goalkeeper,0.8787878787878788,0.12121212121212122,Loss,Non-Win
3900619,Rennes,Striker,0.5714285714285714,0.42857142857142855,Loss,Non-Win
3900619,Rennes,Wide Forward,0.3,0.7,Loss,Non-Win
3900619,Saint-Étienne,Center Back,0.5897435897435898,0.41025641025641024,Win,Win
3900619,Saint-Étienne,Central Midfield,0.3541666666666667,0.6458333333333334,Win,Win
3900619,Saint-Étienne,Defensive Midfield,0.5882352941176471,0.4117647058823529,Win,Win
3900619,Saint-Étienne,Fullback,0.07042253521126761,0.9295774647887324,Win,Win
3900619,Saint-Étienne,Goalkeeper,0.9428571428571428,0.05714285714285714,Win,Win
3900619,Saint-Étienne,Striker,0.3333333333333333,0.6666666666666666,Win,Win
3900619,Saint-Étienne,Wide Forward,0.4,0.6,Win,Win
3900620,Caen,Attacking Midfield,0.45454545454545453,0.5454545454545454,Loss,Non-Win
3900620,Caen,Center Back,0.6363636363636364,0.36363636363636365,Loss,Non-Win
3900620,Caen,Central Midfield,0.6,0.4,Loss,Non-Win
3900620,Caen,Defensive Midfield,0.7435897435897436,0.2564102564102564,Loss,Non-Win
3900620,Caen,Fullback,0.06779661016949153,0.9322033898305084,Loss,Non-Win
3900620,Caen,Goalkeeper,0.9090909090909091,0.09090909090909091,Loss,Non-Win
3900620,Caen,Striker,0.2,0.8,Loss,Non-Win
3900620,Caen,Wide Forward,0.38095238095238093,0.6190476190476191,Loss,Non-Win
3900620,Stade de Reims,Attacking Midfield,0.18181818181818182,0.8181818181818182,Win,Win
3900620,Stade de Reims,Center Back,0.5217391304347826,0.4782608695652174,Win,Win
3900620,Stade de Reims,Defensive Midfield,0.4827586206896552,0.5172413793103449,Win,Win
3900620,Stade de Reims,Fullback,0.17543859649122806,0.8245614035087719,Win,Win
3900620,Stade de Reims,Goalkeeper,0.9090909090909091,0.09090909090909091,Win,Win
3900620,Stade de Reims,Striker,0.3888888888888889,0.6111111111111112,Win,Win
3900623,Lorient,Center Back,0.7096774193548387,0.2903225806451613,Draw,Non-Win
3900623,Lorient,Defensive Midfield,0.6304347826086957,0.3695652173913043,Draw,Non-Win
3900623,Lorient,Fullback,0.16363636363636364,0.8363636363636363,Draw,Non-Win
3900623,Lorient,Goalkeeper,0.825,0.175,Draw,Non-Win
3900623,Lorient,Striker,0.4666666666666667,0.5333333333333333,Draw,Non-Win
3900623,Lorient,Wide Forward,0.2459016393442623,0.7540983606557377,Draw,Non-Win
3900623,Montpellier,Attacking Midfield,0.4782608695652174,0.5217391304347826,Draw,Non-Win
3900623,Montpellier,Center Back,0.7647058823529411,0.23529411764705882,Draw,Non-Win
3900623,Montpellier,Central Midfield,0.5882352941176471,0.4117647058823529,Draw,Non-Win
3900623,Montpellier,Defensive Midfield,0.675,0.325,Draw,Non-Win
3900623,Montpellier,Fullback,0.08888888888888889,0.9111111111111111,Draw,Non-Win
3900623,Montpellier,Goalkeeper,0.9473684210526315,0.05263157894736842,Draw,Non-Win
3900623,Montpellier,Striker,0.2222222222222222,0.7777777777777778,Draw,Non-Win
3900623,Montpellier,Wide Forward,0.5,0.5,Draw,Non-Win
3900624,Angers,Center Back,0.6756756756756757,0.32432432432432434,Loss,Non-Win
3900624,Angers,Central Midfield,0.5526315789473685,0.4473684210526316,Loss,Non-Win
3900624,Angers,Defensive Midfield,0.5,0.5,Loss,Non-Win
3900624,Angers,Fullback,0.16216216216216217,0.8378378378378378,Loss,Non-Win
3900624,Angers,Goalkeeper,0.9166666666666666,0.08333333333333333,Loss,Non-Win
3900624,Angers,Striker,0.5,0.5,Loss,Non-Win
3900624,Angers,Wide Forward,0.17142857142857143,0.8285714285714286,Loss,Non-Win
3900624,Lyon,Center Back,0.7887323943661971,0.2112676056338028,Win,Win
3900624,Lyon,Central Midfield,0.6615384615384615,0.3384615384615385,Win,Win
3900624,Lyon,Defensive Midfield,0.85,0.15,Win,Win
3900624,Lyon,Fullback,0.17307692307692307,0.8269230769230769,Win,Win
3900624,Lyon,Goalkeeper,0.9523809523809523,0.047619047619047616,Win,Win
3900624,Lyon,Striker,0.6,0.4,Win,Win
3900624,Lyon,Wide Forward,0.35714285714285715,0.6428571428571429,Win,Win
3900628,Lille,Center Back,0.6875,0.3125,Draw,Non-Win
3900628,Lille,Central Midfield,0.6410256410256411,0.358974358974359,Draw,Non-Win
3900628,Lille,Defensive Midfield,0.7,0.3,Draw,Non-Win
3900628,Lille,Fullback,0.125,0.875,Draw,Non-Win
3900628,Lille,Goalkeeper,0.9310344827586207,0.06896551724137931,Draw,Non-Win
3900628,Lille,Striker,0.8333333333333334,0.16666666666666666,Draw,Non-Win
3900628,Lille,Wide Forward,0.375,0.625,Draw,Non-Win
3900628,Rennes,Center Back,0.7258064516129032,0.27419354838709675,Draw,Non-Win
3900628,Rennes,Central Midfield,0.5882352941176471,0.4117647058823529,Draw,Non-Win
3900628,Rennes,Defensive Midfield,0.7777777777777778,0.2222222222222222,Draw,Non-Win
3900628,Rennes,Fullback,0.034482758620689655,0.9655172413793104,Draw,Non-Win
3900628,Rennes,Goalkeeper,0.9615384615384616,0.038461538461538464,Draw,Non-Win
3900628,Rennes,Striker,0.5,0.5,Draw,Non-Win
3900628,Rennes,Wide Forward,0.3,0.7,Draw,Non-Win
3900630,Angers,Center Back,0.71875,0.28125,Loss,Non-Win
3900630,Angers,Central Midfield,0.6666666666666666,0.3333333333333333,Loss,Non-Win
3900630,Angers,Defensive Midfield,0.7272727272727273,0.2727272727272727,Loss,Non-Win
3900630,Angers,Fullback,0.13157894736842105,0.868421052631579,Loss,Non-Win
3900630,Angers,Goalkeeper,0.8928571428571429,0.10714285714285714,Loss,Non-Win
3900630,Angers,Striker,0.75,0.25,Loss,Non-Win
3900630,Angers,Wide Forward,0.5,0.5,Loss,Non-Win
3900630,Rennes,Center Back,0.8172043010752689,0.1827956989247312,Win,Win
3900630,Rennes,Central Midfield,0.5675675675675675,0.43243243243243246,Win,Win
3900630,Rennes,Defensive Midfield,0.6730769230769231,0.3269230769230769,Win,Win
3900630,Rennes,Fullback,0.3142857142857143,0.6857142857142857,Win,Win
3900630,Rennes,Goalkeeper,1.0,0.0,Win,Win
3900630,Rennes,Striker,0.5,0.5,Win,Win
3900630,Rennes,Wide Forward,0.19230769230769232,0.8076923076923077,Win,Win
3901150,Marseille,Attacking Midfield,0.3,0.7,Draw,Non-Win
3901150,Marseille,Center Back,0.5833333333333334,0.4166666666666667,Draw,Non-Win
3901150,Marseille,Defensive Midfield,0.7021276595744681,0.2978723404255319,Draw,Non-Win
3901150,Marseille,Fullback,0.11764705882352941,0.8823529411764706,Draw,Non-Win
3901150,Marseille,Goalkeeper,0.9310344827586207,0.06896551724137931,Draw,Non-Win
3901150,Marseille,Striker,0.5,0.5,Draw,Non-Win
3901150,Marseille,Wide Forward,0.3870967741935484,0.6129032258064516,Draw,Non-Win
3901150,Saint-Étienne,Center Back,0.7083333333333334,0.2916666666666667,Draw,Non-Win
3901150,Saint-Étienne,Central Midfield,0.525,0.475,Draw,Non-Win
3901150,Saint-Étienne,Defensive Midfield,0.8461538461538461,0.15384615384615385,Draw,Non-Win
3901150,Saint-Étienne,Fullback,0.08771929824561403,0.9122807017543859,Draw,Non-Win
3901150,Saint-Étienne,Goalkeeper,0.9230769230769231,0.07692307692307693,Draw,Non-Win
3901150,Saint-Étienne,Striker,0.0,1.0,Draw,Non-Win
3901150,Saint-Étienne,Wide Forward,0.18518518518518517,0.8148148148148148,Draw,Non-Win
3901151,Lille,Attacking Midfield,0.5,0.5,Win,Win
3901151,Lille,Center Back,0.5483870967741935,0.45161290322580644,Win,Win
3901151,Lille,Central Midfield,0.5714285714285714,0.42857142857142855,Win,Win
3901151,Lille,Defensive Midfield,0.6666666666666666,0.3333333333333333,Win,Win
3901151,Lille,Fullback,0.17073170731707318,0.8292682926829268,Win,Win
3901151,Lille,Goalkeeper,0.9142857142857143,0.08571428571428572,Win,Win
3901151,Lille,Striker,0.5714285714285714,0.42857142857142855,Win,Win
3901151,Lille,Wide Forward,0.4482758620689655,0.5517241379310345,Win,Win
3901151,Lyon,Attacking Midfield,0.4444444444444444,0.5555555555555556,Loss,Non-Win
3901151,Lyon,Center Back,0.6296296296296297,0.37037037037037035,Loss,Non-Win
3901151,Lyon,Central Midfield,1.0,0.0,Loss,Non-Win
3901151,Lyon,Defensive Midfield,0.5306122448979592,0.46938775510204084,Loss,Non-Win
3901151,Lyon,Fullback,0.16393442622950818,0.8360655737704918,Loss,Non-Win
3901151,Lyon,Goalkeeper,0.9375,0.0625,Loss,Non-Win
3901151,Lyon,Striker,0.5833333333333334,0.4166666666666667,Loss,Non-Win
3901151,Lyon,Wide Forward,0.21052631578947367,0.7894736842105263,Loss,Non-Win
3901161,Caen,Center Back,0.47368421052631576,0.5263157894736842,Win,Win
3901161,Caen,Central Midfield,0.7083333333333334,0.2916666666666667,Win,Win
3901161,Caen,Fullback,0.11320754716981132,0.8867924528301887,Win,Win
3901161,Caen,Goalkeeper,0.967741935483871,0.03225806451612903,Win,Win
3901161,Caen,Striker,0.5333333333333333,0.4666666666666667,Win,Win
3901161,Caen,Wide Forward,0.3333333333333333,0.6666666666666666,Win,Win
3901161,Saint-Étienne,Attacking Midfield,0.5555555555555556,0.4444444444444444,Loss,Non-Win
3901161,Saint-Étienne,Center Back,0.7049180327868853,0.29508196721311475,Loss,Non-Win
3901161,Saint-Étienne,Central Midfield,0.5294117647058824,0.47058823529411764,Loss,Non-Win
3901161,Saint-Étienne,Defensive Midfield,0.5925925925925926,0.4074074074074074,Loss,Non-Win
3901161,Saint-Étienne,Fullback,0.1206896551724138,0.8793103448275862,Loss,Non-Win
3901161,Saint-Étienne,Goalkeeper,0.8205128205128205,0.1794871794871795,Loss,Non-Win
3901161,Saint-Étienne,Striker,1.0,0.0,Loss,Non-Win
3901161,Saint-Étienne,Wide Forward,0.36363636363636365,0.6363636363636364,Loss,Non-Win
3901172,Bastia,Attacking Midfield,0.5294117647058824,0.47058823529411764,Draw,Non-Win
3901172,Bastia,Center Back,0.6428571428571429,0.35714285714285715,Draw,Non-Win
3901172,Bastia,Defensive Midfield,0.6875,0.3125,Draw,Non-Win
3901172,Bastia,Fullback,0.23214285714285715,0.7678571428571429,Draw,Non-Win
3901172,Bastia,Goalkeeper,0.8846153846153846,0.11538461538461539,Draw,Non-Win
3901172,Bastia,Striker,0.4,0.6,Draw,Non-Win
3901172,Bastia,Wide Forward,0.425531914893617,0.574468085106383,Draw,Non-Win
3901172,Nantes,Attacking Midfield,0.5,0.5,Draw,Non-Win
3901172,Nantes,Center Back,0.6756756756756757,0.32432432432432434,Draw,Non-Win
3901172,Nantes,Defensive Midfield,0.627906976744186,0.37209302325581395,Draw,Non-Win
3901172,Nantes,Fullback,0.058823529411764705,0.9411764705882353,Draw,Non-Win
3901172,Nantes,Goalkeeper,0.875,0.125,Draw,Non-Win
3901172,Nantes,Striker,0.625,0.375,Draw,Non-Win
3901172,Nantes,Wide Forward,0.3,0.7,Draw,Non-Win
3901174,AS Monaco,Attacking Midfield,0.42857142857142855,0.5714285714285714,Draw,Non-Win
3901174,AS Monaco,Center Back,0.5416666666666666,0.4583333333333333,Draw,Non-Win
3901174,AS Monaco,Defensive Midfield,0.6590909090909091,0.3409090909090909,Draw,Non-Win
3901174,AS Monaco,Fullback,0.16326530612244897,0.8367346938775511,Draw,Non-Win
3901174,AS Monaco,Goalkeeper,1.0,0.0,Draw,Non-Win
3901174,AS Monaco,Striker,1.0,0.0,Draw,Non-Win
3901174,AS Monaco,Wide Forward,0.30303030303030304,0.696969696969697,Draw,Non-Win
3901174,Stade de Reims,Attacking Midfield,0.4166666666666667,0.5833333333333334,Draw,Non-Win
3901174,Stade de Reims,Center Back,0.5138888888888888,0.4861111111111111,Draw,Non-Win
3901174,Stade de Reims,Defensive Midfield,0.46875,0.53125,Draw,Non-Win
3901174,Stade de Reims,Fullback,0.11320754716981132,0.8867924528301887,Draw,Non-Win
3901174,Stade de Reims,Goalkeeper,0.9696969696969697,0.030303030303030304,Draw,Non-Win
3901174,Stade de Reims,Striker,0.4444444444444444,0.5555555555555556,Draw,Non-Win
3901174,Stade de Reims,Wide Forward,0.45454545454545453,0.5454545454545454,Draw,Non-Win
3901177,Bastia,Center Back,0.725,0.275,Loss,Non-Win
3901177,Bastia,Central Midfield,0.35294117647058826,0.6470588235294118,Loss,Non-Win
3901177,Bastia,Defensive Midfield,0.75,0.25,Loss,Non-Win
3901177,Bastia,Fullback,0.12,0.88,Loss,Non-Win
3901177,Bastia,Goalkeeper,0.9736842105263158,0.02631578947368421,Loss,Non-Win
3901177,Bastia,Striker,0.45454545454545453,0.5454545454545454,Loss,Non-Win
3901177,Bastia,Wide Forward,0.2962962962962963,0.7037037037037037,Loss,Non-Win
3901177,Lille,Center Back,0.4,0.6,Win,Win
3901177,Lille,Central Midfield,0.6764705882352942,0.3235294117647059,Win,Win
3901177,Lille,Defensive Midfield,0.8888888888888888,0.1111111111111111,Win,Win
3901177,Lille,Fullback,0.07142857142857142,0.9285714285714286,Win,Win
3901177,Lille,Goalkeeper,0.9473684210526315,0.05263157894736842,Win,Win
3901177,Lille,Striker,0.6,0.4,Win,Win
3901177,Lille,Wide Forward,0.35555555555555557,0.6444444444444445,Win,Win
3901184,Marseille,Attacking Midfield,0.47058823529411764,0.5294117647058824,Loss,Non-Win
3901184,Marseille,Center Back,0.7454545454545455,0.2545454545454545,Loss,Non-Win
3901184,Marseille,Defensive Midfield,0.68,0.32,Loss,Non-Win
3901184,Marseille,Fullback,0.12244897959183673,0.8775510204081632,Loss,Non-Win
3901184,Marseille,Goalkeeper,1.0,0.0,Loss,Non-Win
3901184,Marseille,Striker,1.0,0.0,Loss,Non-Win
3901184,Marseille,Wide Forward,0.2608695652173913,0.7391304347826086,Loss,Non-Win
3901184,Rennes,Attacking Midfield,0.625,0.375,Win,Win
3901184,Rennes,Center Back,0.6666666666666666,0.3333333333333333,Win,Win
3901184,Rennes,Central Midfield,0.5,0.5,Win,Win
3901184,Rennes,Defensive Midfield,0.5625,0.4375,Win,Win
3901184,Rennes,Fullback,0.17142857142857143,0.8285714285714286,Win,Win
3901184,Rennes,Goalkeeper,0.8387096774193549,0.16129032258064516,Win,Win
3901184,Rennes,Striker,0.6363636363636364,0.36363636363636365,Win,Win
3901184,Rennes,Wide Forward,0.1724137931034483,0.8275862068965517,Win,Win
3901192,Bastia,Attacking Midfield,0.38461538461538464,0.6153846153846154,Draw,Non-Win
3901192,Bastia,Center Back,0.66,0.34,Draw,Non-Win
3901192,Bastia,Central Midfield,0.35294117647058826,0.6470588235294118,Draw,Non-Win
3901192,Bastia,Defensive Midfield,0.5416666666666666,0.4583333333333333,Draw,Non-Win
3901192,Bastia,Fullback,0.12698412698412698,0.873015873015873,Draw,Non-Win
3901192,Bastia,Goalkeeper,1.0,0.0,Draw,Non-Win
3901192,Bastia,Striker,0.5,0.5,Draw,Non-Win
3901192,Bordeaux,Attacking Midfield,0.5,0.5,Draw,Non-Win
3901192,Bordeaux,Center Back,0.7674418604651163,0.23255813953488372,Draw,Non-Win
3901192,Bordeaux,Central Midfield,0.6666666666666666,0.3333333333333333,Draw,Non-Win
3901192,Bordeaux,Defensive Midfield,0.6666666666666666,0.3333333333333333,Draw,Non-Win
3901192,Bordeaux,Fullback,0.23684210526315788,0.7631578947368421,Draw,Non-Win
3901192,Bordeaux,Goalkeeper,0.9117647058823529,0.08823529411764706,Draw,Non-Win
3901192,Bordeaux,Striker,0.625,0.375,Draw,Non-Win
3901192,Bordeaux,Wide Forward,0.26666666666666666,0.7333333333333333,Draw,Non-Win
3901193,AS Monaco,Center Back,0.56,0.44,Win,Win
3901193,AS Monaco,Defensive Midfield,0.5833333333333334,0.4166666666666667,Win,Win
3901193,AS Monaco,Fullback,0.14893617021276595,0.851063829787234,Win,Win
3901193,AS Monaco,Goalkeeper,1.0,0.0,Win,Win
3901193,AS Monaco,Striker,0.75,0.25,Win,Win
3901193,AS Monaco,Wide Forward,0.3448275862068966,0.6551724137931034,Win,Win
3901193,Paris Saint-Germain,Center Back,0.64,0.36,Loss,Non-Win
3901193,Paris Saint-Germain,Central Midfield,0.7608695652173914,0.2391304347826087,Loss,Non-Win
3901193,Paris Saint-Germain,Defensive Midfield,0.8392857142857143,0.16071428571428573,Loss,Non-Win
3901193,Paris Saint-Germain,Fullback,0.22727272727272727,0.7727272727272727,Loss,Non-Win
3901193,Paris Saint-Germain,Goalkeeper,0.9375,0.0625,Loss,Non-Win
3901193,Paris Saint-Germain,Striker,0.8235294117647058,0.17647058823529413,Loss,Non-Win
3901193,Paris Saint-Germain,Wide Forward,0.2857142857142857,0.7142857142857143,Loss,Non-Win
3901197,Guingamp,Center Back,0.64,0.36,Draw,Non-Win
3901197,Guingamp,Defensive Midfield,0.5517241379310345,0.4482758620689655,Draw,Non-Win
3901197,Guingamp,Fullback,0.1506849315068493,0.8493150684931506,Draw,Non-Win
3901197,Guingamp,Goalkeeper,0.875,0.125,Draw,Non-Win
3901197,Guingamp,Striker,0.5294117647058824,0.47058823529411764,Draw,Non-Win
3901197,Guingamp,Wide Forward,0.2926829268292683,0.7073170731707317,Draw,Non-Win
3901197,Montpellier,Attacking Midfield,0.6206896551724138,0.3793103448275862,Draw,Non-Win
3901197,Montpellier,Center Back,0.6052631578947368,0.39473684210526316,Draw,Non-Win
3901197,Montpellier,Central Midfield,0.48717948717948717,0.5128205128205128,Draw,Non-Win
3901197,Montpellier,Defensive Midfield,0.5882352941176471,0.4117647058823529,Draw,Non-Win
3901197,Montpellier,Fullback,0.08571428571428572,0.9142857142857143,Draw,Non-Win
3901197,Montpellier,Goalkeeper,0.9655172413793104,0.034482758620689655,Draw,Non-Win
3901197,Montpellier,Striker,0.5333333333333333,0.4666666666666667,Draw,Non-Win
3901197,Montpellier,Wide Forward,0.5,0.5,Draw,Non-Win
3901198,Angers,Center Back,0.5625,0.4375,Win,Win
3901198,Angers,Central Midfield,0.5510204081632653,0.4489795918367347,Win,Win
3901198,Angers,Defensive Midfield,0.52,0.48,Win,Win
3901198,Angers,Fullback,0.14814814814814814,0.8518518518518519,Win,Win
3901198,Angers,Goalkeeper,0.9545454545454546,0.045454545454545456,Win,Win
3901198,Angers,Striker,0.6153846153846154,0.38461538461538464,Win,Win
3901198,Angers,Wide Forward,0.4166666666666667,0.5833333333333334,Win,Win
3901198,Troyes,Attacking Midfield,0.46153846153846156,0.5384615384615384,Loss,Non-Win
3901198,Troyes,Center Back,0.75,0.25,Loss,Non-Win
3901198,Troyes,Defensive Midfield,0.7592592592592593,0.24074074074074073,Loss,Non-Win
3901198,Troyes,Fullback,0.24444444444444444,0.7555555555555555,Loss,Non-Win
3901198,Troyes,Goalkeeper,0.9411764705882353,0.058823529411764705,Loss,Non-Win
3901198,Troyes,Striker,0.6,0.4,Loss,Non-Win
3901198,Troyes,Wide Forward,0.3055555555555556,0.6944444444444444,Loss,Non-Win
3901203,Lille,Center Back,0.4523809523809524,0.5476190476190477,Win,Win
3901203,Lille,Central Midfield,0.6111111111111112,0.3888888888888889,Win,Win
3901203,Lille,Defensive Midfield,0.6666666666666666,0.3333333333333333,Win,Win
3901203,Lille,Fullback,0.13636363636363635,0.8636363636363636,Win,Win
3901203,Lille,Goalkeeper,0.9714285714285714,0.02857142857142857,Win,Win
3901203,Lille,Striker,0.38461538461538464,0.6153846153846154,Win,Win
3901203,Lille,Wide Forward,0.3103448275862069,0.6896551724137931,Win,Win
3901203,Nantes,Center Back,0.5068493150684932,0.4931506849315068,Loss,Non-Win
3901203,Nantes,Central Midfield,0.16666666666666666,0.8333333333333334,Loss,Non-Win
3901203,Nantes,Defensive Midfield,0.6046511627906976,0.3953488372093023,Loss,Non-Win
3901203,Nantes,Fullback,0.05,0.95,Loss,Non-Win
3901203,Nantes,Goalkeeper,0.9024390243902439,0.0975609756097561,Loss,Non-Win
3901203,Nantes,Striker,0.6666666666666666,0.3333333333333333,Loss,Non-Win
3901203,Nantes,Wide Forward,0.2,0.8,Loss,Non-Win
3901209,Angers,Center Back,0.6727272727272727,0.32727272727272727,Draw,Non-Win
3901209,Angers,Central Midfield,0.46875,0.53125,Draw,Non-Win
3901209,Angers,Defensive Midfield,0.65625,0.34375,Draw,Non-Win
3901209,Angers,Fullback,0.13043478260869565,0.8695652173913043,Draw,Non-Win
3901209,Angers,Goalkeeper,0.96,0.04,Draw,Non-Win
3901209,Angers,Striker,0.35714285714285715,0.6428571428571429,Draw,Non-Win
3901209,Angers,Wide Forward,0.4,0.6,Draw,Non-Win
3901209,Gazélec Ajaccio,Center Back,0.7575757575757576,0.24242424242424243,Draw,Non-Win
3901209,Gazélec Ajaccio,Defensive Midfield,0.5428571428571428,0.45714285714285713,Draw,Non-Win
3901209,Gazélec Ajaccio,Fullback,0.18181818181818182,0.8181818181818182,Draw,Non-Win
3901209,Gazélec Ajaccio,Goalkeeper,0.9777777777777777,0.022222222222222223,Draw,Non-Win
3901209,Gazélec Ajaccio,Striker,0.56,0.44,Draw,Non-Win
3901209,Gazélec Ajaccio,Wide Forward,0.32,0.68,Draw,Non-Win
3901211,Bordeaux,Attacking Midfield,0.625,0.375,Draw,Non-Win
3901211,Bordeaux,Center Back,0.7894736842105263,0.21052631578947367,Draw,Non-Win
3901211,Bordeaux,Central Midfield,1.0,0.0,Draw,Non-Win
3901211,Bordeaux,Defensive Midfield,0.88,0.12,Draw,Non-Win
3901211,Bordeaux,Fullback,0.1276595744680851,0.8723404255319149,Draw,Non-Win
3901211,Bordeaux,Goalkeeper,0.8529411764705882,0.14705882352941177,Draw,Non-Win
3901211,Bordeaux,Striker,0.2857142857142857,0.7142857142857143,Draw,Non-Win
3901211,Bordeaux,Wide Forward,0.24242424242424243,0.7575757575757576,Draw,Non-Win
3901211,Marseille,Attacking Midfield,0.42857142857142855,0.5714285714285714,Draw,Non-Win
3901211,Marseille,Center Back,0.6721311475409836,0.32786885245901637,Draw,Non-Win
3901211,Marseille,Defensive Midfield,0.6470588235294118,0.35294117647058826,Draw,Non-Win
3901211,Marseille,Fullback,0.12790697674418605,0.872093023255814,Draw,Non-Win
3901211,Marseille,Goalkeeper,0.9032258064516129,0.0967741935483871,Draw,Non-Win
3901211,Marseille,Striker,1.0,0.0,Draw,Non-Win
3901211,Marseille,Wide Forward,0.18604651162790697,0.813953488372093,Draw,Non-Win
3901215,Gazélec Ajaccio,Center Back,0.5833333333333334,0.4166666666666667,Loss,Non-Win
3901215,Gazélec Ajaccio,Defensive Midfield,0.5882352941176471,0.4117647058823529,Loss,Non-Win
3901215,Gazélec Ajaccio,Fullback,0.057692307692307696,0.9423076923076923,Loss,Non-Win
3901215,Gazélec Ajaccio,Goalkeeper,0.9117647058823529,0.08823529411764706,Loss,Non-Win
3901215,Gazélec Ajaccio,Striker,0.23529411764705882,0.7647058823529411,Loss,Non-Win
3901215,Gazélec Ajaccio,Wide Forward,0.3333333333333333,0.6666666666666666,Loss,Non-Win
3901215,Lille,Center Back,0.6388888888888888,0.3611111111111111,Win,Win
3901215,Lille,Central Midfield,0.603448275862069,0.39655172413793105,Win,Win
3901215,Lille,Defensive Midfield,0.8214285714285714,0.17857142857142858,Win,Win
3901215,Lille,Fullback,0.03225806451612903,0.967741935483871,Win,Win
3901215,Lille,Goalkeeper,0.9736842105263158,0.02631578947368421,Win,Win
3901215,Lille,Striker,0.75,0.25,Win,Win
3901215,Lille,Wide Forward,0.4375,0.5625,Win,Win
3901222,Montpellier,Attacking Midfield,0.35714285714285715,0.6428571428571429,Win,Win
3901222,Montpellier,Center Back,0.64,0.36,Win,Win
3901222,Montpellier,Central Midfield,0.4090909090909091,0.5909090909090909,Win,Win
3901222,Montpellier,Defensive Midfield,0.8181818181818182,0.18181818181818182,Win,Win
3901222,Montpellier,Fullback,0.24390243902439024,0.7560975609756098,Win,Win
3901222,Montpellier,Goalkeeper,0.84375,0.15625,Win,Win
3901222,Montpellier,Striker,0.5652173913043478,0.43478260869565216,Win,Win
3901222,Montpellier,Wide Forward,0.18181818181818182,0.8181818181818182,Win,Win
3901222,Nantes,Attacking Midfield,0.5,0.5,Loss,Non-Win
3901222,Nantes,Center Back,0.8214285714285714,0.17857142857142858,Loss,Non-Win
3901222,Nantes,Defensive Midfield,0.5714285714285714,0.42857142857142855,Loss,Non-Win
3901222,Nantes,Fullback,0.11688311688311688,0.8831168831168831,Loss,Non-Win
3901222,Nantes,Goalkeeper,1.0,0.0,Loss,Non-Win
3901222,Nantes,Striker,0.8,0.2,Loss,Non-Win
3901222,Nantes,Wide Forward,0.28,0.72,Loss,Non-Win
3901225,Lyon,Attacking Midfield,0.75,0.25,Win,Win
3901225,Lyon,Center Back,0.5842696629213483,0.4157303370786517,Win,Win
3901225,Lyon,Central Midfield,0.6976744186046512,0.3023255813953488,Win,Win
3901225,Lyon,Defensive Midfield,0.7647058823529411,0.23529411764705882,Win,Win
3901225,Lyon,Fullback,0.021739130434782608,0.9782608695652174,Win,Win
3901225,Lyon,Goalkeeper,0.9285714285714286,0.07142857142857142,Win,Win
3901225,Lyon,Striker,0.5714285714285714,0.42857142857142855,Win,Win
3901225,Lyon,Wide Forward,0.3076923076923077,0.6923076923076923,Win,Win
3901225,Toulouse,Attacking Midfield,0.45454545454545453,0.5454545454545454,Loss,Non-Win
3901225,Toulouse,Center Back,0.6923076923076923,0.3076923076923077,Loss,Non-Win
3901225,Toulouse,Defensive Midfield,0.5675675675675675,0.43243243243243246,Loss,Non-Win
3901225,Toulouse,Fullback,0.1111111111111111,0.8888888888888888,Loss,Non-Win
3901225,Toulouse,Goalkeeper,0.9,0.1,Loss,Non-Win
3901225,Toulouse,Striker,0.6666666666666666,0.3333333333333333,Loss,Non-Win
3901225,Toulouse,Wide Forward,0.21875,0.78125,Loss,Non-Win
3901229,Caen,Center Back,0.6136363636363636,0.38636363636363635,Draw,Non-Win
3901229,Caen,Central Midfield,0.8205128205128205,0.1794871794871795,Draw,Non-Win
3901229,Caen,Defensive Midfield,0.75,0.25,Draw,Non-Win
3901229,Caen,Fullback,0.109375,0.890625,Draw,Non-Win
3901229,Caen,Goalkeeper,1.0,0.0,Draw,Non-Win
3901229,Caen,Striker,0.4444444444444444,0.5555555555555556,Draw,Non-Win
3901229,Caen,Wide Forward,0.4090909090909091,0.5909090909090909,Draw,Non-Win
3901229,Guingamp,Center Back,0.6133333333333333,0.38666666666666666,Draw,Non-Win
3901229,Guingamp,Defensive Midfield,0.6904761904761905,0.30952380952380953,Draw,Non-Win
3901229,Guingamp,Fullback,0.18518518518518517,0.8148148148148148,Draw,Non-Win
3901229,Guingamp,Goalkeeper,1.0,0.0,Draw,Non-Win
3901229,Guingamp,Striker,0.5,0.5,Draw,Non-Win
3901229,Guingamp,Wide Forward,0.30434782608695654,0.6956521739130435,Draw,Non-Win
3901230,Bastia,Center Back,0.38235294117647056,0.6176470588235294,Loss,Non-Win
3901230,Bastia,Central Midfield,0.4090909090909091,0.5909090909090909,Loss,Non-Win
3901230,Bastia,Defensive Midfield,0.625,0.375,Loss,Non-Win
3901230,Bastia,Fullback,0.11267605633802817,0.8873239436619719,Loss,Non-Win
3901230,Bastia,Goalkeeper,0.9166666666666666,0.08333333333333333,Loss,Non-Win
3901230,Bastia,Striker,0.4,0.6,Loss,Non-Win
3901230,Bastia,Wide Forward,0.625,0.375,Loss,Non-Win
3901230,Gazélec Ajaccio,Attacking Midfield,0.375,0.625,Win,Win
3901230,Gazélec Ajaccio,Center Back,0.34285714285714286,0.6571428571428571,Win,Win
3901230,Gazélec Ajaccio,Central Midfield,0.4482758620689655,0.5517241379310345,Win,Win
3901230,Gazélec Ajaccio,Defensive Midfield,0.5,0.5,Win,Win
3901230,Gazélec Ajaccio,Fullback,0.12244897959183673,0.8775510204081632,Win,Win
3901230,Gazélec Ajaccio,Goalkeeper,0.8333333333333334,0.16666666666666666,Win,Win
3901230,Gazélec Ajaccio,Striker,0.23529411764705882,0.7647058823529411,Win,Win
3901230,Gazélec Ajaccio,Wide Forward,0.0,1.0,Win,Win
3901235,Gazélec Ajaccio,Center Back,0.5454545454545454,0.45454545454545453,Loss,Non-Win
3901235,Gazélec Ajaccio,Defensive Midfield,0.6428571428571429,0.35714285714285715,Loss,Non-Win
3901235,Gazélec Ajaccio,Fullback,0.15555555555555556,0.8444444444444444,Loss,Non-Win
3901235,Gazélec Ajaccio,Goalkeeper,0.8214285714285714,0.17857142857142858,Loss,Non-Win
3901235,Gazélec Ajaccio,Striker,0.6428571428571429,0.35714285714285715,Loss,Non-Win
3901235,Gazélec Ajaccio,Wide Forward,0.2608695652173913,0.7391304347826086,Loss,Non-Win
3901235,Lyon,Center Back,0.7731958762886598,0.2268041237113402,Win,Win
3901235,Lyon,Central Midfield,0.5769230769230769,0.4230769230769231,Win,Win
3901235,Lyon,Defensive Midfield,0.6190476190476191,0.38095238095238093,Win,Win
3901235,Lyon,Fullback,0.0975609756097561,0.9024390243902439,Win,Win
3901235,Lyon,Goalkeeper,0.75,0.25,Win,Win
3901235,Lyon,Striker,0.42857142857142855,0.5714285714285714,Win,Win
3901235,Lyon,Wide Forward,0.2,0.8,Win,Win
3901238,AS Monaco,Attacking Midfield,0.2777777777777778,0.7222222222222222,Win,Win
3901238,AS Monaco,Center Back,0.7115384615384616,0.28846153846153844,Win,Win
3901238,AS Monaco,Defensive Midfield,0.6521739130434783,0.34782608695652173,Win,Win
3901238,AS Monaco,Fullback,0.0847457627118644,0.9152542372881356,Win,Win
3901238,AS Monaco,Goalkeeper,0.9615384615384616,0.038461538461538464,Win,Win
3901238,AS Monaco,Striker,0.0,1.0,Win,Win
3901238,AS Monaco,Wide Forward,0.2857142857142857,0.7142857142857143,Win,Win
3901238,Guingamp,Center Back,0.631578947368421,0.3684210526315789,Loss,Non-Win
3901238,Guingamp,Defensive Midfield,0.64,0.36,Loss,Non-Win
3901238,Guingamp,Fullback,0.14814814814814814,0.8518518518518519,Loss,Non-Win
3901238,Guingamp,Goalkeeper,0.975609756097561,0.024390243902439025,Loss,Non-Win
3901238,Guingamp,Striker,0.6923076923076923,0.3076923076923077,Loss,Non-Win
3901238,Guingamp,Wide Forward,0.2,0.8,Loss,Non-Win
3901240,Lille,Center Back,0.5526315789473685,0.4473684210526316,Win,Win
3901240,Lille,Central Midfield,0.639344262295082,0.36065573770491804,Win,Win
3901240,Lille,Defensive Midfield,0.5909090909090909,0.4090909090909091,Win,Win
3901240,Lille,Fullback,0.13157894736842105,0.868421052631579,Win,Win
3901240,Lille,Goalkeeper,0.9743589743589743,0.02564102564102564,Win,Win
3901240,Lille,Striker,0.45454545454545453,0.5454545454545454,Win,Win
3901240,Lille,Wide Forward,0.40625,0.59375,Win,Win
3901240,Lorient,Center Back,0.6056338028169014,0.39436619718309857,Loss,Non-Win
3901240,Lorient,Defensive Midfield,0.5333333333333333,0.4666666666666667,Loss,Non-Win
3901240,Lorient,Fullback,0.14516129032258066,0.8548387096774194,Loss,Non-Win
3901240,Lorient,Goalkeeper,0.9375,0.0625,Loss,Non-Win
3901240,Lorient,Striker,0.46153846153846156,0.5384615384615384,Loss,Non-Win
3901240,Lorient,Wide Forward,0.2,0.8,Loss,Non-Win
3901245,Bordeaux,Center Back,0.56,0.44,Win,Win
3901245,Bordeaux,Central Midfield,0.696969696969697,0.30303030303030304,Win,Win
3901245,Bordeaux,Defensive Midfield,0.8571428571428571,0.14285714285714285,Win,Win
3901245,Bordeaux,Fullback,0.175,0.825,Win,Win
3901245,Bordeaux,Goalkeeper,1.0,0.0,Win,Win
3901245,Bordeaux,Striker,0.2727272727272727,0.7272727272727273,Win,Win
3901245,Bordeaux,Wide Forward,0.34615384615384615,0.6538461538461539,Win,Win
3901245,Lorient,Center Back,0.8333333333333334,0.16666666666666666,Loss,Non-Win
3901245,Lorient,Defensive Midfield,0.6382978723404256,0.3617021276595745,Loss,Non-Win
3901245,Lorient,Fullback,0.19298245614035087,0.8070175438596491,Loss,Non-Win
3901245,Lorient,Goalkeeper,0.9285714285714286,0.07142857142857142,Loss,Non-Win
3901245,Lorient,Striker,0.7777777777777778,0.2222222222222222,Loss,Non-Win
3901245,Lorient,Wide Forward,0.18604651162790697,0.813953488372093,Loss,Non-Win
3901262,Bordeaux,Attacking Midfield,0.4,0.6,Loss,Non-Win
3901262,Bordeaux,Center Back,0.7411764705882353,0.25882352941176473,Loss,Non-Win
3901262,Bordeaux,Central Midfield,0.6,0.4,Loss,Non-Win
3901262,Bordeaux,Defensive Midfield,0.675,0.325,Loss,Non-Win
3901262,Bordeaux,Fullback,0.15789473684210525,0.8421052631578947,Loss,Non-Win
3901262,Bordeaux,Goalkeeper,0.9354838709677419,0.06451612903225806,Loss,Non-Win
3901262,Bordeaux,Striker,0.4,0.6,Loss,Non-Win
3901262,Bordeaux,Wide Forward,0.625,0.375,Loss,Non-Win
3901262,Caen,Center Back,0.48936170212765956,0.5106382978723404,Win,Win
3901262,Caen,Central Midfield,0.43333333333333335,0.5666666666666667,Win,Win
3901262,Caen,Defensive Midfield,0.7333333333333333,0.26666666666666666,Win,Win
3901262,Caen,Fullback,0.029411764705882353,0.9705882352941176,Win,Win
3901262,Caen,Goalkeeper,0.8064516129032258,0.1935483870967742,Win,Win
3901262,Caen,Striker,0.5,0.5,Win,Win
3901262,Caen,Wide Forward,0.4827586206896552,0.5172413793103449,Win,Win
3901736,Australia Women's,Center Back,0.75,0.25,Win,Win
3901736,Australia Women's,Defensive Midfield,0.5526315789473685,0.4473684210526316,Win,Win
3901736,Australia Women's,Fullback,0.13953488372093023,0.8604651162790697,Win,Win
3901736,Australia Women's,Goalkeeper,1.0,0.0,Win,Win
3901736,Australia Women's,Striker,0.5882352941176471,0.4117647058823529,Win,Win
3901736,Australia Women's,Wide Forward,0.2608695652173913,0.7391304347826086,Win,Win
3901736,Denmark Women's,Attacking Midfield,0.7,0.3,Loss,Non-Win
3901736,Denmark Women's,Center Back,0.7540983606557377,0.2459016393442623,Loss,Non-Win
3901736,Denmark Women's,Defensive Midfield,0.6538461538461539,0.34615384615384615,Loss,Non-Win
3901736,Denmark Women's,Fullback,0.09722222222222222,0.9027777777777778,Loss,Non-Win
3901736,Denmark Women's,Goalkeeper,0.875,0.125,Loss,Non-Win
3901736,Denmark Women's,Striker,0.5714285714285714,0.42857142857142855,Loss,Non-Win
3901736,Denmark Women's,Wide Forward,0.3076923076923077,0.6923076923076923,Loss,Non-Win
3902968,Australia Women's,Center Back,0.7419354838709677,0.25806451612903225,Draw,Non-Win
3902968,Australia Women's,Defensive Midfield,0.5666666666666667,0.43333333333333335,Draw,Non-Win
3902968,Australia Women's,Fullback,0.175,0.825,Draw,Non-Win
3902968,Australia Women's,Goalkeeper,1.0,0.0,Draw,Non-Win
3902968,Australia Women's,Striker,0.39285714285714285,0.6071428571428571,Draw,Non-Win
3902968,Australia Women's,Wide Forward,0.17391304347826086,0.8260869565217391,Draw,Non-Win
3902968,France Women's,Center Back,0.6938775510204082,0.30612244897959184,Draw,Non-Win
3902968,France Women's,Defensive Midfield,0.4883720930232558,0.5116279069767442,Draw,Non-Win
3902968,France Women's,Fullback,0.07547169811320754,0.9245283018867925,Draw,Non-Win
3902968,France Women's,Goalkeeper,1.0,0.0,Draw,Non-Win
3902968,France Women's,Striker,0.42857142857142855,0.5714285714285714,Draw,Non-Win
3902968,France Women's,Wide Forward,0.16279069767441862,0.8372093023255814,Draw,Non-Win
3904629,Australia Women's,Center Back,0.6363636363636364,0.36363636363636365,Loss,Non-Win
3904629,Australia Women's,Defensive Midfield,0.40625,0.59375,Loss,Non-Win
3904629,Australia Women's,Fullback,0.1,0.9,Loss,Non-Win
3904629,Australia Women's,Goalkeeper,1.0,0.0,Loss,Non-Win
3904629,Australia Women's,Striker,0.29411764705882354,0.7058823529411765,Loss,Non-Win
3904629,Australia Women's,Wide Forward,0.16,0.84,Loss,Non-Win
3904629,England Women's,Attacking Midfield,0.5,0.5,Win,Win
3904629,England Women's,Center Back,0.45977011494252873,0.5402298850574713,Win,Win
3904629,England Women's,Central Midfield,0.6,0.4,Win,Win
3904629,England Women's,Defensive Midfield,0.52,0.48,Win,Win
3904629,England Women's,Fullback,0.18181818181818182,0.8181818181818182,Win,Win
3904629,England Women's,Goalkeeper,0.9473684210526315,0.05263157894736842,Win,Win
3904629,England Women's,Striker,0.2631578947368421,0.7368421052631579,Win,Win
3904629,England Women's,Wide Forward,1.0,0.0,Win,Win
3920384,Côte d'Ivoire,Center Back,0.6226415094339622,0.37735849056603776,Win,Win
3920384,Côte d'Ivoire,Central Midfield,0.48,0.52,Win,Win
3920384,Côte d'Ivoire,Defensive Midfield,0.6071428571428571,0.39285714285714285,Win,Win
3920384,Côte d'Ivoire,Fullback,0.07142857142857142,0.9285714285714286,Win,Win
3920384,Côte d'Ivoire,Goalkeeper,0.9166666666666666,0.08333333333333333,Win,Win
3920384,Côte d'Ivoire,Striker,0.5454545454545454,0.45454545454545453,Win,Win
3920384,Côte d'Ivoire,Wide Forward,0.2571428571428571,0.7428571428571429,Win,Win
3920384,Guinea-Bissau,Attacking Midfield,0.5,0.5,Loss,Non-Win
3920384,Guinea-Bissau,Center Back,0.7948717948717948,0.20512820512820512,Loss,Non-Win
3920384,Guinea-Bissau,Central Midfield,0.75,0.25,Loss,Non-Win
3920384,Guinea-Bissau,Defensive Midfield,0.5454545454545454,0.45454545454545453,Loss,Non-Win
3920384,Guinea-Bissau,Fullback,0.11904761904761904,0.8809523809523809,Loss,Non-Win
3920384,Guinea-Bissau,Goalkeeper,1.0,0.0,Loss,Non-Win
3920384,Guinea-Bissau,Striker,0.4,0.6,Loss,Non-Win
3920384,Guinea-Bissau,Wide Forward,0.41935483870967744,0.5806451612903226,Loss,Non-Win
3920389,Cameroon,Attacking Midfield,0.0,1.0,Draw,Non-Win
3920389,Cameroon,Center Back,0.625,0.375,Draw,Non-Win
3920389,Cameroon,Central Midfield,0.5789473684210527,0.42105263157894735,Draw,Non-Win
3920389,Cameroon,Defensive Midfield,0.746031746031746,0.25396825396825395,Draw,Non-Win
3920389,Cameroon,Fullback,0.14893617021276595,0.851063829787234,Draw,Non-Win
3920389,Cameroon,Goalkeeper,0.9230769230769231,0.07692307692307693,Draw,Non-Win
3920389,Cameroon,Striker,0.3333333333333333,0.6666666666666666,Draw,Non-Win
3920389,Cameroon,Wide Forward,0.25,0.75,Draw,Non-Win
3920389,Guinea,Attacking Midfield,0.75,0.25,Draw,Non-Win
3920389,Guinea,Center Back,0.5714285714285714,0.42857142857142855,Draw,Non-Win
3920389,Guinea,Defensive Midfield,0.6,0.4,Draw,Non-Win
3920389,Guinea,Fullback,0.10526315789473684,0.8947368421052632,Draw,Non-Win
3920389,Guinea,Goalkeeper,1.0,0.0,Draw,Non-Win
3920389,Guinea,Striker,0.5,0.5,Draw,Non-Win
3920389,Guinea,Wide Forward,0.3157894736842105,0.6842105263157895,Draw,Non-Win
3920399,Cape Verde Islands,Center Back,0.5714285714285714,0.42857142857142855,Win,Win
3920399,Cape Verde Islands,Central Midfield,0.47619047619047616,0.5238095238095238,Win,Win
3920399,Cape Verde Islands,Defensive Midfield,0.8666666666666667,0.13333333333333333,Win,Win
3920399,Cape Verde Islands,Fullback,0.18181818181818182,0.8181818181818182,Win,Win
3920399,Cape Verde Islands,Goalkeeper,0.9375,0.0625,Win,Win
3920399,Cape Verde Islands,Striker,0.42857142857142855,0.5714285714285714,Win,Win
3920399,Cape Verde Islands,Wide Forward,0.42857142857142855,0.5714285714285714,Win,Win
3920399,Mozambique,Attacking Midfield,0.5238095238095238,0.47619047619047616,Loss,Non-Win
3920399,Mozambique,Center Back,0.5194805194805194,0.4805194805194805,Loss,Non-Win
3920399,Mozambique,Defensive Midfield,0.6590909090909091,0.3409090909090909,Loss,Non-Win
3920399,Mozambique,Fullback,0.2222222222222222,0.7777777777777778,Loss,Non-Win
3920399,Mozambique,Goalkeeper,1.0,0.0,Loss,Non-Win
3920399,Mozambique,Striker,0.4375,0.5625,Loss,Non-Win
3920413,Cameroon,Center Back,0.5531914893617021,0.44680851063829785,Win,Win
3920413,Cameroon,Central Midfield,0.8,0.2,Win,Win
3920413,Cameroon,Defensive Midfield,0.6538461538461539,0.34615384615384615,Win,Win
3920413,Cameroon,Fullback,0.12195121951219512,0.8780487804878049,Win,Win
3920413,Cameroon,Goalkeeper,0.9285714285714286,0.07142857142857142,Win,Win
3920413,Cameroon,Striker,0.5,0.5,Win,Win
3920413,Cameroon,Wide Forward,0.2727272727272727,0.7272727272727273,Win,Win
3920413,Gambia,Attacking Midfield,0.5,0.5,Loss,Non-Win
3920413,Gambia,Center Back,0.8571428571428571,0.14285714285714285,Loss,Non-Win
3920413,Gambia,Defensive Midfield,0.875,0.125,Loss,Non-Win
3920413,Gambia,Fullback,0.11627906976744186,0.8837209302325582,Loss,Non-Win
3920413,Gambia,Goalkeeper,1.0,0.0,Loss,Non-Win
3920413,Gambia,Striker,0.6666666666666666,0.3333333333333333,Loss,Non-Win
3920413,Gambia,Wide Forward,0.34782608695652173,0.6521739130434783,Loss,Non-Win
3920414,Angola,Attacking Midfield,0.0,1.0,Win,Win
3920414,Angola,Center Back,0.5348837209302325,0.46511627906976744,Win,Win
3920414,Angola,Central Midfield,0.46875,0.53125,Win,Win
3920414,Angola,Defensive Midfield,0.6666666666666666,0.3333333333333333,Win,Win
3920414,Angola,Fullback,0.125,0.875,Win,Win
3920414,Angola,Goalkeeper,0.972972972972973,0.02702702702702703,Win,Win
3920414,Angola,Striker,0.5714285714285714,0.42857142857142855,Win,Win
3920414,Angola,Wide Forward,0.2222222222222222,0.7777777777777778,Win,Win
3920414,Burkina Faso,Attacking Midfield,0.55,0.45,Loss,Non-Win
3920414,Burkina Faso,Center Back,0.7530864197530864,0.24691358024691357,Loss,Non-Win
3920414,Burkina Faso,Defensive Midfield,0.6349206349206349,0.36507936507936506,Loss,Non-Win
3920414,Burkina Faso,Fullback,0.07142857142857142,0.9285714285714286,Loss,Non-Win
3920414,Burkina Faso,Goalkeeper,0.8461538461538461,0.15384615384615385,Loss,Non-Win
3920414,Burkina Faso,Striker,0.8,0.2,Loss,Non-Win
3920414,Burkina Faso,Wide Forward,0.34782608695652173,0.6521739130434783,Loss,Non-Win
3920415,Algeria,Attacking Midfield,0.0,1.0,Loss,Non-Win
3920415,Algeria,Center Back,0.8208955223880597,0.1791044776119403,Loss,Non-Win
3920415,Algeria,Central Midfield,0.5714285714285714,0.42857142857142855,Loss,Non-Win
3920415,Algeria,Defensive Midfield,0.6078431372549019,0.39215686274509803,Loss,Non-Win
3920415,Algeria,Fullback,0.2222222222222222,0.7777777777777778,Loss,Non-Win
3920415,Algeria,Goalkeeper,0.9565217391304348,0.043478260869565216,Loss,Non-Win
3920415,Algeria,Striker,0.0,1.0,Loss,Non-Win
3920415,Algeria,Wide Forward,0.3333333333333333,0.6666666666666666,Loss,Non-Win
3920415,Mauritania,Attacking Midfield,0.6,0.4,Win,Win
3920415,Mauritania,Center Back,0.5,0.5,Win,Win
3920415,Mauritania,Central Midfield,0.6666666666666666,0.3333333333333333,Win,Win
3920415,Mauritania,Defensive Midfield,0.7857142857142857,0.21428571428571427,Win,Win
3920415,Mauritania,Fullback,0.26666666666666666,0.7333333333333333,Win,Win
3920415,Mauritania,Goalkeeper,0.9523809523809523,0.047619047619047616,Win,Win
3920415,Mauritania,Striker,0.5714285714285714,0.42857142857142855,Win,Win
3920415,Mauritania,Wide Forward,0.19047619047619047,0.8095238095238095,Win,Win
3920417,Mali,Attacking Midfield,0.0,1.0,Draw,Non-Win
3920417,Mali,Center Back,0.6190476190476191,0.38095238095238093,Draw,Non-Win
3920417,Mali,Defensive Midfield,0.6578947368421053,0.34210526315789475,Draw,Non-Win
3920417,Mali,Fullback,0.045454545454545456,0.9545454545454546,Draw,Non-Win
3920417,Mali,Goalkeeper,0.8823529411764706,0.11764705882352941,Draw,Non-Win
3920417,Mali,Striker,0.75,0.25,Draw,Non-Win
3920417,Mali,Wide Forward,0.09090909090909091,0.9090909090909091,Draw,Non-Win
3920417,Namibia,Center Back,0.45454545454545453,0.5454545454545454,Draw,Non-Win
3920417,Namibia,Central Midfield,0.5,0.5,Draw,Non-Win
3920417,Namibia,Defensive Midfield,0.125,0.875,Draw,Non-Win
3920417,Namibia,Fullback,0.05,0.95,Draw,Non-Win
3920417,Namibia,Goalkeeper,0.8076923076923077,0.19230769230769232,Draw,Non-Win
3920417,Namibia,Striker,0.625,0.375,Draw,Non-Win
3920417,Namibia,Wide Forward,0.2631578947368421,0.7368421052631579,Draw,Non-Win
3922240,Congo DR,Attacking Midfield,0.5,0.5,Draw,Non-Win
3922240,Congo DR,Center Back,0.8392857142857143,0.16071428571428573,Draw,Non-Win
3922240,Congo DR,Defensive Midfield,0.625,0.375,Draw,Non-Win
3922240,Congo DR,Fullback,0.21518987341772153,0.7848101265822784,Draw,Non-Win
3922240,Congo DR,Goalkeeper,0.875,0.125,Draw,Non-Win
3922240,Congo DR,Striker,0.75,0.25,Draw,Non-Win
3922240,Congo DR,Wide Forward,0.13333333333333333,0.8666666666666667,Draw,Non-Win
3922240,Egypt,Center Back,0.6853932584269663,0.3146067415730337,Draw,Non-Win
3922240,Egypt,Central Midfield,0.6923076923076923,0.3076923076923077,Draw,Non-Win
3922240,Egypt,Defensive Midfield,0.5714285714285714,0.42857142857142855,Draw,Non-Win
3922240,Egypt,Fullback,0.2,0.8,Draw,Non-Win
3922240,Egypt,Goalkeeper,0.9565217391304348,0.043478260869565216,Draw,Non-Win
3922240,Egypt,Striker,0.75,0.25,Draw,Non-Win
3922240,Egypt,Wide Forward,0.3125,0.6875,Draw,Non-Win
3922242,Côte d'Ivoire,Attacking Midfield,0.6153846153846154,0.38461538461538464,Draw,Non-Win
3922242,Côte d'Ivoire,Center Back,0.6172839506172839,0.38271604938271603,Draw,Non-Win
3922242,Côte d'Ivoire,Defensive Midfield,0.627906976744186,0.37209302325581395,Draw,Non-Win
3922242,Côte d'Ivoire,Fullback,0.15853658536585366,0.8414634146341463,Draw,Non-Win
3922242,Côte d'Ivoire,Goalkeeper,0.9642857142857143,0.03571428571428571,Draw,Non-Win
3922242,Côte d'Ivoire,Striker,0.5714285714285714,0.42857142857142855,Draw,Non-Win
3922242,Côte d'Ivoire,Wide Forward,0.3333333333333333,0.6666666666666666,Draw,Non-Win
3922242,Senegal,Center Back,0.550561797752809,0.449438202247191,Draw,Non-Win
3922242,Senegal,Defensive Midfield,0.5757575757575758,0.42424242424242425,Draw,Non-Win
3922242,Senegal,Fullback,0.05405405405405406,0.9459459459459459,Draw,Non-Win
3922242,Senegal,Goalkeeper,0.9090909090909091,0.09090909090909091,Draw,Non-Win
3922242,Senegal,Striker,0.375,0.625,Draw,Non-Win
3922242,Senegal,Wide Forward,0.4482758620689655,0.5517241379310345,Draw,Non-Win
3922838,Congo DR,Attacking Midfield,0.7,0.3,Loss,Non-Win
3922838,Congo DR,Center Back,0.6037735849056604,0.39622641509433965,Loss,Non-Win
3922838,Congo DR,Defensive Midfield,0.75,0.25,Loss,Non-Win
3922838,Congo DR,Fullback,0.08888888888888889,0.9111111111111111,Loss,Non-Win
3922838,Congo DR,Goalkeeper,0.9583333333333334,0.041666666666666664,Loss,Non-Win
3922838,Congo DR,Striker,0.6666666666666666,0.3333333333333333,Loss,Non-Win
3922838,Congo DR,Wide Forward,0.5625,0.4375,Loss,Non-Win
3922838,Côte d'Ivoire,Attacking Midfield,0.5,0.5,Win,Win
3922838,Côte d'Ivoire,Center Back,0.625,0.375,Win,Win
3922838,Côte d'Ivoire,Central Midfield,0.6875,0.3125,Win,Win
3922838,Côte d'Ivoire,Defensive Midfield,0.8125,0.1875,Win,Win
3922838,Côte d'Ivoire,Fullback,0.02,0.98,Win,Win
3922838,Côte d'Ivoire,Goalkeeper,1.0,0.0,Win,Win
3922838,Côte d'Ivoire,Striker,0.8,0.2,Win,Win
3922838,Côte d'Ivoire,Wide Forward,0.18181818181818182,0.8181818181818182,Win,Win
3930168,Germany,Attacking Midfield,0.6,0.4,Win,Win
3930168,Germany,Center Back,0.746268656716418,0.2537313432835821,Win,Win
3930168,Germany,Defensive Midfield,0.7746478873239436,0.22535211267605634,Win,Win
3930168,Germany,Fullback,0.3157894736842105,0.6842105263157895,Win,Win
3930168,Germany,Goalkeeper,0.9090909090909091,0.09090909090909091,Win,Win
3930168,Germany,Striker,0.75,0.25,Win,Win
3930168,Germany,Wide Forward,0.475,0.525,Win,Win
3930168,Hungary,Attacking Midfield,0.3076923076923077,0.6923076923076923,Loss,Non-Win
3930168,Hungary,Center Back,0.3137254901960784,0.6862745098039216,Loss,Non-Win
3930168,Hungary,Central Midfield,0.0,1.0,Loss,Non-Win
3930168,Hungary,Defensive Midfield,0.25,0.75,Loss,Non-Win
3930168,Hungary,Fullback,0.1935483870967742,0.8064516129032258,Loss,Non-Win
3930168,Hungary,Goalkeeper,1.0,0.0,Loss,Non-Win
3930168,Hungary,Striker,0.375,0.625,Loss,Non-Win
3930169,Scotland,Attacking Midfield,0.5714285714285714,0.42857142857142855,Draw,Non-Win
3930169,Scotland,Center Back,0.35294117647058826,0.6470588235294118,Draw,Non-Win
3930169,Scotland,Defensive Midfield,0.7142857142857143,0.2857142857142857,Draw,Non-Win
3930169,Scotland,Fullback,0.16,0.84,Draw,Non-Win
3930169,Scotland,Goalkeeper,0.8529411764705882,0.14705882352941177,Draw,Non-Win
3930169,Scotland,Striker,1.0,0.0,Draw,Non-Win
3930169,Switzerland,Attacking Midfield,0.14285714285714285,0.8571428571428571,Draw,Non-Win
3930169,Switzerland,Center Back,0.4,0.6,Draw,Non-Win
3930169,Switzerland,Defensive Midfield,0.32432432432432434,0.6756756756756757,Draw,Non-Win
3930169,Switzerland,Fullback,0.18181818181818182,0.8181818181818182,Draw,Non-Win
3930169,Switzerland,Goalkeeper,1.0,0.0,Draw,Non-Win
3930169,Switzerland,Striker,0.3333333333333333,0.6666666666666666,Draw,Non-Win
3930169,Switzerland,Wide Forward,0.4444444444444444,0.5555555555555556,Draw,Non-Win
3930170,Serbia,Attacking Midfield,0.38461538461538464,0.6153846153846154,Draw,Non-Win
3930170,Serbia,Center Back,0.43103448275862066,0.5689655172413793,Draw,Non-Win
3930170,Serbia,Defensive Midfield,0.5277777777777778,0.4722222222222222,Draw,Non-Win
3930170,Serbia,Fullback,0.044444444444444446,0.9555555555555556,Draw,Non-Win
3930170,Serbia,Goalkeeper,1.0,0.0,Draw,Non-Win
3930170,Serbia,Striker,0.7777777777777778,0.2222222222222222,Draw,Non-Win
3930170,Slovenia,Attacking Midfield,1.0,0.0,Draw,Non-Win
3930170,Slovenia,Center Back,0.75,0.25,Draw,Non-Win
3930170,Slovenia,Central Midfield,0.5714285714285714,0.42857142857142855,Draw,Non-Win
3930170,Slovenia,Defensive Midfield,0.6470588235294118,0.35294117647058826,Draw,Non-Win
3930170,Slovenia,Fullback,0.16,0.84,Draw,Non-Win
3930170,Slovenia,Goalkeeper,1.0,0.0,Draw,Non-Win
3930170,Slovenia,Striker,0.4,0.6,Draw,Non-Win
3930170,Slovenia,Wide Forward,0.2903225806451613,0.7096774193548387,Draw,Non-Win
3930182,Denmark,Attacking Midfield,0.6153846153846154,0.38461538461538464,Draw,Non-Win
3930182,Denmark,Center Back,0.6714285714285714,0.32857142857142857,Draw,Non-Win
3930182,Denmark,Defensive Midfield,0.8478260869565217,0.15217391304347827,Draw,Non-Win
3930182,Denmark,Fullback,0.07894736842105263,0.9210526315789473,Draw,Non-Win
3930182,Denmark,Goalkeeper,1.0,0.0,Draw,Non-Win
3930182,Denmark,Striker,0.3333333333333333,0.6666666666666666,Draw,Non-Win
3930182,Serbia,Center Back,0.4125,0.5875,Draw,Non-Win
3930182,Serbia,Central Midfield,0.2857142857142857,0.7142857142857143,Draw,Non-Win
3930182,Serbia,Defensive Midfield,0.7755102040816326,0.22448979591836735,Draw,Non-Win
3930182,Serbia,Fullback,0.14814814814814814,0.8518518518518519,Draw,Non-Win
3930182,Serbia,Goalkeeper,0.9117647058823529,0.08823529411764706,Draw,Non-Win
3930182,Serbia,Striker,1.0,0.0,Draw,Non-Win
3930182,Serbia,Wide Forward,0.875,0.125,Draw,Non-Win
3930183,Romania,Attacking Midfield,0.5,0.5,Draw,Non-Win
3930183,Romania,Center Back,0.5952380952380952,0.40476190476190477,Draw,Non-Win
3930183,Romania,Central Midfield,0.6666666666666666,0.3333333333333333,Draw,Non-Win
3930183,Romania,Defensive Midfield,0.6666666666666666,0.3333333333333333,Draw,Non-Win
3930183,Romania,Fullback,0.17142857142857143,0.8285714285714286,Draw,Non-Win
3930183,Romania,Goalkeeper,0.9375,0.0625,Draw,Non-Win
3930183,Romania,Striker,0.0,1.0,Draw,Non-Win
3930183,Romania,Wide Forward,0.08333333333333333,0.9166666666666666,Draw,Non-Win
3930183,Slovakia,Center Back,0.6235294117647059,0.3764705882352941,Draw,Non-Win
3930183,Slovakia,Central Midfield,0.5,0.5,Draw,Non-Win
3930183,Slovakia,Defensive Midfield,0.7142857142857143,0.2857142857142857,Draw,Non-Win
3930183,Slovakia,Fullback,0.09375,0.90625,Draw,Non-Win
3930183,Slovakia,Goalkeeper,1.0,0.0,Draw,Non-Win
3930183,Slovakia,Striker,0.3333333333333333,0.6666666666666666,Draw,Non-Win
3930183,Slovakia,Wide Forward,0.15384615384615385,0.8461538461538461,Draw,Non-Win
3930184,Czech Republic,Attacking Midfield,1.0,0.0,Loss,Non-Win
3930184,Czech Republic,Center Back,0.5641025641025641,0.4358974358974359,Loss,Non-Win
3930184,Czech Republic,Central Midfield,0.7058823529411765,0.29411764705882354,Loss,Non-Win
3930184,Czech Republic,Defensive Midfield,0.2857142857142857,0.7142857142857143,Loss,Non-Win
3930184,Czech Republic,Fullback,0.19444444444444445,0.8055555555555556,Loss,Non-Win
3930184,Czech Republic,Goalkeeper,0.8888888888888888,0.1111111111111111,Loss,Non-Win
3930184,Czech Republic,Striker,0.6666666666666666,0.3333333333333333,Loss,Non-Win
3930184,Turkey,Attacking Midfield,0.3333333333333333,0.6666666666666666,Win,Win
3930184,Turkey,Center Back,0.7,0.3,Win,Win
3930184,Turkey,Central Midfield,0.625,0.375,Win,Win
3930184,Turkey,Defensive Midfield,0.71875,0.28125,Win,Win
3930184,Turkey,Fullback,0.24489795918367346,0.7551020408163265,Win,Win
3930184,Turkey,Goalkeeper,0.9705882352941176,0.029411764705882353,Win,Win
3930184,Turkey,Striker,0.5,0.5,Win,Win
3930184,Turkey,Wide Forward,0.2631578947368421,0.7368421052631579,Win,Win
3938645,Belgium,Attacking Midfield,0.5357142857142857,0.4642857142857143,Draw,Non-Win
3938645,Belgium,Center Back,0.7560975609756098,0.24390243902439024,Draw,Non-Win
3938645,Belgium,Defensive Midfield,0.627906976744186,0.37209302325581395,Draw,Non-Win
3938645,Belgium,Fullback,0.08695652173913043,0.9130434782608695,Draw,Non-Win
3938645,Belgium,Goalkeeper,1.0,0.0,Draw,Non-Win
3938645,Belgium,Striker,1.0,0.0,Draw,Non-Win
3938645,Belgium,Wide Forward,0.20833333333333334,0.7916666666666666,Draw,Non-Win
3938645,Ukraine,Center Back,0.6666666666666666,0.3333333333333333,Draw,Non-Win
3938645,Ukraine,Central Midfield,0.78125,0.21875,Draw,Non-Win
3938645,Ukraine,Defensive Midfield,0.7272727272727273,0.2727272727272727,Draw,Non-Win
3938645,Ukraine,Fullback,0.058823529411764705,0.9411764705882353,Draw,Non-Win
3938645,Ukraine,Goalkeeper,0.9354838709677419,0.06451612903225806,Draw,Non-Win
3938645,Ukraine,Striker,0.75,0.25,Draw,Non-Win
3938645,Ukraine,Wide Forward,0.8571428571428571,0.14285714285714285,Draw,Non-Win
3939975,Colombia,Attacking Midfield,0.5,0.5,Win,Win
3939975,Colombia,Center Back,0.7894736842105263,0.21052631578947367,Win,Win
3939975,Colombia,Central Midfield,0.46153846153846156,0.5384615384615384,Win,Win
3939975,Colombia,Defensive Midfield,0.7368421052631579,0.2631578947368421,Win,Win
3939975,Colombia,Fullback,0.23076923076923078,0.7692307692307693,Win,Win
3939975,Colombia,Goalkeeper,0.9615384615384616,0.038461538461538464,Win,Win
3939975,Colombia,Striker,0.23076923076923078,0.7692307692307693,Win,Win
3939975,Paraguay,Attacking Midfield,0.0,1.0,Loss,Non-Win
3939975,Paraguay,Center Back,0.5675675675675675,0.43243243243243246,Loss,Non-Win
3939975,Paraguay,Central Midfield,0.46153846153846156,0.5384615384615384,Loss,Non-Win
3939975,Paraguay,Defensive Midfield,0.7692307692307693,0.23076923076923078,Loss,Non-Win
3939975,Paraguay,Fullback,0.04878048780487805,0.9512195121951219,Loss,Non-Win
3939975,Paraguay,Goalkeeper,1.0,0.0,Loss,Non-Win
3939975,Paraguay,Striker,0.5,0.5,Loss,Non-Win
3939975,Paraguay,Wide Forward,0.4,0.6,Loss,Non-Win
3939981,Panama,Center Back,0.6153846153846154,0.38461538461538464,Win,Win
3939981,Panama,Central Midfield,1.0,0.0,Win,Win
3939981,Panama,Defensive Midfield,0.7288135593220338,0.2711864406779661,Win,Win
3939981,Panama,Fullback,0.21428571428571427,0.7857142857142857,Win,Win
3939981,Panama,Goalkeeper,1.0,0.0,Win,Win
3939981,Panama,Striker,0.6666666666666666,0.3333333333333333,Win,Win
3939981,Panama,Wide Forward,0.2727272727272727,0.7272727272727273,Win,Win
3939981,United States,Center Back,0.6666666666666666,0.3333333333333333,Loss,Non-Win
3939981,United States,Central Midfield,0.38461538461538464,0.6153846153846154,Loss,Non-Win
3939981,United States,Defensive Midfield,0.5,0.5,Loss,Non-Win
3939981,United States,Fullback,0.17647058823529413,0.8235294117647058,Loss,Non-Win
3939981,United States,Goalkeeper,0.926829268292683,0.07317073170731707,Loss,Non-Win
3939981,United States,Striker,0.0,1.0,Loss,Non-Win
3939981,United States,Wide Forward,0.42857142857142855,0.5714285714285714,Loss,Non-Win
3939985,Canada,Attacking Midfield,0.6923076923076923,0.3076923076923077,Draw,Non-Win
3939985,Canada,Center Back,0.71875,0.28125,Draw,Non-Win
3939985,Canada,Defensive Midfield,0.6129032258064516,0.3870967741935484,Draw,Non-Win
3939985,Canada,Fullback,0.2641509433962264,0.7358490566037735,Draw,Non-Win
3939985,Canada,Goalkeeper,1.0,0.0,Draw,Non-Win
3939985,Canada,Striker,1.0,0.0,Draw,Non-Win
3939985,Canada,Wide Forward,0.32,0.68,Draw,Non-Win
3939985,Chile,Attacking Midfield,1.0,0.0,Draw,Non-Win
3939985,Chile,Center Back,0.5652173913043478,0.43478260869565216,Draw,Non-Win
3939985,Chile,Defensive Midfield,0.631578947368421,0.3684210526315789,Draw,Non-Win
3939985,Chile,Fullback,0.22916666666666666,0.7708333333333334,Draw,Non-Win
3939985,Chile,Goalkeeper,0.9696969696969697,0.030303030303030304,Draw,Non-Win
3939985,Chile,Striker,0.16666666666666666,0.8333333333333334,Draw,Non-Win
3939985,Chile,Wide Forward,0.3,0.7,Draw,Non-Win
3940878,Italy,Center Back,0.7627118644067796,0.23728813559322035,Loss,Non-Win
3940878,Italy,Central Midfield,0.5,0.5,Loss,Non-Win
3940878,Italy,Defensive Midfield,0.7058823529411765,0.29411764705882354,Loss,Non-Win
3940878,Italy,Fullback,0.37142857142857144,0.6285714285714286,Loss,Non-Win
3940878,Italy,Goalkeeper,1.0,0.0,Loss,Non-Win
3940878,Italy,Striker,0.6666666666666666,0.3333333333333333,Loss,Non-Win
3940878,Italy,Wide Forward,0.25,0.75,Loss,Non-Win
3940878,Switzerland,Attacking Midfield,0.30434782608695654,0.6956521739130435,Win,Win
3940878,Switzerland,Center Back,0.5147058823529411,0.4852941176470588,Win,Win
3940878,Switzerland,Defensive Midfield,0.6326530612244898,0.3673469387755102,Win,Win
3940878,Switzerland,Fullback,0.3333333333333333,0.6666666666666666,Win,Win
3940878,Switzerland,Goalkeeper,0.9411764705882353,0.058823529411764705,Win,Win
3940878,Switzerland,Striker,0.8,0.2,Win,Win
3941017,England,Attacking Midfield,0.4444444444444444,0.5555555555555556,Win,Win
3941017,England,Center Back,0.6219512195121951,0.3780487804878049,Win,Win
3941017,England,Central Midfield,0.5,0.5,Win,Win
3941017,England,Defensive Midfield,0.68,0.32,Win,Win
3941017,England,Fullback,0.17543859649122806,0.8245614035087719,Win,Win
3941017,England,Goalkeeper,0.925,0.075,Win,Win
3941017,England,Striker,0.5454545454545454,0.45454545454545453,Win,Win
3941017,England,Wide Forward,0.12903225806451613,0.8709677419354839,Win,Win
3941017,Slovakia,Center Back,0.6716417910447762,0.3283582089552239,Loss,Non-Win
3941017,Slovakia,Central Midfield,0.5862068965517241,0.41379310344827586,Loss,Non-Win
3941017,Slovakia,Defensive Midfield,0.75,0.25,Loss,Non-Win
3941017,Slovakia,Fullback,0.06451612903225806,0.9354838709677419,Loss,Non-Win
3941017,Slovakia,Goalkeeper,1.0,0.0,Loss,Non-Win
3941017,Slovakia,Striker,0.75,0.25,Loss,Non-Win
3941017,Slovakia,Wide Forward,0.25925925925925924,0.7407407407407407,Loss,Non-Win
3942226,Germany,Attacking Midfield,0.4,0.6,Loss,Non-Win
3942226,Germany,Center Back,0.42857142857142855,0.5714285714285714,Loss,Non-Win
3942226,Germany,Central Midfield,0.2,0.8,Loss,Non-Win
3942226,Germany,Defensive Midfield,0.6666666666666666,0.3333333333333333,Loss,Non-Win
3942226,Germany,Fullback,0.11290322580645161,0.8870967741935484,Loss,Non-Win
3942226,Germany,Goalkeeper,0.9642857142857143,0.03571428571428571,Loss,Non-Win
3942226,Germany,Striker,0.631578947368421,0.3684210526315789,Loss,Non-Win
3942226,Germany,Wide Forward,0.40625,0.59375,Loss,Non-Win
3942226,Spain,Center Back,0.6875,0.3125,Win,Win
3942226,Spain,Central Midfield,0.627906976744186,0.37209302325581395,Win,Win
3942226,Spain,Defensive Midfield,0.6190476190476191,0.38095238095238093,Win,Win
3942226,Spain,Fullback,0.175,0.825,Win,Win
3942226,Spain,Goalkeeper,0.9818181818181818,0.01818181818181818,Win,Win
3942226,Spain,Striker,0.9166666666666666,0.08333333333333333,Win,Win
3942226,Spain,Wide Forward,0.275,0.725,Win,Win
3942227,England,Attacking Midfield,0.6136363636363636,0.38636363636363635,Draw,Non-Win
3942227,England,Center Back,0.5384615384615384,0.46153846153846156,Draw,Non-Win
3942227,England,Defensive Midfield,0.6739130434782609,0.32608695652173914,Draw,Non-Win
3942227,England,Fullback,0.1891891891891892,0.8108108108108109,Draw,Non-Win
3942227,England,Goalkeeper,0.8888888888888888,0.1111111111111111,Draw,Non-Win
3942227,England,Striker,0.3333333333333333,0.6666666666666666,Draw,Non-Win
3942227,Switzerland,Attacking Midfield,0.47619047619047616,0.5238095238095238,Draw,Non-Win
3942227,Switzerland,Center Back,0.5221238938053098,0.4778761061946903,Draw,Non-Win
3942227,Switzerland,Defensive Midfield,0.6415094339622641,0.3584905660377358,Draw,Non-Win
3942227,Switzerland,Fullback,0.21052631578947367,0.7894736842105263,Draw,Non-Win
3942227,Switzerland,Goalkeeper,1.0,0.0,Draw,Non-Win
3942227,Switzerland,Striker,0.6666666666666666,0.3333333333333333,Draw,Non-Win
3942228,Argentina,Center Back,0.574468085106383,0.425531914893617,Draw,Non-Win
3942228,Argentina,Defensive Midfield,0.6956521739130435,0.30434782608695654,Draw,Non-Win
3942228,Argentina,Fullback,0.26666666666666666,0.7333333333333333,Draw,Non-Win
3942228,Argentina,Goalkeeper,0.9090909090909091,0.09090909090909091,Draw,Non-Win
3942228,Argentina,Striker,0.2222222222222222,0.7777777777777778,Draw,Non-Win
3942228,Argentina,Wide Forward,0.5263157894736842,0.47368421052631576,Draw,Non-Win
3942228,Ecuador,Attacking Midfield,0.4166666666666667,0.5833333333333334,Draw,Non-Win
3942228,Ecuador,Center Back,0.6140350877192983,0.38596491228070173,Draw,Non-Win
3942228,Ecuador,Defensive Midfield,0.5652173913043478,0.43478260869565216,Draw,Non-Win
3942228,Ecuador,Fullback,0.038461538461538464,0.9615384615384616,Draw,Non-Win
3942228,Ecuador,Goalkeeper,1.0,0.0,Draw,Non-Win
3942228,Ecuador,Striker,0.6666666666666666,0.3333333333333333,Draw,Non-Win
3942228,Ecuador,Wide Forward,0.42857142857142855,0.5714285714285714,Draw,Non-Win
3943077,Argentina,Center Back,0.7435897435897436,0.2564102564102564,Win,Win
3943077,Argentina,Central Midfield,0.46153846153846156,0.5384615384615384,Win,Win
3943077,Argentina,Defensive Midfield,0.8936170212765957,0.10638297872340426,Win,Win
3943077,Argentina,Fullback,0.17307692307692307,0.8269230769230769,Win,Win
3943077,Argentina,Goalkeeper,0.9333333333333333,0.06666666666666667,Win,Win
3943077,Argentina,Striker,0.6842105263157895,0.3157894736842105,Win,Win
3943077,Argentina,Wide Forward,0.3125,0.6875,Win,Win
3943077,Colombia,Attacking Midfield,0.6486486486486487,0.35135135135135137,Loss,Non-Win
3943077,Colombia,Center Back,0.6268656716417911,0.373134328358209,Loss,Non-Win
3943077,Colombia,Central Midfield,0.7142857142857143,0.2857142857142857,Loss,Non-Win
3943077,Colombia,Defensive Midfield,0.7804878048780488,0.21951219512195122,Loss,Non-Win
3943077,Colombia,Fullback,0.21951219512195122,0.7804878048780488,Loss,Non-Win
3943077,Colombia,Goalkeeper,0.9655172413793104,0.034482758620689655,Loss,Non-Win
3943077,Colombia,Striker,0.08333333333333333,0.9166666666666666,Loss,Non-Win
3998836,Iceland Women's,Attacking Midfield,0.35714285714285715,0.6428571428571429,Loss,Non-Win
3998836,Iceland Women's,Center Back,0.15384615384615385,0.8461538461538461,Loss,Non-Win
3998836,Iceland Women's,Central Midfield,0.2727272727272727,0.7272727272727273,Loss,Non-Win
3998836,Iceland Women's,Defensive Midfield,0.5652173913043478,0.43478260869565216,Loss,Non-Win
3998836,Iceland Women's,Fullback,0.16129032258064516,0.8387096774193549,Loss,Non-Win
3998836,Iceland Women's,Goalkeeper,0.9428571428571428,0.05714285714285714,Loss,Non-Win
3998836,Iceland Women's,Striker,0.0,1.0,Loss,Non-Win
3998836,Iceland Women's,Wide Forward,0.17647058823529413,0.8235294117647058,Loss,Non-Win
3998836,WNT Finland,Attacking Midfield,0.6,0.4,Win,Win
3998836,WNT Finland,Center Back,0.7049180327868853,0.29508196721311475,Win,Win
3998836,WNT Finland,Central Midfield,0.4838709677419355,0.5161290322580645,Win,Win
3998836,WNT Finland,Defensive Midfield,0.6875,0.3125,Win,Win
3998836,WNT Finland,Fullback,0.15789473684210525,0.8421052631578947,Win,Win
3998836,WNT Finland,Goalkeeper,1.0,0.0,Win,Win
3998836,WNT Finland,Striker,0.35714285714285715,0.6428571428571429,Win,Win
3998844,Iceland Women's,Attacking Midfield,0.5333333333333333,0.4666666666666667,Loss,Non-Win
3998844,Iceland Women's,Center Back,0.46875,0.53125,Loss,Non-Win
3998844,Iceland Women's,Central Midfield,0.6666666666666666,0.3333333333333333,Loss,Non-Win
3998844,Iceland Women's,Defensive Midfield,0.6896551724137931,0.3103448275862069,Loss,Non-Win
3998844,Iceland Women's,Fullback,0.09523809523809523,0.9047619047619048,Loss,Non-Win
3998844,Iceland Women's,Goalkeeper,1.0,0.0,Loss,Non-Win
3998844,Iceland Women's,Striker,0.2857142857142857,0.7142857142857143,Loss,Non-Win
3998844,Iceland Women's,Wide Forward,0.0,1.0,Loss,Non-Win
3998844,Switzerland Women's,Center Back,0.3793103448275862,0.6206896551724138,Win,Win
3998844,Switzerland Women's,Central Midfield,0.5714285714285714,0.42857142857142855,Win,Win
3998844,Switzerland Women's,Defensive Midfield,0.6521739130434783,0.34782608695652173,Win,Win
3998844,Switzerland Women's,Fullback,0.08888888888888889,0.9111111111111111,Win,Win
3998844,Switzerland Women's,Goalkeeper,0.8846153846153846,0.11538461538461539,Win,Win
3998844,Switzerland Women's,Striker,0.6470588235294118,0.35294117647058826,Win,Win
3998844,Switzerland Women's,Wide Forward,0.3,0.7,Win,Win
3998852,Switzerland Women's,Attacking Midfield,0.5,0.5,Draw,Non-Win
3998852,Switzerland Women's,Center Back,0.35,0.65,Draw,Non-Win
3998852,Switzerland Women's,Central Midfield,0.3,0.7,Draw,Non-Win
3998852,Switzerland Women's,Defensive Midfield,0.4482758620689655,0.5517241379310345,Draw,Non-Win
3998852,Switzerland Women's,Fullback,0.05263157894736842,0.9473684210526315,Draw,Non-Win
3998852,Switzerland Women's,Goalkeeper,0.9285714285714286,0.07142857142857142,Draw,Non-Win
3998852,Switzerland Women's,Striker,0.3333333333333333,0.6666666666666666,Draw,Non-Win
3998852,Switzerland Women's,Wide Forward,0.14285714285714285,0.8571428571428571,Draw,Non-Win
3998852,WNT Finland,Attacking Midfield,0.5454545454545454,0.45454545454545453,Draw,Non-Win
3998852,WNT Finland,Center Back,0.5370370370370371,0.46296296296296297,Draw,Non-Win
3998852,WNT Finland,Central Midfield,1.0,0.0,Draw,Non-Win
3998852,WNT Finland,Defensive Midfield,0.52,0.48,Draw,Non-Win
3998852,WNT Finland,Fullback,0.23529411764705882,0.7647058823529411,Draw,Non-Win
3998852,WNT Finland,Goalkeeper,0.8235294117647058,0.17647058823529413,Draw,Non-Win
3998852,WNT Finland,Striker,0.16666666666666666,0.8333333333333334,Draw,Non-Win
3998852,WNT Finland,Wide Forward,0.5555555555555556,0.4444444444444444,Draw,Non-Win
3998854,Belgium Women's,Center Back,0.5283018867924528,0.4716981132075472,Win,Win
3998854,Belgium Women's,Central Midfield,0.3684210526315789,0.631578947368421,Win,Win
3998854,Belgium Women's,Defensive Midfield,0.6666666666666666,0.3333333333333333,Win,Win
3998854,Belgium Women's,Fullback,0.07142857142857142,0.9285714285714286,Win,Win
3998854,Belgium Women's,Goalkeeper,1.0,0.0,Win,Win
3998854,Belgium Women's,Striker,0.5454545454545454,0.45454545454545453,Win,Win
3998854,Belgium Women's,Wide Forward,0.5,0.5,Win,Win
3998854,Portugal Women's,Attacking Midfield,0.56,0.44,Loss,Non-Win
3998854,Portugal Women's,Center Back,0.5769230769230769,0.4230769230769231,Loss,Non-Win
3998854,Portugal Women's,Central Midfield,0.5,0.5,Loss,Non-Win
3998854,Portugal Women's,Defensive Midfield,0.7,0.3,Loss,Non-Win
3998854,Portugal Women's,Fullback,0.15384615384615385,0.8461538461538461,Loss,Non-Win
3998854,Portugal Women's,Goalkeeper,1.0,0.0,Loss,Non-Win
3998854,Portugal Women's,Striker,0.3076923076923077,0.6923076923076923,Loss,Non-Win
4018354,Italy Women's,Center Back,0.7868852459016393,0.21311475409836064,Win,Win
4018354,Italy Women's,Central Midfield,0.5555555555555556,0.4444444444444444,Win,Win
4018354,Italy Women's,Defensive Midfield,0.5294117647058824,0.47058823529411764,Win,Win
4018354,Italy Women's,Fullback,0.15151515151515152,0.8484848484848485,Win,Win
4018354,Italy Women's,Goalkeeper,0.9583333333333334,0.041666666666666664,Win,Win
4018354,Italy Women's,Striker,0.5833333333333334,0.4166666666666667,Win,Win
4018354,Italy Women's,Wide Forward,0.2,0.8,Win,Win
4018354,Norway Women's,Attacking Midfield,0.0,1.0,Loss,Non-Win
4018354,Norway Women's,Center Back,0.48148148148148145,0.5185185185185185,Loss,Non-Win
4018354,Norway Women's,Central Midfield,0.5555555555555556,0.4444444444444444,Loss,Non-Win
4018354,Norway Women's,Defensive Midfield,0.7777777777777778,0.2222222222222222,Loss,Non-Win
4018354,Norway Women's,Fullback,0.19642857142857142,0.8035714285714286,Loss,Non-Win
4018354,Norway Women's,Goalkeeper,1.0,0.0,Loss,Non-Win
4018354,Norway Women's,Striker,0.5714285714285714,0.42857142857142855,Loss,Non-Win
4018354,Norway Women's,Wide Forward,0.11538461538461539,0.8846153846153846,Loss,Non-Win
4018355,England Women's,Attacking Midfield,0.3076923076923077,0.6923076923076923,Draw,Non-Win
4018355,England Women's,Center Back,0.6060606060606061,0.3939393939393939,Draw,Non-Win
4018355,England Women's,Central Midfield,0.125,0.875,Draw,Non-Win
4018355,England Women's,Defensive Midfield,0.4864864864864865,0.5135135135135135,Draw,Non-Win
4018355,England Women's,Fullback,0.12790697674418605,0.872093023255814,Draw,Non-Win
4018355,England Women's,Goalkeeper,1.0,0.0,Draw,Non-Win
4018355,England Women's,Striker,0.3333333333333333,0.6666666666666666,Draw,Non-Win
4018355,England Women's,Wide Forward,0.37037037037037035,0.6296296296296297,Draw,Non-Win
4018355,Sweden Women's,Attacking Midfield,0.55,0.45,Draw,Non-Win
4018355,Sweden Women's,Center Back,0.6153846153846154,0.38461538461538464,Draw,Non-Win
4018355,Sweden Women's,Defensive Midfield,0.42,0.58,Draw,Non-Win
4018355,Sweden Women's,Fullback,0.125,0.875,Draw,Non-Win
4018355,Sweden Women's,Goalkeeper,0.9512195121951219,0.04878048780487805,Draw,Non-Win
4018355,Sweden Women's,Striker,0.4444444444444444,0.5555555555555556,Draw,Non-Win
4018355,Sweden Women's,Wide Forward,0.2571428571428571,0.7428571428571429,Draw,Non-Win
