match_id,team,position_bin,touches,team_touches,touch_share,outcome,outcome_binary
7480,OL Reign,Center Back,222,1226,0.18107667210440456,Win,Win
7480,OL Reign,Central Midfield,357,1226,0.2911908646003263,Win,Win
7480,OL Reign,Fullback,265,1226,0.21615008156606852,Win,Win
7480,OL Reign,Goalkeeper,60,1226,0.048939641109298535,Win,Win
7480,OL Reign,Striker,102,1226,0.08319738988580751,Win,Win
7480,OL Reign,Wide Forward,220,1226,0.17944535073409462,Win,Win
7480,Utah Royals,Attacking Midfield,142,1105,0.12850678733031673,Loss,Non-Win
7480,Utah Royals,Center Back,193,1105,0.17466063348416289,Loss,Non-Win
7480,Utah Royals,Defensive Midfield,220,1105,0.19909502262443438,Loss,Non-Win
7480,Utah Royals,Fullback,256,1105,0.2316742081447964,Loss,Non-Win
7480,Utah Royals,Goalkeeper,79,1105,0.07149321266968325,Loss,Non-Win
7480,Utah Royals,Striker,103,1105,0.09321266968325792,Loss,Non-Win
7480,Utah Royals,Wide Forward,112,1105,0.10135746606334842,Loss,Non-Win
7494,Houston Dash,Attacking Midfield,123,1073,0.11463187325256291,Loss,Non-Win
7494,Houston Dash,Center Back,176,1073,0.16402609506057783,Loss,Non-Win
7494,Houston Dash,Central Midfield,226,1073,0.21062441752096925,Loss,Non-Win
7494,Houston Dash,Defensive Midfield,86,1073,0.08014911463187326,Loss,Non-Win
7494,Houston Dash,Fullback,190,1073,0.17707362534948742,Loss,Non-Win
7494,Houston Dash,Goalkeeper,54,1073,0.05032618825722274,Loss,Non-Win
7494,Houston Dash,Striker,218,1073,0.2031686859273066,Loss,Non-Win
7494,Utah Royals,Attacking Midfield,526,1804,0.2915742793791574,Win,Win
7494,Utah Royals,Center Back,297,1804,0.16463414634146342,Win,Win
7494,Utah Royals,Central Midfield,119,1804,0.06596452328159645,Win,Win
7494,Utah Royals,Defensive Midfield,363,1804,0.20121951219512196,Win,Win
7494,Utah Royals,Fullback,278,1804,0.1541019955654102,Win,Win
7494,Utah Royals,Goalkeeper,65,1804,0.03603104212860311,Win,Win
7494,Utah Royals,Striker,139,1804,0.0770509977827051,Win,Win
7494,Utah Royals,Wide Forward,17,1804,0.009423503325942351,Win,Win
7497,Chicago Red Stars,Center Back,119,1210,0.09834710743801653,Draw,Non-Win
7497,Chicago Red Stars,Central Midfield,294,1210,0.24297520661157024,Draw,Non-Win
7497,Chicago Red Stars,Fullback,202,1210,0.1669421487603306,Draw,Non-Win
7497,Chicago Red Stars,Goalkeeper,56,1210,0.04628099173553719,Draw,Non-Win
7497,Chicago Red Stars,Striker,261,1210,0.21570247933884298,Draw,Non-Win
7497,Chicago Red Stars,Wide Forward,278,1210,0.22975206611570248,Draw,Non-Win
7497,North Carolina Courage,Center Back,186,1261,0.14750198255352895,Draw,Non-Win
7497,North Carolina Courage,Central Midfield,264,1261,0.20935765265662173,Draw,Non-Win
7497,North Carolina Courage,Defensive Midfield,83,1261,0.06582077716098335,Draw,Non-Win
7497,North Carolina Courage,Fullback,267,1261,0.21173671689135606,Draw,Non-Win
7497,North Carolina Courage,Goalkeeper,66,1261,0.052339413164155434,Draw,Non-Win
7497,North Carolina Courage,Striker,187,1261,0.14829500396510706,Draw,Non-Win
7497,North Carolina Courage,Wide Forward,208,1261,0.16494845360824742,Draw,Non-Win
7521,NJ/NY Gotham FC,Attacking Midfield,96,976,0.09836065573770492,Loss,Non-Win
7521,NJ/NY Gotham FC,Center Back,114,976,0.1168032786885246,Loss,Non-Win
7521,NJ/NY Gotham FC,Central Midfield,202,976,0.2069672131147541,Loss,Non-Win
7521,NJ/NY Gotham FC,Defensive Midfield,25,976,0.025614754098360656,Loss,Non-Win
7521,NJ/NY Gotham FC,Fullback,195,976,0.19979508196721313,Loss,Non-Win
7521,NJ/NY Gotham FC,Goalkeeper,57,976,0.0584016393442623,Loss,Non-Win
7521,NJ/NY Gotham FC,Striker,111,976,0.11372950819672131,Loss,Non-Win
7521,NJ/NY Gotham FC,Wide Forward,176,976,0.18032786885245902,Loss,Non-Win
7521,Utah Royals,Attacking Midfield,424,1211,0.3501238645747316,Win,Win
7521,Utah Royals,Center Back,225,1211,0.18579686209744012,Win,Win
7521,Utah Royals,Central Midfield,180,1211,0.1486374896779521,Win,Win
7521,Utah Royals,Defensive Midfield,4,1211,0.0033030553261767133,Win,Win
7521,Utah Royals,Fullback,238,1211,0.19653179190751446,Win,Win
7521,Utah Royals,Goalkeeper,46,1211,0.037985136251032205,Win,Win
7521,Utah Royals,Striker,94,1211,0.07762180016515277,Win,Win
7522,Houston Dash,Attacking Midfield,114,1300,0.0876923076923077,Draw,Non-Win
7522,Houston Dash,Center Back,165,1300,0.12692307692307692,Draw,Non-Win
7522,Houston Dash,Defensive Midfield,291,1300,0.22384615384615383,Draw,Non-Win
7522,Houston Dash,Fullback,310,1300,0.23846153846153847,Draw,Non-Win
7522,Houston Dash,Goalkeeper,75,1300,0.057692307692307696,Draw,Non-Win
7522,Houston Dash,Striker,120,1300,0.09230769230769231,Draw,Non-Win
7522,Houston Dash,Wide Forward,225,1300,0.17307692307692307,Draw,Non-Win
7522,North Carolina Courage,Center Back,261,1286,0.20295489891135304,Draw,Non-Win
7522,North Carolina Courage,Defensive Midfield,257,1286,0.19984447900466562,Draw,Non-Win
7522,North Carolina Courage,Fullback,264,1286,0.2052877138413686,Draw,Non-Win
7522,North Carolina Courage,Goalkeeper,52,1286,0.04043545878693624,Draw,Non-Win
7522,North Carolina Courage,Striker,206,1286,0.16018662519440124,Draw,Non-Win
7522,North Carolina Courage,Wide Forward,246,1286,0.19129082426127528,Draw,Non-Win
7523,OL Reign,Center Back,262,1340,0.19552238805970149,Draw,Non-Win
7523,OL Reign,Central Midfield,369,1340,0.2753731343283582,Draw,Non-Win
7523,OL Reign,Fullback,240,1340,0.1791044776119403,Draw,Non-Win
7523,OL Reign,Goalkeeper,87,1340,0.06492537313432836,Draw,Non-Win
7523,OL Reign,Striker,109,1340,0.08134328358208955,Draw,Non-Win
7523,OL Reign,Wide Forward,273,1340,0.20373134328358208,Draw,Non-Win
7523,Orlando Pride,Attacking Midfield,151,1076,0.14033457249070633,Draw,Non-Win
7523,Orlando Pride,Center Back,119,1076,0.11059479553903345,Draw,Non-Win
7523,Orlando Pride,Defensive Midfield,255,1076,0.23698884758364314,Draw,Non-Win
7523,Orlando Pride,Fullback,194,1076,0.18029739776951673,Draw,Non-Win
7523,Orlando Pride,Goalkeeper,44,1076,0.040892193308550186,Draw,Non-Win
7523,Orlando Pride,Striker,134,1076,0.12453531598513011,Draw,Non-Win
7523,Orlando Pride,Wide Forward,179,1076,0.16635687732342008,Draw,Non-Win
7524,Houston Dash,Attacking Midfield,110,905,0.12154696132596685,Win,Win
7524,Houston Dash,Center Back,130,905,0.143646408839779,Win,Win
7524,Houston Dash,Defensive Midfield,117,905,0.1292817679558011,Win,Win
7524,Houston Dash,Fullback,178,905,0.19668508287292819,Win,Win
7524,Houston Dash,Goalkeeper,65,905,0.0718232044198895,Win,Win
7524,Houston Dash,Striker,124,905,0.13701657458563535,Win,Win
7524,Houston Dash,Wide Forward,181,905,0.2,Win,Win
7524,Orlando Pride,Center Back,313,1678,0.1865315852205006,Loss,Non-Win
7524,Orlando Pride,Central Midfield,430,1678,0.2562574493444577,Loss,Non-Win
7524,Orlando Pride,Defensive Midfield,160,1678,0.09535160905840286,Loss,Non-Win
7524,Orlando Pride,Fullback,299,1678,0.17818831942789035,Loss,Non-Win
7524,Orlando Pride,Goalkeeper,49,1678,0.029201430274135878,Loss,Non-Win
7524,Orlando Pride,Striker,131,1678,0.07806912991656734,Loss,Non-Win
7524,Orlando Pride,Wide Forward,296,1678,0.1764004767580453,Loss,Non-Win
7549,Iceland,Attacking Midfield,1,931,0.0010741138560687433,Loss,Non-Win
7549,Iceland,Center Back,113,931,0.12137486573576799,Loss,Non-Win
7549,Iceland,Defensive Midfield,245,931,0.2631578947368421,Loss,Non-Win
7549,Iceland,Fullback,184,931,0.19763694951664876,Loss,Non-Win
7549,Iceland,Goalkeeper,41,931,0.04403866809881848,Loss,Non-Win
7549,Iceland,Striker,185,931,0.19871106337271752,Loss,Non-Win
7549,Iceland,Wide Forward,162,931,0.17400644468313642,Loss,Non-Win
7549,Nigeria,Attacking Midfield,12,1430,0.008391608391608392,Win,Win
7549,Nigeria,Center Back,335,1430,0.23426573426573427,Win,Win
7549,Nigeria,Central Midfield,530,1430,0.3706293706293706,Win,Win
7549,Nigeria,Defensive Midfield,6,1430,0.004195804195804196,Win,Win
7549,Nigeria,Fullback,6,1430,0.004195804195804196,Win,Win
7549,Nigeria,Goalkeeper,28,1430,0.019580419580419582,Win,Win
7549,Nigeria,Striker,249,1430,0.17412587412587413,Win,Win
7549,Nigeria,Wide Forward,264,1430,0.18461538461538463,Win,Win
7555,Colombia,Attacking Midfield,230,1611,0.14276846679081315,Win,Win
7555,Colombia,Center Back,207,1611,0.12849162011173185,Win,Win
7555,Colombia,Defensive Midfield,287,1611,0.17815021725636251,Win,Win
7555,Colombia,Fullback,247,1611,0.15332091868404718,Win,Win
7555,Colombia,Goalkeeper,45,1611,0.027932960893854747,Win,Win
7555,Colombia,Striker,144,1611,0.0893854748603352,Win,Win
7555,Colombia,Wide Forward,451,1611,0.27995034140285535,Win,Win
7555,Poland,Center Back,416,1179,0.35284139100932993,Loss,Non-Win
7555,Poland,Central Midfield,216,1179,0.183206106870229,Loss,Non-Win
7555,Poland,Goalkeeper,53,1179,0.04495335029686175,Loss,Non-Win
7555,Poland,Striker,134,1179,0.11365564037319763,Loss,Non-Win
7555,Poland,Wide Forward,360,1179,0.3053435114503817,Loss,Non-Win
7557,Iran,Center Back,88,628,0.14012738853503184,Draw,Non-Win
7557,Iran,Central Midfield,112,628,0.17834394904458598,Draw,Non-Win
7557,Iran,Defensive Midfield,59,628,0.09394904458598727,Draw,Non-Win
7557,Iran,Fullback,117,628,0.18630573248407642,Draw,Non-Win
7557,Iran,Goalkeeper,40,628,0.06369426751592357,Draw,Non-Win
7557,Iran,Striker,74,628,0.1178343949044586,Draw,Non-Win
7557,Iran,Wide Forward,138,628,0.2197452229299363,Draw,Non-Win
7557,Portugal,Center Back,346,1854,0.1866235167206041,Draw,Non-Win
7557,Portugal,Defensive Midfield,523,1854,0.2820927723840345,Draw,Non-Win
7557,Portugal,Fullback,355,1854,0.19147788565264293,Draw,Non-Win
7557,Portugal,Goalkeeper,42,1854,0.022653721682847898,Draw,Non-Win
7557,Portugal,Striker,240,1854,0.12944983818770225,Draw,Non-Win
7557,Portugal,Wide Forward,348,1854,0.18770226537216828,Draw,Non-Win
7563,Denmark,Center Back,185,935,0.19786096256684493,Draw,Non-Win
7563,Denmark,Central Midfield,207,935,0.22139037433155082,Draw,Non-Win
7563,Denmark,Defensive Midfield,55,935,0.058823529411764705,Draw,Non-Win
7563,Denmark,Fullback,157,935,0.1679144385026738,Draw,Non-Win
7563,Denmark,Goalkeeper,63,935,0.06737967914438503,Draw,Non-Win
7563,Denmark,Striker,97,935,0.10374331550802139,Draw,Non-Win
7563,Denmark,Wide Forward,171,935,0.18288770053475936,Draw,Non-Win
7563,France,Attacking Midfield,188,1984,0.09475806451612903,Draw,Non-Win
7563,France,Center Back,421,1984,0.21219758064516128,Draw,Non-Win
7563,France,Defensive Midfield,404,1984,0.20362903225806453,Draw,Non-Win
7563,France,Fullback,475,1984,0.23941532258064516,Draw,Non-Win
7563,France,Goalkeeper,54,1984,0.02721774193548387,Draw,Non-Win
7563,France,Striker,68,1984,0.034274193548387094,Draw,Non-Win
7563,France,Wide Forward,374,1984,0.18850806451612903,Draw,Non-Win
7570,Belgium,Center Back,603,1686,0.35765124555160144,Win,Win
7570,Belgium,Central Midfield,386,1686,0.22894424673784106,Win,Win
7570,Belgium,Goalkeeper,84,1686,0.0498220640569395,Win,Win
7570,Belgium,Striker,84,1686,0.0498220640569395,Win,Win
7570,Belgium,Wide Forward,529,1686,0.3137603795966785,Win,Win
7570,England,Attacking Midfield,278,1504,0.1848404255319149,Loss,Non-Win
7570,England,Center Back,487,1504,0.3238031914893617,Loss,Non-Win
7570,England,Defensive Midfield,171,1504,0.11369680851063829,Loss,Non-Win
7570,England,Goalkeeper,82,1504,0.05452127659574468,Loss,Non-Win
7570,England,Striker,163,1504,0.10837765957446809,Loss,Non-Win
7570,England,Wide Forward,323,1504,0.21476063829787234,Loss,Non-Win
7571,Colombia,Attacking Midfield,90,1233,0.072992700729927,Win,Win
7571,Colombia,Center Back,312,1233,0.25304136253041365,Win,Win
7571,Colombia,Central Midfield,195,1233,0.15815085158150852,Win,Win
7571,Colombia,Fullback,237,1233,0.1922141119221411,Win,Win
7571,Colombia,Goalkeeper,56,1233,0.0454176804541768,Win,Win
7571,Colombia,Striker,83,1233,0.06731549067315491,Win,Win
7571,Colombia,Wide Forward,260,1233,0.21086780210867803,Win,Win
7571,Senegal,Center Back,203,866,0.23441108545034642,Loss,Non-Win
7571,Senegal,Central Midfield,168,866,0.19399538106235567,Loss,Non-Win
7571,Senegal,Fullback,139,866,0.1605080831408776,Loss,Non-Win
7571,Senegal,Goalkeeper,36,866,0.04157043879907621,Loss,Non-Win
7571,Senegal,Striker,187,866,0.21593533487297922,Loss,Non-Win
7571,Senegal,Wide Forward,133,866,0.1535796766743649,Loss,Non-Win
7572,Japan,Center Back,447,1584,0.2821969696969697,Loss,Non-Win
7572,Japan,Central Midfield,380,1584,0.2398989898989899,Loss,Non-Win
7572,Japan,Defensive Midfield,41,1584,0.025883838383838384,Loss,Non-Win
7572,Japan,Fullback,241,1584,0.15214646464646464,Loss,Non-Win
7572,Japan,Goalkeeper,40,1584,0.025252525252525252,Loss,Non-Win
7572,Japan,Striker,162,1584,0.10227272727272728,Loss,Non-Win
7572,Japan,Wide Forward,273,1584,0.17234848484848486,Loss,Non-Win
7572,Poland,Attacking Midfield,138,1415,0.09752650176678446,Win,Win
7572,Poland,Center Back,404,1415,0.2855123674911661,Win,Win
7572,Poland,Defensive Midfield,213,1415,0.15053003533568904,Win,Win
7572,Poland,Fullback,264,1415,0.18657243816254418,Win,Win
7572,Poland,Goalkeeper,56,1415,0.039575971731448764,Win,Win
7572,Poland,Striker,101,1415,0.07137809187279152,Win,Win
7572,Poland,Wide Forward,239,1415,0.16890459363957597,Win,Win
7576,Portugal,Center Back,155,1086,0.1427255985267035,Draw,Non-Win
7576,Portugal,Central Midfield,238,1086,0.21915285451197053,Draw,Non-Win
7576,Portugal,Fullback,252,1086,0.23204419889502761,Draw,Non-Win
7576,Portugal,Goalkeeper,49,1086,0.04511970534069982,Draw,Non-Win
7576,Portugal,Striker,206,1086,0.18968692449355432,Draw,Non-Win
7576,Portugal,Wide Forward,186,1086,0.1712707182320442,Draw,Non-Win
7576,Spain,Center Back,499,2249,0.2218763895064473,Draw,Non-Win
7576,Spain,Central Midfield,529,2249,0.2352156514006225,Draw,Non-Win
7576,Spain,Defensive Midfield,193,2249,0.08581591818586039,Draw,Non-Win
7576,Spain,Fullback,403,2249,0.1791907514450867,Draw,Non-Win
7576,Spain,Goalkeeper,33,2249,0.014673188083592708,Draw,Non-Win
7576,Spain,Striker,103,2249,0.04579813250333482,Draw,Non-Win
7576,Spain,Wide Forward,489,2249,0.21742996887505558,Draw,Non-Win
7580,Argentina,Center Back,333,1586,0.20996216897856243,Loss,Non-Win
7580,Argentina,Central Midfield,345,1586,0.21752837326607818,Loss,Non-Win
7580,Argentina,Defensive Midfield,113,1586,0.0712484237074401,Loss,Non-Win
7580,Argentina,Fullback,303,1586,0.19104665825977302,Loss,Non-Win
7580,Argentina,Goalkeeper,47,1586,0.029634300126103404,Loss,Non-Win
7580,Argentina,Striker,193,1586,0.12168978562421186,Loss,Non-Win
7580,Argentina,Wide Forward,252,1586,0.15889029003783103,Loss,Non-Win
7580,France,Center Back,202,1042,0.19385796545105566,Win,Win
7580,France,Defensive Midfield,286,1042,0.2744721689059501,Win,Win
7580,France,Fullback,221,1042,0.21209213051823417,Win,Win
7580,France,Goalkeeper,52,1042,0.04990403071017274,Win,Win
7580,France,Striker,58,1042,0.05566218809980806,Win,Win
7580,France,Wide Forward,223,1042,0.21401151631477927,Win,Win
8649,France,Attacking Midfield,175,1614,0.10842627013630732,Win,Win
8649,France,Center Back,149,1614,0.09231722428748451,Win,Win
8649,France,Central Midfield,366,1614,0.22676579925650558,Win,Win
8649,France,Defensive Midfield,32,1614,0.01982651796778191,Win,Win
8649,France,Fullback,375,1614,0.23234200743494424,Win,Win
8649,France,Goalkeeper,55,1614,0.03407682775712516,Win,Win
8649,France,Striker,129,1614,0.07992565055762081,Win,Win
8649,France,Wide Forward,333,1614,0.20631970260223048,Win,Win
8649,Uruguay,Attacking Midfield,72,912,0.07894736842105263,Loss,Non-Win
8649,Uruguay,Center Back,149,912,0.16337719298245615,Loss,Non-Win
8649,Uruguay,Central Midfield,173,912,0.18969298245614036,Loss,Non-Win
8649,Uruguay,Defensive Midfield,57,912,0.0625,Loss,Non-Win
8649,Uruguay,Fullback,168,912,0.18421052631578946,Loss,Non-Win
8649,Uruguay,Goalkeeper,32,912,0.03508771929824561,Loss,Non-Win
8649,Uruguay,Striker,161,912,0.17653508771929824,Loss,Non-Win
8649,Uruguay,Wide Forward,100,912,0.10964912280701754,Loss,Non-Win
8651,England,Attacking Midfield,291,1525,0.19081967213114753,Win,Win
8651,England,Center Back,460,1525,0.3016393442622951,Win,Win
8651,England,Defensive Midfield,158,1525,0.10360655737704919,Win,Win
8651,England,Fullback,21,1525,0.01377049180327869,Win,Win
8651,England,Goalkeeper,78,1525,0.051147540983606556,Win,Win
8651,England,Striker,215,1525,0.14098360655737704,Win,Win
8651,England,Wide Forward,302,1525,0.1980327868852459,Win,Win
8651,Sweden,Center Back,198,1028,0.1926070038910506,Loss,Non-Win
8651,Sweden,Central Midfield,174,1028,0.16926070038910507,Loss,Non-Win
8651,Sweden,Fullback,267,1028,0.259727626459144,Loss,Non-Win
8651,Sweden,Goalkeeper,52,1028,0.05058365758754864,Loss,Non-Win
8651,Sweden,Striker,145,1028,0.14105058365758755,Loss,Non-Win
8651,Sweden,Wide Forward,192,1028,0.1867704280155642,Loss,Non-Win
8657,Belgium,Center Back,379,1486,0.2550471063257066,Win,Win
8657,Belgium,Defensive Midfield,317,1486,0.2133243606998654,Win,Win
8657,Belgium,Fullback,214,1486,0.1440107671601615,Win,Win
8657,Belgium,Goalkeeper,67,1486,0.04508748317631225,Win,Win
8657,Belgium,Striker,99,1486,0.06662180349932706,Win,Win
8657,Belgium,Wide Forward,410,1486,0.2759084791386272,Win,Win
8657,England,Center Back,606,2046,0.2961876832844575,Loss,Non-Win
8657,England,Central Midfield,470,2046,0.22971652003910067,Loss,Non-Win
8657,England,Defensive Midfield,254,2046,0.1241446725317693,Loss,Non-Win
8657,England,Fullback,389,2046,0.19012707722385142,Loss,Non-Win
8657,England,Goalkeeper,45,2046,0.021994134897360705,Loss,Non-Win
8657,England,Striker,282,2046,0.1378299120234604,Loss,Non-Win
9602,Barcelona,Center Back,440,1996,0.22044088176352705,Win,Win
9602,Barcelona,Central Midfield,448,1996,0.22444889779559118,Win,Win
9602,Barcelona,Defensive Midfield,220,1996,0.11022044088176353,Win,Win
9602,Barcelona,Fullback,410,1996,0.20541082164328658,Win,Win
9602,Barcelona,Goalkeeper,43,1996,0.02154308617234469,Win,Win
9602,Barcelona,Striker,94,1996,0.047094188376753505,Win,Win
9602,Barcelona,Wide Forward,341,1996,0.17084168336673347,Win,Win
9602,Getafe,Attacking Midfield,58,857,0.0676779463243874,Loss,Non-Win
9602,Getafe,Center Back,92,857,0.1073512252042007,Loss,Non-Win
9602,Getafe,Defensive Midfield,125,857,0.14585764294049008,Loss,Non-Win
9602,Getafe,Fullback,165,857,0.19253208868144692,Loss,Non-Win
9602,Getafe,Goalkeeper,63,857,0.073512252042007,Loss,Non-Win
9602,Getafe,Striker,141,857,0.1645274212368728,Loss,Non-Win
9602,Getafe,Wide Forward,213,857,0.2485414235705951,Loss,Non-Win
9620,Barcelona,Center Back,433,1574,0.27509529860228715,Win,Win
9620,Barcelona,Defensive Midfield,342,1574,0.21728081321473952,Win,Win
9620,Barcelona,Fullback,233,1574,0.1480304955527319,Win,Win
9620,Barcelona,Goalkeeper,98,1574,0.062261753494282084,Win,Win
9620,Barcelona,Striker,209,1574,0.13278271918678525,Win,Win
9620,Barcelona,Wide Forward,259,1574,0.1645489199491741,Win,Win
9620,Girona,Attacking Midfield,114,1070,0.10654205607476636,Loss,Non-Win
9620,Girona,Center Back,268,1070,0.2504672897196262,Loss,Non-Win
9620,Girona,Central Midfield,275,1070,0.2570093457943925,Loss,Non-Win
9620,Girona,Defensive Midfield,38,1070,0.03551401869158879,Loss,Non-Win
9620,Girona,Fullback,246,1070,0.22990654205607478,Loss,Non-Win
9620,Girona,Goalkeeper,52,1070,0.048598130841121495,Loss,Non-Win
9620,Girona,Striker,77,1070,0.07196261682242991,Loss,Non-Win
9695,Barcelona,Center Back,322,2232,0.1442652329749104,Draw,Non-Win
9695,Barcelona,Defensive Midfield,491,2232,0.2199820788530466,Draw,Non-Win
9695,Barcelona,Fullback,441,2232,0.1975806451612903,Draw,Non-Win
9695,Barcelona,Goalkeeper,53,2232,0.023745519713261647,Draw,Non-Win
9695,Barcelona,Striker,433,2232,0.19399641577060933,Draw,Non-Win
9695,Barcelona,Wide Forward,492,2232,0.22043010752688172,Draw,Non-Win
9695,Valencia,Center Back,122,984,0.12398373983739837,Draw,Non-Win
9695,Valencia,Defensive Midfield,257,984,0.2611788617886179,Draw,Non-Win
9695,Valencia,Fullback,199,984,0.20223577235772358,Draw,Non-Win
9695,Valencia,Goalkeeper,41,984,0.041666666666666664,Draw,Non-Win
9695,Valencia,Striker,182,984,0.18495934959349594,Draw,Non-Win
9695,Valencia,Wide Forward,183,984,0.18597560975609756,Draw,Non-Win
9783,Barcelona,Attacking Midfield,40,1822,0.021953896816684963,Draw,Non-Win
9783,Barcelona,Center Back,274,1822,0.150384193194292,Draw,Non-Win
9783,Barcelona,Central Midfield,468,1822,0.25686059275521406,Draw,Non-Win
9783,Barcelona,Defensive Midfield,202,1822,0.11086717892425905,Draw,Non-Win
9783,Barcelona,Fullback,411,1822,0.22557628979143798,Draw,Non-Win
9783,Barcelona,Goalkeeper,56,1822,0.030735455543358946,Draw,Non-Win
9783,Barcelona,Striker,133,1822,0.0729967069154775,Draw,Non-Win
9783,Barcelona,Wide Forward,238,1822,0.13062568605927552,Draw,Non-Win
9783,Espanyol,Center Back,47,674,0.06973293768545995,Draw,Non-Win
9783,Espanyol,Defensive Midfield,117,674,0.17359050445103857,Draw,Non-Win
9783,Espanyol,Fullback,150,674,0.22255192878338279,Draw,Non-Win
9783,Espanyol,Goalkeeper,27,674,0.040059347181008904,Draw,Non-Win
9783,Espanyol,Striker,188,674,0.2789317507418398,Draw,Non-Win
9783,Espanyol,Wide Forward,145,674,0.21513353115727002,Draw,Non-Win
9827,Barcelona,Center Back,277,1638,0.16910866910866912,Draw,Non-Win
9827,Barcelona,Defensive Midfield,397,1638,0.24236874236874237,Draw,Non-Win
9827,Barcelona,Fullback,262,1638,0.15995115995115994,Draw,Non-Win
9827,Barcelona,Goalkeeper,91,1638,0.05555555555555555,Draw,Non-Win
9827,Barcelona,Striker,270,1638,0.16483516483516483,Draw,Non-Win
9827,Barcelona,Wide Forward,341,1638,0.2081807081807082,Draw,Non-Win
9827,Las Palmas,Attacking Midfield,87,950,0.09157894736842105,Draw,Non-Win
9827,Las Palmas,Center Back,130,950,0.1368421052631579,Draw,Non-Win
9827,Las Palmas,Defensive Midfield,225,950,0.23684210526315788,Draw,Non-Win
9827,Las Palmas,Fullback,199,950,0.2094736842105263,Draw,Non-Win
9827,Las Palmas,Goalkeeper,91,950,0.09578947368421052,Draw,Non-Win
9827,Las Palmas,Striker,85,950,0.08947368421052632,Draw,Non-Win
9827,Las Palmas,Wide Forward,133,950,0.14,Draw,Non-Win
9889,Barcelona,Attacking Midfield,117,1500,0.078,Draw,Non-Win
9889,Barcelona,Center Back,249,1500,0.166,Draw,Non-Win
9889,Barcelona,Central Midfield,258,1500,0.172,Draw,Non-Win
9889,Barcelona,Defensive Midfield,98,1500,0.06533333333333333,Draw,Non-Win
9889,Barcelona,Fullback,307,1500,0.20466666666666666,Draw,Non-Win
9889,Barcelona,Goalkeeper,91,1500,0.06066666666666667,Draw,Non-Win
9889,Barcelona,Striker,113,1500,0.07533333333333334,Draw,Non-Win
9889,Barcelona,Wide Forward,267,1500,0.178,Draw,Non-Win
9889,Celta Vigo,Center Back,364,1392,0.2614942528735632,Draw,Non-Win
9889,Celta Vigo,Central Midfield,261,1392,0.1875,Draw,Non-Win
9889,Celta Vigo,Defensive Midfield,135,1392,0.09698275862068965,Draw,Non-Win
9889,Celta Vigo,Fullback,19,1392,0.013649425287356323,Draw,Non-Win
9889,Celta Vigo,Goalkeeper,56,1392,0.040229885057471264,Draw,Non-Win
9889,Celta Vigo,Striker,226,1392,0.16235632183908047,Draw,Non-Win
9889,Celta Vigo,Wide Forward,331,1392,0.2377873563218391,Draw,Non-Win
16073,Atlético Madrid,Center Back,91,1015,0.0896551724137931,Draw,Non-Win
16073,Atlético Madrid,Central Midfield,209,1015,0.20591133004926107,Draw,Non-Win
16073,Atlético Madrid,Fullback,227,1015,0.22364532019704433,Draw,Non-Win
16073,Atlético Madrid,Goalkeeper,26,1015,0.02561576354679803,Draw,Non-Win
16073,Atlético Madrid,Striker,196,1015,0.19310344827586207,Draw,Non-Win
16073,Atlético Madrid,Wide Forward,266,1015,0.2620689655172414,Draw,Non-Win
16073,Barcelona,Center Back,419,2235,0.18747203579418345,Draw,Non-Win
16073,Barcelona,Central Midfield,495,2235,0.2214765100671141,Draw,Non-Win
16073,Barcelona,Fullback,472,2235,0.21118568232662194,Draw,Non-Win
16073,Barcelona,Goalkeeper,74,2235,0.033109619686800894,Draw,Non-Win
16073,Barcelona,Striker,370,2235,0.16554809843400448,Draw,Non-Win
16073,Barcelona,Wide Forward,405,2235,0.18120805369127516,Draw,Non-Win
16079,Barcelona,Center Back,306,2057,0.1487603305785124,Win,Win
16079,Barcelona,Central Midfield,443,2057,0.21536217792902285,Win,Win
16079,Barcelona,Defensive Midfield,234,2057,0.11375789985415653,Win,Win
16079,Barcelona,Fullback,415,2057,0.2017501215362178,Win,Win
16079,Barcelona,Goalkeeper,42,2057,0.020418084589207585,Win,Win
16079,Barcelona,Striker,157,2057,0.07632474477394263,Win,Win
16079,Barcelona,Wide Forward,460,2057,0.2236266407389402,Win,Win
16079,Villarreal,Center Back,247,1213,0.20362737015663643,Loss,Non-Win
16079,Villarreal,Central Midfield,244,1213,0.20115416323165705,Loss,Non-Win
16079,Villarreal,Defensive Midfield,151,1213,0.12448474855729597,Loss,Non-Win
16079,Villarreal,Fullback,207,1213,0.17065127782357792,Loss,Non-Win
16079,Villarreal,Goalkeeper,52,1213,0.04286892003297609,Loss,Non-Win
16079,Villarreal,Striker,98,1213,0.0807914262159934,Loss,Non-Win
16079,Villarreal,Wide Forward,214,1213,0.17642209398186315,Loss,Non-Win
16109,Barcelona,Center Back,334,1616,0.20668316831683167,Win,Win
16109,Barcelona,Central Midfield,303,1616,0.1875,Win,Win
16109,Barcelona,Defensive Midfield,154,1616,0.0952970297029703,Win,Win
16109,Barcelona,Fullback,367,1616,0.2271039603960396,Win,Win
16109,Barcelona,Goalkeeper,75,1616,0.04641089108910891,Win,Win
16109,Barcelona,Striker,90,1616,0.055693069306930694,Win,Win
16109,Barcelona,Wide Forward,293,1616,0.1813118811881188,Win,Win
16109,Celta Vigo,Attacking Midfield,84,1509,0.055666003976143144,Loss,Non-Win
16109,Celta Vigo,Center Back,216,1509,0.14314115308151093,Loss,Non-Win
16109,Celta Vigo,Defensive Midfield,370,1509,0.24519549370444002,Loss,Non-Win
16109,Celta Vigo,Fullback,292,1509,0.19350563286944997,Loss,Non-Win
16109,Celta Vigo,Goalkeeper,74,1509,0.04903909874088801,Loss,Non-Win
16109,Celta Vigo,Striker,152,1509,0.10072895957587806,Loss,Non-Win
16109,Celta Vigo,Wide Forward,321,1509,0.21272365805168986,Loss,Non-Win
16120,Barcelona,Center Back,413,2227,0.18545127974854064,Win,Win
16120,Barcelona,Central Midfield,532,2227,0.23888639425235744,Win,Win
16120,Barcelona,Defensive Midfield,236,2227,0.10597215985630894,Win,Win
16120,Barcelona,Fullback,449,2227,0.20161652447238437,Win,Win
16120,Barcelona,Goalkeeper,81,2227,0.03637180062864841,Win,Win
16120,Barcelona,Striker,121,2227,0.05433318365514145,Win,Win
16120,Barcelona,Wide Forward,395,2227,0.17736865738661878,Win,Win
16120,Getafe,Center Back,76,695,0.1093525179856115,Loss,Non-Win
16120,Getafe,Defensive Midfield,86,695,0.1237410071942446,Loss,Non-Win
16120,Getafe,Fullback,151,695,0.21726618705035972,Loss,Non-Win
16120,Getafe,Goalkeeper,39,695,0.05611510791366906,Loss,Non-Win
16120,Getafe,Striker,187,695,0.26906474820143883,Loss,Non-Win
16120,Getafe,Wide Forward,156,695,0.22446043165467625,Loss,Non-Win
16131,Barcelona,Center Back,374,1840,0.20326086956521738,Win,Win
16131,Barcelona,Central Midfield,288,1840,0.1565217391304348,Win,Win
16131,Barcelona,Defensive Midfield,279,1840,0.1516304347826087,Win,Win
16131,Barcelona,Fullback,358,1840,0.19456521739130433,Win,Win
16131,Barcelona,Goalkeeper,89,1840,0.0483695652173913,Win,Win
16131,Barcelona,Striker,139,1840,0.07554347826086956,Win,Win
16131,Barcelona,Wide Forward,313,1840,0.1701086956521739,Win,Win
16131,Eibar,Attacking Midfield,143,1268,0.11277602523659307,Loss,Non-Win
16131,Eibar,Center Back,160,1268,0.12618296529968454,Loss,Non-Win
16131,Eibar,Defensive Midfield,229,1268,0.1805993690851735,Loss,Non-Win
16131,Eibar,Fullback,334,1268,0.2634069400630915,Loss,Non-Win
16131,Eibar,Goalkeeper,44,1268,0.03470031545741325,Loss,Non-Win
16131,Eibar,Striker,112,1268,0.08832807570977919,Loss,Non-Win
16131,Eibar,Wide Forward,246,1268,0.19400630914826497,Loss,Non-Win
16196,Barcelona,Center Back,179,1607,0.11138767890479154,Win,Win
16196,Barcelona,Central Midfield,362,1607,0.2252644679527069,Win,Win
16196,Barcelona,Defensive Midfield,187,1607,0.11636589919103921,Win,Win
16196,Barcelona,Fullback,283,1607,0.1761045426260112,Win,Win
16196,Barcelona,Goalkeeper,52,1607,0.03235843186060983,Win,Win
16196,Barcelona,Striker,115,1607,0.0715619166148102,Win,Win
16196,Barcelona,Wide Forward,429,1607,0.2669570628500311,Win,Win
16196,Real Madrid,Attacking Midfield,62,1510,0.04105960264900662,Loss,Non-Win
16196,Real Madrid,Center Back,220,1510,0.1456953642384106,Loss,Non-Win
16196,Real Madrid,Central Midfield,366,1510,0.2423841059602649,Loss,Non-Win
16196,Real Madrid,Defensive Midfield,126,1510,0.08344370860927153,Loss,Non-Win
16196,Real Madrid,Fullback,308,1510,0.20397350993377483,Loss,Non-Win
16196,Real Madrid,Goalkeeper,51,1510,0.03377483443708609,Loss,Non-Win
16196,Real Madrid,Striker,115,1510,0.076158940397351,Loss,Non-Win
16196,Real Madrid,Wide Forward,262,1510,0.17350993377483442,Loss,Non-Win
16240,Barcelona,Center Back,288,2091,0.13773314203730272,Draw,Non-Win
16240,Barcelona,Central Midfield,478,2091,0.22859875657580106,Draw,Non-Win
16240,Barcelona,Defensive Midfield,279,2091,0.133428981348637,Draw,Non-Win
16240,Barcelona,Fullback,441,2091,0.2109038737446198,Draw,Non-Win
16240,Barcelona,Goalkeeper,68,2091,0.032520325203252036,Draw,Non-Win
16240,Barcelona,Striker,155,2091,0.0741272118603539,Draw,Non-Win
16240,Barcelona,Wide Forward,382,2091,0.18268770923003347,Draw,Non-Win
16240,Villarreal,Center Back,255,964,0.2645228215767635,Draw,Non-Win
16240,Villarreal,Central Midfield,151,964,0.1566390041493776,Draw,Non-Win
16240,Villarreal,Defensive Midfield,102,964,0.10580912863070539,Draw,Non-Win
16240,Villarreal,Fullback,148,964,0.15352697095435686,Draw,Non-Win
16240,Villarreal,Goalkeeper,40,964,0.04149377593360996,Draw,Non-Win
16240,Villarreal,Striker,63,964,0.06535269709543569,Draw,Non-Win
16240,Villarreal,Wide Forward,205,964,0.21265560165975103,Draw,Non-Win
18235,Bayern Munich,Center Back,284,1835,0.15476839237057222,Loss,Non-Win
18235,Bayern Munich,Defensive Midfield,554,1835,0.3019073569482289,Loss,Non-Win
18235,Bayern Munich,Fullback,408,1835,0.2223433242506812,Loss,Non-Win
18235,Bayern Munich,Goalkeeper,52,1835,0.028337874659400544,Loss,Non-Win
18235,Bayern Munich,Striker,153,1835,0.08337874659400545,Loss,Non-Win
18235,Bayern Munich,Wide Forward,384,1835,0.20926430517711173,Loss,Non-Win
18235,Inter Milan,Attacking Midfield,115,792,0.1452020202020202,Win,Win
18235,Inter Milan,Center Back,89,792,0.11237373737373738,Win,Win
18235,Inter Milan,Defensive Midfield,123,792,0.1553030303030303,Win,Win
18235,Inter Milan,Fullback,121,792,0.1527777777777778,Win,Win
18235,Inter Milan,Goalkeeper,47,792,0.059343434343434344,Win,Win
18235,Inter Milan,Striker,106,792,0.13383838383838384,Win,Win
18235,Inter Milan,Wide Forward,191,792,0.24116161616161616,Win,Win
18245,Liverpool,Center Back,155,989,0.15672396359959556,Loss,Non-Win
18245,Liverpool,Central Midfield,207,989,0.20930232558139536,Loss,Non-Win
18245,Liverpool,Defensive Midfield,112,989,0.11324570273003033,Loss,Non-Win
18245,Liverpool,Fullback,200,989,0.20222446916076844,Loss,Non-Win
18245,Liverpool,Goalkeeper,49,989,0.04954499494438827,Loss,Non-Win
18245,Liverpool,Striker,96,989,0.09706774519716886,Loss,Non-Win
18245,Liverpool,Wide Forward,170,989,0.1718907987866532,Loss,Non-Win
18245,Real Madrid,Attacking Midfield,165,1875,0.088,Win,Win
18245,Real Madrid,Center Back,369,1875,0.1968,Win,Win
18245,Real Madrid,Central Midfield,457,1875,0.24373333333333333,Win,Win
18245,Real Madrid,Defensive Midfield,100,1875,0.05333333333333334,Win,Win
18245,Real Madrid,Fullback,438,1875,0.2336,Win,Win
18245,Real Madrid,Goalkeeper,44,1875,0.023466666666666667,Win,Win
18245,Real Madrid,Striker,214,1875,0.11413333333333334,Win,Win
18245,Real Madrid,Wide Forward,88,1875,0.046933333333333334,Win,Win
19714,Chelsea FCW,Attacking Midfield,148,1200,0.12333333333333334,Draw,Non-Win
19714,Chelsea FCW,Center Back,187,1200,0.15583333333333332,Draw,Non-Win
19714,Chelsea FCW,Central Midfield,37,1200,0.030833333333333334,Draw,Non-Win
19714,Chelsea FCW,Defensive Midfield,120,1200,0.1,Draw,Non-Win
19714,Chelsea FCW,Fullback,237,1200,0.1975,Draw,Non-Win
19714,Chelsea FCW,Goalkeeper,90,1200,0.075,Draw,Non-Win
19714,Chelsea FCW,Striker,174,1200,0.145,Draw,Non-Win
19714,Chelsea FCW,Wide Forward,207,1200,0.1725,Draw,Non-Win
19714,Manchester City WFC,Center Back,359,1433,0.2505233775296581,Draw,Non-Win
19714,Manchester City WFC,Central Midfield,359,1433,0.2505233775296581,Draw,Non-Win
19714,Manchester City WFC,Fullback,276,1433,0.19260293091416608,Draw,Non-Win
19714,Manchester City WFC,Goalkeeper,112,1433,0.07815771109560363,Draw,Non-Win
19714,Manchester City WFC,Striker,327,1433,0.22819260293091417,Draw,Non-Win
19725,Brighton & Hove Albion WFC,Center Back,261,1426,0.18302945301542778,Loss,Non-Win
19725,Brighton & Hove Albion WFC,Central Midfield,422,1426,0.2959326788218794,Loss,Non-Win
19725,Brighton & Hove Albion WFC,Fullback,296,1426,0.20757363253856942,Loss,Non-Win
19725,Brighton & Hove Albion WFC,Goalkeeper,107,1426,0.07503506311360449,Loss,Non-Win
19725,Brighton & Hove Albion WFC,Striker,148,1426,0.10378681626928471,Loss,Non-Win
19725,Brighton & Hove Albion WFC,Wide Forward,192,1426,0.13464235624123422,Loss,Non-Win
19725,Liverpool WFC,Center Back,153,1082,0.1414048059149723,Win,Win
19725,Liverpool WFC,Central Midfield,295,1082,0.27264325323475047,Win,Win
19725,Liverpool WFC,Fullback,202,1082,0.1866913123844732,Win,Win
19725,Liverpool WFC,Goalkeeper,63,1082,0.05822550831792976,Win,Win
19725,Liverpool WFC,Striker,127,1082,0.11737523105360444,Win,Win
19725,Liverpool WFC,Wide Forward,242,1082,0.22365988909426987,Win,Win
19727,Birmingham City WFC,Attacking Midfield,80,786,0.10178117048346055,Win,Win
19727,Birmingham City WFC,Center Back,67,786,0.08524173027989822,Win,Win
19727,Birmingham City WFC,Defensive Midfield,131,786,0.16666666666666666,Win,Win
19727,Birmingham City WFC,Fullback,151,786,0.1921119592875318,Win,Win
19727,Birmingham City WFC,Goalkeeper,74,786,0.09414758269720101,Win,Win
19727,Birmingham City WFC,Striker,95,786,0.12086513994910941,Win,Win
19727,Birmingham City WFC,Wide Forward,188,786,0.23918575063613232,Win,Win
19727,Reading WFC,Center Back,271,1211,0.22378199834847234,Loss,Non-Win
19727,Reading WFC,Central Midfield,258,1211,0.21304706853839803,Loss,Non-Win
19727,Reading WFC,Fullback,225,1211,0.18579686209744012,Loss,Non-Win
19727,Reading WFC,Goalkeeper,84,1211,0.06936416184971098,Loss,Non-Win
19727,Reading WFC,Striker,168,1211,0.13872832369942195,Loss,Non-Win
19727,Reading WFC,Wide Forward,205,1211,0.16928158546655656,Loss,Non-Win
19747,Manchester City WFC,Center Back,165,1394,0.11836441893830703,Draw,Non-Win
19747,Manchester City WFC,Central Midfield,307,1394,0.22022955523672882,Draw,Non-Win
19747,Manchester City WFC,Defensive Midfield,168,1394,0.12051649928263988,Draw,Non-Win
19747,Manchester City WFC,Fullback,288,1394,0.2065997130559541,Draw,Non-Win
19747,Manchester City WFC,Goalkeeper,49,1394,0.0351506456241033,Draw,Non-Win
19747,Manchester City WFC,Striker,128,1394,0.09182209469153516,Draw,Non-Win
19747,Manchester City WFC,Wide Forward,289,1394,0.2073170731707317,Draw,Non-Win
19747,Reading WFC,Center Back,102,1048,0.09732824427480916,Draw,Non-Win
19747,Reading WFC,Central Midfield,192,1048,0.183206106870229,Draw,Non-Win
19747,Reading WFC,Defensive Midfield,141,1048,0.13454198473282442,Draw,Non-Win
19747,Reading WFC,Fullback,166,1048,0.15839694656488548,Draw,Non-Win
19747,Reading WFC,Goalkeeper,41,1048,0.039122137404580155,Draw,Non-Win
19747,Reading WFC,Striker,169,1048,0.16125954198473283,Draw,Non-Win
19747,Reading WFC,Wide Forward,237,1048,0.22614503816793893,Draw,Non-Win
19754,Arsenal WFC,Center Back,530,2184,0.24267399267399267,Win,Win
19754,Arsenal WFC,Central Midfield,432,2184,0.1978021978021978,Win,Win
19754,Arsenal WFC,Defensive Midfield,166,2184,0.076007326007326,Win,Win
19754,Arsenal WFC,Fullback,515,2184,0.2358058608058608,Win,Win
19754,Arsenal WFC,Goalkeeper,81,2184,0.03708791208791209,Win,Win
19754,Arsenal WFC,Striker,153,2184,0.07005494505494506,Win,Win
19754,Arsenal WFC,Wide Forward,307,2184,0.14056776556776557,Win,Win
19754,Liverpool WFC,Attacking Midfield,108,764,0.14136125654450263,Loss,Non-Win
19754,Liverpool WFC,Center Back,62,764,0.08115183246073299,Loss,Non-Win
19754,Liverpool WFC,Defensive Midfield,154,764,0.20157068062827224,Loss,Non-Win
19754,Liverpool WFC,Fullback,129,764,0.168848167539267,Loss,Non-Win
19754,Liverpool WFC,Goalkeeper,30,764,0.03926701570680628,Loss,Non-Win
19754,Liverpool WFC,Striker,103,764,0.13481675392670156,Loss,Non-Win
19754,Liverpool WFC,Wide Forward,178,764,0.23298429319371727,Loss,Non-Win
19761,Bristol City WFC,Attacking Midfield,110,833,0.13205282112845138,Win,Win
19761,Bristol City WFC,Center Back,71,833,0.08523409363745499,Win,Win
19761,Bristol City WFC,Central Midfield,135,833,0.16206482593037214,Win,Win
19761,Bristol City WFC,Fullback,137,833,0.1644657863145258,Win,Win
19761,Bristol City WFC,Goalkeeper,75,833,0.09003601440576231,Win,Win
19761,Bristol City WFC,Striker,106,833,0.12725090036014405,Win,Win
19761,Bristol City WFC,Wide Forward,199,833,0.2388955582232893,Win,Win
19761,Liverpool WFC,Center Back,124,1150,0.10782608695652174,Loss,Non-Win
19761,Liverpool WFC,Central Midfield,269,1150,0.23391304347826086,Loss,Non-Win
19761,Liverpool WFC,Defensive Midfield,113,1150,0.09826086956521739,Loss,Non-Win
19761,Liverpool WFC,Fullback,200,1150,0.17391304347826086,Loss,Non-Win
19761,Liverpool WFC,Goalkeeper,20,1150,0.017391304347826087,Loss,Non-Win
19761,Liverpool WFC,Striker,158,1150,0.1373913043478261,Loss,Non-Win
19761,Liverpool WFC,Wide Forward,266,1150,0.23130434782608697,Loss,Non-Win
19763,Birmingham City WFC,Attacking Midfield,171,1589,0.10761485210824417,Win,Win
19763,Birmingham City WFC,Center Back,397,1589,0.24984266834487098,Win,Win
19763,Birmingham City WFC,Defensive Midfield,240,1589,0.1510383889238515,Win,Win
19763,Birmingham City WFC,Fullback,359,1589,0.22592825676526118,Win,Win
19763,Birmingham City WFC,Goalkeeper,113,1589,0.0711139081183134,Win,Win
19763,Birmingham City WFC,Striker,105,1589,0.06607929515418502,Win,Win
19763,Birmingham City WFC,Wide Forward,204,1589,0.12838263058527374,Win,Win
19763,West Ham United LFC,Center Back,269,1009,0.2666005946481665,Loss,Non-Win
19763,West Ham United LFC,Central Midfield,185,1009,0.18334985133795836,Loss,Non-Win
19763,West Ham United LFC,Fullback,177,1009,0.17542120911793854,Loss,Non-Win
19763,West Ham United LFC,Goalkeeper,89,1009,0.08820614469772052,Loss,Non-Win
19763,West Ham United LFC,Striker,84,1009,0.08325074331020813,Loss,Non-Win
19763,West Ham United LFC,Wide Forward,205,1009,0.20317145688800792,Loss,Non-Win
19767,Everton LFC,Attacking Midfield,104,974,0.10677618069815195,Loss,Non-Win
19767,Everton LFC,Center Back,112,974,0.11498973305954825,Loss,Non-Win
19767,Everton LFC,Defensive Midfield,212,974,0.21765913757700206,Loss,Non-Win
19767,Everton LFC,Fullback,228,974,0.23408624229979466,Loss,Non-Win
19767,Everton LFC,Goalkeeper,67,974,0.06878850102669405,Loss,Non-Win
19767,Everton LFC,Striker,84,974,0.08624229979466119,Loss,Non-Win
19767,Everton LFC,Wide Forward,167,974,0.17145790554414783,Loss,Non-Win
19767,Reading WFC,Attacking Midfield,132,1286,0.1026438569206843,Win,Win
19767,Reading WFC,Center Back,331,1286,0.2573872472783826,Win,Win
19767,Reading WFC,Defensive Midfield,144,1286,0.1119751166407465,Win,Win
19767,Reading WFC,Fullback,195,1286,0.15163297045101087,Win,Win
19767,Reading WFC,Goalkeeper,75,1286,0.0583203732503888,Win,Win
19767,Reading WFC,Striker,169,1286,0.13141524105754276,Win,Win
19767,Reading WFC,Wide Forward,240,1286,0.18662519440124417,Win,Win
19769,Brighton & Hove Albion WFC,Attacking Midfield,113,1186,0.09527824620573355,Loss,Non-Win
19769,Brighton & Hove Albion WFC,Center Back,237,1186,0.19983136593591905,Loss,Non-Win
19769,Brighton & Hove Albion WFC,Central Midfield,82,1186,0.06913996627318718,Loss,Non-Win
19769,Brighton & Hove Albion WFC,Defensive Midfield,149,1186,0.12563237774030353,Loss,Non-Win
19769,Brighton & Hove Albion WFC,Fullback,239,1186,0.2015177065767285,Loss,Non-Win
19769,Brighton & Hove Albion WFC,Goalkeeper,61,1186,0.05143338954468803,Loss,Non-Win
19769,Brighton & Hove Albion WFC,Striker,94,1186,0.07925801011804384,Loss,Non-Win
19769,Brighton & Hove Albion WFC,Wide Forward,211,1186,0.17790893760539628,Loss,Non-Win
19769,West Ham United LFC,Center Back,229,1184,0.19341216216216217,Win,Win
19769,West Ham United LFC,Central Midfield,202,1184,0.17060810810810811,Win,Win
19769,West Ham United LFC,Defensive Midfield,64,1184,0.05405405405405406,Win,Win
19769,West Ham United LFC,Fullback,237,1184,0.20016891891891891,Win,Win
19769,West Ham United LFC,Goalkeeper,108,1184,0.09121621621621621,Win,Win
19769,West Ham United LFC,Striker,131,1184,0.11064189189189189,Win,Win
19769,West Ham United LFC,Wide Forward,213,1184,0.17989864864864866,Win,Win
19770,Arsenal WFC,Attacking Midfield,28,1389,0.020158387329013677,Loss,Non-Win
19770,Arsenal WFC,Center Back,304,1389,0.21886249100071994,Loss,Non-Win
19770,Arsenal WFC,Central Midfield,267,1389,0.19222462203023757,Loss,Non-Win
19770,Arsenal WFC,Defensive Midfield,106,1389,0.07631389488840892,Loss,Non-Win
19770,Arsenal WFC,Fullback,330,1389,0.23758099352051837,Loss,Non-Win
19770,Arsenal WFC,Goalkeeper,68,1389,0.04895608351331893,Loss,Non-Win
19770,Arsenal WFC,Striker,108,1389,0.07775377969762419,Loss,Non-Win
19770,Arsenal WFC,Wide Forward,178,1389,0.12814974802015838,Loss,Non-Win
19770,Manchester City WFC,Attacking Midfield,111,1368,0.08114035087719298,Win,Win
19770,Manchester City WFC,Center Back,287,1368,0.2097953216374269,Win,Win
19770,Manchester City WFC,Central Midfield,266,1368,0.19444444444444445,Win,Win
19770,Manchester City WFC,Fullback,253,1368,0.18494152046783627,Win,Win
19770,Manchester City WFC,Goalkeeper,81,1368,0.05921052631578947,Win,Win
19770,Manchester City WFC,Striker,117,1368,0.08552631578947369,Win,Win
19770,Manchester City WFC,Wide Forward,253,1368,0.18494152046783627,Win,Win
19774,Bristol City WFC,Attacking Midfield,112,971,0.11534500514933059,Win,Win
19774,Bristol City WFC,Center Back,187,971,0.19258496395468588,Win,Win
19774,Bristol City WFC,Defensive Midfield,109,971,0.11225540679711637,Win,Win
19774,Bristol City WFC,Fullback,188,971,0.19361483007209063,Win,Win
19774,Bristol City WFC,Goalkeeper,89,971,0.09165808444902163,Win,Win
19774,Bristol City WFC,Striker,88,971,0.09062821833161688,Win,Win
19774,Bristol City WFC,Wide Forward,198,971,0.203913491246138,Win,Win
19774,Everton LFC,Center Back,223,1347,0.16555308092056423,Loss,Non-Win
19774,Everton LFC,Central Midfield,238,1347,0.17668893838158872,Loss,Non-Win
19774,Everton LFC,Defensive Midfield,91,1347,0.06755753526354863,Loss,Non-Win
19774,Everton LFC,Fullback,243,1347,0.18040089086859687,Loss,Non-Win
19774,Everton LFC,Goalkeeper,73,1347,0.054194506310319225,Loss,Non-Win
19774,Everton LFC,Striker,180,1347,0.133630289532294,Loss,Non-Win
19774,Everton LFC,Wide Forward,299,1347,0.22197475872308833,Loss,Non-Win
19782,Birmingham City WFC,Attacking Midfield,89,995,0.08944723618090453,Win,Win
19782,Birmingham City WFC,Center Back,121,995,0.12160804020100502,Win,Win
19782,Birmingham City WFC,Central Midfield,200,995,0.20100502512562815,Win,Win
19782,Birmingham City WFC,Fullback,215,995,0.21608040201005024,Win,Win
19782,Birmingham City WFC,Goalkeeper,59,995,0.0592964824120603,Win,Win
19782,Birmingham City WFC,Striker,123,995,0.12361809045226131,Win,Win
19782,Birmingham City WFC,Wide Forward,188,995,0.18894472361809045,Win,Win
19782,Reading WFC,Attacking Midfield,142,1092,0.13003663003663005,Loss,Non-Win
19782,Reading WFC,Center Back,203,1092,0.1858974358974359,Loss,Non-Win
19782,Reading WFC,Central Midfield,274,1092,0.2509157509157509,Loss,Non-Win
19782,Reading WFC,Fullback,205,1092,0.18772893772893773,Loss,Non-Win
19782,Reading WFC,Goalkeeper,66,1092,0.06043956043956044,Loss,Non-Win
19782,Reading WFC,Striker,202,1092,0.184981684981685,Loss,Non-Win
19784,Brighton & Hove Albion WFC,Attacking Midfield,154,1079,0.14272474513438368,Draw,Non-Win
19784,Brighton & Hove Albion WFC,Center Back,148,1079,0.1371640407784986,Draw,Non-Win
19784,Brighton & Hove Albion WFC,Central Midfield,176,1079,0.16311399443929564,Draw,Non-Win
19784,Brighton & Hove Albion WFC,Fullback,223,1079,0.20667284522706209,Draw,Non-Win
19784,Brighton & Hove Albion WFC,Goalkeeper,65,1079,0.060240963855421686,Draw,Non-Win
19784,Brighton & Hove Albion WFC,Striker,106,1079,0.09823911028730306,Draw,Non-Win
19784,Brighton & Hove Albion WFC,Wide Forward,207,1079,0.19184430027803523,Draw,Non-Win
19784,Everton LFC,Attacking Midfield,77,1074,0.07169459962756052,Draw,Non-Win
19784,Everton LFC,Center Back,206,1074,0.19180633147113593,Draw,Non-Win
19784,Everton LFC,Defensive Midfield,181,1074,0.1685288640595903,Draw,Non-Win
19784,Everton LFC,Fullback,202,1074,0.18808193668528864,Draw,Non-Win
19784,Everton LFC,Goalkeeper,72,1074,0.0670391061452514,Draw,Non-Win
19784,Everton LFC,Striker,143,1074,0.13314711359404097,Draw,Non-Win
19784,Everton LFC,Wide Forward,193,1074,0.17970204841713222,Draw,Non-Win
19785,Arsenal WFC,Attacking Midfield,141,1256,0.11226114649681529,Loss,Non-Win
19785,Arsenal WFC,Center Back,238,1256,0.18949044585987262,Loss,Non-Win
19785,Arsenal WFC,Defensive Midfield,228,1256,0.18152866242038215,Loss,Non-Win
19785,Arsenal WFC,Fullback,289,1256,0.2300955414012739,Loss,Non-Win
19785,Arsenal WFC,Goalkeeper,90,1256,0.07165605095541401,Loss,Non-Win
19785,Arsenal WFC,Striker,61,1256,0.04856687898089172,Loss,Non-Win
19785,Arsenal WFC,Wide Forward,209,1256,0.1664012738853503,Loss,Non-Win
19785,Chelsea FCW,Center Back,255,1303,0.19570222563315426,Win,Win
19785,Chelsea FCW,Central Midfield,213,1303,0.1634689178818112,Win,Win
19785,Chelsea FCW,Defensive Midfield,140,1303,0.10744435917114352,Win,Win
19785,Chelsea FCW,Fullback,221,1303,0.1696085955487337,Win,Win
19785,Chelsea FCW,Goalkeeper,51,1303,0.039140445126630855,Win,Win
19785,Chelsea FCW,Striker,137,1303,0.10514198004604758,Win,Win
19785,Chelsea FCW,Wide Forward,286,1303,0.2194934765924789,Win,Win
19787,Birmingham City WFC,Center Back,343,1607,0.2134411947728687,Loss,Non-Win
19787,Birmingham City WFC,Central Midfield,292,1607,0.18170504044803984,Loss,Non-Win
19787,Birmingham City WFC,Defensive Midfield,155,1607,0.09645301804604854,Loss,Non-Win
19787,Birmingham City WFC,Fullback,308,1607,0.19166148102053515,Loss,Non-Win
19787,Birmingham City WFC,Goalkeeper,92,1607,0.05724953329184816,Loss,Non-Win
19787,Birmingham City WFC,Striker,130,1607,0.08089607965152458,Loss,Non-Win
19787,Birmingham City WFC,Wide Forward,287,1607,0.17859365276913503,Loss,Non-Win
19787,Bristol City WFC,Center Back,68,616,0.11038961038961038,Win,Win
19787,Bristol City WFC,Central Midfield,117,616,0.18993506493506493,Win,Win
19787,Bristol City WFC,Defensive Midfield,51,616,0.08279220779220779,Win,Win
19787,Bristol City WFC,Fullback,95,616,0.15422077922077923,Win,Win
19787,Bristol City WFC,Goalkeeper,51,616,0.08279220779220779,Win,Win
19787,Bristol City WFC,Striker,98,616,0.1590909090909091,Win,Win
19787,Bristol City WFC,Wide Forward,136,616,0.22077922077922077,Win,Win
19789,Birmingham City WFC,Attacking Midfield,112,1313,0.0853008377760853,Win,Win
19789,Birmingham City WFC,Center Back,273,1313,0.2079207920792079,Win,Win
19789,Birmingham City WFC,Central Midfield,243,1313,0.18507235338918507,Win,Win
19789,Birmingham City WFC,Fullback,253,1313,0.19268849961919268,Win,Win
19789,Birmingham City WFC,Goalkeeper,82,1313,0.062452399086062454,Win,Win
19789,Birmingham City WFC,Striker,108,1313,0.08225437928408226,Win,Win
19789,Birmingham City WFC,Wide Forward,242,1313,0.1843107387661843,Win,Win
19789,Chelsea FCW,Center Back,304,1608,0.1890547263681592,Loss,Non-Win
19789,Chelsea FCW,Central Midfield,334,1608,0.20771144278606965,Loss,Non-Win
19789,Chelsea FCW,Defensive Midfield,162,1608,0.10074626865671642,Loss,Non-Win
19789,Chelsea FCW,Fullback,360,1608,0.22388059701492538,Loss,Non-Win
19789,Chelsea FCW,Goalkeeper,67,1608,0.041666666666666664,Loss,Non-Win
19789,Chelsea FCW,Striker,98,1608,0.060945273631840796,Loss,Non-Win
19789,Chelsea FCW,Wide Forward,283,1608,0.17599502487562188,Loss,Non-Win
19793,Liverpool WFC,Attacking Midfield,118,1030,0.1145631067961165,Win,Win
19793,Liverpool WFC,Center Back,133,1030,0.129126213592233,Win,Win
19793,Liverpool WFC,Defensive Midfield,213,1030,0.20679611650485438,Win,Win
19793,Liverpool WFC,Fullback,180,1030,0.17475728155339806,Win,Win
19793,Liverpool WFC,Goalkeeper,46,1030,0.04466019417475728,Win,Win
19793,Liverpool WFC,Striker,121,1030,0.11747572815533981,Win,Win
19793,Liverpool WFC,Wide Forward,219,1030,0.21262135922330097,Win,Win
19793,West Ham United LFC,Center Back,285,1582,0.18015170670037928,Loss,Non-Win
19793,West Ham United LFC,Central Midfield,250,1582,0.15802781289506954,Loss,Non-Win
19793,West Ham United LFC,Defensive Midfield,178,1582,0.1125158027812895,Loss,Non-Win
19793,West Ham United LFC,Fullback,324,1582,0.20480404551201012,Loss,Non-Win
19793,West Ham United LFC,Goalkeeper,91,1582,0.05752212389380531,Loss,Non-Win
19793,West Ham United LFC,Striker,167,1582,0.10556257901390645,Loss,Non-Win
19793,West Ham United LFC,Wide Forward,287,1582,0.18141592920353983,Loss,Non-Win
19795,Reading WFC,Center Back,201,1126,0.17850799289520428,Loss,Non-Win
19795,Reading WFC,Defensive Midfield,235,1126,0.20870337477797513,Loss,Non-Win
19795,Reading WFC,Fullback,159,1126,0.14120781527531084,Loss,Non-Win
19795,Reading WFC,Goalkeeper,76,1126,0.0674955595026643,Loss,Non-Win
19795,Reading WFC,Striker,244,1126,0.216696269982238,Loss,Non-Win
19795,Reading WFC,Wide Forward,211,1126,0.18738898756660746,Loss,Non-Win
19795,West Ham United LFC,Center Back,67,937,0.07150480256136606,Win,Win
19795,West Ham United LFC,Central Midfield,227,937,0.24226254002134473,Win,Win
19795,West Ham United LFC,Defensive Midfield,78,937,0.0832443970117396,Win,Win
19795,West Ham United LFC,Fullback,201,937,0.21451440768409819,Win,Win
19795,West Ham United LFC,Goalkeeper,52,937,0.05549626467449306,Win,Win
19795,West Ham United LFC,Striker,122,937,0.13020277481323372,Win,Win
19795,West Ham United LFC,Wide Forward,190,937,0.20277481323372465,Win,Win
19796,Birmingham City WFC,Attacking Midfield,156,1980,0.07878787878787878,Loss,Non-Win
19796,Birmingham City WFC,Center Back,555,1980,0.2803030303030303,Loss,Non-Win
19796,Birmingham City WFC,Defensive Midfield,291,1980,0.14696969696969697,Loss,Non-Win
19796,Birmingham City WFC,Fullback,508,1980,0.25656565656565655,Loss,Non-Win
19796,Birmingham City WFC,Goalkeeper,99,1980,0.05,Loss,Non-Win
19796,Birmingham City WFC,Striker,111,1980,0.05606060606060606,Loss,Non-Win
19796,Birmingham City WFC,Wide Forward,260,1980,0.13131313131313133,Loss,Non-Win
19796,Brighton & Hove Albion WFC,Center Back,88,920,0.09565217391304348,Win,Win
19796,Brighton & Hove Albion WFC,Defensive Midfield,159,920,0.17282608695652174,Win,Win
19796,Brighton & Hove Albion WFC,Fullback,199,920,0.21630434782608696,Win,Win
19796,Brighton & Hove Albion WFC,Goalkeeper,49,920,0.05326086956521739,Win,Win
19796,Brighton & Hove Albion WFC,Striker,236,920,0.2565217391304348,Win,Win
19796,Brighton & Hove Albion WFC,Wide Forward,189,920,0.20543478260869566,Win,Win
19803,Everton LFC,Attacking Midfield,174,1016,0.17125984251968504,Win,Win
19803,Everton LFC,Center Back,293,1016,0.28838582677165353,Win,Win
19803,Everton LFC,Defensive Midfield,221,1016,0.21751968503937008,Win,Win
19803,Everton LFC,Fullback,159,1016,0.15649606299212598,Win,Win
19803,Everton LFC,Goalkeeper,68,1016,0.06692913385826772,Win,Win
19803,Everton LFC,Striker,101,1016,0.09940944881889764,Win,Win
19803,West Ham United LFC,Center Back,188,1010,0.18613861386138614,Loss,Non-Win
19803,West Ham United LFC,Central Midfield,185,1010,0.18316831683168316,Loss,Non-Win
19803,West Ham United LFC,Defensive Midfield,57,1010,0.05643564356435644,Loss,Non-Win
19803,West Ham United LFC,Fullback,196,1010,0.19405940594059407,Loss,Non-Win
19803,West Ham United LFC,Goalkeeper,75,1010,0.07425742574257425,Loss,Non-Win
19803,West Ham United LFC,Striker,93,1010,0.09207920792079208,Loss,Non-Win
19803,West Ham United LFC,Wide Forward,216,1010,0.21386138613861386,Loss,Non-Win
19817,Everton LFC,Attacking Midfield,130,1045,0.12440191387559808,Win,Win
19817,Everton LFC,Center Back,127,1045,0.1215311004784689,Win,Win
19817,Everton LFC,Central Midfield,175,1045,0.1674641148325359,Win,Win
19817,Everton LFC,Fullback,212,1045,0.20287081339712917,Win,Win
19817,Everton LFC,Goalkeeper,75,1045,0.07177033492822966,Win,Win
19817,Everton LFC,Striker,106,1045,0.10143540669856459,Win,Win
19817,Everton LFC,Wide Forward,220,1045,0.21052631578947367,Win,Win
19817,Reading WFC,Attacking Midfield,190,1515,0.1254125412541254,Loss,Non-Win
19817,Reading WFC,Center Back,249,1515,0.16435643564356436,Loss,Non-Win
19817,Reading WFC,Central Midfield,293,1515,0.19339933993399339,Loss,Non-Win
19817,Reading WFC,Fullback,285,1515,0.18811881188118812,Loss,Non-Win
19817,Reading WFC,Goalkeeper,75,1515,0.04950495049504951,Loss,Non-Win
19817,Reading WFC,Striker,163,1515,0.1075907590759076,Loss,Non-Win
19817,Reading WFC,Wide Forward,260,1515,0.1716171617161716,Loss,Non-Win
19821,Arsenal WFC,Attacking Midfield,147,1438,0.10222531293463143,Win,Win
19821,Arsenal WFC,Center Back,295,1438,0.2051460361613352,Win,Win
19821,Arsenal WFC,Defensive Midfield,201,1438,0.13977746870653684,Win,Win
19821,Arsenal WFC,Fullback,344,1438,0.23922114047287898,Win,Win
19821,Arsenal WFC,Goalkeeper,55,1438,0.03824756606397774,Win,Win
19821,Arsenal WFC,Striker,126,1438,0.08762169680111266,Win,Win
19821,Arsenal WFC,Wide Forward,270,1438,0.18776077885952713,Win,Win
19821,Manchester City WFC,Center Back,287,1429,0.20083974807557733,Loss,Non-Win
19821,Manchester City WFC,Central Midfield,179,1429,0.12526242127361792,Loss,Non-Win
19821,Manchester City WFC,Defensive Midfield,265,1429,0.185444366689993,Loss,Non-Win
19821,Manchester City WFC,Fullback,220,1429,0.15395381385584325,Loss,Non-Win
19821,Manchester City WFC,Goalkeeper,90,1429,0.06298110566829951,Loss,Non-Win
19821,Manchester City WFC,Striker,134,1429,0.09377186843946816,Loss,Non-Win
19821,Manchester City WFC,Wide Forward,254,1429,0.17774667599720084,Loss,Non-Win
22912,Liverpool,Center Back,126,865,0.14566473988439307,Win,Win
22912,Liverpool,Central Midfield,152,865,0.17572254335260115,Win,Win
22912,Liverpool,Defensive Midfield,52,865,0.06011560693641618,Win,Win
22912,Liverpool,Fullback,196,865,0.22658959537572254,Win,Win
22912,Liverpool,Goalkeeper,67,865,0.07745664739884393,Win,Win
22912,Liverpool,Striker,85,865,0.09826589595375723,Win,Win
22912,Liverpool,Wide Forward,187,865,0.2161849710982659,Win,Win
22912,Tottenham Hotspur,Attacking Midfield,97,1585,0.061198738170347,Loss,Non-Win
22912,Tottenham Hotspur,Center Back,402,1585,0.25362776025236594,Loss,Non-Win
22912,Tottenham Hotspur,Central Midfield,208,1585,0.13123028391167194,Loss,Non-Win
22912,Tottenham Hotspur,Defensive Midfield,94,1585,0.05930599369085174,Loss,Non-Win
22912,Tottenham Hotspur,Fullback,287,1585,0.1810725552050473,Loss,Non-Win
22912,Tottenham Hotspur,Goalkeeper,142,1585,0.08958990536277603,Loss,Non-Win
22912,Tottenham Hotspur,Striker,121,1585,0.07634069400630915,Loss,Non-Win
22912,Tottenham Hotspur,Wide Forward,234,1585,0.14763406940063092,Loss,Non-Win
22924,Nigeria Women's,Attacking Midfield,95,929,0.10226049515608181,Loss,Non-Win
22924,Nigeria Women's,Center Back,98,929,0.1054897739504844,Loss,Non-Win
22924,Nigeria Women's,Central Midfield,203,929,0.2185145317545748,Loss,Non-Win
22924,Nigeria Women's,Fullback,210,929,0.22604951560818085,Loss,Non-Win
22924,Nigeria Women's,Goalkeeper,29,929,0.031216361679224973,Loss,Non-Win
22924,Nigeria Women's,Striker,83,929,0.08934337997847147,Loss,Non-Win
22924,Nigeria Women's,Wide Forward,211,929,0.2271259418729817,Loss,Non-Win
22924,Norway Women's,Center Back,288,1355,0.21254612546125462,Win,Win
22924,Norway Women's,Central Midfield,327,1355,0.24132841328413285,Win,Win
22924,Norway Women's,Fullback,219,1355,0.16162361623616237,Win,Win
22924,Norway Women's,Goalkeeper,69,1355,0.05092250922509225,Win,Win
22924,Norway Women's,Striker,162,1355,0.11955719557195572,Win,Win
22924,Norway Women's,Wide Forward,290,1355,0.2140221402214022,Win,Win
22940,Argentina Women's,Center Back,67,806,0.08312655086848635,Draw,Non-Win
22940,Argentina Women's,Central Midfield,120,806,0.1488833746898263,Draw,Non-Win
22940,Argentina Women's,Defensive Midfield,64,806,0.0794044665012407,Draw,Non-Win
22940,Argentina Women's,Fullback,126,806,0.15632754342431762,Draw,Non-Win
22940,Argentina Women's,Goalkeeper,26,806,0.03225806451612903,Draw,Non-Win
22940,Argentina Women's,Striker,136,806,0.1687344913151365,Draw,Non-Win
22940,Argentina Women's,Wide Forward,267,806,0.33126550868486354,Draw,Non-Win
22940,Japan Women's,Center Back,578,2036,0.28388998035363455,Draw,Non-Win
22940,Japan Women's,Central Midfield,380,2036,0.18664047151277013,Draw,Non-Win
22940,Japan Women's,Fullback,424,2036,0.2082514734774067,Draw,Non-Win
22940,Japan Women's,Goalkeeper,55,2036,0.027013752455795677,Draw,Non-Win
22940,Japan Women's,Striker,239,2036,0.11738703339882121,Draw,Non-Win
22940,Japan Women's,Wide Forward,360,2036,0.17681728880157171,Draw,Non-Win
22945,Korea Republic Women's,Attacking Midfield,163,1607,0.1014312383322962,Loss,Non-Win
22945,Korea Republic Women's,Center Back,324,1607,0.2016179215930305,Loss,Non-Win
22945,Korea Republic Women's,Central Midfield,374,1607,0.23273179838207841,Loss,Non-Win
22945,Korea Republic Women's,Defensive Midfield,45,1607,0.028002489110143122,Loss,Non-Win
22945,Korea Republic Women's,Fullback,301,1607,0.18730553827006846,Loss,Non-Win
22945,Korea Republic Women's,Goalkeeper,45,1607,0.028002489110143122,Loss,Non-Win
22945,Korea Republic Women's,Striker,128,1607,0.07965152457996266,Loss,Non-Win
22945,Korea Republic Women's,Wide Forward,227,1607,0.14125700062227753,Loss,Non-Win
22945,Nigeria Women's,Center Back,126,882,0.14285714285714285,Win,Win
22945,Nigeria Women's,Central Midfield,178,882,0.2018140589569161,Win,Win
22945,Nigeria Women's,Defensive Midfield,95,882,0.10770975056689343,Win,Win
22945,Nigeria Women's,Fullback,187,882,0.21201814058956917,Win,Win
22945,Nigeria Women's,Goalkeeper,49,882,0.05555555555555555,Win,Win
22945,Nigeria Women's,Striker,65,882,0.07369614512471655,Win,Win
22945,Nigeria Women's,Wide Forward,182,882,0.20634920634920634,Win,Win
22981,Korea Republic Women's,Center Back,228,1347,0.16926503340757237,Loss,Non-Win
22981,Korea Republic Women's,Defensive Midfield,214,1347,0.1588715664439495,Loss,Non-Win
22981,Korea Republic Women's,Fullback,301,1347,0.22345953971789162,Loss,Non-Win
22981,Korea Republic Women's,Goalkeeper,35,1347,0.025983667409057165,Loss,Non-Win
22981,Korea Republic Women's,Striker,318,1347,0.23608017817371937,Loss,Non-Win
22981,Korea Republic Women's,Wide Forward,251,1347,0.18634001484780996,Loss,Non-Win
22981,Norway Women's,Attacking Midfield,49,942,0.05201698513800425,Win,Win
22981,Norway Women's,Center Back,230,942,0.24416135881104034,Win,Win
22981,Norway Women's,Central Midfield,175,942,0.18577494692144372,Win,Win
22981,Norway Women's,Fullback,111,942,0.1178343949044586,Win,Win
22981,Norway Women's,Goalkeeper,51,942,0.054140127388535034,Win,Win
22981,Norway Women's,Striker,135,942,0.14331210191082802,Win,Win
22981,Norway Women's,Wide Forward,191,942,0.20276008492569003,Win,Win
68320,Barcelona,Center Back,128,1290,0.09922480620155039,Win,Win
68320,Barcelona,Central Midfield,334,1290,0.2589147286821705,Win,Win
68320,Barcelona,Defensive Midfield,71,1290,0.05503875968992248,Win,Win
68320,Barcelona,Fullback,247,1290,0.19147286821705425,Win,Win
68320,Barcelona,Goalkeeper,50,1290,0.03875968992248062,Win,Win
68320,Barcelona,Striker,115,1290,0.08914728682170543,Win,Win
68320,Barcelona,Wide Forward,345,1290,0.26744186046511625,Win,Win
68320,Villarreal,Attacking Midfield,137,1206,0.11359867330016583,Loss,Non-Win
68320,Villarreal,Center Back,146,1206,0.12106135986733002,Loss,Non-Win
68320,Villarreal,Central Midfield,307,1206,0.25456053067993367,Loss,Non-Win
68320,Villarreal,Fullback,245,1206,0.20315091210613598,Loss,Non-Win
68320,Villarreal,Goalkeeper,41,1206,0.03399668325041459,Loss,Non-Win
68320,Villarreal,Striker,61,1206,0.0505804311774461,Loss,Non-Win
68320,Villarreal,Wide Forward,269,1206,0.2230514096185738,Loss,Non-Win
68326,Barcelona,Center Back,380,1973,0.1926001013684744,Win,Win
68326,Barcelona,Central Midfield,566,1973,0.2868727825646224,Win,Win
68326,Barcelona,Defensive Midfield,171,1973,0.08667004561581348,Win,Win
68326,Barcelona,Fullback,337,1973,0.17080587937151545,Win,Win
68326,Barcelona,Goalkeeper,44,1973,0.022301064368981247,Win,Win
68326,Barcelona,Striker,151,1973,0.07653319817536747,Win,Win
68326,Barcelona,Wide Forward,324,1973,0.16421692853522554,Win,Win
68326,Celta Vigo,Attacking Midfield,123,1017,0.12094395280235988,Loss,Non-Win
68326,Celta Vigo,Center Back,117,1017,0.11504424778761062,Loss,Non-Win
68326,Celta Vigo,Defensive Midfield,218,1017,0.2143559488692232,Loss,Non-Win
68326,Celta Vigo,Fullback,163,1017,0.16027531956735497,Loss,Non-Win
68326,Celta Vigo,Goalkeeper,43,1017,0.04228121927236971,Loss,Non-Win
68326,Celta Vigo,Striker,110,1017,0.10816125860373647,Loss,Non-Win
68326,Celta Vigo,Wide Forward,243,1017,0.23893805309734514,Loss,Non-Win
68330,Barcelona,Center Back,239,1630,0.14662576687116563,Loss,Non-Win
68330,Barcelona,Central Midfield,401,1630,0.2460122699386503,Loss,Non-Win
68330,Barcelona,Defensive Midfield,198,1630,0.12147239263803682,Loss,Non-Win
68330,Barcelona,Fullback,262,1630,0.1607361963190184,Loss,Non-Win
68330,Barcelona,Goalkeeper,40,1630,0.024539877300613498,Loss,Non-Win
68330,Barcelona,Striker,94,1630,0.05766871165644172,Loss,Non-Win
68330,Barcelona,Wide Forward,396,1630,0.24294478527607363,Loss,Non-Win
68330,Real Madrid,Attacking Midfield,138,896,0.15401785714285715,Win,Win
68330,Real Madrid,Center Back,56,896,0.0625,Win,Win
68330,Real Madrid,Central Midfield,65,896,0.07254464285714286,Win,Win
68330,Real Madrid,Defensive Midfield,110,896,0.12276785714285714,Win,Win
68330,Real Madrid,Fullback,143,896,0.15959821428571427,Win,Win
68330,Real Madrid,Goalkeeper,45,896,0.05022321428571429,Win,Win
68330,Real Madrid,Striker,88,896,0.09821428571428571,Win,Win
68330,Real Madrid,Wide Forward,251,896,0.28013392857142855,Win,Win
68331,Barcelona,Center Back,376,1723,0.21822402785838654,Win,Win
68331,Barcelona,Central Midfield,444,1723,0.2576900754497969,Win,Win
68331,Barcelona,Defensive Midfield,132,1723,0.07661056297156123,Win,Win
68331,Barcelona,Fullback,274,1723,0.15902495647127105,Win,Win
68331,Barcelona,Goalkeeper,46,1723,0.026697620429483458,Win,Win
68331,Barcelona,Striker,105,1723,0.06094022054556007,Win,Win
68331,Barcelona,Wide Forward,346,1723,0.2008125362739408,Win,Win
68331,Real Zaragoza,Center Back,88,901,0.097669256381798,Loss,Non-Win
68331,Real Zaragoza,Central Midfield,205,901,0.22752497225305215,Loss,Non-Win
68331,Real Zaragoza,Fullback,155,901,0.17203107658157601,Loss,Non-Win
68331,Real Zaragoza,Goalkeeper,20,901,0.022197558268590455,Loss,Non-Win
68331,Real Zaragoza,Striker,191,901,0.21198668146503885,Loss,Non-Win
68331,Real Zaragoza,Wide Forward,242,901,0.2685904550499445,Loss,Non-Win
68341,Barcelona,Center Back,459,2573,0.17839098328799066,Win,Win
68341,Barcelona,Central Midfield,631,2573,0.24523902059852312,Win,Win
68341,Barcelona,Defensive Midfield,344,2573,0.1336960746210649,Win,Win
68341,Barcelona,Fullback,560,2573,0.21764477263894286,Win,Win
68341,Barcelona,Goalkeeper,75,2573,0.029148853478429847,Win,Win
68341,Barcelona,Striker,141,2573,0.05479984453944812,Win,Win
68341,Barcelona,Wide Forward,363,2573,0.14108045083560047,Win,Win
68341,Recreativo Huelva,Center Back,141,1015,0.13891625615763548,Loss,Non-Win
68341,Recreativo Huelva,Defensive Midfield,279,1015,0.2748768472906404,Loss,Non-Win
68341,Recreativo Huelva,Fullback,174,1015,0.17142857142857143,Loss,Non-Win
68341,Recreativo Huelva,Goalkeeper,16,1015,0.015763546798029555,Loss,Non-Win
68341,Recreativo Huelva,Striker,212,1015,0.20886699507389161,Loss,Non-Win
68341,Recreativo Huelva,Wide Forward,193,1015,0.19014778325123152,Loss,Non-Win
68344,Canada Women's,Attacking Midfield,33,1291,0.025561580170410533,Loss,Non-Win
68344,Canada Women's,Center Back,223,1291,0.17273431448489543,Loss,Non-Win
68344,Canada Women's,Defensive Midfield,256,1291,0.19829589465530598,Loss,Non-Win
68344,Canada Women's,Fullback,270,1291,0.209140201394268,Loss,Non-Win
68344,Canada Women's,Goalkeeper,65,1291,0.05034856700232378,Loss,Non-Win
68344,Canada Women's,Striker,190,1291,0.14717273431448488,Loss,Non-Win
68344,Canada Women's,Wide Forward,254,1291,0.1967467079783114,Loss,Non-Win
68344,Netherlands Women's,Center Back,253,1255,0.20159362549800797,Win,Win
68344,Netherlands Women's,Central Midfield,241,1255,0.19203187250996015,Win,Win
68344,Netherlands Women's,Defensive Midfield,129,1255,0.10278884462151394,Win,Win
68344,Netherlands Women's,Fullback,283,1255,0.2254980079681275,Win,Win
68344,Netherlands Women's,Goalkeeper,45,1255,0.035856573705179286,Win,Win
68344,Netherlands Women's,Striker,87,1255,0.06932270916334661,Win,Win
68344,Netherlands Women's,Wide Forward,217,1255,0.17290836653386454,Win,Win
69171,Barcelona,Center Back,400,1783,0.2243409983174425,Win,Win
69171,Barcelona,Central Midfield,410,1783,0.22994952327537857,Win,Win
69171,Barcelona,Defensive Midfield,171,1783,0.09590577678070668,Win,Win
69171,Barcelona,Fullback,245,1783,0.13740886146943354,Win,Win
69171,Barcelona,Goalkeeper,59,1783,0.03309029725182277,Win,Win
69171,Barcelona,Striker,138,1783,0.07739764441951767,Win,Win
69171,Barcelona,Wide Forward,360,1783,0.20190689848569826,Win,Win
69171,Sevilla,Attacking Midfield,132,963,0.13707165109034267,Loss,Non-Win
69171,Sevilla,Center Back,117,963,0.12149532710280374,Loss,Non-Win
69171,Sevilla,Defensive Midfield,212,963,0.2201453790238837,Loss,Non-Win
69171,Sevilla,Fullback,156,963,0.16199376947040497,Loss,Non-Win
69171,Sevilla,Goalkeeper,66,963,0.06853582554517133,Loss,Non-Win
69171,Sevilla,Striker,85,963,0.08826583592938733,Loss,Non-Win
69171,Sevilla,Wide Forward,195,963,0.20249221183800623,Loss,Non-Win
69179,Barcelona,Center Back,263,1627,0.16164720344191763,Loss,Non-Win
69179,Barcelona,Central Midfield,281,1627,0.1727105101413645,Loss,Non-Win
69179,Barcelona,Defensive Midfield,366,1627,0.2249539028887523,Loss,Non-Win
69179,Barcelona,Fullback,260,1627,0.15980331899200984,Loss,Non-Win
69179,Barcelona,Goalkeeper,37,1627,0.022741241548862937,Loss,Non-Win
69179,Barcelona,Striker,145,1627,0.08912108174554395,Loss,Non-Win
69179,Barcelona,Wide Forward,275,1627,0.16902274124154887,Loss,Non-Win
69179,Real Zaragoza,Center Back,172,1289,0.13343677269200932,Win,Win
69179,Real Zaragoza,Central Midfield,285,1289,0.22110162916989914,Win,Win
69179,Real Zaragoza,Defensive Midfield,123,1289,0.09542280837858805,Win,Win
69179,Real Zaragoza,Fullback,200,1289,0.1551590380139643,Win,Win
69179,Real Zaragoza,Goalkeeper,36,1289,0.027928626842513578,Win,Win
69179,Real Zaragoza,Striker,166,1289,0.1287820015515904,Win,Win
69179,Real Zaragoza,Wide Forward,307,1289,0.23816912335143522,Win,Win
69180,Barcelona,Center Back,309,2089,0.147917663954045,Draw,Non-Win
69180,Barcelona,Central Midfield,560,2089,0.26807084729535663,Draw,Non-Win
69180,Barcelona,Defensive Midfield,227,2089,0.1086644327429392,Draw,Non-Win
69180,Barcelona,Fullback,417,2089,0.19961704164672092,Draw,Non-Win
69180,Barcelona,Goalkeeper,46,2089,0.02202010531354715,Draw,Non-Win
69180,Barcelona,Striker,117,2089,0.056007659167065585,Draw,Non-Win
69180,Barcelona,Wide Forward,413,2089,0.1977022498803255,Draw,Non-Win
69180,Racing Santander,Center Back,57,752,0.07579787234042554,Draw,Non-Win
69180,Racing Santander,Central Midfield,156,752,0.2074468085106383,Draw,Non-Win
69180,Racing Santander,Fullback,133,752,0.1768617021276596,Draw,Non-Win
69180,Racing Santander,Goalkeeper,34,752,0.04521276595744681,Draw,Non-Win
69180,Racing Santander,Striker,172,752,0.22872340425531915,Draw,Non-Win
69180,Racing Santander,Wide Forward,200,752,0.26595744680851063,Draw,Non-Win
69182,Barcelona,Center Back,438,1612,0.271712158808933,Win,Win
69182,Barcelona,Central Midfield,404,1612,0.2506203473945409,Win,Win
69182,Barcelona,Defensive Midfield,134,1612,0.08312655086848635,Win,Win
69182,Barcelona,Fullback,236,1612,0.14640198511166252,Win,Win
69182,Barcelona,Goalkeeper,41,1612,0.02543424317617866,Win,Win
69182,Barcelona,Striker,94,1612,0.05831265508684864,Win,Win
69182,Barcelona,Wide Forward,265,1612,0.16439205955334987,Win,Win
69182,Real Zaragoza,Center Back,185,1098,0.16848816029143898,Loss,Non-Win
69182,Real Zaragoza,Defensive Midfield,212,1098,0.1930783242258652,Loss,Non-Win
69182,Real Zaragoza,Fullback,196,1098,0.1785063752276867,Loss,Non-Win
69182,Real Zaragoza,Goalkeeper,51,1098,0.04644808743169399,Loss,Non-Win
69182,Real Zaragoza,Striker,228,1098,0.20765027322404372,Loss,Non-Win
69182,Real Zaragoza,Wide Forward,226,1098,0.2058287795992714,Loss,Non-Win
69191,China PR Women's,Center Back,167,1616,0.10334158415841584,Loss,Non-Win
69191,China PR Women's,Central Midfield,435,1616,0.2691831683168317,Loss,Non-Win
69191,China PR Women's,Fullback,301,1616,0.18626237623762376,Loss,Non-Win
69191,China PR Women's,Goalkeeper,27,1616,0.01670792079207921,Loss,Non-Win
69191,China PR Women's,Striker,344,1616,0.21287128712871287,Loss,Non-Win
69191,China PR Women's,Wide Forward,342,1616,0.21163366336633663,Loss,Non-Win
69191,Italy Women's,Attacking Midfield,95,967,0.09824198552223372,Win,Win
69191,Italy Women's,Center Back,104,967,0.10754912099276112,Win,Win
69191,Italy Women's,Central Midfield,170,967,0.17580144777662876,Win,Win
69191,Italy Women's,Defensive Midfield,94,967,0.09720785935884178,Win,Win
69191,Italy Women's,Fullback,194,967,0.20062047569803515,Win,Win
69191,Italy Women's,Goalkeeper,89,967,0.09203722854188211,Win,Win
69191,Italy Women's,Striker,189,967,0.1954498448810755,Win,Win
69191,Italy Women's,Wide Forward,32,967,0.033092037228541885,Win,Win
69208,Germany Women's,Center Back,359,1583,0.22678458622867972,Loss,Non-Win
69208,Germany Women's,Central Midfield,269,1583,0.16993051168667087,Loss,Non-Win
69208,Germany Women's,Fullback,320,1583,0.20214782059380923,Loss,Non-Win
69208,Germany Women's,Goalkeeper,169,1583,0.10675931775110549,Loss,Non-Win
69208,Germany Women's,Striker,235,1583,0.14845230574857865,Loss,Non-Win
69208,Germany Women's,Wide Forward,231,1583,0.14592545799115603,Loss,Non-Win
69208,Sweden Women's,Attacking Midfield,83,926,0.08963282937365011,Win,Win
69208,Sweden Women's,Center Back,173,926,0.18682505399568033,Win,Win
69208,Sweden Women's,Defensive Midfield,157,926,0.1695464362850972,Win,Win
69208,Sweden Women's,Fullback,159,926,0.1717062634989201,Win,Win
69208,Sweden Women's,Goalkeeper,79,926,0.08531317494600432,Win,Win
69208,Sweden Women's,Striker,94,926,0.10151187904967603,Win,Win
69208,Sweden Women's,Wide Forward,181,926,0.19546436285097193,Win,Win
69217,Barcelona,Center Back,211,1676,0.12589498806682578,Draw,Non-Win
69217,Barcelona,Central Midfield,364,1676,0.2171837708830549,Draw,Non-Win
69217,Barcelona,Defensive Midfield,128,1676,0.07637231503579953,Draw,Non-Win
69217,Barcelona,Fullback,361,1676,0.21539379474940334,Draw,Non-Win
69217,Barcelona,Goalkeeper,36,1676,0.021479713603818614,Draw,Non-Win
69217,Barcelona,Striker,127,1676,0.07577565632458234,Draw,Non-Win
69217,Barcelona,Wide Forward,449,1676,0.2678997613365155,Draw,Non-Win
69217,Villarreal,Attacking Midfield,158,1167,0.1353898886032562,Draw,Non-Win
69217,Villarreal,Center Back,109,1167,0.0934018851756641,Draw,Non-Win
69217,Villarreal,Central Midfield,302,1167,0.258783204798629,Draw,Non-Win
69217,Villarreal,Defensive Midfield,101,1167,0.08654670094258783,Draw,Non-Win
69217,Villarreal,Fullback,240,1167,0.20565552699228792,Draw,Non-Win
69217,Villarreal,Goalkeeper,34,1167,0.02913453299057412,Draw,Non-Win
69217,Villarreal,Striker,223,1167,0.19108826049700087,Draw,Non-Win
69233,Barcelona,Center Back,363,1991,0.18232044198895028,Win,Win
69233,Barcelona,Central Midfield,505,1991,0.2536413862380713,Win,Win
69233,Barcelona,Defensive Midfield,222,1991,0.11150175791059769,Win,Win
69233,Barcelona,Fullback,335,1991,0.16825715720743345,Win,Win
69233,Barcelona,Goalkeeper,88,1991,0.04419889502762431,Win,Win
69233,Barcelona,Striker,152,1991,0.07634354595680562,Win,Win
69233,Barcelona,Wide Forward,326,1991,0.16373681567051732,Win,Win
69233,Racing Santander,Attacking Midfield,132,991,0.13319878910191726,Loss,Non-Win
69233,Racing Santander,Center Back,162,991,0.16347124117053483,Loss,Non-Win
69233,Racing Santander,Central Midfield,182,991,0.18365287588294651,Loss,Non-Win
69233,Racing Santander,Fullback,146,991,0.14732593340060546,Loss,Non-Win
69233,Racing Santander,Goalkeeper,57,991,0.05751765893037336,Loss,Non-Win
69233,Racing Santander,Striker,114,991,0.11503531786074672,Loss,Non-Win
69233,Racing Santander,Wide Forward,198,991,0.19979818365287588,Loss,Non-Win
69235,Barcelona,Center Back,80,994,0.08048289738430583,Win,Win
69235,Barcelona,Central Midfield,262,994,0.2635814889336016,Win,Win
69235,Barcelona,Defensive Midfield,54,994,0.05432595573440644,Win,Win
69235,Barcelona,Fullback,183,994,0.1841046277665996,Win,Win
69235,Barcelona,Goalkeeper,31,994,0.03118712273641851,Win,Win
69235,Barcelona,Striker,140,994,0.14084507042253522,Win,Win
69235,Barcelona,Wide Forward,244,994,0.2454728370221328,Win,Win
69235,Málaga,Attacking Midfield,81,757,0.10700132100396301,Loss,Non-Win
69235,Málaga,Center Back,58,757,0.07661822985468957,Loss,Non-Win
69235,Málaga,Defensive Midfield,133,757,0.17569352708058125,Loss,Non-Win
69235,Málaga,Fullback,174,757,0.22985468956406868,Loss,Non-Win
69235,Málaga,Goalkeeper,24,757,0.031704095112285335,Loss,Non-Win
69235,Málaga,Striker,78,757,0.10303830911492734,Loss,Non-Win
69235,Málaga,Wide Forward,209,757,0.2760898282694848,Loss,Non-Win
69237,Atlético Madrid,Center Back,55,1025,0.05365853658536585,Win,Win
69237,Atlético Madrid,Central Midfield,187,1025,0.1824390243902439,Win,Win
69237,Atlético Madrid,Fullback,181,1025,0.17658536585365853,Win,Win
69237,Atlético Madrid,Goalkeeper,35,1025,0.03414634146341464,Win,Win
69237,Atlético Madrid,Striker,284,1025,0.27707317073170734,Win,Win
69237,Atlético Madrid,Wide Forward,283,1025,0.2760975609756098,Win,Win
69237,Barcelona,Center Back,318,1833,0.1734860883797054,Loss,Non-Win
69237,Barcelona,Central Midfield,492,1833,0.2684124386252046,Loss,Non-Win
69237,Barcelona,Defensive Midfield,201,1833,0.10965630114566285,Loss,Non-Win
69237,Barcelona,Fullback,258,1833,0.1407528641571195,Loss,Non-Win
69237,Barcelona,Goalkeeper,55,1833,0.03000545553737043,Loss,Non-Win
69237,Barcelona,Striker,137,1833,0.07474086197490452,Loss,Non-Win
69237,Barcelona,Wide Forward,372,1833,0.20294599018003273,Loss,Non-Win
69240,Barcelona,Center Back,229,1457,0.1571722717913521,Win,Win
69240,Barcelona,Central Midfield,378,1457,0.2594371997254633,Win,Win
69240,Barcelona,Defensive Midfield,51,1457,0.035003431708991076,Win,Win
69240,Barcelona,Fullback,208,1457,0.14275909402882636,Win,Win
69240,Barcelona,Goalkeeper,51,1457,0.035003431708991076,Win,Win
69240,Barcelona,Striker,158,1457,0.10844200411805079,Win,Win
69240,Barcelona,Wide Forward,382,1457,0.2621825669183253,Win,Win
69240,Getafe,Attacking Midfield,102,1482,0.06882591093117409,Loss,Non-Win
69240,Getafe,Center Back,276,1482,0.1862348178137652,Loss,Non-Win
69240,Getafe,Central Midfield,375,1482,0.25303643724696356,Loss,Non-Win
69240,Getafe,Fullback,380,1482,0.2564102564102564,Loss,Non-Win
69240,Getafe,Goalkeeper,46,1482,0.0310391363022942,Loss,Non-Win
69240,Getafe,Striker,133,1482,0.08974358974358974,Loss,Non-Win
69240,Getafe,Wide Forward,170,1482,0.11470985155195682,Loss,Non-Win
69245,Barcelona,Center Back,411,2388,0.1721105527638191,Draw,Non-Win
69245,Barcelona,Central Midfield,708,2388,0.2964824120603015,Draw,Non-Win
69245,Barcelona,Defensive Midfield,302,2388,0.12646566164154105,Draw,Non-Win
69245,Barcelona,Fullback,373,2388,0.15619765494137353,Draw,Non-Win
69245,Barcelona,Goalkeeper,54,2388,0.022613065326633167,Draw,Non-Win
69245,Barcelona,Striker,295,2388,0.12353433835845896,Draw,Non-Win
69245,Barcelona,Wide Forward,245,2388,0.1025963149078727,Draw,Non-Win
69245,Real Madrid,Center Back,82,713,0.1150070126227209,Draw,Non-Win
69245,Real Madrid,Central Midfield,131,713,0.18373071528751753,Draw,Non-Win
69245,Real Madrid,Defensive Midfield,41,713,0.05750350631136045,Draw,Non-Win
69245,Real Madrid,Fullback,133,713,0.18653576437587657,Draw,Non-Win
69245,Real Madrid,Goalkeeper,36,713,0.05049088359046283,Draw,Non-Win
69245,Real Madrid,Striker,74,713,0.10378681626928471,Draw,Non-Win
69245,Real Madrid,Wide Forward,216,713,0.302945301542777,Draw,Non-Win
69271,Barcelona,Center Back,336,2028,0.16568047337278108,Win,Win
69271,Barcelona,Central Midfield,455,2028,0.22435897435897437,Win,Win
69271,Barcelona,Defensive Midfield,193,2028,0.09516765285996055,Win,Win
69271,Barcelona,Fullback,459,2028,0.22633136094674555,Win,Win
69271,Barcelona,Goalkeeper,98,2028,0.048323471400394474,Win,Win
69271,Barcelona,Striker,106,2028,0.05226824457593689,Win,Win
69271,Barcelona,Wide Forward,381,2028,0.1878698224852071,Win,Win
69271,Osasuna,Attacking Midfield,91,823,0.11057108140947752,Loss,Non-Win
69271,Osasuna,Center Back,89,823,0.10814094775212636,Loss,Non-Win
69271,Osasuna,Defensive Midfield,134,823,0.16281895504252733,Loss,Non-Win
69271,Osasuna,Fullback,183,823,0.22235722964763063,Loss,Non-Win
69271,Osasuna,Goalkeeper,43,823,0.05224787363304982,Loss,Non-Win
69271,Osasuna,Striker,97,823,0.11786148238153099,Loss,Non-Win
69271,Osasuna,Wide Forward,186,823,0.22600243013365734,Loss,Non-Win
69272,Barcelona,Center Back,699,3214,0.21748599875544491,Draw,Non-Win
69272,Barcelona,Central Midfield,806,3214,0.2507778469197262,Draw,Non-Win
69272,Barcelona,Defensive Midfield,524,3214,0.16303671437461106,Draw,Non-Win
69272,Barcelona,Fullback,531,3214,0.16521468574984444,Draw,Non-Win
69272,Barcelona,Goalkeeper,59,3214,0.01835718730553827,Draw,Non-Win
69272,Barcelona,Striker,266,3214,0.08276291225886745,Draw,Non-Win
69272,Barcelona,Wide Forward,329,3214,0.10236465463596764,Draw,Non-Win
69272,Levante UD,Center Back,49,638,0.0768025078369906,Draw,Non-Win
69272,Levante UD,Central Midfield,144,638,0.22570532915360503,Draw,Non-Win
69272,Levante UD,Defensive Midfield,55,638,0.08620689655172414,Draw,Non-Win
69272,Levante UD,Fullback,96,638,0.15047021943573669,Draw,Non-Win
69272,Levante UD,Goalkeeper,30,638,0.047021943573667714,Draw,Non-Win
69272,Levante UD,Striker,84,638,0.13166144200626959,Draw,Non-Win
69272,Levante UD,Wide Forward,180,638,0.28213166144200624,Draw,Non-Win
69280,Barcelona,Center Back,365,2507,0.1455923414439569,Win,Win
69280,Barcelona,Central Midfield,601,2507,0.23972875947347427,Win,Win
69280,Barcelona,Defensive Midfield,310,2507,0.12365376944555245,Win,Win
69280,Barcelona,Fullback,559,2507,0.22297566812923814,Win,Win
69280,Barcelona,Goalkeeper,47,2507,0.01874750698045473,Win,Win
69280,Barcelona,Striker,281,2507,0.11208615875548464,Win,Win
69280,Barcelona,Wide Forward,344,2507,0.13721579577183884,Win,Win
69280,RC Deportivo La Coruña,Attacking Midfield,127,958,0.1325678496868476,Loss,Non-Win
69280,RC Deportivo La Coruña,Center Back,108,958,0.1127348643006263,Loss,Non-Win
69280,RC Deportivo La Coruña,Defensive Midfield,164,958,0.17118997912317327,Loss,Non-Win
69280,RC Deportivo La Coruña,Fullback,189,958,0.19728601252609604,Loss,Non-Win
69280,RC Deportivo La Coruña,Goalkeeper,38,958,0.03966597077244259,Loss,Non-Win
69280,RC Deportivo La Coruña,Striker,111,958,0.11586638830897704,Loss,Non-Win
69280,RC Deportivo La Coruña,Wide Forward,221,958,0.23068893528183715,Loss,Non-Win
69286,Barcelona,Center Back,333,1936,0.17200413223140495,Win,Win
69286,Barcelona,Central Midfield,395,1936,0.2040289256198347,Win,Win
69286,Barcelona,Defensive Midfield,272,1936,0.14049586776859505,Win,Win
69286,Barcelona,Fullback,366,1936,0.1890495867768595,Win,Win
69286,Barcelona,Goalkeeper,49,1936,0.0253099173553719,Win,Win
69286,Barcelona,Striker,105,1936,0.054235537190082644,Win,Win
69286,Barcelona,Wide Forward,416,1936,0.21487603305785125,Win,Win
69286,Racing Santander,Center Back,239,1143,0.20909886264216973,Loss,Non-Win
69286,Racing Santander,Defensive Midfield,252,1143,0.2204724409448819,Loss,Non-Win
69286,Racing Santander,Fullback,206,1143,0.18022747156605423,Loss,Non-Win
69286,Racing Santander,Goalkeeper,79,1143,0.06911636045494313,Loss,Non-Win
69286,Racing Santander,Striker,142,1143,0.1242344706911636,Loss,Non-Win
69286,Racing Santander,Wide Forward,225,1143,0.1968503937007874,Loss,Non-Win
69287,Barcelona,Attacking Midfield,65,2325,0.02795698924731183,Loss,Non-Win
69287,Barcelona,Center Back,430,2325,0.18494623655913978,Loss,Non-Win
69287,Barcelona,Central Midfield,450,2325,0.1935483870967742,Loss,Non-Win
69287,Barcelona,Defensive Midfield,260,2325,0.11182795698924732,Loss,Non-Win
69287,Barcelona,Fullback,582,2325,0.2503225806451613,Loss,Non-Win
69287,Barcelona,Goalkeeper,46,2325,0.01978494623655914,Loss,Non-Win
69287,Barcelona,Striker,106,2325,0.04559139784946237,Loss,Non-Win
69287,Barcelona,Wide Forward,386,2325,0.16602150537634408,Loss,Non-Win
69287,Hércules,Attacking Midfield,94,707,0.13295615275813297,Win,Win
69287,Hércules,Center Back,48,707,0.06789250353606789,Win,Win
69287,Hércules,Central Midfield,120,707,0.16973125884016974,Win,Win
69287,Hércules,Fullback,143,707,0.20226308345120225,Win,Win
69287,Hércules,Goalkeeper,40,707,0.056577086280056574,Win,Win
69287,Hércules,Striker,99,707,0.14002828854314003,Win,Win
69287,Hércules,Wide Forward,163,707,0.23055162659123055,Win,Win
69292,Atlético Madrid,Attacking Midfield,172,1254,0.1371610845295056,Loss,Non-Win
69292,Atlético Madrid,Center Back,97,1254,0.0773524720893142,Loss,Non-Win
69292,Atlético Madrid,Central Midfield,299,1254,0.23843700159489634,Loss,Non-Win
69292,Atlético Madrid,Defensive Midfield,136,1254,0.10845295055821372,Loss,Non-Win
69292,Atlético Madrid,Fullback,246,1254,0.19617224880382775,Loss,Non-Win
69292,Atlético Madrid,Goalkeeper,66,1254,0.05263157894736842,Loss,Non-Win
69292,Atlético Madrid,Striker,238,1254,0.189792663476874,Loss,Non-Win
69292,Barcelona,Center Back,335,1764,0.1899092970521542,Win,Win
69292,Barcelona,Central Midfield,394,1764,0.2233560090702948,Win,Win
69292,Barcelona,Defensive Midfield,164,1764,0.09297052154195011,Win,Win
69292,Barcelona,Fullback,367,1764,0.20804988662131518,Win,Win
69292,Barcelona,Goalkeeper,79,1764,0.04478458049886622,Win,Win
69292,Barcelona,Striker,111,1764,0.06292517006802721,Win,Win
69292,Barcelona,Wide Forward,314,1764,0.17800453514739228,Win,Win
69301,England Women's,Center Back,301,1598,0.188360450563204,Loss,Non-Win
69301,England Women's,Central Midfield,366,1598,0.22903629536921152,Loss,Non-Win
69301,England Women's,Defensive Midfield,123,1598,0.0769712140175219,Loss,Non-Win
69301,England Women's,Fullback,417,1598,0.2609511889862328,Loss,Non-Win
69301,England Women's,Goalkeeper,42,1598,0.026282853566958697,Loss,Non-Win
69301,England Women's,Striker,79,1598,0.04943679599499374,Loss,Non-Win
69301,England Women's,Wide Forward,270,1598,0.16896120150187735,Loss,Non-Win
69301,Sweden Women's,Attacking Midfield,91,964,0.09439834024896265,Win,Win
69301,Sweden Women's,Center Back,143,964,0.1483402489626556,Win,Win
69301,Sweden Women's,Central Midfield,24,964,0.024896265560165973,Win,Win
69301,Sweden Women's,Defensive Midfield,129,964,0.1338174273858921,Win,Win
69301,Sweden Women's,Fullback,194,964,0.2012448132780083,Win,Win
69301,Sweden Women's,Goalkeeper,104,964,0.1078838174273859,Win,Win
69301,Sweden Women's,Striker,101,964,0.10477178423236515,Win,Win
69301,Sweden Women's,Wide Forward,178,964,0.18464730290456433,Win,Win
69304,Barcelona,Center Back,358,2417,0.1481175010343401,Win,Win
69304,Barcelona,Central Midfield,667,2417,0.2759619362846504,Win,Win
69304,Barcelona,Defensive Midfield,251,2417,0.10384774513860157,Win,Win
69304,Barcelona,Fullback,489,2417,0.20231692180388913,Win,Win
69304,Barcelona,Goalkeeper,58,2417,0.02399669011170873,Win,Win
69304,Barcelona,Striker,175,2417,0.07240380637153496,Win,Win
69304,Barcelona,Wide Forward,419,2417,0.17335539925527513,Win,Win
69304,Villarreal,Attacking Midfield,73,1025,0.07121951219512195,Loss,Non-Win
69304,Villarreal,Center Back,102,1025,0.09951219512195122,Loss,Non-Win
69304,Villarreal,Defensive Midfield,237,1025,0.23121951219512196,Loss,Non-Win
69304,Villarreal,Fullback,221,1025,0.21560975609756097,Loss,Non-Win
69304,Villarreal,Goalkeeper,37,1025,0.03609756097560975,Loss,Non-Win
69304,Villarreal,Striker,151,1025,0.1473170731707317,Loss,Non-Win
69304,Villarreal,Wide Forward,204,1025,0.19902439024390245,Loss,Non-Win
69319,Barcelona,Center Back,269,1941,0.13858835651725915,Draw,Non-Win
69319,Barcelona,Central Midfield,567,1941,0.2921174652241113,Draw,Non-Win
69319,Barcelona,Defensive Midfield,232,1941,0.11952601751674395,Draw,Non-Win
69319,Barcelona,Fullback,360,1941,0.18547140649149924,Draw,Non-Win
69319,Barcelona,Goalkeeper,45,1941,0.023183925811437404,Draw,Non-Win
69319,Barcelona,Striker,225,1941,0.11591962905718702,Draw,Non-Win
69319,Barcelona,Wide Forward,243,1941,0.125193199381762,Draw,Non-Win
69319,Real Betis,Center Back,208,1300,0.16,Draw,Non-Win
69319,Real Betis,Central Midfield,295,1300,0.22692307692307692,Draw,Non-Win
69319,Real Betis,Fullback,262,1300,0.20153846153846153,Draw,Non-Win
69319,Real Betis,Goalkeeper,55,1300,0.04230769230769231,Draw,Non-Win
69319,Real Betis,Striker,264,1300,0.20307692307692307,Draw,Non-Win
69319,Real Betis,Wide Forward,216,1300,0.16615384615384615,Draw,Non-Win
70287,Barcelona,Center Back,307,2172,0.14134438305709024,Loss,Non-Win
70287,Barcelona,Central Midfield,507,2172,0.23342541436464087,Loss,Non-Win
70287,Barcelona,Defensive Midfield,263,2172,0.1210865561694291,Loss,Non-Win
70287,Barcelona,Fullback,389,2172,0.179097605893186,Loss,Non-Win
70287,Barcelona,Goalkeeper,78,2172,0.03591160220994475,Loss,Non-Win
70287,Barcelona,Striker,214,2172,0.09852670349907919,Loss,Non-Win
70287,Barcelona,Wide Forward,414,2172,0.19060773480662985,Loss,Non-Win
70287,Real Sociedad,Attacking Midfield,90,929,0.0968783638320775,Win,Win
70287,Real Sociedad,Center Back,112,929,0.12055974165769645,Win,Win
70287,Real Sociedad,Defensive Midfield,159,929,0.17115177610333693,Win,Win
70287,Real Sociedad,Fullback,183,929,0.1969860064585576,Win,Win
70287,Real Sociedad,Goalkeeper,51,929,0.05489773950484392,Win,Win
70287,Real Sociedad,Striker,116,929,0.12486544671689989,Win,Win
70287,Real Sociedad,Wide Forward,218,929,0.23466092572658773,Win,Win
70296,Atlético Madrid,Attacking Midfield,78,835,0.09341317365269461,Loss,Non-Win
70296,Atlético Madrid,Center Back,87,835,0.10419161676646707,Loss,Non-Win
70296,Atlético Madrid,Defensive Midfield,153,835,0.18323353293413175,Loss,Non-Win
70296,Atlético Madrid,Fullback,139,835,0.1664670658682635,Loss,Non-Win
70296,Atlético Madrid,Goalkeeper,23,835,0.027544910179640718,Loss,Non-Win
70296,Atlético Madrid,Striker,125,835,0.1497005988023952,Loss,Non-Win
70296,Atlético Madrid,Wide Forward,230,835,0.2754491017964072,Loss,Non-Win
70296,Barcelona,Center Back,372,2595,0.14335260115606938,Win,Win
70296,Barcelona,Central Midfield,733,2595,0.28246628131021195,Win,Win
70296,Barcelona,Defensive Midfield,302,2595,0.1163776493256262,Win,Win
70296,Barcelona,Fullback,583,2595,0.22466281310211947,Win,Win
70296,Barcelona,Goalkeeper,34,2595,0.013102119460500963,Win,Win
70296,Barcelona,Striker,208,2595,0.08015414258188824,Win,Win
70296,Barcelona,Wide Forward,363,2595,0.13988439306358383,Win,Win
70300,Barcelona,Center Back,375,2056,0.1823929961089494,Draw,Non-Win
70300,Barcelona,Central Midfield,598,2056,0.2908560311284047,Draw,Non-Win
70300,Barcelona,Defensive Midfield,188,2056,0.0914396887159533,Draw,Non-Win
70300,Barcelona,Fullback,301,2056,0.14640077821011674,Draw,Non-Win
70300,Barcelona,Goalkeeper,36,2056,0.017509727626459144,Draw,Non-Win
70300,Barcelona,Striker,204,2056,0.09922178988326848,Draw,Non-Win
70300,Barcelona,Wide Forward,354,2056,0.17217898832684825,Draw,Non-Win
70300,Real Madrid,Attacking Midfield,111,910,0.12197802197802197,Draw,Non-Win
70300,Real Madrid,Center Back,139,910,0.15274725274725276,Draw,Non-Win
70300,Real Madrid,Central Midfield,180,910,0.1978021978021978,Draw,Non-Win
70300,Real Madrid,Fullback,154,910,0.16923076923076924,Draw,Non-Win
70300,Real Madrid,Goalkeeper,34,910,0.03736263736263736,Draw,Non-Win
70300,Real Madrid,Striker,84,910,0.09230769230769231,Draw,Non-Win
70300,Real Madrid,Wide Forward,208,910,0.22857142857142856,Draw,Non-Win
70304,Barcelona,Attacking Midfield,63,2359,0.026706231454005934,Win,Win
70304,Barcelona,Center Back,408,2359,0.17295464179737177,Win,Win
70304,Barcelona,Central Midfield,725,2359,0.3073336159389572,Win,Win
70304,Barcelona,Defensive Midfield,234,2359,0.09919457397202204,Win,Win
70304,Barcelona,Fullback,390,2359,0.16532428995337006,Win,Win
70304,Barcelona,Goalkeeper,53,2359,0.022467147096227214,Win,Win
70304,Barcelona,Striker,149,2359,0.06316235693090293,Win,Win
70304,Barcelona,Wide Forward,337,2359,0.14285714285714285,Win,Win
70304,RC Deportivo La Coruña,Attacking Midfield,102,1099,0.09281164695177434,Loss,Non-Win
70304,RC Deportivo La Coruña,Center Back,213,1099,0.19381255686988172,Loss,Non-Win
70304,RC Deportivo La Coruña,Central Midfield,211,1099,0.19199272065514103,Loss,Non-Win
70304,RC Deportivo La Coruña,Fullback,169,1099,0.1537761601455869,Loss,Non-Win
70304,RC Deportivo La Coruña,Goalkeeper,65,1099,0.059144676979071886,Loss,Non-Win
70304,RC Deportivo La Coruña,Striker,136,1099,0.12374886260236578,Loss,Non-Win
70304,RC Deportivo La Coruña,Wide Forward,203,1099,0.18471337579617833,Loss,Non-Win
70309,Barcelona,Center Back,432,2304,0.1875,Win,Win
70309,Barcelona,Central Midfield,556,2304,0.24131944444444445,Win,Win
70309,Barcelona,Defensive Midfield,263,2304,0.11414930555555555,Win,Win
70309,Barcelona,Fullback,465,2304,0.20182291666666666,Win,Win
70309,Barcelona,Goalkeeper,68,2304,0.029513888888888888,Win,Win
70309,Barcelona,Striker,200,2304,0.08680555555555555,Win,Win
70309,Barcelona,Wide Forward,320,2304,0.1388888888888889,Win,Win
70309,Real Zaragoza,Attacking Midfield,116,1262,0.0919175911251981,Loss,Non-Win
70309,Real Zaragoza,Center Back,191,1262,0.15134706814580032,Loss,Non-Win
70309,Real Zaragoza,Defensive Midfield,353,1262,0.2797147385103011,Loss,Non-Win
70309,Real Zaragoza,Fullback,192,1262,0.15213946117274169,Loss,Non-Win
70309,Real Zaragoza,Goalkeeper,57,1262,0.045166402535657686,Loss,Non-Win
70309,Real Zaragoza,Striker,121,1262,0.09587955625990491,Loss,Non-Win
70309,Real Zaragoza,Wide Forward,232,1262,0.1838351822503962,Loss,Non-Win
265830,Atlético Madrid,Center Back,110,974,0.11293634496919917,Draw,Non-Win
265830,Atlético Madrid,Central Midfield,213,974,0.21868583162217659,Draw,Non-Win
265830,Atlético Madrid,Fullback,157,974,0.16119096509240247,Draw,Non-Win
265830,Atlético Madrid,Goalkeeper,44,974,0.045174537987679675,Draw,Non-Win
265830,Atlético Madrid,Striker,216,974,0.22176591375770022,Draw,Non-Win
265830,Atlético Madrid,Wide Forward,234,974,0.2402464065708419,Draw,Non-Win
265830,Barcelona,Attacking Midfield,176,2124,0.08286252354048965,Draw,Non-Win
265830,Barcelona,Center Back,259,2124,0.121939736346516,Draw,Non-Win
265830,Barcelona,Central Midfield,576,2124,0.2711864406779661,Draw,Non-Win
265830,Barcelona,Defensive Midfield,208,2124,0.09792843691148775,Draw,Non-Win
265830,Barcelona,Fullback,531,2124,0.25,Draw,Non-Win
265830,Barcelona,Goalkeeper,52,2124,0.02448210922787194,Draw,Non-Win
265830,Barcelona,Striker,249,2124,0.1172316384180791,Draw,Non-Win
265830,Barcelona,Wide Forward,73,2124,0.03436911487758945,Draw,Non-Win
266160,Barcelona,Center Back,189,1866,0.10128617363344052,Win,Win
266160,Barcelona,Central Midfield,407,1866,0.21811361200428725,Win,Win
266160,Barcelona,Defensive Midfield,149,1866,0.07984994640943194,Win,Win
266160,Barcelona,Fullback,486,1866,0.2604501607717042,Win,Win
266160,Barcelona,Goalkeeper,58,1866,0.031082529474812434,Win,Win
266160,Barcelona,Striker,121,1866,0.06484458735262594,Win,Win
266160,Barcelona,Wide Forward,456,1866,0.24437299035369775,Win,Win
266160,Levante UD,Center Back,78,871,0.08955223880597014,Loss,Non-Win
266160,Levante UD,Central Midfield,171,871,0.19632606199770378,Loss,Non-Win
266160,Levante UD,Defensive Midfield,80,871,0.09184845005740529,Loss,Non-Win
266160,Levante UD,Fullback,210,871,0.24110218140068887,Loss,Non-Win
266160,Levante UD,Goalkeeper,45,871,0.05166475315729047,Loss,Non-Win
266160,Levante UD,Striker,110,871,0.12629161882893225,Loss,Non-Win
266160,Levante UD,Wide Forward,177,871,0.20321469575200918,Loss,Non-Win
266256,Atlético Madrid,Center Back,69,875,0.07885714285714286,Draw,Non-Win
266256,Atlético Madrid,Defensive Midfield,188,875,0.21485714285714286,Draw,Non-Win
266256,Atlético Madrid,Fullback,166,875,0.18971428571428572,Draw,Non-Win
266256,Atlético Madrid,Goalkeeper,20,875,0.022857142857142857,Draw,Non-Win
266256,Atlético Madrid,Striker,212,875,0.2422857142857143,Draw,Non-Win
266256,Atlético Madrid,Wide Forward,220,875,0.25142857142857145,Draw,Non-Win
266256,Barcelona,Attacking Midfield,32,1731,0.01848642403235124,Draw,Non-Win
266256,Barcelona,Center Back,286,1731,0.16522241478913924,Draw,Non-Win
266256,Barcelona,Central Midfield,369,1731,0.21317157712305027,Draw,Non-Win
266256,Barcelona,Defensive Midfield,205,1731,0.11842865395725015,Draw,Non-Win
266256,Barcelona,Fullback,455,1731,0.2628538417099942,Draw,Non-Win
266256,Barcelona,Goalkeeper,52,1731,0.03004043905257077,Draw,Non-Win
266256,Barcelona,Striker,159,1731,0.09185441941074524,Draw,Non-Win
266256,Barcelona,Wide Forward,173,1731,0.0999422299248989,Draw,Non-Win
266467,Barcelona,Center Back,279,1453,0.19201651754989676,Loss,Non-Win
266467,Barcelona,Central Midfield,298,1453,0.2050929112181693,Loss,Non-Win
266467,Barcelona,Defensive Midfield,91,1453,0.06262904335856848,Loss,Non-Win
266467,Barcelona,Fullback,225,1453,0.1548520302821748,Loss,Non-Win
266467,Barcelona,Goalkeeper,59,1453,0.040605643496214726,Loss,Non-Win
266467,Barcelona,Striker,170,1453,0.1169993117687543,Loss,Non-Win
266467,Barcelona,Wide Forward,331,1453,0.2278045423262216,Loss,Non-Win
266467,Celta Vigo,Center Back,116,1172,0.09897610921501707,Win,Win
266467,Celta Vigo,Central Midfield,33,1172,0.028156996587030716,Win,Win
266467,Celta Vigo,Defensive Midfield,217,1172,0.18515358361774745,Win,Win
266467,Celta Vigo,Fullback,173,1172,0.1476109215017065,Win,Win
266467,Celta Vigo,Goalkeeper,81,1172,0.06911262798634812,Win,Win
266467,Celta Vigo,Striker,235,1172,0.20051194539249148,Win,Win
266467,Celta Vigo,Wide Forward,317,1172,0.27047781569965873,Win,Win
266603,Barcelona,Attacking Midfield,44,2098,0.020972354623450904,Loss,Non-Win
266603,Barcelona,Center Back,423,2098,0.20162059103908483,Loss,Non-Win
266603,Barcelona,Central Midfield,398,2098,0.18970448045757865,Loss,Non-Win
266603,Barcelona,Defensive Midfield,299,2098,0.14251668255481412,Loss,Non-Win
266603,Barcelona,Fullback,399,2098,0.19018112488083888,Loss,Non-Win
266603,Barcelona,Goalkeeper,53,2098,0.025262154432793137,Loss,Non-Win
266603,Barcelona,Striker,170,2098,0.08102955195424213,Loss,Non-Win
266603,Barcelona,Wide Forward,312,2098,0.14871306005719734,Loss,Non-Win
266603,Real Valladolid,Center Back,51,757,0.06737120211360634,Win,Win
266603,Real Valladolid,Defensive Midfield,98,757,0.12945838837516513,Win,Win
266603,Real Valladolid,Fullback,118,757,0.15587846763540292,Win,Win
266603,Real Valladolid,Goalkeeper,38,757,0.05019815059445178,Win,Win
266603,Real Valladolid,Striker,265,757,0.35006605019815057,Win,Win
266603,Real Valladolid,Wide Forward,187,757,0.24702774108322326,Win,Win
266874,Athletic Club,Attacking Midfield,100,1271,0.07867820613690008,Loss,Non-Win
266874,Athletic Club,Center Back,232,1271,0.18253343823760818,Loss,Non-Win
266874,Athletic Club,Defensive Midfield,290,1271,0.22816679779701024,Loss,Non-Win
266874,Athletic Club,Fullback,226,1271,0.1778127458693942,Loss,Non-Win
266874,Athletic Club,Goalkeeper,71,1271,0.05586152635719906,Loss,Non-Win
266874,Athletic Club,Striker,104,1271,0.08182533438237609,Loss,Non-Win
266874,Athletic Club,Wide Forward,248,1271,0.1951219512195122,Loss,Non-Win
266874,Barcelona,Center Back,306,1487,0.20578345662407532,Win,Win
266874,Barcelona,Central Midfield,155,1487,0.10423671822461332,Win,Win
266874,Barcelona,Defensive Midfield,204,1487,0.13718897108271688,Win,Win
266874,Barcelona,Fullback,237,1487,0.1593813046402152,Win,Win
266874,Barcelona,Goalkeeper,135,1487,0.09078681909885676,Win,Win
266874,Barcelona,Striker,131,1487,0.08809683927370544,Win,Win
266874,Barcelona,Wide Forward,319,1487,0.21452589105581707,Win,Win
266961,Barcelona,Center Back,149,2117,0.07038261691072271,Draw,Non-Win
266961,Barcelona,Central Midfield,606,2117,0.2862541332073689,Draw,Non-Win
266961,Barcelona,Defensive Midfield,161,2117,0.07605101558809636,Draw,Non-Win
266961,Barcelona,Fullback,568,2117,0.2683042040623524,Draw,Non-Win
266961,Barcelona,Goalkeeper,57,2117,0.0269248937175248,Draw,Non-Win
266961,Barcelona,Striker,165,2117,0.07794048181388757,Draw,Non-Win
266961,Barcelona,Wide Forward,411,2117,0.19414265470004724,Draw,Non-Win
266961,RC Deportivo La Coruña,Attacking Midfield,140,979,0.14300306435137897,Draw,Non-Win
266961,RC Deportivo La Coruña,Center Back,93,979,0.09499489274770173,Draw,Non-Win
266961,RC Deportivo La Coruña,Central Midfield,195,979,0.19918283963227784,Draw,Non-Win
266961,RC Deportivo La Coruña,Defensive Midfield,99,979,0.10112359550561797,Draw,Non-Win
266961,RC Deportivo La Coruña,Fullback,161,979,0.1644535240040858,Draw,Non-Win
266961,RC Deportivo La Coruña,Goalkeeper,63,979,0.06435137895812053,Draw,Non-Win
266961,RC Deportivo La Coruña,Striker,228,979,0.23289070480081717,Draw,Non-Win
267076,Barcelona,Center Back,304,1641,0.18525289457647776,Draw,Non-Win
267076,Barcelona,Central Midfield,386,1641,0.2352224253503961,Draw,Non-Win
267076,Barcelona,Defensive Midfield,182,1641,0.11090798293723339,Draw,Non-Win
267076,Barcelona,Fullback,297,1641,0.1809872029250457,Draw,Non-Win
267076,Barcelona,Goalkeeper,48,1641,0.029250457038391225,Draw,Non-Win
267076,Barcelona,Striker,85,1641,0.0517976843388178,Draw,Non-Win
267076,Barcelona,Wide Forward,339,1641,0.20658135283363802,Draw,Non-Win
267076,Real Madrid,Attacking Midfield,142,1392,0.10201149425287356,Draw,Non-Win
267076,Real Madrid,Center Back,210,1392,0.15086206896551724,Draw,Non-Win
267076,Real Madrid,Central Midfield,42,1392,0.03017241379310345,Draw,Non-Win
267076,Real Madrid,Defensive Midfield,276,1392,0.19827586206896552,Draw,Non-Win
267076,Real Madrid,Fullback,340,1392,0.2442528735632184,Draw,Non-Win
267076,Real Madrid,Goalkeeper,35,1392,0.02514367816091954,Draw,Non-Win
267076,Real Madrid,Striker,102,1392,0.07327586206896551,Draw,Non-Win
267076,Real Madrid,Wide Forward,245,1392,0.17600574712643677,Draw,Non-Win
267502,Athletic Club,Attacking Midfield,86,1243,0.06918744971842317,Draw,Non-Win
267502,Athletic Club,Center Back,166,1243,0.1335478680611424,Draw,Non-Win
267502,Athletic Club,Defensive Midfield,264,1243,0.21238938053097345,Draw,Non-Win
267502,Athletic Club,Fullback,258,1243,0.2075623491552695,Draw,Non-Win
267502,Athletic Club,Goalkeeper,92,1243,0.07401448109412712,Draw,Non-Win
267502,Athletic Club,Striker,112,1243,0.09010458567980692,Draw,Non-Win
267502,Athletic Club,Wide Forward,265,1243,0.21319388576025744,Draw,Non-Win
267502,Barcelona,Center Back,253,1829,0.13832695462001093,Draw,Non-Win
267502,Barcelona,Central Midfield,498,1829,0.27227993439037723,Draw,Non-Win
267502,Barcelona,Defensive Midfield,168,1829,0.09185347184253691,Draw,Non-Win
267502,Barcelona,Fullback,328,1829,0.1793329688354292,Draw,Non-Win
267502,Barcelona,Goalkeeper,55,1829,0.030071077091306724,Draw,Non-Win
267502,Barcelona,Striker,195,1829,0.10661563696008748,Draw,Non-Win
267502,Barcelona,Wide Forward,332,1829,0.1815199562602515,Draw,Non-Win
267576,Atlético Madrid,Center Back,63,873,0.07216494845360824,Loss,Non-Win
267576,Atlético Madrid,Defensive Midfield,185,873,0.21191294387170675,Loss,Non-Win
267576,Atlético Madrid,Fullback,162,873,0.18556701030927836,Loss,Non-Win
267576,Atlético Madrid,Goalkeeper,26,873,0.029782359679266894,Loss,Non-Win
267576,Atlético Madrid,Striker,197,873,0.2256586483390607,Loss,Non-Win
267576,Atlético Madrid,Wide Forward,240,873,0.27491408934707906,Loss,Non-Win
267576,Barcelona,Center Back,427,2127,0.2007522331922896,Win,Win
267576,Barcelona,Central Midfield,418,2127,0.19652092148566055,Win,Win
267576,Barcelona,Defensive Midfield,186,2127,0.08744710860366714,Win,Win
267576,Barcelona,Fullback,523,2127,0.2458862247296662,Win,Win
267576,Barcelona,Goalkeeper,65,2127,0.0305594734367654,Win,Win
267576,Barcelona,Striker,104,2127,0.048895157498824636,Win,Win
267576,Barcelona,Wide Forward,404,2127,0.18993888105312648,Win,Win
267660,Barcelona,Center Back,695,2117,0.32829475673122344,Loss,Non-Win
267660,Barcelona,Central Midfield,367,2117,0.17335852621634387,Loss,Non-Win
267660,Barcelona,Defensive Midfield,398,2117,0.18800188946622579,Loss,Non-Win
267660,Barcelona,Goalkeeper,78,2117,0.03684459140292867,Loss,Non-Win
267660,Barcelona,Striker,129,2117,0.06093528578176665,Loss,Non-Win
267660,Barcelona,Wide Forward,450,2117,0.21256495040151158,Loss,Non-Win
267660,RC Deportivo La Coruña,Attacking Midfield,124,876,0.1415525114155251,Win,Win
267660,RC Deportivo La Coruña,Center Back,56,876,0.0639269406392694,Win,Win
267660,RC Deportivo La Coruña,Defensive Midfield,167,876,0.1906392694063927,Win,Win
267660,RC Deportivo La Coruña,Fullback,162,876,0.18493150684931506,Win,Win
267660,RC Deportivo La Coruña,Goalkeeper,52,876,0.0593607305936073,Win,Win
267660,RC Deportivo La Coruña,Striker,127,876,0.1449771689497717,Win,Win
267660,RC Deportivo La Coruña,Wide Forward,188,876,0.2146118721461187,Win,Win
267675,Barcelona,Center Back,327,2018,0.1620416253716551,Win,Win
267675,Barcelona,Central Midfield,562,2018,0.27849355797819625,Win,Win
267675,Barcelona,Defensive Midfield,153,2018,0.07581764122893954,Win,Win
267675,Barcelona,Fullback,430,2018,0.2130822596630327,Win,Win
267675,Barcelona,Goalkeeper,76,2018,0.03766105054509415,Win,Win
267675,Barcelona,Striker,177,2018,0.08771060455896927,Win,Win
267675,Barcelona,Wide Forward,293,2018,0.14519326065411298,Win,Win
267675,Sevilla,Attacking Midfield,143,1092,0.13095238095238096,Loss,Non-Win
267675,Sevilla,Center Back,193,1092,0.17673992673992675,Loss,Non-Win
267675,Sevilla,Central Midfield,223,1092,0.2042124542124542,Loss,Non-Win
267675,Sevilla,Fullback,199,1092,0.18223443223443223,Loss,Non-Win
267675,Sevilla,Goalkeeper,71,1092,0.06501831501831502,Loss,Non-Win
267675,Sevilla,Striker,64,1092,0.05860805860805861,Loss,Non-Win
267675,Sevilla,Wide Forward,199,1092,0.18223443223443223,Loss,Non-Win
303400,Barcelona,Center Back,818,2525,0.32396039603960397,Loss,Non-Win
303400,Barcelona,Central Midfield,553,2525,0.219009900990099,Loss,Non-Win
303400,Barcelona,Defensive Midfield,346,2525,0.13702970297029704,Loss,Non-Win
303400,Barcelona,Fullback,423,2525,0.16752475247524753,Loss,Non-Win
303400,Barcelona,Goalkeeper,50,2525,0.019801980198019802,Loss,Non-Win
303400,Barcelona,Striker,335,2525,0.13267326732673268,Loss,Non-Win
303400,Valencia,Center Back,224,907,0.24696802646085997,Win,Win
303400,Valencia,Central Midfield,173,907,0.19073869900771775,Win,Win
303400,Valencia,Fullback,187,907,0.2061742006615215,Win,Win
303400,Valencia,Goalkeeper,41,907,0.04520396912899669,Win,Win
303400,Valencia,Striker,151,907,0.16648291069459759,Win,Win
303400,Valencia,Wide Forward,131,907,0.1444321940463065,Win,Win
303430,Barcelona,Center Back,384,1950,0.19692307692307692,Win,Win
303430,Barcelona,Central Midfield,465,1950,0.23846153846153847,Win,Win
303430,Barcelona,Defensive Midfield,188,1950,0.09641025641025641,Win,Win
303430,Barcelona,Fullback,351,1950,0.18,Win,Win
303430,Barcelona,Goalkeeper,82,1950,0.04205128205128205,Win,Win
303430,Barcelona,Striker,135,1950,0.06923076923076923,Win,Win
303430,Barcelona,Wide Forward,345,1950,0.17692307692307693,Win,Win
303430,Villarreal,Attacking Midfield,112,1456,0.07692307692307693,Loss,Non-Win
303430,Villarreal,Center Back,297,1456,0.20398351648351648,Loss,Non-Win
303430,Villarreal,Central Midfield,331,1456,0.22733516483516483,Loss,Non-Win
303430,Villarreal,Fullback,321,1456,0.22046703296703296,Loss,Non-Win
303430,Villarreal,Goalkeeper,69,1456,0.04739010989010989,Loss,Non-Win
303430,Villarreal,Striker,94,1456,0.06456043956043957,Loss,Non-Win
303430,Villarreal,Wide Forward,232,1456,0.15934065934065933,Loss,Non-Win
303470,Barcelona,Center Back,392,1958,0.20020429009193055,Loss,Non-Win
303470,Barcelona,Central Midfield,50,1958,0.02553626149131767,Loss,Non-Win
303470,Barcelona,Defensive Midfield,443,1958,0.22625127681307455,Loss,Non-Win
303470,Barcelona,Fullback,303,1958,0.15474974463738508,Loss,Non-Win
303470,Barcelona,Goalkeeper,97,1958,0.04954034729315628,Loss,Non-Win
303470,Barcelona,Striker,320,1958,0.1634320735444331,Loss,Non-Win
303470,Barcelona,Wide Forward,353,1958,0.18028600612870277,Loss,Non-Win
303470,Real Madrid,Center Back,169,1493,0.11319490957803081,Win,Win
303470,Real Madrid,Central Midfield,355,1493,0.2377762893503014,Win,Win
303470,Real Madrid,Defensive Midfield,152,1493,0.10180843938379103,Win,Win
303470,Real Madrid,Fullback,342,1493,0.2290689886135298,Win,Win
303470,Real Madrid,Goalkeeper,45,1493,0.03014065639651708,Win,Win
303470,Real Madrid,Striker,153,1493,0.10247823174815807,Win,Win
303470,Real Madrid,Wide Forward,277,1493,0.1855324849296718,Win,Win
303473,Barcelona,Center Back,281,1748,0.16075514874141877,Win,Win
303473,Barcelona,Central Midfield,385,1748,0.2202517162471396,Win,Win
303473,Barcelona,Defensive Midfield,168,1748,0.09610983981693363,Win,Win
303473,Barcelona,Fullback,337,1748,0.19279176201372997,Win,Win
303473,Barcelona,Goalkeeper,89,1748,0.05091533180778032,Win,Win
303473,Barcelona,Striker,92,1748,0.05263157894736842,Win,Win
303473,Barcelona,Wide Forward,396,1748,0.22654462242562928,Win,Win
303473,Sevilla,Center Back,128,1318,0.09711684370257967,Loss,Non-Win
303473,Sevilla,Central Midfield,403,1318,0.30576631259484066,Loss,Non-Win
303473,Sevilla,Defensive Midfield,105,1318,0.07966616084977238,Loss,Non-Win
303473,Sevilla,Fullback,337,1318,0.255690440060698,Loss,Non-Win
303473,Sevilla,Goalkeeper,33,1318,0.02503793626707132,Loss,Non-Win
303473,Sevilla,Striker,100,1318,0.07587253414264036,Loss,Non-Win
303473,Sevilla,Wide Forward,212,1318,0.16084977238239756,Loss,Non-Win
303524,Atlético Madrid,Center Back,116,1045,0.11100478468899522,Loss,Non-Win
303524,Atlético Madrid,Central Midfield,288,1045,0.2755980861244019,Loss,Non-Win
303524,Atlético Madrid,Fullback,205,1045,0.19617224880382775,Loss,Non-Win
303524,Atlético Madrid,Goalkeeper,31,1045,0.02966507177033493,Loss,Non-Win
303524,Atlético Madrid,Striker,183,1045,0.17511961722488037,Loss,Non-Win
303524,Atlético Madrid,Wide Forward,222,1045,0.21244019138755982,Loss,Non-Win
303524,Barcelona,Center Back,447,2096,0.21326335877862596,Win,Win
303524,Barcelona,Central Midfield,459,2096,0.21898854961832062,Win,Win
303524,Barcelona,Defensive Midfield,200,2096,0.09541984732824428,Win,Win
303524,Barcelona,Fullback,460,2096,0.21946564885496184,Win,Win
303524,Barcelona,Goalkeeper,60,2096,0.02862595419847328,Win,Win
303524,Barcelona,Striker,114,2096,0.05438931297709924,Win,Win
303524,Barcelona,Wide Forward,356,2096,0.16984732824427481,Win,Win
303596,Barcelona,Center Back,336,1758,0.19112627986348124,Draw,Non-Win
303596,Barcelona,Central Midfield,370,1758,0.21046643913538113,Draw,Non-Win
303596,Barcelona,Defensive Midfield,196,1758,0.11149032992036405,Draw,Non-Win
303596,Barcelona,Fullback,318,1758,0.18088737201365188,Draw,Non-Win
303596,Barcelona,Goalkeeper,115,1758,0.06541524459613197,Draw,Non-Win
303596,Barcelona,Striker,117,1758,0.06655290102389079,Draw,Non-Win
303596,Barcelona,Wide Forward,306,1758,0.17406143344709898,Draw,Non-Win
303596,Real Madrid,Attacking Midfield,163,1618,0.10074165636588381,Draw,Non-Win
303596,Real Madrid,Center Back,174,1618,0.10754017305315204,Draw,Non-Win
303596,Real Madrid,Central Midfield,396,1618,0.24474660074165636,Draw,Non-Win
303596,Real Madrid,Defensive Midfield,187,1618,0.11557478368355995,Draw,Non-Win
303596,Real Madrid,Fullback,352,1618,0.21755253399258342,Draw,Non-Win
303596,Real Madrid,Goalkeeper,33,1618,0.0203955500618047,Draw,Non-Win
303596,Real Madrid,Striker,313,1618,0.1934487021013597,Draw,Non-Win
303674,Barcelona,Center Back,433,2190,0.19771689497716896,Draw,Non-Win
303674,Barcelona,Central Midfield,489,2190,0.2232876712328767,Draw,Non-Win
303674,Barcelona,Fullback,409,2190,0.1867579908675799,Draw,Non-Win
303674,Barcelona,Goalkeeper,88,2190,0.04018264840182648,Draw,Non-Win
303674,Barcelona,Striker,409,2190,0.1867579908675799,Draw,Non-Win
303674,Barcelona,Wide Forward,362,2190,0.16529680365296803,Draw,Non-Win
303674,Sevilla,Center Back,203,1192,0.17030201342281878,Draw,Non-Win
303674,Sevilla,Central Midfield,254,1192,0.21308724832214765,Draw,Non-Win
303674,Sevilla,Defensive Midfield,123,1192,0.10318791946308725,Draw,Non-Win
303674,Sevilla,Fullback,277,1192,0.23238255033557048,Draw,Non-Win
303674,Sevilla,Goalkeeper,46,1192,0.03859060402684564,Draw,Non-Win
303674,Sevilla,Striker,73,1192,0.061241610738255035,Draw,Non-Win
303674,Sevilla,Wide Forward,216,1192,0.18120805369127516,Draw,Non-Win
2275036,Everton LFC,Attacking Midfield,125,854,0.14637002341920374,Win,Win
2275036,Everton LFC,Center Back,74,854,0.08665105386416862,Win,Win
2275036,Everton LFC,Defensive Midfield,148,854,0.17330210772833723,Win,Win
2275036,Everton LFC,Fullback,144,854,0.1686182669789227,Win,Win
2275036,Everton LFC,Goalkeeper,41,854,0.04800936768149883,Win,Win
2275036,Everton LFC,Striker,108,854,0.12646370023419204,Win,Win
2275036,Everton LFC,Wide Forward,214,854,0.2505854800936768,Win,Win
2275036,Reading WFC,Attacking Midfield,106,1154,0.09185441941074524,Loss,Non-Win
2275036,Reading WFC,Center Back,241,1154,0.20883882149046792,Loss,Non-Win
2275036,Reading WFC,Central Midfield,173,1154,0.14991334488734837,Loss,Non-Win
2275036,Reading WFC,Defensive Midfield,101,1154,0.08752166377816291,Loss,Non-Win
2275036,Reading WFC,Fullback,245,1154,0.2123050259965338,Loss,Non-Win
2275036,Reading WFC,Goalkeeper,86,1154,0.07452339688041594,Loss,Non-Win
2275036,Reading WFC,Striker,202,1154,0.17504332755632582,Loss,Non-Win
2275083,Birmingham City WFC,Center Back,388,1465,0.26484641638225254,Loss,Non-Win
2275083,Birmingham City WFC,Central Midfield,208,1465,0.14197952218430035,Loss,Non-Win
2275083,Birmingham City WFC,Fullback,301,1465,0.2054607508532423,Loss,Non-Win
2275083,Birmingham City WFC,Goalkeeper,113,1465,0.07713310580204778,Loss,Non-Win
2275083,Birmingham City WFC,Striker,217,1465,0.14812286689419796,Loss,Non-Win
2275083,Birmingham City WFC,Wide Forward,238,1465,0.16245733788395905,Loss,Non-Win
2275083,Bristol City WFC,Center Back,193,960,0.20104166666666667,Win,Win
2275083,Bristol City WFC,Defensive Midfield,144,960,0.15,Win,Win
2275083,Bristol City WFC,Fullback,196,960,0.20416666666666666,Win,Win
2275083,Bristol City WFC,Goalkeeper,78,960,0.08125,Win,Win
2275083,Bristol City WFC,Striker,178,960,0.18541666666666667,Win,Win
2275083,Bristol City WFC,Wide Forward,171,960,0.178125,Win,Win
2275105,Chelsea FCW,Attacking Midfield,175,1515,0.11551155115511551,Draw,Non-Win
2275105,Chelsea FCW,Center Back,411,1515,0.2712871287128713,Draw,Non-Win
2275105,Chelsea FCW,Central Midfield,196,1515,0.12937293729372937,Draw,Non-Win
2275105,Chelsea FCW,Defensive Midfield,91,1515,0.06006600660066007,Draw,Non-Win
2275105,Chelsea FCW,Fullback,325,1515,0.2145214521452145,Draw,Non-Win
2275105,Chelsea FCW,Goalkeeper,122,1515,0.08052805280528053,Draw,Non-Win
2275105,Chelsea FCW,Striker,195,1515,0.12871287128712872,Draw,Non-Win
2275105,Manchester City WFC,Center Back,265,1308,0.20259938837920488,Draw,Non-Win
2275105,Manchester City WFC,Defensive Midfield,330,1308,0.25229357798165136,Draw,Non-Win
2275105,Manchester City WFC,Fullback,284,1308,0.21712538226299694,Draw,Non-Win
2275105,Manchester City WFC,Goalkeeper,73,1308,0.05581039755351682,Draw,Non-Win
2275105,Manchester City WFC,Striker,165,1308,0.12614678899082568,Draw,Non-Win
2275105,Manchester City WFC,Wide Forward,191,1308,0.14602446483180428,Draw,Non-Win
2275116,Liverpool WFC,Center Back,157,1121,0.1400535236396075,Loss,Non-Win
2275116,Liverpool WFC,Central Midfield,260,1121,0.231935771632471,Loss,Non-Win
2275116,Liverpool WFC,Defensive Midfield,111,1121,0.09901873327386262,Loss,Non-Win
2275116,Liverpool WFC,Fullback,230,1121,0.20517395182872436,Loss,Non-Win
2275116,Liverpool WFC,Goalkeeper,66,1121,0.058876003568242644,Loss,Non-Win
2275116,Liverpool WFC,Striker,83,1121,0.07404103479036575,Loss,Non-Win
2275116,Liverpool WFC,Wide Forward,214,1121,0.19090098126672614,Loss,Non-Win
2275116,Manchester City WFC,Center Back,461,1867,0.24692019282271024,Win,Win
2275116,Manchester City WFC,Central Midfield,276,1867,0.14783074450990893,Win,Win
2275116,Manchester City WFC,Defensive Midfield,237,1867,0.12694161756829137,Win,Win
2275116,Manchester City WFC,Fullback,405,1867,0.21692554900910552,Win,Win
2275116,Manchester City WFC,Goalkeeper,91,1867,0.04874129619710766,Win,Win
2275116,Manchester City WFC,Striker,116,1867,0.06213176218532405,Win,Win
2275116,Manchester City WFC,Wide Forward,281,1867,0.15050883770755222,Win,Win
2275120,Birmingham City WFC,Attacking Midfield,163,1506,0.10823373173970784,Loss,Non-Win
2275120,Birmingham City WFC,Center Back,302,1506,0.20053120849933598,Loss,Non-Win
2275120,Birmingham City WFC,Central Midfield,336,1506,0.22310756972111553,Loss,Non-Win
2275120,Birmingham City WFC,Fullback,278,1506,0.1845949535192563,Loss,Non-Win
2275120,Birmingham City WFC,Goalkeeper,73,1506,0.04847277556440903,Loss,Non-Win
2275120,Birmingham City WFC,Striker,110,1506,0.07304116865869854,Loss,Non-Win
2275120,Birmingham City WFC,Wide Forward,244,1506,0.16201859229747675,Loss,Non-Win
2275120,Everton LFC,Center Back,153,830,0.18433734939759036,Win,Win
2275120,Everton LFC,Central Midfield,140,830,0.1686746987951807,Win,Win
2275120,Everton LFC,Defensive Midfield,85,830,0.10240963855421686,Win,Win
2275120,Everton LFC,Fullback,162,830,0.19518072289156627,Win,Win
2275120,Everton LFC,Goalkeeper,77,830,0.0927710843373494,Win,Win
2275120,Everton LFC,Striker,75,830,0.09036144578313253,Win,Win
2275120,Everton LFC,Wide Forward,138,830,0.16626506024096385,Win,Win
2275136,Manchester City WFC,Attacking Midfield,113,1742,0.06486796785304248,Win,Win
2275136,Manchester City WFC,Center Back,441,1742,0.25315729047072333,Win,Win
2275136,Manchester City WFC,Central Midfield,306,1742,0.1756601607347876,Win,Win
2275136,Manchester City WFC,Fullback,317,1742,0.1819747416762342,Win,Win
2275136,Manchester City WFC,Goalkeeper,99,1742,0.05683122847301952,Win,Win
2275136,Manchester City WFC,Striker,121,1742,0.06946039035591274,Win,Win
2275136,Manchester City WFC,Wide Forward,345,1742,0.19804822043628015,Win,Win
2275136,Manchester United,Attacking Midfield,9,1050,0.008571428571428572,Loss,Non-Win
2275136,Manchester United,Center Back,242,1050,0.23047619047619047,Loss,Non-Win
2275136,Manchester United,Central Midfield,148,1050,0.14095238095238094,Loss,Non-Win
2275136,Manchester United,Defensive Midfield,105,1050,0.1,Loss,Non-Win
2275136,Manchester United,Fullback,217,1050,0.20666666666666667,Loss,Non-Win
2275136,Manchester United,Goalkeeper,87,1050,0.08285714285714285,Loss,Non-Win
2275136,Manchester United,Striker,83,1050,0.07904761904761905,Loss,Non-Win
2275136,Manchester United,Wide Forward,159,1050,0.15142857142857144,Loss,Non-Win
2275144,Everton LFC,Attacking Midfield,149,1067,0.13964386129334583,Loss,Non-Win
2275144,Everton LFC,Center Back,174,1067,0.16307403936269915,Loss,Non-Win
2275144,Everton LFC,Defensive Midfield,163,1067,0.1527647610121837,Loss,Non-Win
2275144,Everton LFC,Fullback,220,1067,0.20618556701030927,Loss,Non-Win
2275144,Everton LFC,Goalkeeper,62,1067,0.05810684161199625,Loss,Non-Win
2275144,Everton LFC,Striker,132,1067,0.12371134020618557,Loss,Non-Win
2275144,Everton LFC,Wide Forward,167,1067,0.15651358950328023,Loss,Non-Win
2275144,Manchester United,Attacking Midfield,117,1001,0.11688311688311688,Win,Win
2275144,Manchester United,Center Back,133,1001,0.13286713286713286,Win,Win
2275144,Manchester United,Central Midfield,186,1001,0.18581418581418582,Win,Win
2275144,Manchester United,Fullback,168,1001,0.16783216783216784,Win,Win
2275144,Manchester United,Goalkeeper,54,1001,0.053946053946053944,Win,Win
2275144,Manchester United,Striker,143,1001,0.14285714285714285,Win,Win
2275144,Manchester United,Wide Forward,200,1001,0.1998001998001998,Win,Win
2275157,Manchester United,Attacking Midfield,95,796,0.11934673366834171,Win,Win
2275157,Manchester United,Center Back,94,796,0.11809045226130653,Win,Win
2275157,Manchester United,Central Midfield,120,796,0.1507537688442211,Win,Win
2275157,Manchester United,Fullback,127,796,0.15954773869346733,Win,Win
2275157,Manchester United,Goalkeeper,70,796,0.08793969849246232,Win,Win
2275157,Manchester United,Striker,80,796,0.10050251256281408,Win,Win
2275157,Manchester United,Wide Forward,210,796,0.2638190954773869,Win,Win
2275157,Reading WFC,Attacking Midfield,135,1080,0.125,Loss,Non-Win
2275157,Reading WFC,Center Back,197,1080,0.1824074074074074,Loss,Non-Win
2275157,Reading WFC,Defensive Midfield,190,1080,0.17592592592592593,Loss,Non-Win
2275157,Reading WFC,Fullback,176,1080,0.16296296296296298,Loss,Non-Win
2275157,Reading WFC,Goalkeeper,63,1080,0.058333333333333334,Loss,Non-Win
2275157,Reading WFC,Striker,126,1080,0.11666666666666667,Loss,Non-Win
2275157,Reading WFC,Wide Forward,193,1080,0.1787037037037037,Loss,Non-Win
3749117,Arsenal,Center Back,177,1296,0.13657407407407407,Draw,Non-Win
3749117,Arsenal,Defensive Midfield,265,1296,0.2044753086419753,Draw,Non-Win
3749117,Arsenal,Fullback,204,1296,0.1574074074074074,Draw,Non-Win
3749117,Arsenal,Goalkeeper,73,1296,0.05632716049382716,Draw,Non-Win
3749117,Arsenal,Striker,284,1296,0.2191358024691358,Draw,Non-Win
3749117,Arsenal,Wide Forward,293,1296,0.22608024691358025,Draw,Non-Win
3749117,Everton,Center Back,140,1079,0.12974976830398516,Draw,Non-Win
3749117,Everton,Central Midfield,186,1079,0.17238183503243745,Draw,Non-Win
3749117,Everton,Defensive Midfield,101,1079,0.09360518999073215,Draw,Non-Win
3749117,Everton,Fullback,217,1079,0.20111214087117701,Draw,Non-Win
3749117,Everton,Goalkeeper,64,1079,0.05931417979610751,Draw,Non-Win
3749117,Everton,Striker,142,1079,0.13160333642261354,Draw,Non-Win
3749117,Everton,Wide Forward,229,1079,0.21223354958294718,Draw,Non-Win
3749448,Arsenal,Center Back,188,1403,0.13399857448325017,Win,Win
3749448,Arsenal,Defensive Midfield,322,1403,0.22950819672131148,Win,Win
3749448,Arsenal,Fullback,329,1403,0.2344975053456878,Win,Win
3749448,Arsenal,Goalkeeper,43,1403,0.030648610121168925,Win,Win
3749448,Arsenal,Striker,247,1403,0.17605131860299358,Win,Win
3749448,Arsenal,Wide Forward,274,1403,0.19529579472558803,Win,Win
3749448,Liverpool,Center Back,117,961,0.12174817898022892,Loss,Non-Win
3749448,Liverpool,Defensive Midfield,210,961,0.21852237252861603,Loss,Non-Win
3749448,Liverpool,Fullback,216,961,0.2247658688865765,Loss,Non-Win
3749448,Liverpool,Goalkeeper,51,961,0.053069719042663895,Loss,Non-Win
3749448,Liverpool,Striker,130,961,0.13527575442247658,Loss,Non-Win
3749448,Liverpool,Wide Forward,237,961,0.24661810613943808,Loss,Non-Win
3749603,Arsenal,Center Back,154,1358,0.1134020618556701,Win,Win
3749603,Arsenal,Defensive Midfield,338,1358,0.24889543446244478,Win,Win
3749603,Arsenal,Fullback,345,1358,0.2540500736377025,Win,Win
3749603,Arsenal,Goalkeeper,61,1358,0.04491899852724595,Win,Win
3749603,Arsenal,Striker,243,1358,0.17893961708394698,Win,Win
3749603,Arsenal,Wide Forward,217,1358,0.15979381443298968,Win,Win
3749603,Fulham,Center Back,120,1354,0.08862629246676514,Loss,Non-Win
3749603,Fulham,Central Midfield,488,1354,0.3604135893648449,Loss,Non-Win
3749603,Fulham,Fullback,244,1354,0.18020679468242246,Loss,Non-Win
3749603,Fulham,Goalkeeper,87,1354,0.06425406203840472,Loss,Non-Win
3749603,Fulham,Striker,132,1354,0.09748892171344166,Loss,Non-Win
3749603,Fulham,Wide Forward,283,1354,0.20901033973412111,Loss,Non-Win
3750201,Barcelona,Center Back,174,1427,0.12193412754029433,Win,Win
3750201,Barcelona,Central Midfield,441,1427,0.3090399439383322,Win,Win
3750201,Barcelona,Defensive Midfield,116,1427,0.08128941836019622,Win,Win
3750201,Barcelona,Fullback,264,1427,0.18500350385423966,Win,Win
3750201,Barcelona,Goalkeeper,51,1427,0.035739313244569026,Win,Win
3750201,Barcelona,Striker,81,1427,0.056762438682550806,Win,Win
3750201,Barcelona,Wide Forward,300,1427,0.2102312543798178,Win,Win
3750201,Manchester United,Center Back,278,1283,0.2166796570537802,Loss,Non-Win
3750201,Manchester United,Central Midfield,114,1283,0.08885424785658613,Loss,Non-Win
3750201,Manchester United,Defensive Midfield,229,1283,0.17848791893998442,Loss,Non-Win
3750201,Manchester United,Fullback,217,1283,0.1691348402182385,Loss,Non-Win
3750201,Manchester United,Goalkeeper,86,1283,0.06703039750584568,Loss,Non-Win
3750201,Manchester United,Striker,151,1283,0.11769290724863601,Loss,Non-Win
3750201,Manchester United,Wide Forward,208,1283,0.16212003117692908,Loss,Non-Win
3750240,Fiorentina,Center Back,90,937,0.096051227321238,Win,Win
3750240,Fiorentina,Defensive Midfield,249,937,0.2657417289220918,Win,Win
3750240,Fiorentina,Fullback,171,937,0.1824973319103522,Win,Win
3750240,Fiorentina,Goalkeeper,41,937,0.04375667022411953,Win,Win
3750240,Fiorentina,Striker,201,937,0.21451440768409819,Win,Win
3750240,Fiorentina,Wide Forward,185,937,0.19743863393810032,Win,Win
3750240,Manchester United,Center Back,195,1799,0.10839355197331851,Loss,Non-Win
3750240,Manchester United,Defensive Midfield,439,1799,0.24402445803224013,Loss,Non-Win
3750240,Manchester United,Fullback,427,1799,0.23735408560311283,Loss,Non-Win
3750240,Manchester United,Goalkeeper,61,1799,0.0339077265147304,Loss,Non-Win
3750240,Manchester United,Striker,274,1799,0.15230683713173984,Loss,Non-Win
3750240,Manchester United,Wide Forward,403,1799,0.22401334074485826,Loss,Non-Win
3750248,Athletic Club,Attacking Midfield,59,579,0.10189982728842832,Win,Win
3750248,Athletic Club,Center Back,61,579,0.10535405872193437,Win,Win
3750248,Athletic Club,Defensive Midfield,84,579,0.14507772020725387,Win,Win
3750248,Athletic Club,Fullback,94,579,0.16234887737478412,Win,Win
3750248,Athletic Club,Goalkeeper,75,579,0.12953367875647667,Win,Win
3750248,Athletic Club,Striker,64,579,0.11053540587219343,Win,Win
3750248,Athletic Club,Wide Forward,142,579,0.2452504317789292,Win,Win
3750248,Barcelona,Center Back,201,1276,0.15752351097178682,Loss,Non-Win
3750248,Barcelona,Defensive Midfield,326,1276,0.2554858934169279,Loss,Non-Win
3750248,Barcelona,Fullback,206,1276,0.1614420062695925,Loss,Non-Win
3750248,Barcelona,Goalkeeper,56,1276,0.0438871473354232,Loss,Non-Win
3750248,Barcelona,Striker,261,1276,0.20454545454545456,Loss,Non-Win
3750248,Barcelona,Wide Forward,226,1276,0.17711598746081506,Loss,Non-Win
3752619,AS Monaco,Center Back,193,1403,0.1375623663578047,Loss,Non-Win
3752619,AS Monaco,Central Midfield,231,1403,0.1646471846044191,Loss,Non-Win
3752619,AS Monaco,Defensive Midfield,183,1403,0.13043478260869565,Loss,Non-Win
3752619,AS Monaco,Fullback,350,1403,0.2494654312188168,Loss,Non-Win
3752619,AS Monaco,Goalkeeper,57,1403,0.040627227369921595,Loss,Non-Win
3752619,AS Monaco,Striker,117,1403,0.08339272986457591,Loss,Non-Win
3752619,AS Monaco,Wide Forward,272,1403,0.19387027797576623,Loss,Non-Win
3752619,FC Porto,Attacking Midfield,157,1083,0.14496768236380425,Win,Win
3752619,FC Porto,Center Back,127,1083,0.1172668513388735,Win,Win
3752619,FC Porto,Central Midfield,207,1083,0.19113573407202217,Win,Win
3752619,FC Porto,Defensive Midfield,48,1083,0.0443213296398892,Win,Win
3752619,FC Porto,Fullback,231,1083,0.21329639889196675,Win,Win
3752619,FC Porto,Goalkeeper,68,1083,0.06278855032317636,Win,Win
3752619,FC Porto,Striker,204,1083,0.1883656509695291,Win,Win
3752619,FC Porto,Wide Forward,41,1083,0.03785780240073869,Win,Win
3753976,Arsenal,Attacking Midfield,217,1878,0.11554845580404687,Loss,Non-Win
3753976,Arsenal,Center Back,351,1878,0.1869009584664537,Loss,Non-Win
3753976,Arsenal,Defensive Midfield,409,1878,0.21778487752928646,Loss,Non-Win
3753976,Arsenal,Fullback,344,1878,0.18317358892438765,Loss,Non-Win
3753976,Arsenal,Goalkeeper,72,1878,0.038338658146964855,Loss,Non-Win
3753976,Arsenal,Striker,128,1878,0.06815761448349308,Loss,Non-Win
3753976,Arsenal,Wide Forward,357,1878,0.1900958466453674,Loss,Non-Win
3753976,Swansea City,Attacking Midfield,137,1181,0.11600338696020322,Win,Win
3753976,Swansea City,Center Back,155,1181,0.13124470787468248,Win,Win
3753976,Swansea City,Central Midfield,252,1181,0.21337849280270957,Win,Win
3753976,Swansea City,Defensive Midfield,113,1181,0.09568162574089754,Win,Win
3753976,Swansea City,Fullback,229,1181,0.1939034716342083,Win,Win
3753976,Swansea City,Goalkeeper,55,1181,0.04657070279424217,Win,Win
3753976,Swansea City,Striker,240,1181,0.20321761219305673,Win,Win
3753978,Southampton,Attacking Midfield,125,1154,0.10831889081455806,Win,Win
3753978,Southampton,Center Back,161,1154,0.13951473136915077,Win,Win
3753978,Southampton,Defensive Midfield,228,1154,0.1975736568457539,Win,Win
3753978,Southampton,Fullback,211,1154,0.18284228769497402,Win,Win
3753978,Southampton,Goalkeeper,58,1154,0.05025996533795494,Win,Win
3753978,Southampton,Striker,126,1154,0.10918544194107452,Win,Win
3753978,Southampton,Wide Forward,245,1154,0.2123050259965338,Win,Win
3753978,Swansea City,Attacking Midfield,268,1661,0.1613485851896448,Loss,Non-Win
3753978,Swansea City,Center Back,261,1661,0.15713425647200482,Loss,Non-Win
3753978,Swansea City,Central Midfield,444,1661,0.267308850090307,Loss,Non-Win
3753978,Swansea City,Defensive Midfield,168,1661,0.10114388922335943,Loss,Non-Win
3753978,Swansea City,Fullback,343,1661,0.20650210716435882,Loss,Non-Win
3753978,Swansea City,Goalkeeper,67,1661,0.0403371462974112,Loss,Non-Win
3753978,Swansea City,Striker,110,1661,0.06622516556291391,Loss,Non-Win
3753981,Aston Villa,Attacking Midfield,7,1322,0.00529500756429652,Win,Win
3753981,Aston Villa,Center Back,172,1322,0.13010590015128592,Win,Win
3753981,Aston Villa,Central Midfield,328,1322,0.2481089258698941,Win,Win
3753981,Aston Villa,Defensive Midfield,133,1322,0.10060514372163389,Win,Win
3753981,Aston Villa,Fullback,276,1322,0.2087745839636914,Win,Win
3753981,Aston Villa,Goalkeeper,39,1322,0.029500756429652043,Win,Win
3753981,Aston Villa,Striker,98,1322,0.07413010590015129,Win,Win
3753981,Aston Villa,Wide Forward,269,1322,0.20347957639939485,Win,Win
3753981,Crystal Palace,Attacking Midfield,139,1267,0.10970797158642462,Loss,Non-Win
3753981,Crystal Palace,Center Back,223,1267,0.17600631412786108,Loss,Non-Win
3753981,Crystal Palace,Central Midfield,217,1267,0.1712707182320442,Loss,Non-Win
3753981,Crystal Palace,Fullback,266,1267,0.20994475138121546,Loss,Non-Win
3753981,Crystal Palace,Goalkeeper,58,1267,0.04577742699289661,Loss,Non-Win
3753981,Crystal Palace,Striker,114,1267,0.08997632202052092,Loss,Non-Win
3753981,Crystal Palace,Wide Forward,250,1267,0.19731649565903708,Loss,Non-Win
3753985,Liverpool,Attacking Midfield,105,1432,0.07332402234636871,Win,Win
3753985,Liverpool,Center Back,216,1432,0.15083798882681565,Win,Win
3753985,Liverpool,Central Midfield,141,1432,0.09846368715083799,Win,Win
3753985,Liverpool,Defensive Midfield,280,1432,0.19553072625698323,Win,Win
3753985,Liverpool,Fullback,252,1432,0.17597765363128492,Win,Win
3753985,Liverpool,Goalkeeper,58,1432,0.040502793296089384,Win,Win
3753985,Liverpool,Striker,107,1432,0.07472067039106145,Win,Win
3753985,Liverpool,Wide Forward,273,1432,0.19064245810055866,Win,Win
3753985,Stoke City,Attacking Midfield,128,1229,0.10414971521562245,Loss,Non-Win
3753985,Stoke City,Center Back,244,1229,0.19853539462978032,Loss,Non-Win
3753985,Stoke City,Defensive Midfield,270,1229,0.21969080553295361,Loss,Non-Win
3753985,Stoke City,Fullback,237,1229,0.19283970707892595,Loss,Non-Win
3753985,Stoke City,Goalkeeper,51,1229,0.04149715215622457,Loss,Non-Win
3753985,Stoke City,Striker,65,1229,0.05288852725793328,Loss,Non-Win
3753985,Stoke City,Wide Forward,234,1229,0.1903986981285598,Loss,Non-Win
3754002,Leicester City,Center Back,176,1370,0.12846715328467154,Win,Win
3754002,Leicester City,Central Midfield,323,1370,0.23576642335766423,Win,Win
3754002,Leicester City,Fullback,281,1370,0.20510948905109488,Win,Win
3754002,Leicester City,Goalkeeper,68,1370,0.049635036496350364,Win,Win
3754002,Leicester City,Striker,223,1370,0.16277372262773723,Win,Win
3754002,Leicester City,Wide Forward,299,1370,0.21824817518248174,Win,Win
3754002,Newcastle United,Attacking Midfield,143,1345,0.10631970260223049,Loss,Non-Win
3754002,Newcastle United,Center Back,198,1345,0.14721189591078068,Loss,Non-Win
3754002,Newcastle United,Defensive Midfield,263,1345,0.19553903345724907,Loss,Non-Win
3754002,Newcastle United,Fullback,262,1345,0.19479553903345725,Loss,Non-Win
3754002,Newcastle United,Goalkeeper,56,1345,0.041635687732342004,Loss,Non-Win
3754002,Newcastle United,Striker,165,1345,0.12267657992565056,Loss,Non-Win
3754002,Newcastle United,Wide Forward,258,1345,0.19182156133828995,Loss,Non-Win
3754005,Newcastle United,Attacking Midfield,147,1143,0.12860892388451445,Loss,Non-Win
3754005,Newcastle United,Center Back,118,1143,0.10323709536307961,Loss,Non-Win
3754005,Newcastle United,Central Midfield,225,1143,0.1968503937007874,Loss,Non-Win
3754005,Newcastle United,Fullback,183,1143,0.16010498687664043,Loss,Non-Win
3754005,Newcastle United,Goalkeeper,63,1143,0.05511811023622047,Loss,Non-Win
3754005,Newcastle United,Striker,140,1143,0.12248468941382328,Loss,Non-Win
3754005,Newcastle United,Wide Forward,267,1143,0.2335958005249344,Loss,Non-Win
3754005,Stoke City,Attacking Midfield,182,1432,0.1270949720670391,Win,Win
3754005,Stoke City,Center Back,233,1432,0.1627094972067039,Win,Win
3754005,Stoke City,Defensive Midfield,301,1432,0.210195530726257,Win,Win
3754005,Stoke City,Fullback,272,1432,0.18994413407821228,Win,Win
3754005,Stoke City,Goalkeeper,47,1432,0.03282122905027933,Win,Win
3754005,Stoke City,Striker,103,1432,0.07192737430167598,Win,Win
3754005,Stoke City,Wide Forward,294,1432,0.2053072625698324,Win,Win
3754007,Stoke City,Attacking Midfield,59,1339,0.044062733383121735,Loss,Non-Win
3754007,Stoke City,Center Back,272,1339,0.20313666915608664,Loss,Non-Win
3754007,Stoke City,Central Midfield,165,1339,0.12322628827483197,Loss,Non-Win
3754007,Stoke City,Defensive Midfield,176,1339,0.13144137415982077,Loss,Non-Win
3754007,Stoke City,Fullback,243,1339,0.18147871545929797,Loss,Non-Win
3754007,Stoke City,Goalkeeper,83,1339,0.0619865571321882,Loss,Non-Win
3754007,Stoke City,Striker,206,1339,0.15384615384615385,Loss,Non-Win
3754007,Stoke City,Wide Forward,135,1339,0.10082150858849888,Loss,Non-Win
3754007,West Bromwich Albion,Center Back,164,1440,0.11388888888888889,Win,Win
3754007,West Bromwich Albion,Central Midfield,58,1440,0.04027777777777778,Win,Win
3754007,West Bromwich Albion,Defensive Midfield,438,1440,0.30416666666666664,Win,Win
3754007,West Bromwich Albion,Fullback,288,1440,0.2,Win,Win
3754007,West Bromwich Albion,Goalkeeper,33,1440,0.022916666666666665,Win,Win
3754007,West Bromwich Albion,Striker,195,1440,0.13541666666666666,Win,Win
3754007,West Bromwich Albion,Wide Forward,264,1440,0.18333333333333332,Win,Win
3754010,Newcastle United,Center Back,270,1550,0.17419354838709677,Loss,Non-Win
3754010,Newcastle United,Central Midfield,274,1550,0.1767741935483871,Loss,Non-Win
3754010,Newcastle United,Defensive Midfield,138,1550,0.08903225806451613,Loss,Non-Win
3754010,Newcastle United,Fullback,370,1550,0.23870967741935484,Loss,Non-Win
3754010,Newcastle United,Goalkeeper,58,1550,0.03741935483870968,Loss,Non-Win
3754010,Newcastle United,Striker,81,1550,0.052258064516129035,Loss,Non-Win
3754010,Newcastle United,Wide Forward,359,1550,0.23161290322580644,Loss,Non-Win
3754010,Watford,Center Back,81,1038,0.07803468208092486,Win,Win
3754010,Watford,Defensive Midfield,195,1038,0.18786127167630057,Win,Win
3754010,Watford,Fullback,176,1038,0.16955684007707128,Win,Win
3754010,Watford,Goalkeeper,64,1038,0.06165703275529865,Win,Win
3754010,Watford,Striker,238,1038,0.22928709055876687,Win,Win
3754010,Watford,Wide Forward,284,1038,0.27360308285163776,Win,Win
3754011,Manchester United,Attacking Midfield,168,1719,0.09773123909249563,Win,Win
3754011,Manchester United,Center Back,341,1719,0.19837114601512507,Win,Win
3754011,Manchester United,Defensive Midfield,381,1719,0.22164048865619546,Win,Win
3754011,Manchester United,Fullback,353,1719,0.2053519488074462,Win,Win
3754011,Manchester United,Goalkeeper,71,1719,0.04130308318789994,Win,Win
3754011,Manchester United,Striker,110,1719,0.06399069226294357,Win,Win
3754011,Manchester United,Wide Forward,295,1719,0.17161140197789412,Win,Win
3754011,Southampton,Attacking Midfield,118,1180,0.1,Loss,Non-Win
3754011,Southampton,Center Back,209,1180,0.17711864406779662,Loss,Non-Win
3754011,Southampton,Central Midfield,254,1180,0.21525423728813559,Loss,Non-Win
3754011,Southampton,Fullback,211,1180,0.1788135593220339,Loss,Non-Win
3754011,Southampton,Goalkeeper,70,1180,0.059322033898305086,Loss,Non-Win
3754011,Southampton,Striker,136,1180,0.1152542372881356,Loss,Non-Win
3754011,Southampton,Wide Forward,182,1180,0.15423728813559323,Loss,Non-Win
3754014,Manchester United,Attacking Midfield,160,1349,0.11860637509266123,Loss,Non-Win
3754014,Manchester United,Center Back,181,1349,0.134173461823573,Loss,Non-Win
3754014,Manchester United,Central Midfield,321,1349,0.2379540400296516,Loss,Non-Win
3754014,Manchester United,Fullback,232,1349,0.17197924388435878,Loss,Non-Win
3754014,Manchester United,Goalkeeper,74,1349,0.05485544848035582,Loss,Non-Win
3754014,Manchester United,Striker,120,1349,0.08895478131949593,Loss,Non-Win
3754014,Manchester United,Wide Forward,261,1349,0.19347664936990364,Loss,Non-Win
3754014,Stoke City,Attacking Midfield,137,962,0.14241164241164242,Win,Win
3754014,Stoke City,Center Back,101,962,0.104989604989605,Win,Win
3754014,Stoke City,Central Midfield,204,962,0.21205821205821207,Win,Win
3754014,Stoke City,Fullback,153,962,0.15904365904365905,Win,Win
3754014,Stoke City,Goalkeeper,51,962,0.05301455301455302,Win,Win
3754014,Stoke City,Striker,108,962,0.11226611226611227,Win,Win
3754014,Stoke City,Wide Forward,208,962,0.21621621621621623,Win,Win
3754015,Manchester City,Attacking Midfield,125,1168,0.10702054794520548,Draw,Non-Win
3754015,Manchester City,Center Back,229,1168,0.19606164383561644,Draw,Non-Win
3754015,Manchester City,Defensive Midfield,212,1168,0.1815068493150685,Draw,Non-Win
3754015,Manchester City,Fullback,191,1168,0.16352739726027396,Draw,Non-Win
3754015,Manchester City,Goalkeeper,59,1168,0.05051369863013699,Draw,Non-Win
3754015,Manchester City,Striker,121,1168,0.1035958904109589,Draw,Non-Win
3754015,Manchester City,Wide Forward,231,1168,0.19777397260273974,Draw,Non-Win
3754015,Manchester United,Attacking Midfield,185,1659,0.11151295961422544,Draw,Non-Win
3754015,Manchester United,Center Back,272,1659,0.16395418927064498,Draw,Non-Win
3754015,Manchester United,Defensive Midfield,408,1659,0.24593128390596744,Draw,Non-Win
3754015,Manchester United,Fullback,325,1659,0.19590114526823388,Draw,Non-Win
3754015,Manchester United,Goalkeeper,63,1659,0.0379746835443038,Draw,Non-Win
3754015,Manchester United,Striker,120,1659,0.07233273056057866,Draw,Non-Win
3754015,Manchester United,Wide Forward,286,1659,0.1723930078360458,Draw,Non-Win
3754022,Crystal Palace,Center Back,144,961,0.14984391259105098,Win,Win
3754022,Crystal Palace,Central Midfield,222,961,0.23100936524453694,Win,Win
3754022,Crystal Palace,Defensive Midfield,83,961,0.08636836628511967,Win,Win
3754022,Crystal Palace,Fullback,186,961,0.1935483870967742,Win,Win
3754022,Crystal Palace,Goalkeeper,54,961,0.05619146722164412,Win,Win
3754022,Crystal Palace,Striker,87,961,0.09053069719042664,Win,Win
3754022,Crystal Palace,Wide Forward,185,961,0.19250780437044746,Win,Win
3754022,Norwich City,Attacking Midfield,110,893,0.12318029115341546,Loss,Non-Win
3754022,Norwich City,Center Back,76,893,0.0851063829787234,Loss,Non-Win
3754022,Norwich City,Defensive Midfield,199,893,0.22284434490481522,Loss,Non-Win
3754022,Norwich City,Fullback,150,893,0.167973124300112,Loss,Non-Win
3754022,Norwich City,Goalkeeper,46,893,0.051511758118701005,Loss,Non-Win
3754022,Norwich City,Striker,131,893,0.14669652855543114,Loss,Non-Win
3754022,Norwich City,Wide Forward,181,893,0.2026875699888018,Loss,Non-Win
3754024,Newcastle United,Attacking Midfield,100,863,0.11587485515643106,Win,Win
3754024,Newcastle United,Center Back,65,863,0.07531865585168018,Win,Win
3754024,Newcastle United,Defensive Midfield,169,863,0.19582850521436848,Win,Win
3754024,Newcastle United,Fullback,155,863,0.17960602549246812,Win,Win
3754024,Newcastle United,Goalkeeper,36,863,0.04171494785631518,Win,Win
3754024,Newcastle United,Striker,150,863,0.17381228273464658,Win,Win
3754024,Newcastle United,Wide Forward,188,863,0.21784472769409038,Win,Win
3754024,Swansea City,Attacking Midfield,66,1620,0.040740740740740744,Loss,Non-Win
3754024,Swansea City,Center Back,387,1620,0.2388888888888889,Loss,Non-Win
3754024,Swansea City,Defensive Midfield,362,1620,0.2234567901234568,Loss,Non-Win
3754024,Swansea City,Fullback,340,1620,0.20987654320987653,Loss,Non-Win
3754024,Swansea City,Goalkeeper,59,1620,0.03641975308641975,Loss,Non-Win
3754024,Swansea City,Striker,135,1620,0.08333333333333333,Loss,Non-Win
3754024,Swansea City,Wide Forward,271,1620,0.16728395061728396,Loss,Non-Win
3754026,Crystal Palace,Attacking Midfield,157,1224,0.12826797385620914,Win,Win
3754026,Crystal Palace,Center Back,164,1224,0.13398692810457516,Win,Win
3754026,Crystal Palace,Defensive Midfield,318,1224,0.25980392156862747,Win,Win
3754026,Crystal Palace,Fullback,202,1224,0.1650326797385621,Win,Win
3754026,Crystal Palace,Goalkeeper,62,1224,0.05065359477124183,Win,Win
3754026,Crystal Palace,Striker,111,1224,0.09068627450980392,Win,Win
3754026,Crystal Palace,Wide Forward,210,1224,0.1715686274509804,Win,Win
3754026,Stoke City,Center Back,98,828,0.11835748792270531,Loss,Non-Win
3754026,Stoke City,Central Midfield,214,828,0.2584541062801932,Loss,Non-Win
3754026,Stoke City,Defensive Midfield,61,828,0.07367149758454106,Loss,Non-Win
3754026,Stoke City,Fullback,129,828,0.15579710144927536,Loss,Non-Win
3754026,Stoke City,Goalkeeper,42,828,0.050724637681159424,Loss,Non-Win
3754026,Stoke City,Striker,89,828,0.10748792270531402,Loss,Non-Win
3754026,Stoke City,Wide Forward,195,828,0.23550724637681159,Loss,Non-Win
3754034,Everton,Attacking Midfield,172,1160,0.1482758620689655,Win,Win
3754034,Everton,Center Back,156,1160,0.13448275862068965,Win,Win
3754034,Everton,Defensive Midfield,232,1160,0.2,Win,Win
3754034,Everton,Fullback,190,1160,0.16379310344827586,Win,Win
3754034,Everton,Goalkeeper,49,1160,0.04224137931034483,Win,Win
3754034,Everton,Striker,131,1160,0.11293103448275862,Win,Win
3754034,Everton,Wide Forward,230,1160,0.19827586206896552,Win,Win
3754034,Southampton,Attacking Midfield,123,1416,0.08686440677966102,Loss,Non-Win
3754034,Southampton,Center Back,288,1416,0.2033898305084746,Loss,Non-Win
3754034,Southampton,Defensive Midfield,399,1416,0.2817796610169492,Loss,Non-Win
3754034,Southampton,Fullback,210,1416,0.1483050847457627,Loss,Non-Win
3754034,Southampton,Goalkeeper,31,1416,0.021892655367231638,Loss,Non-Win
3754034,Southampton,Striker,99,1416,0.06991525423728813,Loss,Non-Win
3754034,Southampton,Wide Forward,266,1416,0.18785310734463276,Loss,Non-Win
3754044,Manchester United,Attacking Midfield,181,1843,0.09820944112859468,Loss,Non-Win
3754044,Manchester United,Center Back,265,1843,0.14378730330982095,Loss,Non-Win
3754044,Manchester United,Defensive Midfield,403,1843,0.21866521975040695,Loss,Non-Win
3754044,Manchester United,Fullback,472,1843,0.25610417797069995,Loss,Non-Win
3754044,Manchester United,Goalkeeper,57,1843,0.030927835051546393,Loss,Non-Win
3754044,Manchester United,Striker,123,1843,0.06673901247965273,Loss,Non-Win
3754044,Manchester United,Wide Forward,342,1843,0.18556701030927836,Loss,Non-Win
3754044,Norwich City,Attacking Midfield,147,853,0.17233294255568582,Win,Win
3754044,Norwich City,Center Back,73,853,0.08558030480656506,Win,Win
3754044,Norwich City,Central Midfield,37,853,0.04337631887456037,Win,Win
3754044,Norwich City,Defensive Midfield,192,853,0.2250879249706917,Win,Win
3754044,Norwich City,Fullback,121,853,0.141852286049238,Win,Win
3754044,Norwich City,Goalkeeper,56,853,0.06565064478311841,Win,Win
3754044,Norwich City,Striker,69,853,0.08089097303634232,Win,Win
3754044,Norwich City,Wide Forward,158,853,0.18522860492379836,Win,Win
3754050,Crystal Palace,Attacking Midfield,92,827,0.11124546553808948,Draw,Non-Win
3754050,Crystal Palace,Center Back,90,827,0.10882708585247884,Draw,Non-Win
3754050,Crystal Palace,Defensive Midfield,140,827,0.16928657799274485,Draw,Non-Win
3754050,Crystal Palace,Fullback,138,827,0.16686819830713423,Draw,Non-Win
3754050,Crystal Palace,Goalkeeper,39,827,0.0471584038694075,Draw,Non-Win
3754050,Crystal Palace,Striker,122,827,0.1475211608222491,Draw,Non-Win
3754050,Crystal Palace,Wide Forward,206,827,0.24909310761789602,Draw,Non-Win
3754050,Sunderland,Center Back,184,1378,0.13352685050798258,Draw,Non-Win
3754050,Sunderland,Central Midfield,310,1378,0.22496371552975328,Draw,Non-Win
3754050,Sunderland,Defensive Midfield,126,1378,0.09143686502177069,Draw,Non-Win
3754050,Sunderland,Fullback,245,1378,0.17779390420899854,Draw,Non-Win
3754050,Sunderland,Goalkeeper,79,1378,0.057329462989840346,Draw,Non-Win
3754050,Sunderland,Striker,121,1378,0.08780841799709724,Draw,Non-Win
3754050,Sunderland,Wide Forward,313,1378,0.22714078374455732,Draw,Non-Win
3754052,Norwich City,Center Back,78,1145,0.06812227074235808,Win,Win
3754052,Norwich City,Central Midfield,250,1145,0.2183406113537118,Win,Win
3754052,Norwich City,Fullback,213,1145,0.18602620087336244,Win,Win
3754052,Norwich City,Goalkeeper,53,1145,0.0462882096069869,Win,Win
3754052,Norwich City,Striker,305,1145,0.2663755458515284,Win,Win
3754052,Norwich City,Wide Forward,246,1145,0.21484716157205241,Win,Win
3754052,West Bromwich Albion,Attacking Midfield,106,1052,0.10076045627376426,Loss,Non-Win
3754052,West Bromwich Albion,Center Back,124,1052,0.11787072243346007,Loss,Non-Win
3754052,West Bromwich Albion,Defensive Midfield,162,1052,0.15399239543726237,Loss,Non-Win
3754052,West Bromwich Albion,Fullback,231,1052,0.21958174904942965,Loss,Non-Win
3754052,West Bromwich Albion,Goalkeeper,64,1052,0.060836501901140684,Loss,Non-Win
3754052,West Bromwich Albion,Striker,156,1052,0.1482889733840304,Loss,Non-Win
3754052,West Bromwich Albion,Wide Forward,209,1052,0.19866920152091255,Loss,Non-Win
3754061,Chelsea,Attacking Midfield,146,1343,0.10871183916604617,Draw,Non-Win
3754061,Chelsea,Center Back,132,1343,0.09828741623231571,Draw,Non-Win
3754061,Chelsea,Defensive Midfield,298,1343,0.22189128816083395,Draw,Non-Win
3754061,Chelsea,Fullback,203,1343,0.15115413253909157,Draw,Non-Win
3754061,Chelsea,Goalkeeper,54,1343,0.040208488458674606,Draw,Non-Win
3754061,Chelsea,Striker,106,1343,0.07892777364110201,Draw,Non-Win
3754061,Chelsea,Wide Forward,404,1343,0.30081906180193596,Draw,Non-Win
3754061,Stoke City,Attacking Midfield,169,1417,0.11926605504587157,Draw,Non-Win
3754061,Stoke City,Center Back,177,1417,0.12491178546224418,Draw,Non-Win
3754061,Stoke City,Defensive Midfield,379,1417,0.2674664784756528,Draw,Non-Win
3754061,Stoke City,Fullback,241,1417,0.17007762879322513,Draw,Non-Win
3754061,Stoke City,Goalkeeper,58,1417,0.040931545518701484,Draw,Non-Win
3754061,Stoke City,Striker,91,1417,0.06422018348623854,Draw,Non-Win
3754061,Stoke City,Wide Forward,302,1417,0.21312632321806635,Draw,Non-Win
3754074,Swansea City,Attacking Midfield,92,1167,0.07883461868037704,Draw,Non-Win
3754074,Swansea City,Center Back,193,1167,0.16538131962296487,Draw,Non-Win
3754074,Swansea City,Central Midfield,211,1167,0.18080548414738645,Draw,Non-Win
3754074,Swansea City,Fullback,274,1167,0.23479005998286204,Draw,Non-Win
3754074,Swansea City,Goalkeeper,55,1167,0.04712939160239932,Draw,Non-Win
3754074,Swansea City,Striker,119,1167,0.10197086546700942,Draw,Non-Win
3754074,Swansea City,Wide Forward,223,1167,0.19108826049700087,Draw,Non-Win
3754074,Tottenham Hotspur,Attacking Midfield,176,1463,0.12030075187969924,Draw,Non-Win
3754074,Tottenham Hotspur,Center Back,318,1463,0.21736158578263842,Draw,Non-Win
3754074,Tottenham Hotspur,Central Midfield,287,1463,0.19617224880382775,Draw,Non-Win
3754074,Tottenham Hotspur,Fullback,250,1463,0.17088174982911825,Draw,Non-Win
3754074,Tottenham Hotspur,Goalkeeper,63,1463,0.0430622009569378,Draw,Non-Win
3754074,Tottenham Hotspur,Striker,99,1463,0.06766917293233082,Draw,Non-Win
3754074,Tottenham Hotspur,Wide Forward,270,1463,0.18455228981544772,Draw,Non-Win
3754083,Chelsea,Attacking Midfield,146,1697,0.08603417796110784,Loss,Non-Win
3754083,Chelsea,Center Back,230,1697,0.13553329404832057,Loss,Non-Win
3754083,Chelsea,Defensive Midfield,436,1697,0.25692398350029466,Loss,Non-Win
3754083,Chelsea,Fullback,359,1697,0.21154979375368296,Loss,Non-Win
3754083,Chelsea,Goalkeeper,43,1697,0.025338833235120803,Loss,Non-Win
3754083,Chelsea,Striker,148,1697,0.08721272834413671,Loss,Non-Win
3754083,Chelsea,Wide Forward,335,1697,0.1974071891573365,Loss,Non-Win
3754083,Crystal Palace,Attacking Midfield,129,966,0.13354037267080746,Win,Win
3754083,Crystal Palace,Center Back,96,966,0.09937888198757763,Win,Win
3754083,Crystal Palace,Defensive Midfield,183,966,0.18944099378881987,Win,Win
3754083,Crystal Palace,Fullback,146,966,0.15113871635610765,Win,Win
3754083,Crystal Palace,Goalkeeper,63,966,0.06521739130434782,Win,Win
3754083,Crystal Palace,Striker,112,966,0.11594202898550725,Win,Win
3754083,Crystal Palace,Wide Forward,237,966,0.2453416149068323,Win,Win
3754084,Aston Villa,Center Back,128,1357,0.09432571849668386,Draw,Non-Win
3754084,Aston Villa,Central Midfield,389,1357,0.2866617538688283,Draw,Non-Win
3754084,Aston Villa,Defensive Midfield,123,1357,0.09064112011790715,Draw,Non-Win
3754084,Aston Villa,Fullback,244,1357,0.1798084008843036,Draw,Non-Win
3754084,Aston Villa,Goalkeeper,25,1357,0.018422991893883568,Draw,Non-Win
3754084,Aston Villa,Striker,145,1357,0.10685335298452468,Draw,Non-Win
3754084,Aston Villa,Wide Forward,303,1357,0.22328666175386883,Draw,Non-Win
3754084,West Bromwich Albion,Attacking Midfield,111,857,0.1295215869311552,Draw,Non-Win
3754084,West Bromwich Albion,Center Back,87,857,0.10151691948658109,Draw,Non-Win
3754084,West Bromwich Albion,Defensive Midfield,135,857,0.15752625437572929,Draw,Non-Win
3754084,West Bromwich Albion,Fullback,177,857,0.20653442240373396,Draw,Non-Win
3754084,West Bromwich Albion,Goalkeeper,37,857,0.043173862310385065,Draw,Non-Win
3754084,West Bromwich Albion,Striker,96,857,0.11201866977829639,Draw,Non-Win
3754084,West Bromwich Albion,Wide Forward,214,857,0.24970828471411902,Draw,Non-Win
3754088,Manchester United,Attacking Midfield,179,1251,0.14308553157474022,Draw,Non-Win
3754088,Manchester United,Center Back,138,1251,0.11031175059952038,Draw,Non-Win
3754088,Manchester United,Central Midfield,212,1251,0.16946442845723422,Draw,Non-Win
3754088,Manchester United,Defensive Midfield,45,1251,0.03597122302158273,Draw,Non-Win
3754088,Manchester United,Fullback,266,1251,0.21262989608313348,Draw,Non-Win
3754088,Manchester United,Goalkeeper,49,1251,0.03916866506794564,Draw,Non-Win
3754088,Manchester United,Striker,104,1251,0.08313349320543566,Draw,Non-Win
3754088,Manchester United,Wide Forward,258,1251,0.20623501199040767,Draw,Non-Win
3754088,Newcastle United,Attacking Midfield,116,1575,0.07365079365079365,Draw,Non-Win
3754088,Newcastle United,Center Back,353,1575,0.22412698412698412,Draw,Non-Win
3754088,Newcastle United,Central Midfield,413,1575,0.26222222222222225,Draw,Non-Win
3754088,Newcastle United,Fullback,263,1575,0.16698412698412698,Draw,Non-Win
3754088,Newcastle United,Goalkeeper,35,1575,0.022222222222222223,Draw,Non-Win
3754088,Newcastle United,Striker,117,1575,0.07428571428571429,Draw,Non-Win
3754088,Newcastle United,Wide Forward,278,1575,0.1765079365079365,Draw,Non-Win
3754090,Newcastle United,Center Back,176,1279,0.1376075058639562,Draw,Non-Win
3754090,Newcastle United,Central Midfield,279,1279,0.2181391712275215,Draw,Non-Win
3754090,Newcastle United,Fullback,203,1279,0.15871774824081314,Draw,Non-Win
3754090,Newcastle United,Goalkeeper,50,1279,0.039093041438623924,Draw,Non-Win
3754090,Newcastle United,Striker,297,1279,0.23221266614542613,Draw,Non-Win
3754090,Newcastle United,Wide Forward,274,1279,0.2142298670836591,Draw,Non-Win
3754090,Stoke City,Attacking Midfield,167,1181,0.14140558848433532,Draw,Non-Win
3754090,Stoke City,Center Back,107,1181,0.09060118543607112,Draw,Non-Win
3754090,Stoke City,Defensive Midfield,260,1181,0.2201524132091448,Draw,Non-Win
3754090,Stoke City,Fullback,197,1181,0.1668077900084674,Draw,Non-Win
3754090,Stoke City,Goalkeeper,48,1181,0.04064352243861134,Draw,Non-Win
3754090,Stoke City,Striker,125,1181,0.10584250635055038,Draw,Non-Win
3754090,Stoke City,Wide Forward,277,1181,0.23454699407281965,Draw,Non-Win
3754093,Chelsea,Attacking Midfield,111,1079,0.10287303058387395,Draw,Non-Win
3754093,Chelsea,Center Back,88,1079,0.08155699721964782,Draw,Non-Win
3754093,Chelsea,Defensive Midfield,194,1079,0.17979610750695088,Draw,Non-Win
3754093,Chelsea,Fullback,198,1079,0.1835032437442076,Draw,Non-Win
3754093,Chelsea,Goalkeeper,52,1079,0.04819277108433735,Draw,Non-Win
3754093,Chelsea,Striker,188,1079,0.1742354031510658,Draw,Non-Win
3754093,Chelsea,Wide Forward,248,1079,0.22984244670991658,Draw,Non-Win
3754093,Tottenham Hotspur,Attacking Midfield,293,1535,0.19087947882736156,Draw,Non-Win
3754093,Tottenham Hotspur,Center Back,365,1535,0.23778501628664495,Draw,Non-Win
3754093,Tottenham Hotspur,Central Midfield,267,1535,0.1739413680781759,Draw,Non-Win
3754093,Tottenham Hotspur,Defensive Midfield,154,1535,0.1003257328990228,Draw,Non-Win
3754093,Tottenham Hotspur,Fullback,250,1535,0.16286644951140064,Draw,Non-Win
3754093,Tottenham Hotspur,Goalkeeper,57,1535,0.03713355048859935,Draw,Non-Win
3754093,Tottenham Hotspur,Striker,122,1535,0.07947882736156352,Draw,Non-Win
3754093,Tottenham Hotspur,Wide Forward,27,1535,0.01758957654723127,Draw,Non-Win
3754097,Manchester United,Attacking Midfield,144,1520,0.09473684210526316,Win,Win
3754097,Manchester United,Center Back,297,1520,0.19539473684210526,Win,Win
3754097,Manchester United,Central Midfield,147,1520,0.09671052631578947,Win,Win
3754097,Manchester United,Defensive Midfield,145,1520,0.09539473684210527,Win,Win
3754097,Manchester United,Fullback,276,1520,0.18157894736842106,Win,Win
3754097,Manchester United,Goalkeeper,100,1520,0.06578947368421052,Win,Win
3754097,Manchester United,Striker,126,1520,0.08289473684210526,Win,Win
3754097,Manchester United,Wide Forward,285,1520,0.1875,Win,Win
3754097,Tottenham Hotspur,Attacking Midfield,144,1457,0.09883321894303362,Loss,Non-Win
3754097,Tottenham Hotspur,Center Back,352,1457,0.24159231297185998,Loss,Non-Win
3754097,Tottenham Hotspur,Central Midfield,293,1457,0.2010981468771448,Loss,Non-Win
3754097,Tottenham Hotspur,Fullback,221,1457,0.151681537405628,Loss,Non-Win
3754097,Tottenham Hotspur,Goalkeeper,114,1457,0.07824296499656828,Loss,Non-Win
3754097,Tottenham Hotspur,Striker,111,1457,0.07618393960192175,Loss,Non-Win
3754097,Tottenham Hotspur,Wide Forward,222,1457,0.1523678792038435,Loss,Non-Win
3754101,Norwich City,Attacking Midfield,137,1077,0.12720519962859797,Win,Win
3754101,Norwich City,Center Back,89,1077,0.08263695450324977,Win,Win
3754101,Norwich City,Defensive Midfield,233,1077,0.21634168987929434,Win,Win
3754101,Norwich City,Fullback,249,1077,0.23119777158774374,Win,Win
3754101,Norwich City,Goalkeeper,45,1077,0.04178272980501393,Win,Win
3754101,Norwich City,Striker,84,1077,0.07799442896935933,Win,Win
3754101,Norwich City,Wide Forward,240,1077,0.22284122562674094,Win,Win
3754101,Southampton,Attacking Midfield,186,1392,0.1336206896551724,Loss,Non-Win
3754101,Southampton,Center Back,224,1392,0.16091954022988506,Loss,Non-Win
3754101,Southampton,Defensive Midfield,253,1392,0.1817528735632184,Loss,Non-Win
3754101,Southampton,Fullback,330,1392,0.23706896551724138,Loss,Non-Win
3754101,Southampton,Goalkeeper,62,1392,0.04454022988505747,Loss,Non-Win
3754101,Southampton,Striker,98,1392,0.07040229885057471,Loss,Non-Win
3754101,Southampton,Wide Forward,239,1392,0.17169540229885058,Loss,Non-Win
3754103,Chelsea,Attacking Midfield,248,1750,0.1417142857142857,Draw,Non-Win
3754103,Chelsea,Center Back,219,1750,0.12514285714285714,Draw,Non-Win
3754103,Chelsea,Defensive Midfield,354,1750,0.2022857142857143,Draw,Non-Win
3754103,Chelsea,Fullback,383,1750,0.21885714285714286,Draw,Non-Win
3754103,Chelsea,Goalkeeper,39,1750,0.022285714285714287,Draw,Non-Win
3754103,Chelsea,Striker,133,1750,0.076,Draw,Non-Win
3754103,Chelsea,Wide Forward,374,1750,0.21371428571428572,Draw,Non-Win
3754103,Watford,Attacking Midfield,159,1378,0.11538461538461539,Draw,Non-Win
3754103,Watford,Center Back,175,1378,0.1269956458635704,Draw,Non-Win
3754103,Watford,Central Midfield,261,1378,0.18940493468795355,Draw,Non-Win
3754103,Watford,Defensive Midfield,183,1378,0.1328011611030479,Draw,Non-Win
3754103,Watford,Fullback,267,1378,0.1937590711175617,Draw,Non-Win
3754103,Watford,Goalkeeper,65,1378,0.04716981132075472,Draw,Non-Win
3754103,Watford,Striker,268,1378,0.19448476052249636,Draw,Non-Win
3754106,Aston Villa,Attacking Midfield,109,1278,0.08528951486697965,Loss,Non-Win
3754106,Aston Villa,Center Back,225,1278,0.176056338028169,Loss,Non-Win
3754106,Aston Villa,Central Midfield,140,1278,0.10954616588419405,Loss,Non-Win
3754106,Aston Villa,Defensive Midfield,126,1278,0.09859154929577464,Loss,Non-Win
3754106,Aston Villa,Fullback,315,1278,0.24647887323943662,Loss,Non-Win
3754106,Aston Villa,Goalkeeper,45,1278,0.035211267605633804,Loss,Non-Win
3754106,Aston Villa,Striker,92,1278,0.07198748043818466,Loss,Non-Win
3754106,Aston Villa,Wide Forward,226,1278,0.17683881064162754,Loss,Non-Win
3754106,Leicester City,Center Back,134,1278,0.10485133020344288,Win,Win
3754106,Leicester City,Defensive Midfield,357,1278,0.2793427230046948,Win,Win
3754106,Leicester City,Fullback,226,1278,0.17683881064162754,Win,Win
3754106,Leicester City,Goalkeeper,53,1278,0.041471048513302036,Win,Win
3754106,Leicester City,Striker,184,1278,0.14397496087636932,Win,Win
3754106,Leicester City,Wide Forward,324,1278,0.2535211267605634,Win,Win
3754107,Aston Villa,Center Back,304,1357,0.22402358142962417,Loss,Non-Win
3754107,Aston Villa,Central Midfield,311,1357,0.22918201915991157,Loss,Non-Win
3754107,Aston Villa,Defensive Midfield,146,1357,0.10759027266028003,Loss,Non-Win
3754107,Aston Villa,Fullback,277,1357,0.20412675018422993,Loss,Non-Win
3754107,Aston Villa,Goalkeeper,81,1357,0.05969049373618276,Loss,Non-Win
3754107,Aston Villa,Striker,43,1357,0.03168754605747973,Loss,Non-Win
3754107,Aston Villa,Wide Forward,195,1357,0.14369933677229182,Loss,Non-Win
3754107,Manchester United,Attacking Midfield,156,1628,0.09582309582309582,Win,Win
3754107,Manchester United,Center Back,302,1628,0.1855036855036855,Win,Win
3754107,Manchester United,Central Midfield,170,1628,0.10442260442260443,Win,Win
3754107,Manchester United,Defensive Midfield,191,1628,0.11732186732186732,Win,Win
3754107,Manchester United,Fullback,289,1628,0.17751842751842753,Win,Win
3754107,Manchester United,Goalkeeper,83,1628,0.05098280098280098,Win,Win
3754107,Manchester United,Striker,126,1628,0.0773955773955774,Win,Win
3754107,Manchester United,Wide Forward,311,1628,0.19103194103194104,Win,Win
3754108,Chelsea,Attacking Midfield,261,1820,0.1434065934065934,Loss,Non-Win
3754108,Chelsea,Center Back,197,1820,0.10824175824175825,Loss,Non-Win
3754108,Chelsea,Defensive Midfield,448,1820,0.24615384615384617,Loss,Non-Win
3754108,Chelsea,Fullback,277,1820,0.15219780219780218,Loss,Non-Win
3754108,Chelsea,Goalkeeper,71,1820,0.03901098901098901,Loss,Non-Win
3754108,Chelsea,Striker,151,1820,0.08296703296703296,Loss,Non-Win
3754108,Chelsea,Wide Forward,415,1820,0.22802197802197802,Loss,Non-Win
3754108,Sunderland,Center Back,106,929,0.11410118406889128,Win,Win
3754108,Sunderland,Central Midfield,218,929,0.23466092572658773,Win,Win
3754108,Sunderland,Defensive Midfield,107,929,0.11517761033369214,Win,Win
3754108,Sunderland,Fullback,152,929,0.16361679224973089,Win,Win
3754108,Sunderland,Goalkeeper,54,929,0.0581270182992465,Win,Win
3754108,Sunderland,Striker,85,929,0.09149623250807319,Win,Win
3754108,Sunderland,Wide Forward,207,929,0.22282023681377824,Win,Win
3754111,Arsenal,Attacking Midfield,102,1412,0.07223796033994334,Loss,Non-Win
3754111,Arsenal,Center Back,249,1412,0.1763456090651558,Loss,Non-Win
3754111,Arsenal,Defensive Midfield,284,1412,0.20113314447592068,Loss,Non-Win
3754111,Arsenal,Fullback,278,1412,0.19688385269121814,Loss,Non-Win
3754111,Arsenal,Goalkeeper,65,1412,0.04603399433427762,Loss,Non-Win
3754111,Arsenal,Striker,195,1412,0.13810198300283286,Loss,Non-Win
3754111,Arsenal,Wide Forward,239,1412,0.16926345609065155,Loss,Non-Win
3754111,Chelsea,Attacking Midfield,249,1625,0.15323076923076923,Win,Win
3754111,Chelsea,Center Back,203,1625,0.12492307692307693,Win,Win
3754111,Chelsea,Defensive Midfield,366,1625,0.22523076923076923,Win,Win
3754111,Chelsea,Fullback,252,1625,0.15507692307692308,Win,Win
3754111,Chelsea,Goalkeeper,54,1625,0.03323076923076923,Win,Win
3754111,Chelsea,Striker,128,1625,0.07876923076923077,Win,Win
3754111,Chelsea,Wide Forward,373,1625,0.22953846153846155,Win,Win
3754112,Newcastle United,Attacking Midfield,94,1518,0.061923583662714096,Draw,Non-Win
3754112,Newcastle United,Center Back,249,1518,0.16403162055335968,Draw,Non-Win
3754112,Newcastle United,Central Midfield,330,1518,0.21739130434782608,Draw,Non-Win
3754112,Newcastle United,Fullback,364,1518,0.23978919631093545,Draw,Non-Win
3754112,Newcastle United,Goalkeeper,71,1518,0.046772068511198944,Draw,Non-Win
3754112,Newcastle United,Striker,130,1518,0.08563899868247694,Draw,Non-Win
3754112,Newcastle United,Wide Forward,280,1518,0.1844532279314888,Draw,Non-Win
3754112,Southampton,Attacking Midfield,151,1146,0.13176265270506107,Draw,Non-Win
3754112,Southampton,Center Back,183,1146,0.15968586387434555,Draw,Non-Win
3754112,Southampton,Central Midfield,264,1146,0.23036649214659685,Draw,Non-Win
3754112,Southampton,Fullback,192,1146,0.16753926701570682,Draw,Non-Win
3754112,Southampton,Goalkeeper,41,1146,0.03577661431064572,Draw,Non-Win
3754112,Southampton,Striker,123,1146,0.10732984293193717,Draw,Non-Win
3754112,Southampton,Wide Forward,192,1146,0.16753926701570682,Draw,Non-Win
3754116,Chelsea,Attacking Midfield,185,1877,0.09856153436334576,Loss,Non-Win
3754116,Chelsea,Center Back,327,1877,0.1742141715503463,Loss,Non-Win
3754116,Chelsea,Defensive Midfield,520,1877,0.2770378263185935,Loss,Non-Win
3754116,Chelsea,Fullback,334,1877,0.17794352690463505,Loss,Non-Win
3754116,Chelsea,Goalkeeper,61,1877,0.03249866808737347,Loss,Non-Win
3754116,Chelsea,Striker,106,1877,0.05647309536494406,Loss,Non-Win
3754116,Chelsea,Wide Forward,344,1877,0.18327117741076185,Loss,Non-Win
3754116,Swansea City,Attacking Midfield,136,1218,0.1116584564860427,Win,Win
3754116,Swansea City,Center Back,190,1218,0.15599343185550082,Win,Win
3754116,Swansea City,Defensive Midfield,233,1218,0.19129720853858784,Win,Win
3754116,Swansea City,Fullback,175,1218,0.14367816091954022,Win,Win
3754116,Swansea City,Goalkeeper,71,1218,0.05829228243021346,Win,Win
3754116,Swansea City,Striker,154,1218,0.12643678160919541,Win,Win
3754116,Swansea City,Wide Forward,259,1218,0.21264367816091953,Win,Win
3754120,Southampton,Attacking Midfield,173,914,0.18927789934354486,Win,Win
3754120,Southampton,Center Back,280,914,0.3063457330415755,Win,Win
3754120,Southampton,Defensive Midfield,162,914,0.1772428884026258,Win,Win
3754120,Southampton,Fullback,131,914,0.14332603938730853,Win,Win
3754120,Southampton,Goalkeeper,49,914,0.053610503282275714,Win,Win
3754120,Southampton,Striker,119,914,0.1301969365426696,Win,Win
3754120,West Ham United,Attacking Midfield,130,1549,0.08392511297611362,Loss,Non-Win
3754120,West Ham United,Center Back,361,1549,0.23305358295674627,Loss,Non-Win
3754120,West Ham United,Defensive Midfield,456,1549,0.29438347320852165,Loss,Non-Win
3754120,West Ham United,Fullback,284,1549,0.18334409296320206,Loss,Non-Win
3754120,West Ham United,Goalkeeper,48,1549,0.030987734021949646,Loss,Non-Win
3754120,West Ham United,Striker,177,1549,0.11426726920593931,Loss,Non-Win
3754120,West Ham United,Wide Forward,93,1549,0.06003873466752744,Loss,Non-Win
3754121,AFC Bournemouth,Center Back,173,1166,0.1483704974271012,Draw,Non-Win
3754121,AFC Bournemouth,Central Midfield,229,1166,0.19639794168096056,Draw,Non-Win
3754121,AFC Bournemouth,Fullback,301,1166,0.258147512864494,Draw,Non-Win
3754121,AFC Bournemouth,Goalkeeper,28,1166,0.024013722126929673,Draw,Non-Win
3754121,AFC Bournemouth,Striker,164,1166,0.14065180102915953,Draw,Non-Win
3754121,AFC Bournemouth,Wide Forward,271,1166,0.23241852487135506,Draw,Non-Win
3754121,Watford,Attacking Midfield,136,906,0.15011037527593818,Draw,Non-Win
3754121,Watford,Center Back,113,906,0.12472406181015452,Draw,Non-Win
3754121,Watford,Central Midfield,162,906,0.17880794701986755,Draw,Non-Win
3754121,Watford,Defensive Midfield,64,906,0.0706401766004415,Draw,Non-Win
3754121,Watford,Fullback,167,906,0.18432671081677704,Draw,Non-Win
3754121,Watford,Goalkeeper,50,906,0.05518763796909492,Draw,Non-Win
3754121,Watford,Striker,214,906,0.23620309050772628,Draw,Non-Win
3754130,Aston Villa,Attacking Midfield,131,1209,0.10835401157981803,Loss,Non-Win
3754130,Aston Villa,Center Back,135,1209,0.11166253101736973,Loss,Non-Win
3754130,Aston Villa,Defensive Midfield,281,1209,0.23242349048800662,Loss,Non-Win
3754130,Aston Villa,Fullback,276,1209,0.228287841191067,Loss,Non-Win
3754130,Aston Villa,Goalkeeper,39,1209,0.03225806451612903,Loss,Non-Win
3754130,Aston Villa,Striker,139,1209,0.11497105045492143,Loss,Non-Win
3754130,Aston Villa,Wide Forward,208,1209,0.17204301075268819,Loss,Non-Win
3754130,Norwich City,Attacking Midfield,136,1056,0.12878787878787878,Win,Win
3754130,Norwich City,Center Back,135,1056,0.1278409090909091,Win,Win
3754130,Norwich City,Defensive Midfield,225,1056,0.21306818181818182,Win,Win
3754130,Norwich City,Fullback,189,1056,0.17897727272727273,Win,Win
3754130,Norwich City,Goalkeeper,64,1056,0.06060606060606061,Win,Win
3754130,Norwich City,Striker,109,1056,0.10321969696969698,Win,Win
3754130,Norwich City,Wide Forward,198,1056,0.1875,Win,Win
3754133,Norwich City,Center Back,216,1463,0.14764183185235816,Loss,Non-Win
3754133,Norwich City,Central Midfield,262,1463,0.17908407382091593,Loss,Non-Win
3754133,Norwich City,Defensive Midfield,173,1463,0.11825017088174983,Loss,Non-Win
3754133,Norwich City,Fullback,373,1463,0.25495557074504444,Loss,Non-Win
3754133,Norwich City,Goalkeeper,78,1463,0.05331510594668489,Loss,Non-Win
3754133,Norwich City,Striker,82,1463,0.056049213943950786,Loss,Non-Win
3754133,Norwich City,Wide Forward,279,1463,0.19070403280929596,Loss,Non-Win
3754133,West Bromwich Albion,Center Back,114,877,0.12998859749144812,Win,Win
3754133,West Bromwich Albion,Defensive Midfield,158,877,0.18015963511972635,Win,Win
3754133,West Bromwich Albion,Fullback,152,877,0.1733181299885975,Win,Win
3754133,West Bromwich Albion,Goalkeeper,52,877,0.059293044469783354,Win,Win
3754133,West Bromwich Albion,Striker,182,877,0.20752565564424175,Win,Win
3754133,West Bromwich Albion,Wide Forward,219,877,0.24971493728620298,Win,Win
3754140,Everton,Center Back,179,1296,0.1381172839506173,Draw,Non-Win
3754140,Everton,Central Midfield,283,1296,0.2183641975308642,Draw,Non-Win
3754140,Everton,Defensive Midfield,138,1296,0.10648148148148148,Draw,Non-Win
3754140,Everton,Fullback,223,1296,0.1720679012345679,Draw,Non-Win
3754140,Everton,Goalkeeper,60,1296,0.046296296296296294,Draw,Non-Win
3754140,Everton,Striker,149,1296,0.11496913580246913,Draw,Non-Win
3754140,Everton,Wide Forward,264,1296,0.2037037037037037,Draw,Non-Win
3754140,Tottenham Hotspur,Attacking Midfield,166,1830,0.0907103825136612,Draw,Non-Win
3754140,Tottenham Hotspur,Center Back,392,1830,0.21420765027322405,Draw,Non-Win
3754140,Tottenham Hotspur,Defensive Midfield,423,1830,0.23114754098360657,Draw,Non-Win
3754140,Tottenham Hotspur,Fullback,330,1830,0.18032786885245902,Draw,Non-Win
3754140,Tottenham Hotspur,Goalkeeper,53,1830,0.02896174863387978,Draw,Non-Win
3754140,Tottenham Hotspur,Striker,109,1830,0.059562841530054644,Draw,Non-Win
3754140,Tottenham Hotspur,Wide Forward,357,1830,0.19508196721311474,Draw,Non-Win
3754143,Liverpool,Attacking Midfield,184,1654,0.11124546553808948,Loss,Non-Win
3754143,Liverpool,Center Back,280,1654,0.16928657799274485,Loss,Non-Win
3754143,Liverpool,Central Midfield,95,1654,0.05743651753325272,Loss,Non-Win
3754143,Liverpool,Defensive Midfield,339,1654,0.20495767835550183,Loss,Non-Win
3754143,Liverpool,Fullback,298,1654,0.18016928657799275,Loss,Non-Win
3754143,Liverpool,Goalkeeper,53,1654,0.03204353083434099,Loss,Non-Win
3754143,Liverpool,Striker,157,1654,0.09492140266021766,Loss,Non-Win
3754143,Liverpool,Wide Forward,248,1654,0.14993954050785974,Loss,Non-Win
3754143,Newcastle United,Attacking Midfield,95,1033,0.09196515004840271,Win,Win
3754143,Newcastle United,Center Back,91,1033,0.08809293320425944,Win,Win
3754143,Newcastle United,Central Midfield,14,1033,0.013552758954501452,Win,Win
3754143,Newcastle United,Defensive Midfield,172,1033,0.1665053242981607,Win,Win
3754143,Newcastle United,Fullback,191,1033,0.18489835430784124,Win,Win
3754143,Newcastle United,Goalkeeper,63,1033,0.06098741529525654,Win,Win
3754143,Newcastle United,Striker,134,1033,0.12971926427879962,Win,Win
3754143,Newcastle United,Wide Forward,273,1033,0.26427879961277834,Win,Win
3754146,Leicester City,Center Back,135,1205,0.11203319502074689,Draw,Non-Win
3754146,Leicester City,Defensive Midfield,354,1205,0.2937759336099585,Draw,Non-Win
3754146,Leicester City,Fullback,201,1205,0.16680497925311202,Draw,Non-Win
3754146,Leicester City,Goalkeeper,55,1205,0.04564315352697095,Draw,Non-Win
3754146,Leicester City,Striker,214,1205,0.17759336099585063,Draw,Non-Win
3754146,Leicester City,Wide Forward,246,1205,0.204149377593361,Draw,Non-Win
3754146,Stoke City,Attacking Midfield,168,1338,0.12556053811659193,Draw,Non-Win
3754146,Stoke City,Center Back,194,1338,0.14499252615844543,Draw,Non-Win
3754146,Stoke City,Defensive Midfield,243,1338,0.18161434977578475,Draw,Non-Win
3754146,Stoke City,Fullback,249,1338,0.1860986547085202,Draw,Non-Win
3754146,Stoke City,Goalkeeper,72,1338,0.053811659192825115,Draw,Non-Win
3754146,Stoke City,Striker,134,1338,0.10014947683109118,Draw,Non-Win
3754146,Stoke City,Wide Forward,278,1338,0.2077727952167414,Draw,Non-Win
3754150,Stoke City,Attacking Midfield,87,1447,0.060124395300621976,Loss,Non-Win
3754150,Stoke City,Center Back,131,1447,0.09053213545266067,Loss,Non-Win
3754150,Stoke City,Central Midfield,395,1447,0.27297857636489287,Loss,Non-Win
3754150,Stoke City,Fullback,329,1447,0.22736696613683482,Loss,Non-Win
3754150,Stoke City,Goalkeeper,57,1447,0.03939184519695923,Loss,Non-Win
3754150,Stoke City,Striker,93,1447,0.06427090532135453,Loss,Non-Win
3754150,Stoke City,Wide Forward,355,1447,0.2453351762266759,Loss,Non-Win
3754150,Sunderland,Attacking Midfield,32,1244,0.02572347266881029,Win,Win
3754150,Sunderland,Center Back,240,1244,0.19292604501607716,Win,Win
3754150,Sunderland,Central Midfield,248,1244,0.19935691318327975,Win,Win
3754150,Sunderland,Defensive Midfield,221,1244,0.17765273311897106,Win,Win
3754150,Sunderland,Fullback,198,1244,0.15916398713826366,Win,Win
3754150,Sunderland,Goalkeeper,53,1244,0.04260450160771704,Win,Win
3754150,Sunderland,Striker,204,1244,0.1639871382636656,Win,Win
3754150,Sunderland,Wide Forward,48,1244,0.03858520900321544,Win,Win
3754151,Norwich City,Attacking Midfield,103,1023,0.10068426197458455,Loss,Non-Win
3754151,Norwich City,Center Back,129,1023,0.12609970674486803,Loss,Non-Win
3754151,Norwich City,Central Midfield,154,1023,0.15053763440860216,Loss,Non-Win
3754151,Norwich City,Defensive Midfield,38,1023,0.03714565004887586,Loss,Non-Win
3754151,Norwich City,Fullback,183,1023,0.17888563049853373,Loss,Non-Win
3754151,Norwich City,Goalkeeper,51,1023,0.04985337243401759,Loss,Non-Win
3754151,Norwich City,Striker,123,1023,0.12023460410557185,Loss,Non-Win
3754151,Norwich City,Wide Forward,242,1023,0.23655913978494625,Loss,Non-Win
3754151,Swansea City,Attacking Midfield,154,1282,0.12012480499219969,Win,Win
3754151,Swansea City,Center Back,114,1282,0.08892355694227769,Win,Win
3754151,Swansea City,Defensive Midfield,288,1282,0.22464898595943839,Win,Win
3754151,Swansea City,Fullback,263,1282,0.20514820592823713,Win,Win
3754151,Swansea City,Goalkeeper,49,1282,0.038221528861154444,Win,Win
3754151,Swansea City,Striker,140,1282,0.10920436817472699,Win,Win
3754151,Swansea City,Wide Forward,274,1282,0.21372854914196568,Win,Win
3754158,Swansea City,Center Back,191,1262,0.15134706814580032,Win,Win
3754158,Swansea City,Central Midfield,284,1262,0.22503961965134706,Win,Win
3754158,Swansea City,Defensive Midfield,94,1262,0.07448494453248812,Win,Win
3754158,Swansea City,Fullback,219,1262,0.1735340729001585,Win,Win
3754158,Swansea City,Goalkeeper,73,1262,0.05784469096671949,Win,Win
3754158,Swansea City,Striker,171,1262,0.13549920760697307,Win,Win
3754158,Swansea City,Wide Forward,230,1262,0.18225039619651348,Win,Win
3754158,West Ham United,Attacking Midfield,151,1365,0.11062271062271062,Loss,Non-Win
3754158,West Ham United,Center Back,194,1365,0.14212454212454212,Loss,Non-Win
3754158,West Ham United,Defensive Midfield,269,1365,0.19706959706959706,Loss,Non-Win
3754158,West Ham United,Fullback,279,1365,0.2043956043956044,Loss,Non-Win
3754158,West Ham United,Goalkeeper,70,1365,0.05128205128205128,Loss,Non-Win
3754158,West Ham United,Striker,105,1365,0.07692307692307693,Loss,Non-Win
3754158,West Ham United,Wide Forward,297,1365,0.2175824175824176,Loss,Non-Win
3754161,Swansea City,Attacking Midfield,142,1509,0.09410205434062292,Win,Win
3754161,Swansea City,Center Back,271,1509,0.17958913187541417,Win,Win
3754161,Swansea City,Central Midfield,345,1509,0.2286282306163022,Win,Win
3754161,Swansea City,Defensive Midfield,135,1509,0.08946322067594434,Win,Win
3754161,Swansea City,Fullback,313,1509,0.20742213386348576,Win,Win
3754161,Swansea City,Goalkeeper,51,1509,0.033797216699801194,Win,Win
3754161,Swansea City,Striker,252,1509,0.16699801192842942,Win,Win
3754161,Watford,Center Back,151,1032,0.14631782945736435,Loss,Non-Win
3754161,Watford,Central Midfield,202,1032,0.19573643410852712,Loss,Non-Win
3754161,Watford,Fullback,192,1032,0.18604651162790697,Loss,Non-Win
3754161,Watford,Goalkeeper,28,1032,0.027131782945736434,Loss,Non-Win
3754161,Watford,Striker,211,1032,0.20445736434108527,Loss,Non-Win
3754161,Watford,Wide Forward,248,1032,0.24031007751937986,Loss,Non-Win
3754163,Everton,Center Back,384,1851,0.20745542949756887,Loss,Non-Win
3754163,Everton,Central Midfield,371,1851,0.20043219881145327,Loss,Non-Win
3754163,Everton,Defensive Midfield,165,1851,0.08914100486223663,Loss,Non-Win
3754163,Everton,Fullback,376,1851,0.20313344138303618,Loss,Non-Win
3754163,Everton,Goalkeeper,47,1851,0.025391680172879523,Loss,Non-Win
3754163,Everton,Striker,144,1851,0.07779578606158834,Loss,Non-Win
3754163,Everton,Wide Forward,364,1851,0.19665045921123717,Loss,Non-Win
3754163,Swansea City,Center Back,182,1263,0.14410134600158353,Win,Win
3754163,Swansea City,Central Midfield,292,1263,0.23119556611243072,Win,Win
3754163,Swansea City,Defensive Midfield,122,1263,0.09659540775930324,Win,Win
3754163,Swansea City,Fullback,264,1263,0.20902612826603326,Win,Win
3754163,Swansea City,Goalkeeper,49,1263,0.038796516231195566,Win,Win
3754163,Swansea City,Striker,80,1263,0.06334125098970704,Win,Win
3754163,Swansea City,Wide Forward,274,1263,0.21694378463974665,Win,Win
3754165,Leicester City,Center Back,43,734,0.05858310626702997,Draw,Non-Win
3754165,Leicester City,Central Midfield,173,734,0.2356948228882834,Draw,Non-Win
3754165,Leicester City,Fullback,111,734,0.15122615803814715,Draw,Non-Win
3754165,Leicester City,Goalkeeper,39,734,0.05313351498637602,Draw,Non-Win
3754165,Leicester City,Striker,183,734,0.24931880108991825,Draw,Non-Win
3754165,Leicester City,Wide Forward,185,734,0.25204359673024523,Draw,Non-Win
3754165,Manchester United,Center Back,307,1859,0.16514254975793438,Draw,Non-Win
3754165,Manchester United,Central Midfield,401,1859,0.2157073695535234,Draw,Non-Win
3754165,Manchester United,Defensive Midfield,188,1859,0.10112963959117806,Draw,Non-Win
3754165,Manchester United,Fullback,449,1859,0.2415277030661646,Draw,Non-Win
3754165,Manchester United,Goalkeeper,43,1859,0.023130715438407747,Draw,Non-Win
3754165,Manchester United,Striker,118,1859,0.06347498655190963,Draw,Non-Win
3754165,Manchester United,Wide Forward,353,1859,0.1898870360408822,Draw,Non-Win
3754169,AFC Bournemouth,Attacking Midfield,126,1383,0.0911062906724512,Win,Win
3754169,AFC Bournemouth,Center Back,245,1383,0.17715112075198844,Win,Win
3754169,AFC Bournemouth,Defensive Midfield,273,1383,0.19739696312364424,Win,Win
3754169,AFC Bournemouth,Fullback,280,1383,0.2024584237165582,Win,Win
3754169,AFC Bournemouth,Goalkeeper,53,1383,0.038322487346348515,Win,Win
3754169,AFC Bournemouth,Striker,124,1383,0.08966015907447578,Win,Win
3754169,AFC Bournemouth,Wide Forward,282,1383,0.2039045553145336,Win,Win
3754169,Sunderland,Attacking Midfield,107,1222,0.08756137479541735,Loss,Non-Win
3754169,Sunderland,Center Back,184,1222,0.15057283142389524,Loss,Non-Win
3754169,Sunderland,Defensive Midfield,266,1222,0.2176759410801964,Loss,Non-Win
3754169,Sunderland,Fullback,236,1222,0.19312602291325695,Loss,Non-Win
3754169,Sunderland,Goalkeeper,78,1222,0.06382978723404255,Loss,Non-Win
3754169,Sunderland,Striker,80,1222,0.06546644844517185,Loss,Non-Win
3754169,Sunderland,Wide Forward,271,1222,0.22176759410801963,Loss,Non-Win
3754176,Crystal Palace,Center Back,67,728,0.09203296703296704,Draw,Non-Win
3754176,Crystal Palace,Central Midfield,98,728,0.1346153846153846,Draw,Non-Win
3754176,Crystal Palace,Defensive Midfield,74,728,0.10164835164835165,Draw,Non-Win
3754176,Crystal Palace,Fullback,130,728,0.17857142857142858,Draw,Non-Win
3754176,Crystal Palace,Goalkeeper,40,728,0.054945054945054944,Draw,Non-Win
3754176,Crystal Palace,Striker,101,728,0.13873626373626374,Draw,Non-Win
3754176,Crystal Palace,Wide Forward,218,728,0.29945054945054944,Draw,Non-Win
3754176,West Ham United,Center Back,250,1481,0.1688048615800135,Draw,Non-Win
3754176,West Ham United,Central Midfield,385,1481,0.2599594868332208,Draw,Non-Win
3754176,West Ham United,Defensive Midfield,166,1481,0.11208642808912897,Draw,Non-Win
3754176,West Ham United,Fullback,267,1481,0.18028359216745443,Draw,Non-Win
3754176,West Ham United,Goalkeeper,72,1481,0.048615800135043886,Draw,Non-Win
3754176,West Ham United,Striker,123,1481,0.08305199189736664,Draw,Non-Win
3754176,West Ham United,Wide Forward,218,1481,0.14719783929777178,Draw,Non-Win
3754177,AFC Bournemouth,Center Back,289,1499,0.19279519679786525,Win,Win
3754177,AFC Bournemouth,Central Midfield,287,1499,0.1914609739826551,Win,Win
3754177,AFC Bournemouth,Fullback,293,1499,0.1954636424282855,Win,Win
3754177,AFC Bournemouth,Goalkeeper,61,1499,0.040693795863909275,Win,Win
3754177,AFC Bournemouth,Striker,286,1499,0.19079386257505004,Win,Win
3754177,AFC Bournemouth,Wide Forward,283,1499,0.1887925283522348,Win,Win
3754177,Newcastle United,Attacking Midfield,114,1347,0.08463251670378619,Loss,Non-Win
3754177,Newcastle United,Center Back,178,1347,0.1321455085374907,Loss,Non-Win
3754177,Newcastle United,Defensive Midfield,268,1347,0.1989606533036377,Loss,Non-Win
3754177,Newcastle United,Fullback,262,1347,0.1945063103192279,Loss,Non-Win
3754177,Newcastle United,Goalkeeper,82,1347,0.06087602078693393,Loss,Non-Win
3754177,Newcastle United,Striker,151,1347,0.11210096510764662,Loss,Non-Win
3754177,Newcastle United,Wide Forward,292,1347,0.2167780252412769,Loss,Non-Win
3754178,Aston Villa,Center Back,259,1568,0.16517857142857142,Loss,Non-Win
3754178,Aston Villa,Central Midfield,377,1568,0.24043367346938777,Loss,Non-Win
3754178,Aston Villa,Defensive Midfield,156,1568,0.09948979591836735,Loss,Non-Win
3754178,Aston Villa,Fullback,317,1568,0.20216836734693877,Loss,Non-Win
3754178,Aston Villa,Goalkeeper,62,1568,0.039540816326530615,Loss,Non-Win
3754178,Aston Villa,Striker,132,1568,0.08418367346938775,Loss,Non-Win
3754178,Aston Villa,Wide Forward,265,1568,0.1690051020408163,Loss,Non-Win
3754178,Watford,Center Back,86,683,0.1259150805270864,Win,Win
3754178,Watford,Defensive Midfield,171,683,0.25036603221083453,Win,Win
3754178,Watford,Fullback,118,683,0.17276720351390923,Win,Win
3754178,Watford,Goalkeeper,30,683,0.043923865300146414,Win,Win
3754178,Watford,Striker,145,683,0.212298682284041,Win,Win
3754178,Watford,Wide Forward,133,683,0.19472913616398244,Win,Win
3754184,Arsenal,Attacking Midfield,270,2023,0.13346515076618884,Win,Win
3754184,Arsenal,Center Back,295,2023,0.1458230350963915,Win,Win
3754184,Arsenal,Defensive Midfield,517,2023,0.2555610479485912,Win,Win
3754184,Arsenal,Fullback,352,2023,0.17399901136925358,Win,Win
3754184,Arsenal,Goalkeeper,78,2023,0.03855659911023233,Win,Win
3754184,Arsenal,Striker,121,2023,0.05981216015818092,Win,Win
3754184,Arsenal,Wide Forward,390,2023,0.19278299555116163,Win,Win
3754184,Norwich City,Attacking Midfield,106,861,0.12311265969802555,Loss,Non-Win
3754184,Norwich City,Center Back,89,861,0.10336817653890824,Loss,Non-Win
3754184,Norwich City,Central Midfield,151,861,0.1753774680603949,Loss,Non-Win
3754184,Norwich City,Defensive Midfield,4,861,0.004645760743321719,Loss,Non-Win
3754184,Norwich City,Fullback,158,861,0.1835075493612079,Loss,Non-Win
3754184,Norwich City,Goalkeeper,59,861,0.06852497096399536,Loss,Non-Win
3754184,Norwich City,Striker,108,861,0.1254355400696864,Loss,Non-Win
3754184,Norwich City,Wide Forward,186,861,0.21602787456445993,Loss,Non-Win
3754188,Southampton,Attacking Midfield,138,1223,0.11283728536385937,Loss,Non-Win
3754188,Southampton,Center Back,153,1223,0.12510220768601799,Loss,Non-Win
3754188,Southampton,Defensive Midfield,216,1223,0.17661488143908421,Loss,Non-Win
3754188,Southampton,Fullback,276,1223,0.22567457072771874,Loss,Non-Win
3754188,Southampton,Goalkeeper,70,1223,0.05723630417007359,Loss,Non-Win
3754188,Southampton,Striker,145,1223,0.11856091578086672,Loss,Non-Win
3754188,Southampton,Wide Forward,225,1223,0.1839738348323794,Loss,Non-Win
3754188,Tottenham Hotspur,Attacking Midfield,119,1183,0.10059171597633136,Win,Win
3754188,Tottenham Hotspur,Center Back,113,1183,0.09551986475063398,Win,Win
3754188,Tottenham Hotspur,Defensive Midfield,252,1183,0.21301775147928995,Win,Win
3754188,Tottenham Hotspur,Fullback,222,1183,0.18765849535080303,Win,Win
3754188,Tottenham Hotspur,Goalkeeper,76,1183,0.06424344885883347,Win,Win
3754188,Tottenham Hotspur,Striker,138,1183,0.11665257819103973,Win,Win
3754188,Tottenham Hotspur,Wide Forward,263,1183,0.22231614539306846,Win,Win
3754189,Southampton,Attacking Midfield,130,1217,0.10682004930156122,Draw,Non-Win
3754189,Southampton,Center Back,279,1217,0.22925225965488907,Draw,Non-Win
3754189,Southampton,Defensive Midfield,269,1217,0.22103533278553822,Draw,Non-Win
3754189,Southampton,Fullback,234,1217,0.1922760887428102,Draw,Non-Win
3754189,Southampton,Goalkeeper,41,1217,0.03368940016433854,Draw,Non-Win
3754189,Southampton,Striker,264,1217,0.21692686935086278,Draw,Non-Win
3754189,Watford,Attacking Midfield,98,1366,0.07174231332357248,Draw,Non-Win
3754189,Watford,Center Back,113,1366,0.08272327964860908,Draw,Non-Win
3754189,Watford,Defensive Midfield,276,1366,0.2020497803806735,Draw,Non-Win
3754189,Watford,Fullback,324,1366,0.23718887262079064,Draw,Non-Win
3754189,Watford,Goalkeeper,61,1366,0.04465592972181552,Draw,Non-Win
3754189,Watford,Striker,110,1366,0.08052708638360176,Draw,Non-Win
3754189,Watford,Wide Forward,384,1366,0.28111273792093705,Draw,Non-Win
3754190,Aston Villa,Attacking Midfield,130,1152,0.11284722222222222,Loss,Non-Win
3754190,Aston Villa,Center Back,145,1152,0.12586805555555555,Loss,Non-Win
3754190,Aston Villa,Central Midfield,301,1152,0.2612847222222222,Loss,Non-Win
3754190,Aston Villa,Defensive Midfield,96,1152,0.08333333333333333,Loss,Non-Win
3754190,Aston Villa,Fullback,232,1152,0.2013888888888889,Loss,Non-Win
3754190,Aston Villa,Goalkeeper,60,1152,0.052083333333333336,Loss,Non-Win
3754190,Aston Villa,Striker,188,1152,0.16319444444444445,Loss,Non-Win
3754190,Crystal Palace,Attacking Midfield,175,1068,0.16385767790262173,Win,Win
3754190,Crystal Palace,Center Back,101,1068,0.0945692883895131,Win,Win
3754190,Crystal Palace,Defensive Midfield,210,1068,0.19662921348314608,Win,Win
3754190,Crystal Palace,Fullback,245,1068,0.22940074906367042,Win,Win
3754190,Crystal Palace,Goalkeeper,52,1068,0.04868913857677903,Win,Win
3754190,Crystal Palace,Striker,91,1068,0.0852059925093633,Win,Win
3754190,Crystal Palace,Wide Forward,194,1068,0.18164794007490637,Win,Win
3754191,AFC Bournemouth,Attacking Midfield,174,1544,0.11269430051813471,Loss,Non-Win
3754191,AFC Bournemouth,Center Back,302,1544,0.1955958549222798,Loss,Non-Win
3754191,AFC Bournemouth,Defensive Midfield,323,1544,0.20919689119170984,Loss,Non-Win
3754191,AFC Bournemouth,Fullback,335,1544,0.21696891191709844,Loss,Non-Win
3754191,AFC Bournemouth,Goalkeeper,37,1544,0.023963730569948185,Loss,Non-Win
3754191,AFC Bournemouth,Striker,70,1544,0.04533678756476684,Loss,Non-Win
3754191,AFC Bournemouth,Wide Forward,303,1544,0.19624352331606218,Loss,Non-Win
3754191,Southampton,Attacking Midfield,88,1448,0.06077348066298342,Win,Win
3754191,Southampton,Center Back,391,1448,0.27002762430939226,Win,Win
3754191,Southampton,Central Midfield,136,1448,0.09392265193370165,Win,Win
3754191,Southampton,Defensive Midfield,121,1448,0.0835635359116022,Win,Win
3754191,Southampton,Fullback,254,1448,0.17541436464088397,Win,Win
3754191,Southampton,Goalkeeper,88,1448,0.06077348066298342,Win,Win
3754191,Southampton,Striker,117,1448,0.08080110497237569,Win,Win
3754191,Southampton,Wide Forward,253,1448,0.17472375690607736,Win,Win
3754206,Manchester City,Attacking Midfield,164,1506,0.10889774236387782,Draw,Non-Win
3754206,Manchester City,Center Back,235,1506,0.15604249667994688,Draw,Non-Win
3754206,Manchester City,Defensive Midfield,312,1506,0.20717131474103587,Draw,Non-Win
3754206,Manchester City,Fullback,336,1506,0.22310756972111553,Draw,Non-Win
3754206,Manchester City,Goalkeeper,53,1506,0.0351925630810093,Draw,Non-Win
3754206,Manchester City,Striker,104,1506,0.06905710491367861,Draw,Non-Win
3754206,Manchester City,Wide Forward,302,1506,0.20053120849933598,Draw,Non-Win
3754206,Newcastle United,Attacking Midfield,147,1171,0.125533731853117,Draw,Non-Win
3754206,Newcastle United,Center Back,140,1171,0.11955593509820667,Draw,Non-Win
3754206,Newcastle United,Defensive Midfield,220,1171,0.18787361229718189,Draw,Non-Win
3754206,Newcastle United,Fullback,224,1171,0.19128949615713065,Draw,Non-Win
3754206,Newcastle United,Goalkeeper,28,1171,0.02391118701964133,Draw,Non-Win
3754206,Newcastle United,Striker,112,1171,0.09564474807856532,Draw,Non-Win
3754206,Newcastle United,Wide Forward,300,1171,0.2561912894961571,Draw,Non-Win
3754215,Tottenham Hotspur,Attacking Midfield,132,1656,0.07971014492753623,Draw,Non-Win
3754215,Tottenham Hotspur,Center Back,322,1656,0.19444444444444445,Draw,Non-Win
3754215,Tottenham Hotspur,Defensive Midfield,395,1656,0.23852657004830918,Draw,Non-Win
3754215,Tottenham Hotspur,Fullback,302,1656,0.1823671497584541,Draw,Non-Win
3754215,Tottenham Hotspur,Goalkeeper,68,1656,0.04106280193236715,Draw,Non-Win
3754215,Tottenham Hotspur,Striker,124,1656,0.0748792270531401,Draw,Non-Win
3754215,Tottenham Hotspur,Wide Forward,313,1656,0.1890096618357488,Draw,Non-Win
3754215,West Bromwich Albion,Center Back,75,860,0.0872093023255814,Draw,Non-Win
3754215,West Bromwich Albion,Central Midfield,163,860,0.18953488372093022,Draw,Non-Win
3754215,West Bromwich Albion,Defensive Midfield,74,860,0.08604651162790698,Draw,Non-Win
3754215,West Bromwich Albion,Fullback,182,860,0.2116279069767442,Draw,Non-Win
3754215,West Bromwich Albion,Goalkeeper,47,860,0.05465116279069768,Draw,Non-Win
3754215,West Bromwich Albion,Striker,123,860,0.14302325581395348,Draw,Non-Win
3754215,West Bromwich Albion,Wide Forward,196,860,0.22790697674418606,Draw,Non-Win
3754216,AFC Bournemouth,Center Back,215,1521,0.14135437212360288,Loss,Non-Win
3754216,AFC Bournemouth,Central Midfield,252,1521,0.16568047337278108,Loss,Non-Win
3754216,AFC Bournemouth,Defensive Midfield,213,1521,0.14003944773175542,Loss,Non-Win
3754216,AFC Bournemouth,Fullback,371,1521,0.24391847468770544,Loss,Non-Win
3754216,AFC Bournemouth,Goalkeeper,48,1521,0.03155818540433925,Loss,Non-Win
3754216,AFC Bournemouth,Striker,142,1521,0.09335963182117028,Loss,Non-Win
3754216,AFC Bournemouth,Wide Forward,280,1521,0.18408941485864563,Loss,Non-Win
3754216,Liverpool,Attacking Midfield,144,1498,0.09612817089452604,Win,Win
3754216,Liverpool,Center Back,228,1498,0.15220293724966621,Win,Win
3754216,Liverpool,Central Midfield,347,1498,0.23164218958611482,Win,Win
3754216,Liverpool,Fullback,266,1498,0.17757009345794392,Win,Win
3754216,Liverpool,Goalkeeper,49,1498,0.03271028037383177,Win,Win
3754216,Liverpool,Striker,149,1498,0.09946595460614152,Win,Win
3754216,Liverpool,Wide Forward,315,1498,0.2102803738317757,Win,Win
3754218,Crystal Palace,Center Back,80,949,0.08429926238145416,Win,Win
3754218,Crystal Palace,Central Midfield,170,949,0.1791359325605901,Win,Win
3754218,Crystal Palace,Fullback,186,949,0.19599578503688092,Win,Win
3754218,Crystal Palace,Goalkeeper,61,949,0.0642781875658588,Win,Win
3754218,Crystal Palace,Striker,203,949,0.21390937829293993,Win,Win
3754218,Crystal Palace,Wide Forward,249,949,0.2623814541622761,Win,Win
3754218,Southampton,Center Back,319,1272,0.2507861635220126,Loss,Non-Win
3754218,Southampton,Defensive Midfield,285,1272,0.2240566037735849,Loss,Non-Win
3754218,Southampton,Fullback,223,1272,0.17531446540880502,Loss,Non-Win
3754218,Southampton,Goalkeeper,42,1272,0.0330188679245283,Loss,Non-Win
3754218,Southampton,Striker,112,1272,0.0880503144654088,Loss,Non-Win
3754218,Southampton,Wide Forward,291,1272,0.22877358490566038,Loss,Non-Win
3754221,Manchester United,Attacking Midfield,200,1949,0.10261672652642381,Loss,Non-Win
3754221,Manchester United,Center Back,318,1949,0.16316059517701384,Loss,Non-Win
3754221,Manchester United,Central Midfield,206,1949,0.10569522832221652,Loss,Non-Win
3754221,Manchester United,Defensive Midfield,248,1949,0.12724474089276552,Loss,Non-Win
3754221,Manchester United,Fullback,395,1949,0.20266803488968702,Loss,Non-Win
3754221,Manchester United,Goalkeeper,80,1949,0.04104669061056952,Loss,Non-Win
3754221,Manchester United,Striker,148,1949,0.07593637762955362,Loss,Non-Win
3754221,Manchester United,Wide Forward,354,1949,0.18163160595177014,Loss,Non-Win
3754221,Swansea City,Attacking Midfield,71,1065,0.06666666666666667,Win,Win
3754221,Swansea City,Center Back,175,1065,0.1643192488262911,Win,Win
3754221,Swansea City,Central Midfield,221,1065,0.20751173708920187,Win,Win
3754221,Swansea City,Defensive Midfield,16,1065,0.015023474178403756,Win,Win
3754221,Swansea City,Fullback,173,1065,0.1624413145539906,Win,Win
3754221,Swansea City,Goalkeeper,98,1065,0.09201877934272301,Win,Win
3754221,Swansea City,Striker,179,1065,0.168075117370892,Win,Win
3754221,Swansea City,Wide Forward,132,1065,0.12394366197183099,Win,Win
3754223,Crystal Palace,Attacking Midfield,135,1132,0.11925795053003534,Draw,Non-Win
3754223,Crystal Palace,Center Back,251,1132,0.22173144876325088,Draw,Non-Win
3754223,Crystal Palace,Central Midfield,251,1132,0.22173144876325088,Draw,Non-Win
3754223,Crystal Palace,Fullback,142,1132,0.1254416961130742,Draw,Non-Win
3754223,Crystal Palace,Goalkeeper,62,1132,0.054770318021201414,Draw,Non-Win
3754223,Crystal Palace,Striker,73,1132,0.06448763250883392,Draw,Non-Win
3754223,Crystal Palace,Wide Forward,218,1132,0.19257950530035337,Draw,Non-Win
3754223,Manchester United,Attacking Midfield,132,1341,0.09843400447427293,Draw,Non-Win
3754223,Manchester United,Center Back,261,1341,0.19463087248322147,Draw,Non-Win
3754223,Manchester United,Central Midfield,328,1341,0.24459358687546606,Draw,Non-Win
3754223,Manchester United,Fullback,225,1341,0.16778523489932887,Draw,Non-Win
3754223,Manchester United,Goalkeeper,40,1341,0.02982848620432513,Draw,Non-Win
3754223,Manchester United,Striker,115,1341,0.08575689783743475,Draw,Non-Win
3754223,Manchester United,Wide Forward,240,1341,0.1789709172259508,Draw,Non-Win
3754229,Chelsea,Attacking Midfield,229,1613,0.14197148171109733,Draw,Non-Win
3754229,Chelsea,Center Back,142,1613,0.08803471791692498,Draw,Non-Win
3754229,Chelsea,Central Midfield,427,1613,0.2647241165530068,Draw,Non-Win
3754229,Chelsea,Fullback,314,1613,0.19466831990080596,Draw,Non-Win
3754229,Chelsea,Goalkeeper,47,1613,0.029138251704897707,Draw,Non-Win
3754229,Chelsea,Striker,96,1613,0.059516429014259145,Draw,Non-Win
3754229,Chelsea,Wide Forward,358,1613,0.22194668319900807,Draw,Non-Win
3754229,Leicester City,Attacking Midfield,124,1410,0.08794326241134752,Draw,Non-Win
3754229,Leicester City,Center Back,146,1410,0.10354609929078014,Draw,Non-Win
3754229,Leicester City,Central Midfield,390,1410,0.2765957446808511,Draw,Non-Win
3754229,Leicester City,Fullback,258,1410,0.1829787234042553,Draw,Non-Win
3754229,Leicester City,Goalkeeper,62,1410,0.04397163120567376,Draw,Non-Win
3754229,Leicester City,Striker,85,1410,0.06028368794326241,Draw,Non-Win
3754229,Leicester City,Wide Forward,345,1410,0.24468085106382978,Draw,Non-Win
3754236,Crystal Palace,Attacking Midfield,11,1196,0.00919732441471572,Loss,Non-Win
3754236,Crystal Palace,Center Back,187,1196,0.15635451505016723,Loss,Non-Win
3754236,Crystal Palace,Central Midfield,89,1196,0.07441471571906355,Loss,Non-Win
3754236,Crystal Palace,Defensive Midfield,216,1196,0.1806020066889632,Loss,Non-Win
3754236,Crystal Palace,Fullback,219,1196,0.18311036789297658,Loss,Non-Win
3754236,Crystal Palace,Goalkeeper,46,1196,0.038461538461538464,Loss,Non-Win
3754236,Crystal Palace,Striker,156,1196,0.13043478260869565,Loss,Non-Win
3754236,Crystal Palace,Wide Forward,272,1196,0.22742474916387959,Loss,Non-Win
3754236,West Bromwich Albion,Center Back,82,1054,0.0777988614800759,Win,Win
3754236,West Bromwich Albion,Central Midfield,228,1054,0.21631878557874762,Win,Win
3754236,West Bromwich Albion,Defensive Midfield,99,1054,0.09392789373814042,Win,Win
3754236,West Bromwich Albion,Fullback,190,1054,0.18026565464895636,Win,Win
3754236,West Bromwich Albion,Goalkeeper,39,1054,0.03700189753320683,Win,Win
3754236,West Bromwich Albion,Striker,147,1054,0.13946869070208728,Win,Win
3754236,West Bromwich Albion,Wide Forward,269,1054,0.25521821631878555,Win,Win
3754247,Southampton,Attacking Midfield,168,1519,0.11059907834101383,Loss,Non-Win
3754247,Southampton,Center Back,251,1519,0.1652402896642528,Loss,Non-Win
3754247,Southampton,Central Midfield,3,1519,0.0019749835418038184,Loss,Non-Win
3754247,Southampton,Defensive Midfield,359,1519,0.23633969716919026,Loss,Non-Win
3754247,Southampton,Fullback,245,1519,0.16129032258064516,Loss,Non-Win
3754247,Southampton,Goalkeeper,54,1519,0.03554970375246873,Loss,Non-Win
3754247,Southampton,Striker,146,1519,0.09611586570111916,Loss,Non-Win
3754247,Southampton,Wide Forward,293,1519,0.19289005924950625,Loss,Non-Win
3754247,Stoke City,Attacking Midfield,123,1133,0.10856134157105031,Win,Win
3754247,Stoke City,Center Back,99,1133,0.08737864077669903,Win,Win
3754247,Stoke City,Defensive Midfield,288,1133,0.25419240953221534,Win,Win
3754247,Stoke City,Fullback,190,1133,0.1676963812886143,Win,Win
3754247,Stoke City,Goalkeeper,66,1133,0.05825242718446602,Win,Win
3754247,Stoke City,Striker,114,1133,0.10061782877316858,Win,Win
3754247,Stoke City,Wide Forward,253,1133,0.22330097087378642,Win,Win
3754248,AFC Bournemouth,Center Back,266,1387,0.1917808219178082,Draw,Non-Win
3754248,AFC Bournemouth,Central Midfield,298,1387,0.21485219899062724,Draw,Non-Win
3754248,AFC Bournemouth,Defensive Midfield,127,1387,0.09156452775775054,Draw,Non-Win
3754248,AFC Bournemouth,Fullback,241,1387,0.17375630857966834,Draw,Non-Win
3754248,AFC Bournemouth,Goalkeeper,40,1387,0.02883922134102379,Draw,Non-Win
3754248,AFC Bournemouth,Striker,115,1387,0.0829127613554434,Draw,Non-Win
3754248,AFC Bournemouth,Wide Forward,300,1387,0.21629416005767843,Draw,Non-Win
3754248,Crystal Palace,Center Back,194,1107,0.17524841915085818,Draw,Non-Win
3754248,Crystal Palace,Central Midfield,207,1107,0.18699186991869918,Draw,Non-Win
3754248,Crystal Palace,Fullback,218,1107,0.1969286359530262,Draw,Non-Win
3754248,Crystal Palace,Goalkeeper,67,1107,0.06052393857271906,Draw,Non-Win
3754248,Crystal Palace,Striker,196,1107,0.17705510388437218,Draw,Non-Win
3754248,Crystal Palace,Wide Forward,225,1107,0.2032520325203252,Draw,Non-Win
3754253,AFC Bournemouth,Center Back,284,1581,0.17963314358001264,Loss,Non-Win
3754253,AFC Bournemouth,Central Midfield,329,1581,0.20809614168247945,Loss,Non-Win
3754253,AFC Bournemouth,Defensive Midfield,182,1581,0.11511701454775458,Loss,Non-Win
3754253,AFC Bournemouth,Fullback,311,1581,0.19671094244149273,Loss,Non-Win
3754253,AFC Bournemouth,Goalkeeper,49,1581,0.03099304237824162,Loss,Non-Win
3754253,AFC Bournemouth,Striker,135,1581,0.08538899430740038,Loss,Non-Win
3754253,AFC Bournemouth,Wide Forward,291,1581,0.1840607210626186,Loss,Non-Win
3754253,Arsenal,Attacking Midfield,193,1459,0.13228238519533927,Win,Win
3754253,Arsenal,Center Back,213,1459,0.14599040438656613,Win,Win
3754253,Arsenal,Defensive Midfield,329,1459,0.22549691569568198,Win,Win
3754253,Arsenal,Fullback,237,1459,0.16244002741603839,Win,Win
3754253,Arsenal,Goalkeeper,69,1459,0.047292666209732694,Win,Win
3754253,Arsenal,Striker,124,1459,0.08498971898560657,Win,Win
3754253,Arsenal,Wide Forward,294,1459,0.20150788211103496,Win,Win
3754256,Everton,Attacking Midfield,161,1400,0.115,Loss,Non-Win
3754256,Everton,Center Back,429,1400,0.30642857142857144,Loss,Non-Win
3754256,Everton,Central Midfield,207,1400,0.14785714285714285,Loss,Non-Win
3754256,Everton,Fullback,241,1400,0.17214285714285715,Loss,Non-Win
3754256,Everton,Goalkeeper,49,1400,0.035,Loss,Non-Win
3754256,Everton,Striker,97,1400,0.06928571428571428,Loss,Non-Win
3754256,Everton,Wide Forward,216,1400,0.15428571428571428,Loss,Non-Win
3754256,Manchester United,Attacking Midfield,169,1576,0.10723350253807107,Win,Win
3754256,Manchester United,Center Back,217,1576,0.13769035532994925,Win,Win
3754256,Manchester United,Central Midfield,409,1576,0.25951776649746194,Win,Win
3754256,Manchester United,Fullback,296,1576,0.18781725888324874,Win,Win
3754256,Manchester United,Goalkeeper,44,1576,0.027918781725888325,Win,Win
3754256,Manchester United,Striker,137,1576,0.08692893401015228,Win,Win
3754256,Manchester United,Wide Forward,304,1576,0.19289340101522842,Win,Win
3754267,Watford,Attacking Midfield,109,1666,0.06542617046818727,Draw,Non-Win
3754267,Watford,Center Back,256,1666,0.15366146458583432,Draw,Non-Win
3754267,Watford,Defensive Midfield,381,1666,0.22869147659063627,Draw,Non-Win
3754267,Watford,Fullback,397,1666,0.2382953181272509,Draw,Non-Win
3754267,Watford,Goalkeeper,52,1666,0.031212484993997598,Draw,Non-Win
3754267,Watford,Striker,96,1666,0.057623049219687875,Draw,Non-Win
3754267,Watford,Wide Forward,375,1666,0.22509003601440578,Draw,Non-Win
3754267,West Bromwich Albion,Center Back,54,848,0.06367924528301887,Draw,Non-Win
3754267,West Bromwich Albion,Defensive Midfield,152,848,0.1792452830188679,Draw,Non-Win
3754267,West Bromwich Albion,Fullback,162,848,0.19103773584905662,Draw,Non-Win
3754267,West Bromwich Albion,Goalkeeper,42,848,0.049528301886792456,Draw,Non-Win
3754267,West Bromwich Albion,Striker,226,848,0.2665094339622642,Draw,Non-Win
3754267,West Bromwich Albion,Wide Forward,212,848,0.25,Draw,Non-Win
3754277,Everton,Attacking Midfield,13,1097,0.011850501367365542,Loss,Non-Win
3754277,Everton,Center Back,185,1097,0.16864175022789427,Loss,Non-Win
3754277,Everton,Central Midfield,249,1097,0.22698268003646307,Loss,Non-Win
3754277,Everton,Defensive Midfield,24,1097,0.02187784867821331,Loss,Non-Win
3754277,Everton,Fullback,189,1097,0.1722880583409298,Loss,Non-Win
3754277,Everton,Goalkeeper,54,1097,0.049225159525979945,Loss,Non-Win
3754277,Everton,Striker,165,1097,0.1504102096627165,Loss,Non-Win
3754277,Everton,Wide Forward,218,1097,0.19872379216043756,Loss,Non-Win
3754277,West Ham United,Attacking Midfield,115,1481,0.07765023632680622,Win,Win
3754277,West Ham United,Center Back,180,1481,0.12153950033760973,Win,Win
3754277,West Ham United,Central Midfield,215,1481,0.14517218095881163,Win,Win
3754277,West Ham United,Defensive Midfield,311,1481,0.2099932478055368,Win,Win
3754277,West Ham United,Fullback,264,1481,0.17825793382849425,Win,Win
3754277,West Ham United,Goalkeeper,39,1481,0.02633355840648211,Win,Win
3754277,West Ham United,Striker,118,1481,0.07967589466576637,Win,Win
3754277,West Ham United,Wide Forward,239,1481,0.16137744767049292,Win,Win
3754278,AFC Bournemouth,Attacking Midfield,122,1551,0.07865892972275951,Draw,Non-Win
3754278,AFC Bournemouth,Center Back,268,1551,0.17279174725983237,Draw,Non-Win
3754278,AFC Bournemouth,Defensive Midfield,307,1551,0.19793681495809157,Draw,Non-Win
3754278,AFC Bournemouth,Fullback,402,1551,0.25918762088974856,Draw,Non-Win
3754278,AFC Bournemouth,Goalkeeper,43,1551,0.027724049000644745,Draw,Non-Win
3754278,AFC Bournemouth,Striker,95,1551,0.06125080593165699,Draw,Non-Win
3754278,AFC Bournemouth,Wide Forward,314,1551,0.2024500322372663,Draw,Non-Win
3754278,Watford,Center Back,177,1229,0.14401952807160293,Draw,Non-Win
3754278,Watford,Defensive Midfield,263,1229,0.21399511798209928,Draw,Non-Win
3754278,Watford,Fullback,218,1229,0.177379983726607,Draw,Non-Win
3754278,Watford,Goalkeeper,52,1229,0.04231082180634662,Draw,Non-Win
3754278,Watford,Striker,255,1229,0.20748576078112285,Draw,Non-Win
3754278,Watford,Wide Forward,264,1229,0.21480878763222133,Draw,Non-Win
3754280,Chelsea,Attacking Midfield,180,1468,0.1226158038147139,Win,Win
3754280,Chelsea,Center Back,133,1468,0.09059945504087194,Win,Win
3754280,Chelsea,Defensive Midfield,339,1468,0.23092643051771117,Win,Win
3754280,Chelsea,Fullback,294,1468,0.20027247956403268,Win,Win
3754280,Chelsea,Goalkeeper,52,1468,0.035422343324250684,Win,Win
3754280,Chelsea,Striker,157,1468,0.10694822888283378,Win,Win
3754280,Chelsea,Wide Forward,313,1468,0.21321525885558584,Win,Win
3754280,Norwich City,Attacking Midfield,251,1415,0.1773851590106007,Loss,Non-Win
3754280,Norwich City,Center Back,257,1415,0.18162544169611308,Loss,Non-Win
3754280,Norwich City,Central Midfield,289,1415,0.20424028268551236,Loss,Non-Win
3754280,Norwich City,Fullback,262,1415,0.18515901060070672,Loss,Non-Win
3754280,Norwich City,Goalkeeper,62,1415,0.04381625441696113,Loss,Non-Win
3754280,Norwich City,Striker,153,1415,0.10812720848056537,Loss,Non-Win
3754280,Norwich City,Wide Forward,141,1415,0.09964664310954063,Loss,Non-Win
3754288,Chelsea,Attacking Midfield,103,1378,0.07474600870827286,Loss,Non-Win
3754288,Chelsea,Center Back,223,1378,0.16182873730043543,Loss,Non-Win
3754288,Chelsea,Central Midfield,46,1378,0.033381712626995644,Loss,Non-Win
3754288,Chelsea,Defensive Midfield,332,1378,0.2409288824383164,Loss,Non-Win
3754288,Chelsea,Fullback,221,1378,0.16037735849056603,Loss,Non-Win
3754288,Chelsea,Goalkeeper,42,1378,0.030478955007256895,Loss,Non-Win
3754288,Chelsea,Striker,123,1378,0.08925979680696662,Loss,Non-Win
3754288,Chelsea,Wide Forward,288,1378,0.20899854862119013,Loss,Non-Win
3754288,West Ham United,Attacking Midfield,131,1160,0.11293103448275862,Win,Win
3754288,West Ham United,Center Back,172,1160,0.1482758620689655,Win,Win
3754288,West Ham United,Defensive Midfield,216,1160,0.18620689655172415,Win,Win
3754288,West Ham United,Fullback,250,1160,0.21551724137931033,Win,Win
3754288,West Ham United,Goalkeeper,60,1160,0.05172413793103448,Win,Win
3754288,West Ham United,Striker,83,1160,0.07155172413793104,Win,Win
3754288,West Ham United,Wide Forward,248,1160,0.21379310344827587,Win,Win
3754293,Chelsea,Attacking Midfield,189,1460,0.12945205479452054,Loss,Non-Win
3754293,Chelsea,Center Back,168,1460,0.11506849315068493,Loss,Non-Win
3754293,Chelsea,Central Midfield,333,1460,0.22808219178082192,Loss,Non-Win
3754293,Chelsea,Fullback,238,1460,0.16301369863013698,Loss,Non-Win
3754293,Chelsea,Goalkeeper,42,1460,0.028767123287671233,Loss,Non-Win
3754293,Chelsea,Striker,162,1460,0.11095890410958904,Loss,Non-Win
3754293,Chelsea,Wide Forward,328,1460,0.22465753424657534,Loss,Non-Win
3754293,Stoke City,Attacking Midfield,84,867,0.09688581314878893,Win,Win
3754293,Stoke City,Center Back,90,867,0.10380622837370242,Win,Win
3754293,Stoke City,Central Midfield,183,867,0.21107266435986158,Win,Win
3754293,Stoke City,Fullback,157,867,0.18108419838523646,Win,Win
3754293,Stoke City,Goalkeeper,47,867,0.05420991926182238,Win,Win
3754293,Stoke City,Striker,70,867,0.08073817762399077,Win,Win
3754293,Stoke City,Wide Forward,236,867,0.2722029988465975,Win,Win
3754296,Arsenal,Attacking Midfield,172,1154,0.14904679376083188,Win,Win
3754296,Arsenal,Center Back,179,1154,0.15511265164644714,Win,Win
3754296,Arsenal,Central Midfield,260,1154,0.22530329289428075,Win,Win
3754296,Arsenal,Fullback,217,1154,0.18804159445407279,Win,Win
3754296,Arsenal,Goalkeeper,36,1154,0.03119584055459272,Win,Win
3754296,Arsenal,Striker,99,1154,0.08578856152512998,Win,Win
3754296,Arsenal,Wide Forward,191,1154,0.1655112651646447,Win,Win
3754296,Manchester City,Attacking Midfield,178,1960,0.09081632653061225,Loss,Non-Win
3754296,Manchester City,Center Back,316,1960,0.16122448979591836,Loss,Non-Win
3754296,Manchester City,Central Midfield,511,1960,0.26071428571428573,Loss,Non-Win
3754296,Manchester City,Fullback,448,1960,0.22857142857142856,Loss,Non-Win
3754296,Manchester City,Goalkeeper,40,1960,0.02040816326530612,Loss,Non-Win
3754296,Manchester City,Striker,91,1960,0.04642857142857143,Loss,Non-Win
3754296,Manchester City,Wide Forward,376,1960,0.19183673469387755,Loss,Non-Win
3754299,Everton,Attacking Midfield,85,1335,0.06367041198501873,Loss,Non-Win
3754299,Everton,Center Back,299,1335,0.22397003745318353,Loss,Non-Win
3754299,Everton,Central Midfield,233,1335,0.1745318352059925,Loss,Non-Win
3754299,Everton,Fullback,241,1335,0.1805243445692884,Loss,Non-Win
3754299,Everton,Goalkeeper,120,1335,0.0898876404494382,Loss,Non-Win
3754299,Everton,Striker,132,1335,0.09887640449438202,Loss,Non-Win
3754299,Everton,Wide Forward,225,1335,0.16853932584269662,Loss,Non-Win
3754299,Manchester United,Center Back,193,1534,0.1258148631029987,Win,Win
3754299,Manchester United,Central Midfield,340,1534,0.22164276401564537,Win,Win
3754299,Manchester United,Defensive Midfield,178,1534,0.11603650586701435,Win,Win
3754299,Manchester United,Fullback,298,1534,0.19426336375488917,Win,Win
3754299,Manchester United,Goalkeeper,55,1534,0.03585397653194263,Win,Win
3754299,Manchester United,Striker,134,1534,0.08735332464146023,Win,Win
3754299,Manchester United,Wide Forward,336,1534,0.21903520208604954,Win,Win
3754300,Everton,Attacking Midfield,171,1773,0.09644670050761421,Draw,Non-Win
3754300,Everton,Center Back,350,1773,0.19740552735476594,Draw,Non-Win
3754300,Everton,Defensive Midfield,369,1773,0.20812182741116753,Draw,Non-Win
3754300,Everton,Fullback,376,1773,0.21206993795826284,Draw,Non-Win
3754300,Everton,Goalkeeper,60,1773,0.0338409475465313,Draw,Non-Win
3754300,Everton,Striker,113,1773,0.06373378454596729,Draw,Non-Win
3754300,Everton,Wide Forward,334,1773,0.1883812746756909,Draw,Non-Win
3754300,Watford,Attacking Midfield,127,982,0.12932790224032586,Draw,Non-Win
3754300,Watford,Center Back,71,982,0.07230142566191446,Draw,Non-Win
3754300,Watford,Central Midfield,157,982,0.159877800407332,Draw,Non-Win
3754300,Watford,Fullback,223,982,0.22708757637474541,Draw,Non-Win
3754300,Watford,Goalkeeper,37,982,0.03767820773930754,Draw,Non-Win
3754300,Watford,Striker,161,982,0.16395112016293278,Draw,Non-Win
3754300,Watford,Wide Forward,206,982,0.20977596741344195,Draw,Non-Win
3754314,Arsenal,Attacking Midfield,125,1122,0.11140819964349376,Draw,Non-Win
3754314,Arsenal,Center Back,122,1122,0.10873440285204991,Draw,Non-Win
3754314,Arsenal,Defensive Midfield,269,1122,0.23975044563279857,Draw,Non-Win
3754314,Arsenal,Fullback,188,1122,0.16755793226381463,Draw,Non-Win
3754314,Arsenal,Goalkeeper,49,1122,0.04367201426024955,Draw,Non-Win
3754314,Arsenal,Striker,126,1122,0.11229946524064172,Draw,Non-Win
3754314,Arsenal,Wide Forward,243,1122,0.21657754010695188,Draw,Non-Win
3754314,Manchester City,Center Back,272,1551,0.17537072856221791,Draw,Non-Win
3754314,Manchester City,Defensive Midfield,312,1551,0.2011605415860735,Draw,Non-Win
3754314,Manchester City,Fullback,349,1551,0.22501611863313992,Draw,Non-Win
3754314,Manchester City,Goalkeeper,35,1551,0.02256608639587363,Draw,Non-Win
3754314,Manchester City,Striker,264,1551,0.1702127659574468,Draw,Non-Win
3754314,Manchester City,Wide Forward,319,1551,0.20567375886524822,Draw,Non-Win
3754331,Sunderland,Center Back,167,1148,0.14547038327526132,Loss,Non-Win
3754331,Sunderland,Central Midfield,238,1148,0.2073170731707317,Loss,Non-Win
3754331,Sunderland,Defensive Midfield,140,1148,0.12195121951219512,Loss,Non-Win
3754331,Sunderland,Fullback,213,1148,0.18554006968641115,Loss,Non-Win
3754331,Sunderland,Goalkeeper,41,1148,0.03571428571428571,Loss,Non-Win
3754331,Sunderland,Striker,87,1148,0.07578397212543554,Loss,Non-Win
3754331,Sunderland,Wide Forward,262,1148,0.22822299651567945,Loss,Non-Win
3754331,West Ham United,Attacking Midfield,33,1277,0.025841816758026624,Win,Win
3754331,West Ham United,Center Back,205,1277,0.16053249804228661,Win,Win
3754331,West Ham United,Central Midfield,241,1277,0.18872357086922475,Win,Win
3754331,West Ham United,Defensive Midfield,163,1277,0.12764291307752546,Win,Win
3754331,West Ham United,Fullback,212,1277,0.16601409553641347,Win,Win
3754331,West Ham United,Goalkeeper,64,1277,0.050117462803445575,Win,Win
3754331,West Ham United,Striker,125,1277,0.09788566953797964,Win,Win
3754331,West Ham United,Wide Forward,234,1277,0.18324197337509787,Win,Win
3754332,Tottenham Hotspur,Attacking Midfield,134,1686,0.07947805456702253,Draw,Non-Win
3754332,Tottenham Hotspur,Center Back,313,1686,0.18564650059311982,Draw,Non-Win
3754332,Tottenham Hotspur,Defensive Midfield,396,1686,0.23487544483985764,Draw,Non-Win
3754332,Tottenham Hotspur,Fullback,278,1686,0.16488730723606168,Draw,Non-Win
3754332,Tottenham Hotspur,Goalkeeper,74,1686,0.04389086595492289,Draw,Non-Win
3754332,Tottenham Hotspur,Striker,93,1686,0.05516014234875445,Draw,Non-Win
3754332,Tottenham Hotspur,Wide Forward,398,1686,0.23606168446026096,Draw,Non-Win
3754332,West Bromwich Albion,Center Back,62,745,0.08322147651006712,Draw,Non-Win
3754332,West Bromwich Albion,Central Midfield,192,745,0.25771812080536916,Draw,Non-Win
3754332,West Bromwich Albion,Defensive Midfield,42,745,0.056375838926174496,Draw,Non-Win
3754332,West Bromwich Albion,Fullback,124,745,0.16644295302013423,Draw,Non-Win
3754332,West Bromwich Albion,Goalkeeper,36,745,0.04832214765100671,Draw,Non-Win
3754332,West Bromwich Albion,Striker,122,745,0.16375838926174496,Draw,Non-Win
3754332,West Bromwich Albion,Wide Forward,167,745,0.22416107382550335,Draw,Non-Win
3754334,AFC Bournemouth,Attacking Midfield,106,1055,0.1004739336492891,Win,Win
3754334,AFC Bournemouth,Center Back,126,1055,0.11943127962085308,Win,Win
3754334,AFC Bournemouth,Central Midfield,226,1055,0.21421800947867298,Win,Win
3754334,AFC Bournemouth,Fullback,222,1055,0.2104265402843602,Win,Win
3754334,AFC Bournemouth,Goalkeeper,40,1055,0.037914691943127965,Win,Win
3754334,AFC Bournemouth,Striker,106,1055,0.1004739336492891,Win,Win
3754334,AFC Bournemouth,Wide Forward,229,1055,0.21706161137440758,Win,Win
3754334,Southampton,Attacking Midfield,53,1241,0.0427074939564867,Loss,Non-Win
3754334,Southampton,Center Back,266,1241,0.21434327155519742,Loss,Non-Win
3754334,Southampton,Central Midfield,162,1241,0.1305398871877518,Loss,Non-Win
3754334,Southampton,Defensive Midfield,124,1241,0.0999194198227236,Loss,Non-Win
3754334,Southampton,Fullback,272,1241,0.2191780821917808,Loss,Non-Win
3754334,Southampton,Goalkeeper,45,1241,0.0362610797743755,Loss,Non-Win
3754334,Southampton,Striker,158,1241,0.12731668009669622,Loss,Non-Win
3754334,Southampton,Wide Forward,161,1241,0.1297340854149879,Loss,Non-Win
3754339,AFC Bournemouth,Attacking Midfield,117,1453,0.0805230557467309,Loss,Non-Win
3754339,AFC Bournemouth,Center Back,282,1453,0.19408121128699243,Loss,Non-Win
3754339,AFC Bournemouth,Defensive Midfield,289,1453,0.1988988300068823,Loss,Non-Win
3754339,AFC Bournemouth,Fullback,292,1453,0.20096352374397797,Loss,Non-Win
3754339,AFC Bournemouth,Goalkeeper,59,1453,0.040605643496214726,Loss,Non-Win
3754339,AFC Bournemouth,Striker,94,1453,0.06469373709566414,Loss,Non-Win
3754339,AFC Bournemouth,Wide Forward,320,1453,0.2202339986235375,Loss,Non-Win
3754339,Stoke City,Attacking Midfield,105,1125,0.09333333333333334,Win,Win
3754339,Stoke City,Center Back,159,1125,0.14133333333333334,Win,Win
3754339,Stoke City,Defensive Midfield,225,1125,0.2,Win,Win
3754339,Stoke City,Fullback,244,1125,0.21688888888888888,Win,Win
3754339,Stoke City,Goalkeeper,56,1125,0.049777777777777775,Win,Win
3754339,Stoke City,Striker,104,1125,0.09244444444444444,Win,Win
3754339,Stoke City,Wide Forward,232,1125,0.20622222222222222,Win,Win
3754346,Manchester City,Attacking Midfield,117,1325,0.08830188679245284,Win,Win
3754346,Manchester City,Center Back,179,1325,0.1350943396226415,Win,Win
3754346,Manchester City,Central Midfield,60,1325,0.045283018867924525,Win,Win
3754346,Manchester City,Defensive Midfield,228,1325,0.1720754716981132,Win,Win
3754346,Manchester City,Fullback,289,1325,0.2181132075471698,Win,Win
3754346,Manchester City,Goalkeeper,33,1325,0.02490566037735849,Win,Win
3754346,Manchester City,Striker,129,1325,0.09735849056603774,Win,Win
3754346,Manchester City,Wide Forward,290,1325,0.2188679245283019,Win,Win
3754346,Watford,Center Back,113,1274,0.08869701726844584,Loss,Non-Win
3754346,Watford,Central Midfield,189,1274,0.14835164835164835,Loss,Non-Win
3754346,Watford,Defensive Midfield,130,1274,0.10204081632653061,Loss,Non-Win
3754346,Watford,Fullback,270,1274,0.2119309262166405,Loss,Non-Win
3754346,Watford,Goalkeeper,25,1274,0.019623233908948195,Loss,Non-Win
3754346,Watford,Striker,236,1274,0.18524332810047095,Loss,Non-Win
3754346,Watford,Wide Forward,311,1274,0.24411302982731553,Loss,Non-Win
3764230,Tottenham Hotspur Women,Attacking Midfield,140,1428,0.09803921568627451,Draw,Non-Win
3764230,Tottenham Hotspur Women,Center Back,382,1428,0.26750700280112044,Draw,Non-Win
3764230,Tottenham Hotspur Women,Defensive Midfield,202,1428,0.14145658263305322,Draw,Non-Win
3764230,Tottenham Hotspur Women,Fullback,231,1428,0.16176470588235295,Draw,Non-Win
3764230,Tottenham Hotspur Women,Goalkeeper,141,1428,0.09873949579831932,Draw,Non-Win
3764230,Tottenham Hotspur Women,Striker,79,1428,0.055322128851540614,Draw,Non-Win
3764230,Tottenham Hotspur Women,Wide Forward,253,1428,0.17717086834733894,Draw,Non-Win
3764230,West Ham United LFC,Center Back,205,1239,0.16545601291364004,Draw,Non-Win
3764230,West Ham United LFC,Central Midfield,266,1239,0.21468926553672316,Draw,Non-Win
3764230,West Ham United LFC,Defensive Midfield,177,1239,0.14285714285714285,Draw,Non-Win
3764230,West Ham United LFC,Fullback,201,1239,0.162227602905569,Draw,Non-Win
3764230,West Ham United LFC,Goalkeeper,101,1239,0.08151735270379339,Draw,Non-Win
3764230,West Ham United LFC,Striker,112,1239,0.0903954802259887,Draw,Non-Win
3764230,West Ham United LFC,Wide Forward,177,1239,0.14285714285714285,Draw,Non-Win
3773466,Barcelona,Attacking Midfield,177,1703,0.10393423370522607,Win,Win
3773466,Barcelona,Center Back,234,1703,0.13740458015267176,Win,Win
3773466,Barcelona,Central Midfield,364,1703,0.21374045801526717,Win,Win
3773466,Barcelona,Fullback,352,1703,0.20669406928948914,Win,Win
3773466,Barcelona,Goalkeeper,80,1703,0.046975924838520255,Win,Win
3773466,Barcelona,Striker,176,1703,0.10334703464474457,Win,Win
3773466,Barcelona,Wide Forward,320,1703,0.18790369935408102,Win,Win
3773466,Celta Vigo,Attacking Midfield,64,1299,0.049268668206312545,Loss,Non-Win
3773466,Celta Vigo,Center Back,280,1299,0.2155504234026174,Loss,Non-Win
3773466,Celta Vigo,Central Midfield,234,1299,0.18013856812933027,Loss,Non-Win
3773466,Celta Vigo,Defensive Midfield,138,1299,0.10623556581986143,Loss,Non-Win
3773466,Celta Vigo,Fullback,265,1299,0.2040030792917629,Loss,Non-Win
3773466,Celta Vigo,Goalkeeper,56,1299,0.04311008468052348,Loss,Non-Win
3773466,Celta Vigo,Striker,166,1299,0.12779060816012316,Loss,Non-Win
3773466,Celta Vigo,Wide Forward,96,1299,0.07390300230946882,Loss,Non-Win
3773497,Barcelona,Center Back,652,2183,0.29867155290884106,Loss,Non-Win
3773497,Barcelona,Central Midfield,135,2183,0.06184150251946862,Loss,Non-Win
3773497,Barcelona,Defensive Midfield,416,2183,0.19056344480073292,Loss,Non-Win
3773497,Barcelona,Fullback,404,2183,0.18506642235455795,Loss,Non-Win
3773497,Barcelona,Goalkeeper,69,2183,0.03160787906550618,Loss,Non-Win
3773497,Barcelona,Striker,214,2183,0.09803023362345396,Loss,Non-Win
3773497,Barcelona,Wide Forward,293,2183,0.1342189647274393,Loss,Non-Win
3773497,Real Madrid,Center Back,103,1007,0.10228401191658391,Win,Win
3773497,Real Madrid,Central Midfield,255,1007,0.253227408142999,Win,Win
3773497,Real Madrid,Defensive Midfield,90,1007,0.08937437934458789,Win,Win
3773497,Real Madrid,Fullback,178,1007,0.17676266137040714,Win,Win
3773497,Real Madrid,Goalkeeper,54,1007,0.05362462760675273,Win,Win
3773497,Real Madrid,Striker,109,1007,0.10824230387288977,Win,Win
3773497,Real Madrid,Wide Forward,218,1007,0.21648460774577954,Win,Win
3773661,Barcelona,Center Back,1131,2736,0.4133771929824561,Win,Win
3773661,Barcelona,Central Midfield,424,2736,0.15497076023391812,Win,Win
3773661,Barcelona,Defensive Midfield,279,2736,0.10197368421052631,Win,Win
3773661,Barcelona,Fullback,489,2736,0.1787280701754386,Win,Win
3773661,Barcelona,Goalkeeper,103,2736,0.03764619883040936,Win,Win
3773661,Barcelona,Striker,310,2736,0.11330409356725146,Win,Win
3773661,Getafe,Center Back,87,604,0.14403973509933773,Loss,Non-Win
3773661,Getafe,Central Midfield,102,604,0.16887417218543047,Loss,Non-Win
3773661,Getafe,Defensive Midfield,29,604,0.048013245033112585,Loss,Non-Win
3773661,Getafe,Fullback,145,604,0.24006622516556292,Loss,Non-Win
3773661,Getafe,Goalkeeper,37,604,0.061258278145695365,Loss,Non-Win
3773661,Getafe,Striker,72,604,0.11920529801324503,Loss,Non-Win
3773661,Getafe,Wide Forward,132,604,0.2185430463576159,Loss,Non-Win
3773665,Barcelona,Center Back,569,2216,0.25676895306859204,Win,Win
3773665,Barcelona,Central Midfield,467,2216,0.21074007220216606,Win,Win
3773665,Barcelona,Defensive Midfield,238,2216,0.10740072202166065,Win,Win
3773665,Barcelona,Fullback,390,2216,0.1759927797833935,Win,Win
3773665,Barcelona,Goalkeeper,81,2216,0.03655234657039711,Win,Win
3773665,Barcelona,Striker,338,2216,0.15252707581227437,Win,Win
3773665,Barcelona,Wide Forward,133,2216,0.060018050541516245,Win,Win
3773665,Osasuna,Center Back,203,1233,0.16463909164639093,Loss,Non-Win
3773665,Osasuna,Defensive Midfield,234,1233,0.1897810218978102,Loss,Non-Win
3773665,Osasuna,Fullback,231,1233,0.1873479318734793,Loss,Non-Win
3773665,Osasuna,Goalkeeper,70,1233,0.05677210056772101,Loss,Non-Win
3773665,Osasuna,Striker,254,1233,0.2060016220600162,Loss,Non-Win
3773665,Osasuna,Wide Forward,241,1233,0.1954582319545823,Loss,Non-Win
3775549,Birmingham City WFC,Center Back,87,667,0.13043478260869565,Loss,Non-Win
3775549,Birmingham City WFC,Central Midfield,142,667,0.2128935532233883,Loss,Non-Win
3775549,Birmingham City WFC,Defensive Midfield,55,667,0.08245877061469266,Loss,Non-Win
3775549,Birmingham City WFC,Fullback,113,667,0.16941529235382308,Loss,Non-Win
3775549,Birmingham City WFC,Goalkeeper,59,667,0.08845577211394302,Loss,Non-Win
3775549,Birmingham City WFC,Striker,64,667,0.095952023988006,Loss,Non-Win
3775549,Birmingham City WFC,Wide Forward,147,667,0.22038980509745126,Loss,Non-Win
3775549,Tottenham Hotspur Women,Center Back,439,1723,0.2547881601857226,Win,Win
3775549,Tottenham Hotspur Women,Central Midfield,263,1723,0.1526407428903076,Win,Win
3775549,Tottenham Hotspur Women,Defensive Midfield,153,1723,0.08879860708067325,Win,Win
3775549,Tottenham Hotspur Women,Fullback,357,1723,0.20719674985490424,Win,Win
3775549,Tottenham Hotspur Women,Goalkeeper,89,1723,0.05165409170052235,Win,Win
3775549,Tottenham Hotspur Women,Striker,139,1723,0.08067324434126523,Win,Win
3775549,Tottenham Hotspur Women,Wide Forward,283,1723,0.16424840394660475,Win,Win
3775563,Everton LFC,Center Back,497,1386,0.35858585858585856,Loss,Non-Win
3775563,Everton LFC,Central Midfield,260,1386,0.18759018759018758,Loss,Non-Win
3775563,Everton LFC,Fullback,237,1386,0.170995670995671,Loss,Non-Win
3775563,Everton LFC,Goalkeeper,152,1386,0.10966810966810966,Loss,Non-Win
3775563,Everton LFC,Striker,95,1386,0.06854256854256854,Loss,Non-Win
3775563,Everton LFC,Wide Forward,145,1386,0.10461760461760462,Loss,Non-Win
3775563,Manchester United,Center Back,246,1371,0.17943107221006566,Win,Win
3775563,Manchester United,Central Midfield,260,1371,0.18964259664478483,Win,Win
3775563,Manchester United,Defensive Midfield,178,1371,0.12983223924142961,Win,Win
3775563,Manchester United,Fullback,228,1371,0.16630196936542668,Win,Win
3775563,Manchester United,Goalkeeper,102,1371,0.07439824945295405,Win,Win
3775563,Manchester United,Striker,128,1371,0.09336250911743253,Win,Win
3775563,Manchester United,Wide Forward,229,1371,0.16703136396790663,Win,Win
3775592,Reading WFC,Attacking Midfield,75,1220,0.06147540983606557,Draw,Non-Win
3775592,Reading WFC,Center Back,209,1220,0.17131147540983607,Draw,Non-Win
3775592,Reading WFC,Central Midfield,261,1220,0.2139344262295082,Draw,Non-Win
3775592,Reading WFC,Defensive Midfield,135,1220,0.11065573770491803,Draw,Non-Win
3775592,Reading WFC,Fullback,260,1220,0.21311475409836064,Draw,Non-Win
3775592,Reading WFC,Goalkeeper,75,1220,0.06147540983606557,Draw,Non-Win
3775592,Reading WFC,Striker,205,1220,0.1680327868852459,Draw,Non-Win
3775592,Tottenham Hotspur Women,Attacking Midfield,111,1036,0.10714285714285714,Draw,Non-Win
3775592,Tottenham Hotspur Women,Center Back,139,1036,0.13416988416988418,Draw,Non-Win
3775592,Tottenham Hotspur Women,Defensive Midfield,182,1036,0.17567567567567569,Draw,Non-Win
3775592,Tottenham Hotspur Women,Fullback,293,1036,0.2828185328185328,Draw,Non-Win
3775592,Tottenham Hotspur Women,Goalkeeper,77,1036,0.07432432432432433,Draw,Non-Win
3775592,Tottenham Hotspur Women,Striker,73,1036,0.07046332046332046,Draw,Non-Win
3775592,Tottenham Hotspur Women,Wide Forward,161,1036,0.1554054054054054,Draw,Non-Win
3775608,Tottenham Hotspur Women,Attacking Midfield,120,1286,0.09331259720062209,Win,Win
3775608,Tottenham Hotspur Women,Center Back,214,1286,0.16640746500777606,Win,Win
3775608,Tottenham Hotspur Women,Defensive Midfield,220,1286,0.17107309486780714,Win,Win
3775608,Tottenham Hotspur Women,Fullback,287,1286,0.22317262830482115,Win,Win
3775608,Tottenham Hotspur Women,Goalkeeper,107,1286,0.08320373250388803,Win,Win
3775608,Tottenham Hotspur Women,Striker,115,1286,0.08942457231726283,Win,Win
3775608,Tottenham Hotspur Women,Wide Forward,223,1286,0.1734059097978227,Win,Win
3775608,West Ham United LFC,Attacking Midfield,139,1293,0.10750193348801237,Loss,Non-Win
3775608,West Ham United LFC,Center Back,402,1293,0.3109048723897912,Loss,Non-Win
3775608,West Ham United LFC,Defensive Midfield,161,1293,0.12451662799690642,Loss,Non-Win
3775608,West Ham United LFC,Fullback,254,1293,0.19644238205723125,Loss,Non-Win
3775608,West Ham United LFC,Goalkeeper,103,1293,0.07965970610982212,Loss,Non-Win
3775608,West Ham United LFC,Striker,234,1293,0.18097447795823665,Loss,Non-Win
3775617,Brighton & Hove Albion WFC,Attacking Midfield,52,707,0.07355021216407355,Win,Win
3775617,Brighton & Hove Albion WFC,Center Back,112,707,0.15841584158415842,Win,Win
3775617,Brighton & Hove Albion WFC,Defensive Midfield,143,707,0.20226308345120225,Win,Win
3775617,Brighton & Hove Albion WFC,Fullback,148,707,0.20933521923620935,Win,Win
3775617,Brighton & Hove Albion WFC,Goalkeeper,81,707,0.11456859971711457,Win,Win
3775617,Brighton & Hove Albion WFC,Striker,48,707,0.06789250353606789,Win,Win
3775617,Brighton & Hove Albion WFC,Wide Forward,123,707,0.173974540311174,Win,Win
3775617,Manchester United,Attacking Midfield,127,1465,0.08668941979522184,Loss,Non-Win
3775617,Manchester United,Center Back,364,1465,0.2484641638225256,Loss,Non-Win
3775617,Manchester United,Defensive Midfield,297,1465,0.20273037542662117,Loss,Non-Win
3775617,Manchester United,Fullback,260,1465,0.17747440273037543,Loss,Non-Win
3775617,Manchester United,Goalkeeper,94,1465,0.06416382252559727,Loss,Non-Win
3775617,Manchester United,Striker,87,1465,0.059385665529010236,Loss,Non-Win
3775617,Manchester United,Wide Forward,236,1465,0.16109215017064846,Loss,Non-Win
3775633,Aston Villa,Center Back,100,726,0.13774104683195593,Win,Win
3775633,Aston Villa,Central Midfield,156,726,0.21487603305785125,Win,Win
3775633,Aston Villa,Defensive Midfield,79,726,0.10881542699724518,Win,Win
3775633,Aston Villa,Fullback,132,726,0.18181818181818182,Win,Win
3775633,Aston Villa,Goalkeeper,56,726,0.07713498622589532,Win,Win
3775633,Aston Villa,Striker,203,726,0.2796143250688705,Win,Win
3775633,Tottenham Hotspur Women,Attacking Midfield,175,1718,0.10186263096623982,Loss,Non-Win
3775633,Tottenham Hotspur Women,Center Back,347,1718,0.2019790454016298,Loss,Non-Win
3775633,Tottenham Hotspur Women,Defensive Midfield,248,1718,0.14435389988358557,Loss,Non-Win
3775633,Tottenham Hotspur Women,Fullback,416,1718,0.2421420256111758,Loss,Non-Win
3775633,Tottenham Hotspur Women,Goalkeeper,57,1718,0.03317811408614668,Loss,Non-Win
3775633,Tottenham Hotspur Women,Striker,146,1718,0.08498253783469151,Loss,Non-Win
3775633,Tottenham Hotspur Women,Wide Forward,329,1718,0.19150174621653085,Loss,Non-Win
3775640,Manchester United,Attacking Midfield,155,1174,0.13202725724020442,Loss,Non-Win
3775640,Manchester United,Center Back,129,1174,0.10988074957410562,Loss,Non-Win
3775640,Manchester United,Defensive Midfield,286,1174,0.24361158432708688,Loss,Non-Win
3775640,Manchester United,Fullback,248,1174,0.21124361158432708,Loss,Non-Win
3775640,Manchester United,Goalkeeper,64,1174,0.054514480408858604,Loss,Non-Win
3775640,Manchester United,Striker,85,1174,0.07240204429301533,Loss,Non-Win
3775640,Manchester United,Wide Forward,207,1174,0.17632027257240204,Loss,Non-Win
3775640,Reading WFC,Attacking Midfield,41,1110,0.036936936936936934,Win,Win
3775640,Reading WFC,Center Back,238,1110,0.21441441441441442,Win,Win
3775640,Reading WFC,Defensive Midfield,216,1110,0.1945945945945946,Win,Win
3775640,Reading WFC,Fullback,171,1110,0.15405405405405406,Win,Win
3775640,Reading WFC,Goalkeeper,81,1110,0.07297297297297298,Win,Win
3775640,Reading WFC,Striker,162,1110,0.14594594594594595,Win,Win
3775640,Reading WFC,Wide Forward,201,1110,0.1810810810810811,Win,Win
3775653,Birmingham City WFC,Attacking Midfield,92,813,0.11316113161131611,Loss,Non-Win
3775653,Birmingham City WFC,Center Back,151,813,0.1857318573185732,Loss,Non-Win
3775653,Birmingham City WFC,Central Midfield,158,813,0.1943419434194342,Loss,Non-Win
3775653,Birmingham City WFC,Fullback,158,813,0.1943419434194342,Loss,Non-Win
3775653,Birmingham City WFC,Goalkeeper,77,813,0.09471094710947109,Loss,Non-Win
3775653,Birmingham City WFC,Striker,67,813,0.08241082410824108,Loss,Non-Win
3775653,Birmingham City WFC,Wide Forward,110,813,0.13530135301353013,Loss,Non-Win
3775653,Everton LFC,Attacking Midfield,138,2056,0.06712062256809338,Win,Win
3775653,Everton LFC,Center Back,640,2056,0.311284046692607,Win,Win
3775653,Everton LFC,Central Midfield,381,2056,0.18531128404669261,Win,Win
3775653,Everton LFC,Fullback,374,2056,0.1819066147859922,Win,Win
3775653,Everton LFC,Goalkeeper,176,2056,0.08560311284046693,Win,Win
3775653,Everton LFC,Striker,113,2056,0.05496108949416342,Win,Win
3775653,Everton LFC,Wide Forward,234,2056,0.11381322957198443,Win,Win
3788753,Finland,Center Back,283,1183,0.23922231614539308,Loss,Non-Win
3788753,Finland,Central Midfield,320,1183,0.2704987320371936,Loss,Non-Win
3788753,Finland,Defensive Midfield,102,1183,0.08622147083685545,Loss,Non-Win
3788753,Finland,Fullback,233,1183,0.19695688926458157,Loss,Non-Win
3788753,Finland,Goalkeeper,72,1183,0.060862214708368556,Loss,Non-Win
3788753,Finland,Striker,173,1183,0.14623837700760778,Loss,Non-Win
3788753,Russia,Attacking Midfield,365,1756,0.20785876993166286,Win,Win
3788753,Russia,Center Back,569,1756,0.32403189066059224,Win,Win
3788753,Russia,Defensive Midfield,333,1756,0.1896355353075171,Win,Win
3788753,Russia,Fullback,291,1756,0.16571753986332574,Win,Win
3788753,Russia,Goalkeeper,46,1756,0.02619589977220957,Win,Win
3788753,Russia,Striker,152,1756,0.08656036446469248,Win,Win
3788759,England,Attacking Midfield,28,1619,0.017294626312538603,Draw,Non-Win
3788759,England,Center Back,335,1619,0.20691785052501543,Draw,Non-Win
3788759,England,Central Midfield,200,1619,0.12353304508956146,Draw,Non-Win
3788759,England,Defensive Midfield,221,1619,0.1365040148239654,Draw,Non-Win
3788759,England,Fullback,437,1619,0.2699197035206918,Draw,Non-Win
3788759,England,Goalkeeper,62,1619,0.03829524397776405,Draw,Non-Win
3788759,England,Striker,78,1619,0.04817788758492897,Draw,Non-Win
3788759,England,Wide Forward,258,1619,0.15935762816553428,Draw,Non-Win
3788759,Scotland,Attacking Midfield,80,1056,0.07575757575757576,Draw,Non-Win
3788759,Scotland,Center Back,296,1056,0.2803030303030303,Draw,Non-Win
3788759,Scotland,Defensive Midfield,250,1056,0.23674242424242425,Draw,Non-Win
3788759,Scotland,Fullback,205,1056,0.19412878787878787,Draw,Non-Win
3788759,Scotland,Goalkeeper,55,1056,0.052083333333333336,Draw,Non-Win
3788759,Scotland,Striker,170,1056,0.16098484848484848,Draw,Non-Win
3788764,Germany,Attacking Midfield,260,1726,0.15063731170336037,Win,Win
3788764,Germany,Center Back,473,1726,0.27404403244495945,Win,Win
3788764,Germany,Central Midfield,106,1726,0.06141367323290846,Win,Win
3788764,Germany,Defensive Midfield,386,1726,0.22363847045191193,Win,Win
3788764,Germany,Fullback,296,1726,0.17149478563151796,Win,Win
3788764,Germany,Goalkeeper,77,1726,0.044611819235225954,Win,Win
3788764,Germany,Striker,128,1726,0.07415990730011587,Win,Win
3788764,Portugal,Center Back,250,1219,0.20508613617719443,Loss,Non-Win
3788764,Portugal,Central Midfield,260,1219,0.2132895816242822,Loss,Non-Win
3788764,Portugal,Defensive Midfield,69,1219,0.05660377358490566,Loss,Non-Win
3788764,Portugal,Fullback,264,1219,0.2165709598031173,Loss,Non-Win
3788764,Portugal,Goalkeeper,44,1219,0.03609515996718622,Loss,Non-Win
3788764,Portugal,Striker,113,1219,0.09269893355209188,Loss,Non-Win
3788764,Portugal,Wide Forward,219,1219,0.17965545529122232,Loss,Non-Win
3788772,Czech Republic,Attacking Midfield,126,1133,0.11120917917034422,Loss,Non-Win
3788772,Czech Republic,Center Back,245,1133,0.21624007060900266,Loss,Non-Win
3788772,Czech Republic,Defensive Midfield,205,1133,0.18093556928508384,Loss,Non-Win
3788772,Czech Republic,Fullback,250,1133,0.22065313327449249,Loss,Non-Win
3788772,Czech Republic,Goalkeeper,42,1133,0.037069726390114736,Loss,Non-Win
3788772,Czech Republic,Striker,80,1133,0.0706090026478376,Loss,Non-Win
3788772,Czech Republic,Wide Forward,185,1133,0.16328331862312445,Loss,Non-Win
3788772,England,Attacking Midfield,121,1528,0.07918848167539266,Win,Win
3788772,England,Center Back,395,1528,0.25850785340314136,Win,Win
3788772,England,Defensive Midfield,274,1528,0.1793193717277487,Win,Win
3788772,England,Fullback,281,1528,0.18390052356020942,Win,Win
3788772,England,Goalkeeper,99,1528,0.06479057591623037,Win,Win
3788772,England,Striker,118,1528,0.07722513089005235,Win,Win
3788772,England,Wide Forward,240,1528,0.15706806282722513,Win,Win
3794686,Croatia,Center Back,223,1336,0.16691616766467066,Loss,Non-Win
3794686,Croatia,Central Midfield,269,1336,0.20134730538922155,Loss,Non-Win
3794686,Croatia,Defensive Midfield,176,1336,0.1317365269461078,Loss,Non-Win
3794686,Croatia,Fullback,246,1336,0.18413173652694612,Loss,Non-Win
3794686,Croatia,Goalkeeper,78,1336,0.058383233532934134,Loss,Non-Win
3794686,Croatia,Striker,107,1336,0.08008982035928144,Loss,Non-Win
3794686,Croatia,Wide Forward,237,1336,0.17739520958083832,Loss,Non-Win
3794686,Spain,Center Back,691,2566,0.26929072486360095,Win,Win
3794686,Spain,Central Midfield,455,2566,0.17731878409976617,Win,Win
3794686,Spain,Defensive Midfield,312,2566,0.12159002338269681,Win,Win
3794686,Spain,Fullback,441,2566,0.17186282151208107,Win,Win
3794686,Spain,Goalkeeper,124,2566,0.048324240062353856,Win,Win
3794686,Spain,Striker,140,2566,0.05455962587685113,Win,Win
3794686,Spain,Wide Forward,403,2566,0.15705378020265004,Win,Win
3794688,England,Center Back,449,1361,0.3299044819985305,Win,Win
3794688,England,Defensive Midfield,284,1361,0.20867009551800147,Win,Win
3794688,England,Fullback,249,1361,0.18295371050698017,Win,Win
3794688,England,Goalkeeper,75,1361,0.055106539309331376,Win,Win
3794688,England,Striker,81,1361,0.05951506245407789,Win,Win
3794688,England,Wide Forward,223,1361,0.16385011021307863,Win,Win
3794688,Germany,Center Back,528,1487,0.3550773369199731,Loss,Non-Win
3794688,Germany,Defensive Midfield,336,1487,0.22595830531271016,Loss,Non-Win
3794688,Germany,Fullback,214,1487,0.14391392064559516,Loss,Non-Win
3794688,Germany,Goalkeeper,103,1487,0.06926698049764626,Loss,Non-Win
3794688,Germany,Striker,74,1487,0.04976462676529926,Loss,Non-Win
3794688,Germany,Wide Forward,232,1487,0.15601882985877605,Loss,Non-Win
3795109,Czech Republic,Attacking Midfield,81,1407,0.057569296375266525,Loss,Non-Win
3795109,Czech Republic,Center Back,238,1407,0.1691542288557214,Loss,Non-Win
3795109,Czech Republic,Central Midfield,131,1407,0.09310589907604833,Loss,Non-Win
3795109,Czech Republic,Defensive Midfield,161,1407,0.11442786069651742,Loss,Non-Win
3795109,Czech Republic,Fullback,332,1407,0.23596304193319118,Loss,Non-Win
3795109,Czech Republic,Goalkeeper,56,1407,0.03980099502487562,Loss,Non-Win
3795109,Czech Republic,Striker,144,1407,0.1023454157782516,Loss,Non-Win
3795109,Czech Republic,Wide Forward,264,1407,0.18763326226012794,Loss,Non-Win
3795109,Denmark,Attacking Midfield,188,1077,0.1745589600742804,Win,Win
3795109,Denmark,Center Back,208,1077,0.19312906220984216,Win,Win
3795109,Denmark,Central Midfield,57,1077,0.052924791086350974,Win,Win
3795109,Denmark,Defensive Midfield,187,1077,0.17363045496750232,Win,Win
3795109,Denmark,Fullback,221,1077,0.2051996285979573,Win,Win
3795109,Denmark,Goalkeeper,58,1077,0.05385329619312906,Win,Win
3795109,Denmark,Striker,158,1077,0.1467038068709378,Win,Win
3795220,Italy,Center Back,269,1173,0.22932651321398123,Draw,Non-Win
3795220,Italy,Central Midfield,196,1173,0.16709292412617222,Draw,Non-Win
3795220,Italy,Defensive Midfield,91,1173,0.07757885763000852,Draw,Non-Win
3795220,Italy,Fullback,214,1173,0.1824381926683717,Draw,Non-Win
3795220,Italy,Goalkeeper,106,1173,0.09036658141517477,Draw,Non-Win
3795220,Italy,Striker,96,1173,0.08184143222506395,Draw,Non-Win
3795220,Italy,Wide Forward,201,1173,0.17135549872122763,Draw,Non-Win
3795220,Spain,Center Back,800,2723,0.29379360998898274,Draw,Non-Win
3795220,Spain,Central Midfield,488,2723,0.17921410209327948,Draw,Non-Win
3795220,Spain,Defensive Midfield,238,2723,0.08740359897172237,Draw,Non-Win
3795220,Spain,Fullback,511,2723,0.18766066838046272,Draw,Non-Win
3795220,Spain,Goalkeeper,143,2723,0.05251560778553067,Draw,Non-Win
3795220,Spain,Striker,174,2723,0.06390011017260375,Draw,Non-Win
3795220,Spain,Wide Forward,369,2723,0.13551230260741828,Draw,Non-Win
3802795,Paris Saint-Germain,Attacking Midfield,45,2138,0.021047708138447148,Win,Win
3802795,Paris Saint-Germain,Center Back,428,2138,0.20018709073900842,Win,Win
3802795,Paris Saint-Germain,Central Midfield,314,2138,0.146866230121609,Win,Win
3802795,Paris Saint-Germain,Defensive Midfield,334,2138,0.15622076707202995,Win,Win
3802795,Paris Saint-Germain,Fullback,449,2138,0.2100093545369504,Win,Win
3802795,Paris Saint-Germain,Goalkeeper,52,2138,0.02432179607109448,Win,Win
3802795,Paris Saint-Germain,Striker,204,2138,0.09541627689429373,Win,Win
3802795,Paris Saint-Germain,Wide Forward,312,2138,0.14593077642656688,Win,Win
3802795,Rennes,Center Back,188,1170,0.1606837606837607,Loss,Non-Win
3802795,Rennes,Central Midfield,214,1170,0.1829059829059829,Loss,Non-Win
3802795,Rennes,Defensive Midfield,173,1170,0.14786324786324787,Loss,Non-Win
3802795,Rennes,Fullback,209,1170,0.17863247863247864,Loss,Non-Win
3802795,Rennes,Goalkeeper,64,1170,0.0547008547008547,Loss,Non-Win
3802795,Rennes,Striker,100,1170,0.08547008547008547,Loss,Non-Win
3802795,Rennes,Wide Forward,222,1170,0.18974358974358974,Loss,Non-Win
3802805,OGC Nice,Center Back,332,1489,0.22296843519140364,Win,Win
3802805,OGC Nice,Defensive Midfield,314,1489,0.21087978509066488,Win,Win
3802805,OGC Nice,Fullback,271,1489,0.18200134318334452,Win,Win
3802805,OGC Nice,Goalkeeper,59,1489,0.039623908663532575,Win,Win
3802805,OGC Nice,Striker,238,1489,0.15983881799865682,Win,Win
3802805,OGC Nice,Wide Forward,275,1489,0.18468770987239758,Win,Win
3802805,Paris Saint-Germain,Center Back,422,2004,0.21057884231536927,Loss,Non-Win
3802805,Paris Saint-Germain,Central Midfield,352,2004,0.17564870259481039,Loss,Non-Win
3802805,Paris Saint-Germain,Defensive Midfield,238,2004,0.1187624750499002,Loss,Non-Win
3802805,Paris Saint-Germain,Fullback,408,2004,0.20359281437125748,Loss,Non-Win
3802805,Paris Saint-Germain,Goalkeeper,49,2004,0.02445109780439122,Loss,Non-Win
3802805,Paris Saint-Germain,Striker,184,2004,0.09181636726546906,Loss,Non-Win
3802805,Paris Saint-Germain,Wide Forward,351,2004,0.1751497005988024,Loss,Non-Win
3802902,Marseille,Attacking Midfield,207,1488,0.13911290322580644,Draw,Non-Win
3802902,Marseille,Center Back,247,1488,0.16599462365591397,Draw,Non-Win
3802902,Marseille,Defensive Midfield,370,1488,0.24865591397849462,Draw,Non-Win
3802902,Marseille,Fullback,278,1488,0.1868279569892473,Draw,Non-Win
3802902,Marseille,Goalkeeper,48,1488,0.03225806451612903,Draw,Non-Win
3802902,Marseille,Striker,63,1488,0.04233870967741935,Draw,Non-Win
3802902,Marseille,Wide Forward,275,1488,0.18481182795698925,Draw,Non-Win
3802902,Paris Saint-Germain,Attacking Midfield,116,1638,0.07081807081807082,Draw,Non-Win
3802902,Paris Saint-Germain,Center Back,336,1638,0.20512820512820512,Draw,Non-Win
3802902,Paris Saint-Germain,Defensive Midfield,361,1638,0.22039072039072038,Draw,Non-Win
3802902,Paris Saint-Germain,Fullback,274,1638,0.16727716727716727,Draw,Non-Win
3802902,Paris Saint-Germain,Goalkeeper,43,1638,0.026251526251526252,Draw,Non-Win
3802902,Paris Saint-Germain,Striker,130,1638,0.07936507936507936,Draw,Non-Win
3802902,Paris Saint-Germain,Wide Forward,378,1638,0.23076923076923078,Draw,Non-Win
3813265,East Bengal,Center Back,30,590,0.05084745762711865,Draw,Non-Win
3813265,East Bengal,Central Midfield,126,590,0.2135593220338983,Draw,Non-Win
3813265,East Bengal,Defensive Midfield,76,590,0.1288135593220339,Draw,Non-Win
3813265,East Bengal,Fullback,95,590,0.16101694915254236,Draw,Non-Win
3813265,East Bengal,Goalkeeper,32,590,0.05423728813559322,Draw,Non-Win
3813265,East Bengal,Striker,93,590,0.1576271186440678,Draw,Non-Win
3813265,East Bengal,Wide Forward,138,590,0.23389830508474577,Draw,Non-Win
3813265,Mumbai City,Attacking Midfield,168,1475,0.11389830508474576,Draw,Non-Win
3813265,Mumbai City,Center Back,257,1475,0.17423728813559322,Draw,Non-Win
3813265,Mumbai City,Defensive Midfield,400,1475,0.2711864406779661,Draw,Non-Win
3813265,Mumbai City,Fullback,257,1475,0.17423728813559322,Draw,Non-Win
3813265,Mumbai City,Goalkeeper,36,1475,0.02440677966101695,Draw,Non-Win
3813265,Mumbai City,Striker,89,1475,0.06033898305084746,Draw,Non-Win
3813265,Mumbai City,Wide Forward,268,1475,0.18169491525423728,Draw,Non-Win
3813272,Goa,Attacking Midfield,167,1356,0.12315634218289086,Draw,Non-Win
3813272,Goa,Center Back,352,1356,0.25958702064896755,Draw,Non-Win
3813272,Goa,Defensive Midfield,321,1356,0.23672566371681417,Draw,Non-Win
3813272,Goa,Fullback,225,1356,0.16592920353982302,Draw,Non-Win
3813272,Goa,Goalkeeper,55,1356,0.04056047197640118,Draw,Non-Win
3813272,Goa,Striker,236,1356,0.17404129793510326,Draw,Non-Win
3813272,Hyderabad,Attacking Midfield,91,775,0.11741935483870967,Draw,Non-Win
3813272,Hyderabad,Center Back,89,775,0.11483870967741935,Draw,Non-Win
3813272,Hyderabad,Defensive Midfield,146,775,0.18838709677419355,Draw,Non-Win
3813272,Hyderabad,Fullback,176,775,0.2270967741935484,Draw,Non-Win
3813272,Hyderabad,Goalkeeper,26,775,0.03354838709677419,Draw,Non-Win
3813272,Hyderabad,Striker,94,775,0.12129032258064516,Draw,Non-Win
3813272,Hyderabad,Wide Forward,153,775,0.19741935483870968,Draw,Non-Win
3813274,Bengaluru,Center Back,89,747,0.11914323962516733,Loss,Non-Win
3813274,Bengaluru,Central Midfield,135,747,0.18072289156626506,Loss,Non-Win
3813274,Bengaluru,Defensive Midfield,49,747,0.06559571619812583,Loss,Non-Win
3813274,Bengaluru,Fullback,195,747,0.26104417670682734,Loss,Non-Win
3813274,Bengaluru,Goalkeeper,28,747,0.03748326639892905,Loss,Non-Win
3813274,Bengaluru,Striker,94,747,0.12583668005354753,Loss,Non-Win
3813274,Bengaluru,Wide Forward,157,747,0.2101740294511379,Loss,Non-Win
3813274,Mumbai City,Attacking Midfield,91,924,0.09848484848484848,Win,Win
3813274,Mumbai City,Center Back,181,924,0.1958874458874459,Win,Win
3813274,Mumbai City,Defensive Midfield,211,924,0.22835497835497837,Win,Win
3813274,Mumbai City,Fullback,163,924,0.1764069264069264,Win,Win
3813274,Mumbai City,Goalkeeper,79,924,0.0854978354978355,Win,Win
3813274,Mumbai City,Striker,48,924,0.05194805194805195,Win,Win
3813274,Mumbai City,Wide Forward,151,924,0.1634199134199134,Win,Win
3813277,Hyderabad,Center Back,84,763,0.11009174311926606,Win,Win
3813277,Hyderabad,Defensive Midfield,137,763,0.17955439056356487,Win,Win
3813277,Hyderabad,Fullback,129,763,0.1690694626474443,Win,Win
3813277,Hyderabad,Goalkeeper,43,763,0.0563564875491481,Win,Win
3813277,Hyderabad,Striker,192,763,0.2516382699868938,Win,Win
3813277,Hyderabad,Wide Forward,178,763,0.23328964613368283,Win,Win
3813277,Mumbai City,Attacking Midfield,95,1321,0.07191521574564724,Loss,Non-Win
3813277,Mumbai City,Center Back,291,1321,0.2202876608629826,Loss,Non-Win
3813277,Mumbai City,Defensive Midfield,351,1321,0.2657077971233914,Loss,Non-Win
3813277,Mumbai City,Fullback,230,1321,0.17411052233156699,Loss,Non-Win
3813277,Mumbai City,Goalkeeper,54,1321,0.0408781226343679,Loss,Non-Win
3813277,Mumbai City,Striker,57,1321,0.04314912944738834,Loss,Non-Win
3813277,Mumbai City,Wide Forward,243,1321,0.18395155185465556,Loss,Non-Win
3813281,ATK Mohun Bagan,Center Back,202,1011,0.19980217606330367,Draw,Non-Win
3813281,ATK Mohun Bagan,Defensive Midfield,172,1011,0.17012858555885263,Draw,Non-Win
3813281,ATK Mohun Bagan,Fullback,210,1011,0.20771513353115728,Draw,Non-Win
3813281,ATK Mohun Bagan,Goalkeeper,32,1011,0.03165182987141444,Draw,Non-Win
3813281,ATK Mohun Bagan,Striker,224,1011,0.2215628090999011,Draw,Non-Win
3813281,ATK Mohun Bagan,Wide Forward,171,1011,0.16913946587537093,Draw,Non-Win
3813281,Chennaiyin,Center Back,338,1301,0.2598001537279016,Draw,Non-Win
3813281,Chennaiyin,Central Midfield,279,1301,0.21445042275172943,Draw,Non-Win
3813281,Chennaiyin,Defensive Midfield,199,1301,0.15295926210607225,Draw,Non-Win
3813281,Chennaiyin,Fullback,241,1301,0.18524212144504226,Draw,Non-Win
3813281,Chennaiyin,Goalkeeper,34,1301,0.026133743274404306,Draw,Non-Win
3813281,Chennaiyin,Striker,210,1301,0.1614142966948501,Draw,Non-Win
3813282,Kerala Blasters,Center Back,95,847,0.11216056670602124,Win,Win
3813282,Kerala Blasters,Defensive Midfield,181,847,0.21369539551357733,Win,Win
3813282,Kerala Blasters,Fullback,117,847,0.1381345926800472,Win,Win
3813282,Kerala Blasters,Goalkeeper,47,847,0.05548996458087367,Win,Win
3813282,Kerala Blasters,Striker,188,847,0.22195985832349469,Win,Win
3813282,Kerala Blasters,Wide Forward,219,847,0.2585596221959858,Win,Win
3813282,Mumbai City,Attacking Midfield,142,1322,0.10741301059001512,Loss,Non-Win
3813282,Mumbai City,Center Back,310,1322,0.2344931921331316,Loss,Non-Win
3813282,Mumbai City,Defensive Midfield,313,1322,0.2367624810892587,Loss,Non-Win
3813282,Mumbai City,Fullback,178,1322,0.1346444780635401,Loss,Non-Win
3813282,Mumbai City,Goalkeeper,77,1322,0.058245083207261725,Loss,Non-Win
3813282,Mumbai City,Striker,100,1322,0.07564296520423601,Loss,Non-Win
3813282,Mumbai City,Wide Forward,202,1322,0.15279878971255673,Loss,Non-Win
3813284,Jamshedpur,Center Back,124,947,0.13093980992608237,Loss,Non-Win
3813284,Jamshedpur,Defensive Midfield,207,947,0.21858500527983105,Loss,Non-Win
3813284,Jamshedpur,Fullback,163,947,0.17212249208025343,Loss,Non-Win
3813284,Jamshedpur,Goalkeeper,24,947,0.025343189017951427,Loss,Non-Win
3813284,Jamshedpur,Striker,199,947,0.21013727560718057,Loss,Non-Win
3813284,Jamshedpur,Wide Forward,230,947,0.24287222808870115,Loss,Non-Win
3813284,Mumbai City,Attacking Midfield,150,1258,0.1192368839427663,Win,Win
3813284,Mumbai City,Center Back,240,1258,0.1907790143084261,Win,Win
3813284,Mumbai City,Central Midfield,334,1258,0.2655007949125596,Win,Win
3813284,Mumbai City,Fullback,178,1258,0.14149443561208266,Win,Win
3813284,Mumbai City,Goalkeeper,79,1258,0.06279809220985691,Win,Win
3813284,Mumbai City,Striker,101,1258,0.08028616852146264,Win,Win
3813284,Mumbai City,Wide Forward,176,1258,0.13990461049284578,Win,Win
3813286,Chennaiyin,Center Back,142,793,0.17906683480453972,Loss,Non-Win
3813286,Chennaiyin,Central Midfield,140,793,0.17654476670870115,Loss,Non-Win
3813286,Chennaiyin,Defensive Midfield,117,793,0.14754098360655737,Loss,Non-Win
3813286,Chennaiyin,Fullback,164,793,0.2068095838587642,Loss,Non-Win
3813286,Chennaiyin,Goalkeeper,28,793,0.03530895334174023,Loss,Non-Win
3813286,Chennaiyin,Striker,202,793,0.2547288776796974,Loss,Non-Win
3813286,Mumbai City,Attacking Midfield,143,1888,0.07574152542372882,Win,Win
3813286,Mumbai City,Center Back,486,1888,0.2574152542372881,Win,Win
3813286,Mumbai City,Defensive Midfield,453,1888,0.2399364406779661,Win,Win
3813286,Mumbai City,Fullback,438,1888,0.2319915254237288,Win,Win
3813286,Mumbai City,Goalkeeper,46,1888,0.024364406779661018,Win,Win
3813286,Mumbai City,Striker,97,1888,0.0513771186440678,Win,Win
3813286,Mumbai City,Wide Forward,225,1888,0.11917372881355932,Win,Win
3813291,ATK Mohun Bagan,Attacking Midfield,280,1237,0.22635408245755861,Win,Win
3813291,ATK Mohun Bagan,Center Back,324,1237,0.26192400970088925,Win,Win
3813291,ATK Mohun Bagan,Defensive Midfield,259,1237,0.20937752627324172,Win,Win
3813291,ATK Mohun Bagan,Fullback,221,1237,0.17865804365400162,Win,Win
3813291,ATK Mohun Bagan,Goalkeeper,43,1237,0.034761519805982216,Win,Win
3813291,ATK Mohun Bagan,Striker,110,1237,0.0889248181083266,Win,Win
3813291,East Bengal,Attacking Midfield,139,1426,0.09747545582047686,Loss,Non-Win
3813291,East Bengal,Center Back,450,1426,0.3155680224403927,Loss,Non-Win
3813291,East Bengal,Defensive Midfield,324,1426,0.22720897615708274,Loss,Non-Win
3813291,East Bengal,Fullback,229,1426,0.1605890603085554,Loss,Non-Win
3813291,East Bengal,Goalkeeper,73,1426,0.05119214586255259,Loss,Non-Win
3813291,East Bengal,Striker,130,1426,0.091164095371669,Loss,Non-Win
3813291,East Bengal,Wide Forward,81,1426,0.056802244039270686,Loss,Non-Win
3813299,Bengaluru,Center Back,233,1142,0.2040280210157618,Loss,Non-Win
3813299,Bengaluru,Central Midfield,241,1142,0.21103327495621715,Loss,Non-Win
3813299,Bengaluru,Defensive Midfield,104,1142,0.09106830122591944,Loss,Non-Win
3813299,Bengaluru,Fullback,173,1142,0.15148861646234676,Loss,Non-Win
3813299,Bengaluru,Goalkeeper,57,1142,0.049912434325744305,Loss,Non-Win
3813299,Bengaluru,Striker,133,1142,0.11646234676007006,Loss,Non-Win
3813299,Bengaluru,Wide Forward,201,1142,0.17600700525394045,Loss,Non-Win
3813299,Hyderabad,Attacking Midfield,104,909,0.11441144114411442,Win,Win
3813299,Hyderabad,Center Back,89,909,0.09790979097909791,Win,Win
3813299,Hyderabad,Defensive Midfield,198,909,0.21782178217821782,Win,Win
3813299,Hyderabad,Fullback,193,909,0.21232123212321233,Win,Win
3813299,Hyderabad,Goalkeeper,56,909,0.061606160616061605,Win,Win
3813299,Hyderabad,Striker,114,909,0.1254125412541254,Win,Win
3813299,Hyderabad,Wide Forward,155,909,0.1705170517051705,Win,Win
3813300,Kerala Blasters,Center Back,246,1300,0.18923076923076923,Win,Win
3813300,Kerala Blasters,Defensive Midfield,305,1300,0.23461538461538461,Win,Win
3813300,Kerala Blasters,Fullback,222,1300,0.17076923076923076,Win,Win
3813300,Kerala Blasters,Goalkeeper,43,1300,0.03307692307692308,Win,Win
3813300,Kerala Blasters,Striker,253,1300,0.1946153846153846,Win,Win
3813300,Kerala Blasters,Wide Forward,231,1300,0.1776923076923077,Win,Win
3813300,Odisha,Attacking Midfield,108,1086,0.09944751381215469,Loss,Non-Win
3813300,Odisha,Center Back,174,1086,0.16022099447513813,Loss,Non-Win
3813300,Odisha,Defensive Midfield,244,1086,0.22467771639042358,Loss,Non-Win
3813300,Odisha,Fullback,228,1086,0.20994475138121546,Loss,Non-Win
3813300,Odisha,Goalkeeper,25,1086,0.02302025782688766,Loss,Non-Win
3813300,Odisha,Striker,110,1086,0.10128913443830571,Loss,Non-Win
3813300,Odisha,Wide Forward,197,1086,0.18139963167587478,Loss,Non-Win
3813304,East Bengal,Center Back,42,704,0.05965909090909091,Draw,Non-Win
3813304,East Bengal,Central Midfield,131,704,0.18607954545454544,Draw,Non-Win
3813304,East Bengal,Defensive Midfield,53,704,0.07528409090909091,Draw,Non-Win
3813304,East Bengal,Fullback,120,704,0.17045454545454544,Draw,Non-Win
3813304,East Bengal,Goalkeeper,41,704,0.05823863636363636,Draw,Non-Win
3813304,East Bengal,Striker,150,704,0.21306818181818182,Draw,Non-Win
3813304,East Bengal,Wide Forward,167,704,0.2372159090909091,Draw,Non-Win
3813304,Hyderabad,Attacking Midfield,88,1493,0.058941728064300064,Draw,Non-Win
3813304,Hyderabad,Center Back,337,1493,0.22572002679169456,Draw,Non-Win
3813304,Hyderabad,Defensive Midfield,333,1493,0.22304085733422638,Draw,Non-Win
3813304,Hyderabad,Fullback,330,1493,0.22103148024112526,Draw,Non-Win
3813304,Hyderabad,Goalkeeper,42,1493,0.02813127930341594,Draw,Non-Win
3813304,Hyderabad,Striker,92,1493,0.061620897521768254,Draw,Non-Win
3813304,Hyderabad,Wide Forward,271,1493,0.18151373074346952,Draw,Non-Win
3813307,Bengaluru,Attacking Midfield,83,1165,0.07124463519313305,Draw,Non-Win
3813307,Bengaluru,Center Back,315,1165,0.2703862660944206,Draw,Non-Win
3813307,Bengaluru,Central Midfield,41,1165,0.0351931330472103,Draw,Non-Win
3813307,Bengaluru,Defensive Midfield,145,1165,0.12446351931330472,Draw,Non-Win
3813307,Bengaluru,Fullback,188,1165,0.16137339055793992,Draw,Non-Win
3813307,Bengaluru,Goalkeeper,102,1165,0.08755364806866953,Draw,Non-Win
3813307,Bengaluru,Striker,115,1165,0.09871244635193133,Draw,Non-Win
3813307,Bengaluru,Wide Forward,176,1165,0.15107296137339055,Draw,Non-Win
3813307,Jamshedpur,Attacking Midfield,133,724,0.18370165745856354,Draw,Non-Win
3813307,Jamshedpur,Center Back,67,724,0.0925414364640884,Draw,Non-Win
3813307,Jamshedpur,Defensive Midfield,139,724,0.1919889502762431,Draw,Non-Win
3813307,Jamshedpur,Fullback,121,724,0.1671270718232044,Draw,Non-Win
3813307,Jamshedpur,Goalkeeper,55,724,0.07596685082872928,Draw,Non-Win
3813307,Jamshedpur,Striker,95,724,0.13121546961325967,Draw,Non-Win
3813307,Jamshedpur,Wide Forward,114,724,0.1574585635359116,Draw,Non-Win
3813308,Goa,Attacking Midfield,203,1546,0.1313065976714101,Draw,Non-Win
3813308,Goa,Center Back,373,1546,0.24126778783958602,Draw,Non-Win
3813308,Goa,Defensive Midfield,462,1546,0.2988357050452781,Draw,Non-Win
3813308,Goa,Fullback,269,1546,0.17399741267787838,Draw,Non-Win
3813308,Goa,Goalkeeper,26,1546,0.016817593790426907,Draw,Non-Win
3813308,Goa,Striker,213,1546,0.13777490297542044,Draw,Non-Win
3813308,Odisha,Center Back,112,1048,0.10687022900763359,Draw,Non-Win
3813308,Odisha,Central Midfield,276,1048,0.2633587786259542,Draw,Non-Win
3813308,Odisha,Defensive Midfield,62,1048,0.05916030534351145,Draw,Non-Win
3813308,Odisha,Fullback,211,1048,0.2013358778625954,Draw,Non-Win
3813308,Odisha,Goalkeeper,38,1048,0.03625954198473282,Draw,Non-Win
3813308,Odisha,Striker,123,1048,0.11736641221374046,Draw,Non-Win
3813308,Odisha,Wide Forward,226,1048,0.21564885496183206,Draw,Non-Win
3813309,Chennaiyin,Center Back,77,721,0.10679611650485436,Win,Win
3813309,Chennaiyin,Central Midfield,181,721,0.2510402219140083,Win,Win
3813309,Chennaiyin,Defensive Midfield,70,721,0.0970873786407767,Win,Win
3813309,Chennaiyin,Fullback,116,721,0.1608876560332871,Win,Win
3813309,Chennaiyin,Goalkeeper,40,721,0.05547850208044383,Win,Win
3813309,Chennaiyin,Striker,68,721,0.09431345353675451,Win,Win
3813309,Chennaiyin,Wide Forward,169,721,0.23439667128987518,Win,Win
3813309,Hyderabad,Center Back,345,1386,0.24891774891774893,Loss,Non-Win
3813309,Hyderabad,Central Midfield,275,1386,0.1984126984126984,Loss,Non-Win
3813309,Hyderabad,Fullback,319,1386,0.23015873015873015,Loss,Non-Win
3813309,Hyderabad,Goalkeeper,26,1386,0.01875901875901876,Loss,Non-Win
3813309,Hyderabad,Striker,182,1386,0.13131313131313133,Loss,Non-Win
3813309,Hyderabad,Wide Forward,239,1386,0.17243867243867245,Loss,Non-Win
3813310,East Bengal,Center Back,123,648,0.18981481481481483,Draw,Non-Win
3813310,East Bengal,Central Midfield,83,648,0.12808641975308643,Draw,Non-Win
3813310,East Bengal,Defensive Midfield,53,648,0.08179012345679013,Draw,Non-Win
3813310,East Bengal,Fullback,126,648,0.19444444444444445,Draw,Non-Win
3813310,East Bengal,Goalkeeper,43,648,0.06635802469135803,Draw,Non-Win
3813310,East Bengal,Striker,65,648,0.10030864197530864,Draw,Non-Win
3813310,East Bengal,Wide Forward,155,648,0.23919753086419754,Draw,Non-Win
3813310,Kerala Blasters,Center Back,395,1482,0.26653171390013497,Draw,Non-Win
3813310,Kerala Blasters,Defensive Midfield,338,1482,0.22807017543859648,Draw,Non-Win
3813310,Kerala Blasters,Fullback,253,1482,0.17071524966261808,Draw,Non-Win
3813310,Kerala Blasters,Goalkeeper,38,1482,0.02564102564102564,Draw,Non-Win
3813310,Kerala Blasters,Striker,261,1482,0.17611336032388664,Draw,Non-Win
3813310,Kerala Blasters,Wide Forward,197,1482,0.1329284750337382,Draw,Non-Win
3813317,East Bengal,Center Back,203,1073,0.1891891891891892,Loss,Non-Win
3813317,East Bengal,Defensive Midfield,246,1073,0.22926374650512582,Loss,Non-Win
3813317,East Bengal,Fullback,192,1073,0.17893755824790308,Loss,Non-Win
3813317,East Bengal,Goalkeeper,40,1073,0.03727865796831314,Loss,Non-Win
3813317,East Bengal,Striker,199,1073,0.18546132339235788,Loss,Non-Win
3813317,East Bengal,Wide Forward,193,1073,0.1798695246971109,Loss,Non-Win
3813317,Odisha,Attacking Midfield,144,1294,0.11128284389489954,Win,Win
3813317,Odisha,Center Back,281,1294,0.21715610510046368,Win,Win
3813317,Odisha,Central Midfield,330,1294,0.2550231839258114,Win,Win
3813317,Odisha,Fullback,214,1294,0.16537867078825347,Win,Win
3813317,Odisha,Goalkeeper,33,1294,0.025502318392581144,Win,Win
3813317,Odisha,Striker,109,1294,0.08423493044822257,Win,Win
3813317,Odisha,Wide Forward,183,1294,0.14142194744976816,Win,Win
3813318,Mumbai City,Attacking Midfield,162,1437,0.1127348643006263,Draw,Non-Win
3813318,Mumbai City,Center Back,254,1437,0.1767571329157968,Draw,Non-Win
3813318,Mumbai City,Defensive Midfield,448,1437,0.3117606123869172,Draw,Non-Win
3813318,Mumbai City,Fullback,184,1437,0.12804453723034098,Draw,Non-Win
3813318,Mumbai City,Goalkeeper,54,1437,0.037578288100208766,Draw,Non-Win
3813318,Mumbai City,Striker,63,1437,0.04384133611691023,Draw,Non-Win
3813318,Mumbai City,Wide Forward,272,1437,0.18928322894919972,Draw,Non-Win
3813318,NorthEast United,Center Back,147,802,0.18329177057356608,Draw,Non-Win
3813318,NorthEast United,Central Midfield,157,802,0.19576059850374064,Draw,Non-Win
3813318,NorthEast United,Defensive Midfield,80,802,0.09975062344139651,Draw,Non-Win
3813318,NorthEast United,Fullback,103,802,0.128428927680798,Draw,Non-Win
3813318,NorthEast United,Goalkeeper,47,802,0.05860349127182045,Draw,Non-Win
3813318,NorthEast United,Striker,83,802,0.10349127182044887,Draw,Non-Win
3813318,NorthEast United,Wide Forward,185,802,0.23067331670822944,Draw,Non-Win
3817851,Kerala Blasters,Center Back,217,1377,0.15758896151053015,Win,Win
3817851,Kerala Blasters,Defensive Midfield,270,1377,0.19607843137254902,Win,Win
3817851,Kerala Blasters,Fullback,240,1377,0.17429193899782136,Win,Win
3817851,Kerala Blasters,Goalkeeper,53,1377,0.03848946986201888,Win,Win
3817851,Kerala Blasters,Striker,291,1377,0.2113289760348584,Win,Win
3817851,Kerala Blasters,Wide Forward,306,1377,0.2222222222222222,Win,Win
3817851,Odisha,Center Back,236,1223,0.1929681112019624,Loss,Non-Win
3817851,Odisha,Central Midfield,269,1223,0.21995094031071136,Loss,Non-Win
3817851,Odisha,Defensive Midfield,114,1223,0.09321340964840556,Loss,Non-Win
3817851,Odisha,Fullback,245,1223,0.20032706459525756,Loss,Non-Win
3817851,Odisha,Goalkeeper,57,1223,0.04660670482420278,Loss,Non-Win
3817851,Odisha,Striker,112,1223,0.09157808667211774,Loss,Non-Win
3817851,Odisha,Wide Forward,190,1223,0.1553556827473426,Loss,Non-Win
3817854,ATK Mohun Bagan,Attacking Midfield,72,1030,0.06990291262135923,Win,Win
3817854,ATK Mohun Bagan,Center Back,239,1030,0.2320388349514563,Win,Win
3817854,ATK Mohun Bagan,Defensive Midfield,181,1030,0.17572815533980582,Win,Win
3817854,ATK Mohun Bagan,Fullback,172,1030,0.1669902912621359,Win,Win
3817854,ATK Mohun Bagan,Goalkeeper,88,1030,0.0854368932038835,Win,Win
3817854,ATK Mohun Bagan,Striker,234,1030,0.22718446601941747,Win,Win
3817854,ATK Mohun Bagan,Wide Forward,44,1030,0.04271844660194175,Win,Win
3817854,Bengaluru,Center Back,213,1304,0.1633435582822086,Loss,Non-Win
3817854,Bengaluru,Central Midfield,276,1304,0.2116564417177914,Loss,Non-Win
3817854,Bengaluru,Defensive Midfield,163,1304,0.125,Loss,Non-Win
3817854,Bengaluru,Fullback,320,1304,0.24539877300613497,Loss,Non-Win
3817854,Bengaluru,Goalkeeper,25,1304,0.019171779141104295,Loss,Non-Win
3817854,Bengaluru,Striker,88,1304,0.06748466257668712,Loss,Non-Win
3817854,Bengaluru,Wide Forward,219,1304,0.16794478527607362,Loss,Non-Win
3817859,Jamshedpur,Attacking Midfield,149,851,0.17508813160987075,Win,Win
3817859,Jamshedpur,Center Back,111,851,0.13043478260869565,Win,Win
3817859,Jamshedpur,Defensive Midfield,141,851,0.16568742655699178,Win,Win
3817859,Jamshedpur,Fullback,167,851,0.19623971797884843,Win,Win
3817859,Jamshedpur,Goalkeeper,25,851,0.02937720329024677,Win,Win
3817859,Jamshedpur,Striker,80,851,0.09400705052878966,Win,Win
3817859,Jamshedpur,Wide Forward,178,851,0.209165687426557,Win,Win
3817859,NorthEast United,Attacking Midfield,207,1125,0.184,Loss,Non-Win
3817859,NorthEast United,Center Back,227,1125,0.20177777777777778,Loss,Non-Win
3817859,NorthEast United,Central Midfield,212,1125,0.18844444444444444,Loss,Non-Win
3817859,NorthEast United,Defensive Midfield,198,1125,0.176,Loss,Non-Win
3817859,NorthEast United,Fullback,173,1125,0.1537777777777778,Loss,Non-Win
3817859,NorthEast United,Goalkeeper,46,1125,0.04088888888888889,Loss,Non-Win
3817859,NorthEast United,Striker,62,1125,0.05511111111111111,Loss,Non-Win
3817864,ATK Mohun Bagan,Attacking Midfield,161,1245,0.12931726907630522,Draw,Non-Win
3817864,ATK Mohun Bagan,Center Back,184,1245,0.14779116465863454,Draw,Non-Win
3817864,ATK Mohun Bagan,Defensive Midfield,258,1245,0.20722891566265061,Draw,Non-Win
3817864,ATK Mohun Bagan,Fullback,203,1245,0.16305220883534136,Draw,Non-Win
3817864,ATK Mohun Bagan,Goalkeeper,56,1245,0.04497991967871486,Draw,Non-Win
3817864,ATK Mohun Bagan,Striker,140,1245,0.11244979919678715,Draw,Non-Win
3817864,ATK Mohun Bagan,Wide Forward,243,1245,0.19518072289156627,Draw,Non-Win
3817864,Mumbai City,Attacking Midfield,156,1139,0.1369622475856014,Draw,Non-Win
3817864,Mumbai City,Center Back,229,1139,0.20105355575065847,Draw,Non-Win
3817864,Mumbai City,Defensive Midfield,257,1139,0.22563652326602282,Draw,Non-Win
3817864,Mumbai City,Fullback,170,1139,0.14925373134328357,Draw,Non-Win
3817864,Mumbai City,Goalkeeper,74,1139,0.0649692712906058,Draw,Non-Win
3817864,Mumbai City,Striker,67,1139,0.058823529411764705,Draw,Non-Win
3817864,Mumbai City,Wide Forward,186,1139,0.16330114135206322,Draw,Non-Win
3817866,Kerala Blasters,Center Back,121,784,0.15433673469387754,Win,Win
3817866,Kerala Blasters,Defensive Midfield,88,784,0.11224489795918367,Win,Win
3817866,Kerala Blasters,Fullback,129,784,0.16454081632653061,Win,Win
3817866,Kerala Blasters,Goalkeeper,55,784,0.07015306122448979,Win,Win
3817866,Kerala Blasters,Striker,211,784,0.26913265306122447,Win,Win
3817866,Kerala Blasters,Wide Forward,180,784,0.22959183673469388,Win,Win
3817866,Mumbai City,Attacking Midfield,37,1153,0.032090199479618386,Loss,Non-Win
3817866,Mumbai City,Center Back,276,1153,0.2393755420641804,Loss,Non-Win
3817866,Mumbai City,Central Midfield,150,1153,0.13009540329575023,Loss,Non-Win
3817866,Mumbai City,Defensive Midfield,189,1153,0.16392020815264527,Loss,Non-Win
3817866,Mumbai City,Fullback,260,1153,0.22549869904596703,Loss,Non-Win
3817866,Mumbai City,Goalkeeper,56,1153,0.04856895056374675,Loss,Non-Win
3817866,Mumbai City,Striker,106,1153,0.09193408499566348,Loss,Non-Win
3817866,Mumbai City,Wide Forward,79,1153,0.06851691240242845,Loss,Non-Win
3817872,Bengaluru,Center Back,158,1102,0.14337568058076225,Win,Win
3817872,Bengaluru,Central Midfield,196,1102,0.17785843920145192,Win,Win
3817872,Bengaluru,Defensive Midfield,161,1102,0.14609800362976408,Win,Win
3817872,Bengaluru,Fullback,237,1102,0.2150635208711434,Win,Win
3817872,Bengaluru,Goalkeeper,32,1102,0.029038112522686024,Win,Win
3817872,Bengaluru,Striker,123,1102,0.11161524500907441,Win,Win
3817872,Bengaluru,Wide Forward,195,1102,0.17695099818511797,Win,Win
3817872,Odisha,Attacking Midfield,136,1064,0.12781954887218044,Loss,Non-Win
3817872,Odisha,Center Back,258,1064,0.2424812030075188,Loss,Non-Win
3817872,Odisha,Defensive Midfield,169,1064,0.1588345864661654,Loss,Non-Win
3817872,Odisha,Fullback,182,1064,0.17105263157894737,Loss,Non-Win
3817872,Odisha,Goalkeeper,71,1064,0.06672932330827068,Loss,Non-Win
3817872,Odisha,Striker,101,1064,0.09492481203007519,Loss,Non-Win
3817872,Odisha,Wide Forward,147,1064,0.13815789473684212,Loss,Non-Win
3817883,Bengaluru,Center Back,277,1117,0.24798567591763654,Win,Win
3817883,Bengaluru,Central Midfield,195,1117,0.17457475380483437,Win,Win
3817883,Bengaluru,Defensive Midfield,106,1117,0.09489704565801253,Win,Win
3817883,Bengaluru,Fullback,176,1117,0.1575649059982095,Win,Win
3817883,Bengaluru,Goalkeeper,44,1117,0.03939122649955237,Win,Win
3817883,Bengaluru,Striker,122,1117,0.10922112802148612,Win,Win
3817883,Bengaluru,Wide Forward,197,1117,0.17636526410026857,Win,Win
3817883,Jamshedpur,Attacking Midfield,80,833,0.09603841536614646,Loss,Non-Win
3817883,Jamshedpur,Center Back,114,833,0.1368547418967587,Loss,Non-Win
3817883,Jamshedpur,Defensive Midfield,169,833,0.2028811524609844,Loss,Non-Win
3817883,Jamshedpur,Fullback,158,833,0.18967587034813926,Loss,Non-Win
3817883,Jamshedpur,Goalkeeper,41,833,0.04921968787515006,Loss,Non-Win
3817883,Jamshedpur,Striker,94,833,0.11284513805522209,Loss,Non-Win
3817883,Jamshedpur,Wide Forward,177,833,0.21248499399759904,Loss,Non-Win
3817885,East Bengal,Attacking Midfield,53,976,0.05430327868852459,Loss,Non-Win
3817885,East Bengal,Center Back,190,976,0.19467213114754098,Loss,Non-Win
3817885,East Bengal,Defensive Midfield,212,976,0.21721311475409835,Loss,Non-Win
3817885,East Bengal,Fullback,177,976,0.18135245901639344,Loss,Non-Win
3817885,East Bengal,Goalkeeper,48,976,0.04918032786885246,Loss,Non-Win
3817885,East Bengal,Striker,107,976,0.1096311475409836,Loss,Non-Win
3817885,East Bengal,Wide Forward,189,976,0.19364754098360656,Loss,Non-Win
3817885,Mumbai City,Center Back,243,1232,0.19724025974025974,Win,Win
3817885,Mumbai City,Central Midfield,250,1232,0.20292207792207792,Win,Win
3817885,Mumbai City,Defensive Midfield,80,1232,0.06493506493506493,Win,Win
3817885,Mumbai City,Fullback,339,1232,0.27516233766233766,Win,Win
3817885,Mumbai City,Goalkeeper,70,1232,0.056818181818181816,Win,Win
3817885,Mumbai City,Striker,38,1232,0.030844155844155844,Win,Win
3817885,Mumbai City,Wide Forward,212,1232,0.17207792207792208,Win,Win
3817892,ATK Mohun Bagan,Attacking Midfield,143,1509,0.09476474486414845,Draw,Non-Win
3817892,ATK Mohun Bagan,Center Back,307,1509,0.20344599072233266,Draw,Non-Win
3817892,ATK Mohun Bagan,Defensive Midfield,345,1509,0.2286282306163022,Draw,Non-Win
3817892,ATK Mohun Bagan,Fullback,256,1509,0.16964877402253148,Draw,Non-Win
3817892,ATK Mohun Bagan,Goalkeeper,50,1509,0.03313452617627568,Draw,Non-Win
3817892,ATK Mohun Bagan,Striker,195,1509,0.12922465208747516,Draw,Non-Win
3817892,ATK Mohun Bagan,Wide Forward,213,1509,0.1411530815109344,Draw,Non-Win
3817892,Odisha,Attacking Midfield,105,930,0.11290322580645161,Draw,Non-Win
3817892,Odisha,Center Back,130,930,0.13978494623655913,Draw,Non-Win
3817892,Odisha,Defensive Midfield,178,930,0.1913978494623656,Draw,Non-Win
3817892,Odisha,Fullback,171,930,0.18387096774193548,Draw,Non-Win
3817892,Odisha,Goalkeeper,28,930,0.030107526881720432,Draw,Non-Win
3817892,Odisha,Striker,90,930,0.0967741935483871,Draw,Non-Win
3817892,Odisha,Wide Forward,228,930,0.24516129032258063,Draw,Non-Win
3817894,Goa,Attacking Midfield,177,1374,0.12882096069868995,Draw,Non-Win
3817894,Goa,Center Back,242,1374,0.17612809315866085,Draw,Non-Win
3817894,Goa,Defensive Midfield,362,1374,0.26346433770014555,Draw,Non-Win
3817894,Goa,Fullback,236,1374,0.1717612809315866,Draw,Non-Win
3817894,Goa,Goalkeeper,50,1374,0.036390101892285295,Draw,Non-Win
3817894,Goa,Striker,57,1374,0.04148471615720524,Draw,Non-Win
3817894,Goa,Wide Forward,250,1374,0.1819505094614265,Draw,Non-Win
3817894,Odisha,Attacking Midfield,105,752,0.13962765957446807,Draw,Non-Win
3817894,Odisha,Center Back,104,752,0.13829787234042554,Draw,Non-Win
3817894,Odisha,Defensive Midfield,118,752,0.15691489361702127,Draw,Non-Win
3817894,Odisha,Fullback,139,752,0.1848404255319149,Draw,Non-Win
3817894,Odisha,Goalkeeper,54,752,0.07180851063829788,Draw,Non-Win
3817894,Odisha,Striker,96,752,0.1276595744680851,Draw,Non-Win
3817894,Odisha,Wide Forward,136,752,0.18085106382978725,Draw,Non-Win
3817897,Hyderabad,Attacking Midfield,93,991,0.09384460141271443,Win,Win
3817897,Hyderabad,Center Back,199,991,0.20080726538849647,Win,Win
3817897,Hyderabad,Defensive Midfield,180,991,0.18163471241170534,Win,Win
3817897,Hyderabad,Fullback,198,991,0.19979818365287588,Win,Win
3817897,Hyderabad,Goalkeeper,35,991,0.035317860746720484,Win,Win
3817897,Hyderabad,Striker,95,991,0.0958627648839556,Win,Win
3817897,Hyderabad,Wide Forward,191,991,0.1927346115035318,Win,Win
3817897,Kerala Blasters,Center Back,226,1217,0.18570254724732949,Loss,Non-Win
3817897,Kerala Blasters,Defensive Midfield,240,1217,0.1972062448644207,Loss,Non-Win
3817897,Kerala Blasters,Fullback,244,1217,0.20049301561216104,Loss,Non-Win
3817897,Kerala Blasters,Goalkeeper,61,1217,0.05012325390304026,Loss,Non-Win
3817897,Kerala Blasters,Striker,191,1217,0.15694330320460148,Loss,Non-Win
3817897,Kerala Blasters,Wide Forward,255,1217,0.209531635168447,Loss,Non-Win
3817901,Jamshedpur,Attacking Midfield,128,685,0.18686131386861313,Win,Win
3817901,Jamshedpur,Center Back,73,685,0.10656934306569343,Win,Win
3817901,Jamshedpur,Defensive Midfield,106,685,0.15474452554744525,Win,Win
3817901,Jamshedpur,Fullback,124,685,0.181021897810219,Win,Win
3817901,Jamshedpur,Goalkeeper,30,685,0.043795620437956206,Win,Win
3817901,Jamshedpur,Striker,75,685,0.10948905109489052,Win,Win
3817901,Jamshedpur,Wide Forward,149,685,0.21751824817518248,Win,Win
3817901,Mumbai City,Attacking Midfield,95,1515,0.0627062706270627,Loss,Non-Win
3817901,Mumbai City,Center Back,355,1515,0.23432343234323433,Loss,Non-Win
3817901,Mumbai City,Central Midfield,124,1515,0.08184818481848184,Loss,Non-Win
3817901,Mumbai City,Defensive Midfield,298,1515,0.1966996699669967,Loss,Non-Win
3817901,Mumbai City,Fullback,221,1515,0.14587458745874587,Loss,Non-Win
3817901,Mumbai City,Goalkeeper,110,1515,0.07260726072607261,Loss,Non-Win
3817901,Mumbai City,Striker,75,1515,0.04950495049504951,Loss,Non-Win
3817901,Mumbai City,Wide Forward,237,1515,0.15643564356435644,Loss,Non-Win
3817902,East Bengal,Attacking Midfield,93,1123,0.08281389136242208,Loss,Non-Win
3817902,East Bengal,Center Back,204,1123,0.18165627782724844,Loss,Non-Win
3817902,East Bengal,Defensive Midfield,282,1123,0.25111308993766696,Loss,Non-Win
3817902,East Bengal,Fullback,182,1123,0.1620658949243099,Loss,Non-Win
3817902,East Bengal,Goalkeeper,67,1123,0.05966162065894924,Loss,Non-Win
3817902,East Bengal,Striker,79,1123,0.07034728406055209,Loss,Non-Win
3817902,East Bengal,Wide Forward,216,1123,0.1923419412288513,Loss,Non-Win
3817902,Kerala Blasters,Center Back,173,1135,0.1524229074889868,Win,Win
3817902,Kerala Blasters,Defensive Midfield,247,1135,0.21762114537444935,Win,Win
3817902,Kerala Blasters,Fullback,194,1135,0.17092511013215858,Win,Win
3817902,Kerala Blasters,Goalkeeper,48,1135,0.04229074889867841,Win,Win
3817902,Kerala Blasters,Striker,220,1135,0.19383259911894274,Win,Win
3817902,Kerala Blasters,Wide Forward,253,1135,0.22290748898678414,Win,Win
3825563,Atlético Madrid,Attacking Midfield,58,1877,0.03090037293553543,Win,Win
3825563,Atlético Madrid,Center Back,310,1877,0.16515716568993075,Win,Win
3825563,Atlético Madrid,Central Midfield,158,1877,0.08417687799680341,Win,Win
3825563,Atlético Madrid,Defensive Midfield,291,1877,0.15503462972828982,Win,Win
3825563,Atlético Madrid,Fullback,402,1877,0.21417155034629728,Win,Win
3825563,Atlético Madrid,Goalkeeper,40,1877,0.021310602024507193,Win,Win
3825563,Atlético Madrid,Striker,187,1877,0.09962706446457112,Win,Win
3825563,Atlético Madrid,Wide Forward,431,1877,0.229621736814065,Win,Win
3825563,Las Palmas,Attacking Midfield,10,1157,0.00864304235090752,Loss,Non-Win
3825563,Las Palmas,Center Back,378,1157,0.3267070008643042,Loss,Non-Win
3825563,Las Palmas,Central Midfield,198,1157,0.17113223854796888,Loss,Non-Win
3825563,Las Palmas,Defensive Midfield,25,1157,0.021607605877268798,Loss,Non-Win
3825563,Las Palmas,Fullback,190,1157,0.16421780466724287,Loss,Non-Win
3825563,Las Palmas,Goalkeeper,59,1157,0.05099394987035436,Loss,Non-Win
3825563,Las Palmas,Striker,55,1157,0.04753673292999136,Loss,Non-Win
3825563,Las Palmas,Wide Forward,242,1157,0.20916162489196197,Loss,Non-Win
3825582,Real Betis,Center Back,123,902,0.13636363636363635,Win,Win
3825582,Real Betis,Defensive Midfield,171,902,0.18957871396895787,Win,Win
3825582,Real Betis,Fullback,169,902,0.18736141906873613,Win,Win
3825582,Real Betis,Goalkeeper,48,902,0.05321507760532151,Win,Win
3825582,Real Betis,Striker,133,902,0.14745011086474502,Win,Win
3825582,Real Betis,Wide Forward,258,902,0.2860310421286031,Win,Win
3825582,Real Sociedad,Attacking Midfield,147,1471,0.09993201903467029,Loss,Non-Win
3825582,Real Sociedad,Center Back,223,1471,0.15159755268524813,Loss,Non-Win
3825582,Real Sociedad,Defensive Midfield,369,1471,0.25084976206662135,Loss,Non-Win
3825582,Real Sociedad,Fullback,279,1471,0.18966689326988442,Loss,Non-Win
3825582,Real Sociedad,Goalkeeper,44,1471,0.02991162474507138,Loss,Non-Win
3825582,Real Sociedad,Striker,101,1471,0.06866077498300475,Loss,Non-Win
3825582,Real Sociedad,Wide Forward,308,1471,0.20938137321549966,Loss,Non-Win
3825584,Granada,Attacking Midfield,165,1168,0.14126712328767124,Loss,Non-Win
3825584,Granada,Center Back,127,1168,0.10873287671232877,Loss,Non-Win
3825584,Granada,Defensive Midfield,233,1168,0.199486301369863,Loss,Non-Win
3825584,Granada,Fullback,240,1168,0.2054794520547945,Loss,Non-Win
3825584,Granada,Goalkeeper,43,1168,0.036815068493150686,Loss,Non-Win
3825584,Granada,Striker,68,1168,0.05821917808219178,Loss,Non-Win
3825584,Granada,Wide Forward,292,1168,0.25,Loss,Non-Win
3825584,Villarreal,Center Back,153,1017,0.1504424778761062,Win,Win
3825584,Villarreal,Defensive Midfield,152,1017,0.14945919370698132,Win,Win
3825584,Villarreal,Fullback,163,1017,0.16027531956735497,Win,Win
3825584,Villarreal,Goalkeeper,36,1017,0.035398230088495575,Win,Win
3825584,Villarreal,Striker,230,1017,0.22615535889872174,Win,Win
3825584,Villarreal,Wide Forward,283,1017,0.2782694198623402,Win,Win
3825586,Eibar,Attacking Midfield,100,1031,0.09699321047526673,Draw,Non-Win
3825586,Eibar,Center Back,116,1031,0.11251212415130941,Draw,Non-Win
3825586,Eibar,Defensive Midfield,198,1031,0.19204655674102813,Draw,Non-Win
3825586,Eibar,Fullback,194,1031,0.18816682832201745,Draw,Non-Win
3825586,Eibar,Goalkeeper,55,1031,0.0533462657613967,Draw,Non-Win
3825586,Eibar,Striker,113,1031,0.1096023278370514,Draw,Non-Win
3825586,Eibar,Wide Forward,255,1031,0.24733268671193018,Draw,Non-Win
3825586,Málaga,Attacking Midfield,121,1245,0.09718875502008033,Draw,Non-Win
3825586,Málaga,Center Back,208,1245,0.1670682730923695,Draw,Non-Win
3825586,Málaga,Defensive Midfield,233,1245,0.18714859437751005,Draw,Non-Win
3825586,Málaga,Fullback,275,1245,0.22088353413654618,Draw,Non-Win
3825586,Málaga,Goalkeeper,53,1245,0.04257028112449799,Draw,Non-Win
3825586,Málaga,Striker,106,1245,0.08514056224899598,Draw,Non-Win
3825586,Málaga,Wide Forward,249,1245,0.2,Draw,Non-Win
3825596,RC Deportivo La Coruña,Attacking Midfield,162,1553,0.10431423052157116,Loss,Non-Win
3825596,RC Deportivo La Coruña,Center Back,266,1553,0.17128139085640695,Loss,Non-Win
3825596,RC Deportivo La Coruña,Defensive Midfield,354,1553,0.22794591113972956,Loss,Non-Win
3825596,RC Deportivo La Coruña,Fullback,312,1553,0.20090148100450742,Loss,Non-Win
3825596,RC Deportivo La Coruña,Goalkeeper,53,1553,0.03412749517063748,Loss,Non-Win
3825596,RC Deportivo La Coruña,Striker,129,1553,0.08306503541532517,Loss,Non-Win
3825596,RC Deportivo La Coruña,Wide Forward,277,1553,0.1783644558918223,Loss,Non-Win
3825596,Sporting Gijón,Center Back,143,967,0.14788004136504654,Win,Win
3825596,Sporting Gijón,Defensive Midfield,212,967,0.21923474663908996,Win,Win
3825596,Sporting Gijón,Fullback,163,967,0.16856256463288521,Win,Win
3825596,Sporting Gijón,Goalkeeper,56,967,0.057911065149948295,Win,Win
3825596,Sporting Gijón,Striker,181,967,0.18717683557394002,Win,Win
3825596,Sporting Gijón,Wide Forward,212,967,0.21923474663908996,Win,Win
3825600,Málaga,Attacking Midfield,143,1470,0.09727891156462586,Loss,Non-Win
3825600,Málaga,Center Back,212,1470,0.14421768707482993,Loss,Non-Win
3825600,Málaga,Defensive Midfield,325,1470,0.22108843537414966,Loss,Non-Win
3825600,Málaga,Fullback,355,1470,0.24149659863945577,Loss,Non-Win
3825600,Málaga,Goalkeeper,53,1470,0.03605442176870748,Loss,Non-Win
3825600,Málaga,Striker,101,1470,0.06870748299319727,Loss,Non-Win
3825600,Málaga,Wide Forward,281,1470,0.19115646258503402,Loss,Non-Win
3825600,Villarreal,Center Back,94,1024,0.091796875,Win,Win
3825600,Villarreal,Defensive Midfield,240,1024,0.234375,Win,Win
3825600,Villarreal,Fullback,182,1024,0.177734375,Win,Win
3825600,Villarreal,Goalkeeper,44,1024,0.04296875,Win,Win
3825600,Villarreal,Striker,231,1024,0.2255859375,Win,Win
3825600,Villarreal,Wide Forward,233,1024,0.2275390625,Win,Win
3825607,Atlético Madrid,Center Back,222,1531,0.14500326583932072,Loss,Non-Win
3825607,Atlético Madrid,Defensive Midfield,321,1531,0.20966688438928804,Loss,Non-Win
3825607,Atlético Madrid,Fullback,406,1531,0.2651861528412802,Loss,Non-Win
3825607,Atlético Madrid,Goalkeeper,39,1531,0.025473546701502287,Loss,Non-Win
3825607,Atlético Madrid,Striker,236,1531,0.1541476159372959,Loss,Non-Win
3825607,Atlético Madrid,Wide Forward,307,1531,0.20052253429131286,Loss,Non-Win
3825607,Villarreal,Center Back,331,1545,0.21423948220064726,Win,Win
3825607,Villarreal,Defensive Midfield,297,1545,0.19223300970873786,Win,Win
3825607,Villarreal,Fullback,324,1545,0.20970873786407768,Win,Win
3825607,Villarreal,Goalkeeper,62,1545,0.040129449838187704,Win,Win
3825607,Villarreal,Striker,238,1545,0.1540453074433657,Win,Win
3825607,Villarreal,Wide Forward,293,1545,0.18964401294498381,Win,Win
3825608,Celta Vigo,Attacking Midfield,112,1753,0.0638904734740445,Draw,Non-Win
3825608,Celta Vigo,Center Back,401,1753,0.22875071306332,Draw,Non-Win
3825608,Celta Vigo,Central Midfield,186,1753,0.10610382201939532,Draw,Non-Win
3825608,Celta Vigo,Defensive Midfield,302,1753,0.17227609811751282,Draw,Non-Win
3825608,Celta Vigo,Fullback,297,1753,0.16942384483742157,Draw,Non-Win
3825608,Celta Vigo,Goalkeeper,65,1753,0.037079292641186534,Draw,Non-Win
3825608,Celta Vigo,Striker,155,1753,0.08841985168282944,Draw,Non-Win
3825608,Celta Vigo,Wide Forward,235,1753,0.13405590416428978,Draw,Non-Win
3825608,Eibar,Attacking Midfield,21,926,0.02267818574514039,Draw,Non-Win
3825608,Eibar,Center Back,91,926,0.09827213822894168,Draw,Non-Win
3825608,Eibar,Defensive Midfield,197,926,0.21274298056155508,Draw,Non-Win
3825608,Eibar,Fullback,148,926,0.15982721382289417,Draw,Non-Win
3825608,Eibar,Goalkeeper,42,926,0.04535637149028078,Draw,Non-Win
3825608,Eibar,Striker,225,926,0.24298056155507558,Draw,Non-Win
3825608,Eibar,Wide Forward,202,926,0.21814254859611232,Draw,Non-Win
3825610,Real Betis,Center Back,118,1239,0.09523809523809523,Win,Win
3825610,Real Betis,Central Midfield,348,1239,0.28087167070217917,Win,Win
3825610,Real Betis,Defensive Midfield,103,1239,0.08313155770782889,Win,Win
3825610,Real Betis,Fullback,219,1239,0.17675544794188863,Win,Win
3825610,Real Betis,Goalkeeper,49,1239,0.03954802259887006,Win,Win
3825610,Real Betis,Striker,84,1239,0.06779661016949153,Win,Win
3825610,Real Betis,Wide Forward,318,1239,0.2566585956416465,Win,Win
3825610,Sporting Gijón,Center Back,252,1566,0.16091954022988506,Loss,Non-Win
3825610,Sporting Gijón,Defensive Midfield,384,1566,0.24521072796934865,Loss,Non-Win
3825610,Sporting Gijón,Fullback,342,1566,0.21839080459770116,Loss,Non-Win
3825610,Sporting Gijón,Goalkeeper,53,1566,0.03384418901660281,Loss,Non-Win
3825610,Sporting Gijón,Striker,227,1566,0.14495530012771393,Loss,Non-Win
3825610,Sporting Gijón,Wide Forward,308,1566,0.1966794380587484,Loss,Non-Win
3825613,Celta Vigo,Center Back,388,1650,0.23515151515151514,Draw,Non-Win
3825613,Celta Vigo,Central Midfield,330,1650,0.2,Draw,Non-Win
3825613,Celta Vigo,Defensive Midfield,147,1650,0.0890909090909091,Draw,Non-Win
3825613,Celta Vigo,Fullback,303,1650,0.18363636363636363,Draw,Non-Win
3825613,Celta Vigo,Goalkeeper,69,1650,0.04181818181818182,Draw,Non-Win
3825613,Celta Vigo,Striker,101,1650,0.06121212121212121,Draw,Non-Win
3825613,Celta Vigo,Wide Forward,312,1650,0.1890909090909091,Draw,Non-Win
3825613,Getafe,Attacking Midfield,98,793,0.1235813366960908,Draw,Non-Win
3825613,Getafe,Center Back,73,793,0.09205548549810845,Draw,Non-Win
3825613,Getafe,Defensive Midfield,123,793,0.15510718789407313,Draw,Non-Win
3825613,Getafe,Fullback,168,793,0.21185372005044137,Draw,Non-Win
3825613,Getafe,Goalkeeper,39,793,0.04918032786885246,Draw,Non-Win
3825613,Getafe,Striker,82,793,0.1034047919293821,Draw,Non-Win
3825613,Getafe,Wide Forward,210,793,0.2648171500630517,Draw,Non-Win
3825615,Espanyol,Attacking Midfield,199,1601,0.12429731417863835,Loss,Non-Win
3825615,Espanyol,Center Back,213,1601,0.1330418488444722,Loss,Non-Win
3825615,Espanyol,Defensive Midfield,407,1601,0.25421611492816987,Loss,Non-Win
3825615,Espanyol,Fullback,336,1601,0.2098688319800125,Loss,Non-Win
3825615,Espanyol,Goalkeeper,53,1601,0.03310430980637102,Loss,Non-Win
3825615,Espanyol,Striker,125,1601,0.07807620237351655,Loss,Non-Win
3825615,Espanyol,Wide Forward,268,1601,0.16739537788881947,Loss,Non-Win
3825615,Sporting Gijón,Attacking Midfield,122,1317,0.0926347760060744,Win,Win
3825615,Sporting Gijón,Center Back,271,1317,0.20577069096431283,Win,Win
3825615,Sporting Gijón,Defensive Midfield,303,1317,0.23006833712984054,Win,Win
3825615,Sporting Gijón,Fullback,242,1317,0.18375094912680334,Win,Win
3825615,Sporting Gijón,Goalkeeper,62,1317,0.047076689445709946,Win,Win
3825615,Sporting Gijón,Striker,123,1317,0.09339407744874716,Win,Win
3825615,Sporting Gijón,Wide Forward,194,1317,0.14730447987851178,Win,Win
3825618,Eibar,Attacking Midfield,129,1005,0.12835820895522387,Win,Win
3825618,Eibar,Center Back,81,1005,0.08059701492537313,Win,Win
3825618,Eibar,Defensive Midfield,189,1005,0.1880597014925373,Win,Win
3825618,Eibar,Fullback,190,1005,0.1890547263681592,Win,Win
3825618,Eibar,Goalkeeper,35,1005,0.03482587064676617,Win,Win
3825618,Eibar,Striker,144,1005,0.14328358208955225,Win,Win
3825618,Eibar,Wide Forward,237,1005,0.23582089552238805,Win,Win
3825618,Las Palmas,Center Back,442,1784,0.24775784753363228,Loss,Non-Win
3825618,Las Palmas,Central Midfield,394,1784,0.22085201793721973,Loss,Non-Win
3825618,Las Palmas,Defensive Midfield,242,1784,0.13565022421524664,Loss,Non-Win
3825618,Las Palmas,Fullback,314,1784,0.17600896860986548,Loss,Non-Win
3825618,Las Palmas,Goalkeeper,45,1784,0.02522421524663677,Loss,Non-Win
3825618,Las Palmas,Striker,347,1784,0.1945067264573991,Loss,Non-Win
3825623,Málaga,Attacking Midfield,190,1208,0.15728476821192053,Loss,Non-Win
3825623,Málaga,Center Back,142,1208,0.11754966887417219,Loss,Non-Win
3825623,Málaga,Defensive Midfield,296,1208,0.24503311258278146,Loss,Non-Win
3825623,Málaga,Fullback,214,1208,0.1771523178807947,Loss,Non-Win
3825623,Málaga,Goalkeeper,42,1208,0.0347682119205298,Loss,Non-Win
3825623,Málaga,Striker,62,1208,0.05132450331125828,Loss,Non-Win
3825623,Málaga,Wide Forward,262,1208,0.21688741721854304,Loss,Non-Win
3825623,Valencia,Center Back,214,1296,0.16512345679012347,Win,Win
3825623,Valencia,Central Midfield,302,1296,0.2330246913580247,Win,Win
3825623,Valencia,Defensive Midfield,119,1296,0.09182098765432099,Win,Win
3825623,Valencia,Fullback,302,1296,0.2330246913580247,Win,Win
3825623,Valencia,Goalkeeper,51,1296,0.03935185185185185,Win,Win
3825623,Valencia,Striker,56,1296,0.043209876543209874,Win,Win
3825623,Valencia,Wide Forward,252,1296,0.19444444444444445,Win,Win
3825625,Levante UD,Center Back,239,1237,0.19320937752627323,Loss,Non-Win
3825625,Levante UD,Central Midfield,252,1237,0.20371867421180276,Loss,Non-Win
3825625,Levante UD,Defensive Midfield,167,1237,0.13500404203718674,Loss,Non-Win
3825625,Levante UD,Fullback,320,1237,0.2586903799514956,Loss,Non-Win
3825625,Levante UD,Goalkeeper,48,1237,0.038803556992724336,Loss,Non-Win
3825625,Levante UD,Striker,211,1237,0.17057396928051738,Loss,Non-Win
3825625,Real Madrid,Center Back,281,1691,0.166173861620343,Win,Win
3825625,Real Madrid,Central Midfield,296,1691,0.17504435245416913,Win,Win
3825625,Real Madrid,Defensive Midfield,153,1691,0.0904790065050266,Win,Win
3825625,Real Madrid,Fullback,471,1691,0.2785334121821407,Win,Win
3825625,Real Madrid,Goalkeeper,58,1691,0.03429923122412774,Win,Win
3825625,Real Madrid,Striker,116,1691,0.06859846244825547,Win,Win
3825625,Real Madrid,Wide Forward,316,1691,0.1868716735659373,Win,Win
3825634,Granada,Center Back,99,997,0.09929789368104312,Draw,Non-Win
3825634,Granada,Central Midfield,224,997,0.2246740220661986,Draw,Non-Win
3825634,Granada,Defensive Midfield,58,997,0.058174523570712136,Draw,Non-Win
3825634,Granada,Fullback,167,997,0.1675025075225677,Draw,Non-Win
3825634,Granada,Goalkeeper,50,997,0.05015045135406219,Draw,Non-Win
3825634,Granada,Striker,109,997,0.10932798395185557,Draw,Non-Win
3825634,Granada,Wide Forward,290,997,0.29087261785356067,Draw,Non-Win
3825634,Real Betis,Attacking Midfield,68,1432,0.04748603351955307,Draw,Non-Win
3825634,Real Betis,Center Back,226,1432,0.15782122905027932,Draw,Non-Win
3825634,Real Betis,Defensive Midfield,281,1432,0.1962290502793296,Draw,Non-Win
3825634,Real Betis,Fullback,246,1432,0.1717877094972067,Draw,Non-Win
3825634,Real Betis,Goalkeeper,63,1432,0.04399441340782123,Draw,Non-Win
3825634,Real Betis,Striker,197,1432,0.13756983240223464,Draw,Non-Win
3825634,Real Betis,Wide Forward,351,1432,0.24511173184357543,Draw,Non-Win
3825636,Málaga,Attacking Midfield,135,1342,0.10059612518628912,Win,Win
3825636,Málaga,Center Back,252,1342,0.18777943368107303,Win,Win
3825636,Málaga,Defensive Midfield,302,1342,0.22503725782414308,Win,Win
3825636,Málaga,Fullback,277,1342,0.20640834575260805,Win,Win
3825636,Málaga,Goalkeeper,52,1342,0.038748137108792845,Win,Win
3825636,Málaga,Striker,104,1342,0.07749627421758569,Win,Win
3825636,Málaga,Wide Forward,220,1342,0.16393442622950818,Win,Win
3825636,RC Deportivo La Coruña,Attacking Midfield,72,1367,0.05267008046817849,Loss,Non-Win
3825636,RC Deportivo La Coruña,Center Back,181,1367,0.1324067300658376,Loss,Non-Win
3825636,RC Deportivo La Coruña,Defensive Midfield,287,1367,0.2099487929773226,Loss,Non-Win
3825636,RC Deportivo La Coruña,Fullback,290,1367,0.2121433796634967,Loss,Non-Win
3825636,RC Deportivo La Coruña,Goalkeeper,72,1367,0.05267008046817849,Loss,Non-Win
3825636,RC Deportivo La Coruña,Striker,170,1367,0.12435991221653256,Loss,Non-Win
3825636,RC Deportivo La Coruña,Wide Forward,295,1367,0.21580102414045355,Loss,Non-Win
3825639,Las Palmas,Attacking Midfield,198,1687,0.11736810906935388,Draw,Non-Win
3825639,Las Palmas,Center Back,376,1687,0.2228808535862478,Draw,Non-Win
3825639,Las Palmas,Defensive Midfield,365,1687,0.2163604030823948,Draw,Non-Win
3825639,Las Palmas,Fullback,304,1687,0.18020154119739182,Draw,Non-Win
3825639,Las Palmas,Goalkeeper,97,1687,0.05749851807943094,Draw,Non-Win
3825639,Las Palmas,Striker,83,1687,0.04919976289270895,Draw,Non-Win
3825639,Las Palmas,Wide Forward,264,1687,0.15649081209247184,Draw,Non-Win
3825639,Villarreal,Center Back,186,1120,0.16607142857142856,Draw,Non-Win
3825639,Villarreal,Defensive Midfield,219,1120,0.19553571428571428,Draw,Non-Win
3825639,Villarreal,Fullback,228,1120,0.20357142857142857,Draw,Non-Win
3825639,Villarreal,Goalkeeper,28,1120,0.025,Draw,Non-Win
3825639,Villarreal,Striker,246,1120,0.21964285714285714,Draw,Non-Win
3825639,Villarreal,Wide Forward,213,1120,0.19017857142857142,Draw,Non-Win
3825644,Celta Vigo,Center Back,246,1395,0.17634408602150536,Win,Win
3825644,Celta Vigo,Central Midfield,343,1395,0.24587813620071686,Win,Win
3825644,Celta Vigo,Defensive Midfield,143,1395,0.1025089605734767,Win,Win
3825644,Celta Vigo,Fullback,216,1395,0.15483870967741936,Win,Win
3825644,Celta Vigo,Goalkeeper,50,1395,0.035842293906810034,Win,Win
3825644,Celta Vigo,Striker,98,1395,0.07025089605734768,Win,Win
3825644,Celta Vigo,Wide Forward,299,1395,0.21433691756272402,Win,Win
3825644,Real Sociedad,Attacking Midfield,134,991,0.13521695257315844,Loss,Non-Win
3825644,Real Sociedad,Center Back,99,991,0.09989909182643794,Loss,Non-Win
3825644,Real Sociedad,Defensive Midfield,197,991,0.1987891019172553,Loss,Non-Win
3825644,Real Sociedad,Fullback,167,991,0.16851664984863773,Loss,Non-Win
3825644,Real Sociedad,Goalkeeper,52,991,0.05247225025227043,Loss,Non-Win
3825644,Real Sociedad,Striker,66,991,0.06659939455095863,Loss,Non-Win
3825644,Real Sociedad,Wide Forward,276,991,0.2785065590312815,Loss,Non-Win
3825652,Las Palmas,Center Back,156,1285,0.12140077821011673,Win,Win
3825652,Las Palmas,Defensive Midfield,270,1285,0.21011673151750973,Win,Win
3825652,Las Palmas,Fullback,214,1285,0.16653696498054474,Win,Win
3825652,Las Palmas,Goalkeeper,81,1285,0.06303501945525292,Win,Win
3825652,Las Palmas,Striker,299,1285,0.23268482490272374,Win,Win
3825652,Las Palmas,Wide Forward,265,1285,0.20622568093385213,Win,Win
3825652,Real Sociedad,Attacking Midfield,179,1451,0.1233631977946244,Loss,Non-Win
3825652,Real Sociedad,Center Back,219,1451,0.1509303928325293,Loss,Non-Win
3825652,Real Sociedad,Defensive Midfield,307,1451,0.21157822191592005,Loss,Non-Win
3825652,Real Sociedad,Fullback,271,1451,0.18676774638180565,Loss,Non-Win
3825652,Real Sociedad,Goalkeeper,47,1451,0.03239145416953825,Loss,Non-Win
3825652,Real Sociedad,Striker,103,1451,0.0709855272226051,Loss,Non-Win
3825652,Real Sociedad,Wide Forward,325,1451,0.22398345968297725,Loss,Non-Win
3825654,Celta Vigo,Center Back,304,1332,0.22822822822822822,Loss,Non-Win
3825654,Celta Vigo,Central Midfield,235,1332,0.17642642642642642,Loss,Non-Win
3825654,Celta Vigo,Defensive Midfield,156,1332,0.11711711711711711,Loss,Non-Win
3825654,Celta Vigo,Fullback,186,1332,0.13963963963963963,Loss,Non-Win
3825654,Celta Vigo,Goalkeeper,68,1332,0.05105105105105105,Loss,Non-Win
3825654,Celta Vigo,Striker,120,1332,0.09009009009009009,Loss,Non-Win
3825654,Celta Vigo,Wide Forward,263,1332,0.19744744744744744,Loss,Non-Win
3825654,Valencia,Center Back,80,873,0.09163802978235967,Win,Win
3825654,Valencia,Central Midfield,225,873,0.25773195876288657,Win,Win
3825654,Valencia,Defensive Midfield,92,873,0.10538373424971363,Win,Win
3825654,Valencia,Fullback,130,873,0.14891179839633448,Win,Win
3825654,Valencia,Goalkeeper,48,873,0.054982817869415807,Win,Win
3825654,Valencia,Striker,98,873,0.11225658648339061,Win,Win
3825654,Valencia,Wide Forward,200,873,0.2290950744558992,Win,Win
3825657,Málaga,Attacking Midfield,18,1340,0.013432835820895522,Loss,Non-Win
3825657,Málaga,Center Back,209,1340,0.15597014925373134,Loss,Non-Win
3825657,Málaga,Defensive Midfield,330,1340,0.2462686567164179,Loss,Non-Win
3825657,Málaga,Fullback,292,1340,0.21791044776119403,Loss,Non-Win
3825657,Málaga,Goalkeeper,47,1340,0.03507462686567164,Loss,Non-Win
3825657,Málaga,Striker,210,1340,0.15671641791044777,Loss,Non-Win
3825657,Málaga,Wide Forward,234,1340,0.1746268656716418,Loss,Non-Win
3825657,Real Betis,Attacking Midfield,133,986,0.13488843813387424,Win,Win
3825657,Real Betis,Center Back,116,986,0.11764705882352941,Win,Win
3825657,Real Betis,Defensive Midfield,161,986,0.16328600405679514,Win,Win
3825657,Real Betis,Fullback,185,986,0.1876267748478702,Win,Win
3825657,Real Betis,Goalkeeper,44,986,0.04462474645030426,Win,Win
3825657,Real Betis,Striker,119,986,0.1206896551724138,Win,Win
3825657,Real Betis,Wide Forward,228,986,0.23123732251521298,Win,Win
3825659,Athletic Club,Attacking Midfield,106,856,0.12383177570093458,Win,Win
3825659,Athletic Club,Center Back,121,856,0.1413551401869159,Win,Win
3825659,Athletic Club,Defensive Midfield,175,856,0.2044392523364486,Win,Win
3825659,Athletic Club,Fullback,123,856,0.14369158878504673,Win,Win
3825659,Athletic Club,Goalkeeper,75,856,0.08761682242990654,Win,Win
3825659,Athletic Club,Striker,104,856,0.12149532710280374,Win,Win
3825659,Athletic Club,Wide Forward,152,856,0.17757009345794392,Win,Win
3825659,Espanyol,Attacking Midfield,120,1134,0.10582010582010581,Loss,Non-Win
3825659,Espanyol,Center Back,211,1134,0.18606701940035272,Loss,Non-Win
3825659,Espanyol,Central Midfield,42,1134,0.037037037037037035,Loss,Non-Win
3825659,Espanyol,Defensive Midfield,214,1134,0.18871252204585537,Loss,Non-Win
3825659,Espanyol,Fullback,206,1134,0.18165784832451498,Loss,Non-Win
3825659,Espanyol,Goalkeeper,46,1134,0.04056437389770723,Loss,Non-Win
3825659,Espanyol,Striker,99,1134,0.0873015873015873,Loss,Non-Win
3825659,Espanyol,Wide Forward,196,1134,0.1728395061728395,Loss,Non-Win
3825662,Celta Vigo,Attacking Midfield,145,1507,0.0962176509621765,Loss,Non-Win
3825662,Celta Vigo,Center Back,244,1507,0.1619110816191108,Loss,Non-Win
3825662,Celta Vigo,Defensive Midfield,414,1507,0.27471798274717985,Loss,Non-Win
3825662,Celta Vigo,Fullback,270,1507,0.17916390179163902,Loss,Non-Win
3825662,Celta Vigo,Goalkeeper,66,1507,0.043795620437956206,Loss,Non-Win
3825662,Celta Vigo,Striker,83,1507,0.055076310550763105,Loss,Non-Win
3825662,Celta Vigo,Wide Forward,285,1507,0.18911745189117452,Loss,Non-Win
3825662,RC Deportivo La Coruña,Attacking Midfield,87,930,0.0935483870967742,Win,Win
3825662,RC Deportivo La Coruña,Center Back,120,930,0.12903225806451613,Win,Win
3825662,RC Deportivo La Coruña,Defensive Midfield,165,930,0.1774193548387097,Win,Win
3825662,RC Deportivo La Coruña,Fullback,207,930,0.22258064516129034,Win,Win
3825662,RC Deportivo La Coruña,Goalkeeper,58,930,0.06236559139784946,Win,Win
3825662,RC Deportivo La Coruña,Striker,68,930,0.07311827956989247,Win,Win
3825662,RC Deportivo La Coruña,Wide Forward,225,930,0.24193548387096775,Win,Win
3825663,Espanyol,Attacking Midfield,132,941,0.14027630180658873,Win,Win
3825663,Espanyol,Center Back,132,941,0.14027630180658873,Win,Win
3825663,Espanyol,Defensive Midfield,184,941,0.19553666312433582,Win,Win
3825663,Espanyol,Fullback,176,941,0.18703506907545164,Win,Win
3825663,Espanyol,Goalkeeper,36,941,0.03825717321997875,Win,Win
3825663,Espanyol,Striker,76,941,0.08076514346439957,Win,Win
3825663,Espanyol,Wide Forward,205,941,0.21785334750265675,Win,Win
3825663,Málaga,Center Back,197,1406,0.14011379800853485,Loss,Non-Win
3825663,Málaga,Defensive Midfield,375,1406,0.26671408250355616,Loss,Non-Win
3825663,Málaga,Fullback,249,1406,0.1770981507823613,Loss,Non-Win
3825663,Málaga,Goalkeeper,29,1406,0.020625889046941678,Loss,Non-Win
3825663,Málaga,Striker,217,1406,0.15433854907539118,Loss,Non-Win
3825663,Málaga,Wide Forward,339,1406,0.2411095305832148,Loss,Non-Win
3825664,Real Sociedad,Attacking Midfield,181,1533,0.11806914546640573,Win,Win
3825664,Real Sociedad,Center Back,242,1533,0.1578604044357469,Win,Win
3825664,Real Sociedad,Defensive Midfield,299,1533,0.19504240052185257,Win,Win
3825664,Real Sociedad,Fullback,325,1533,0.21200260926288322,Win,Win
3825664,Real Sociedad,Goalkeeper,79,1533,0.051532941943900845,Win,Win
3825664,Real Sociedad,Striker,111,1533,0.07240704500978473,Win,Win
3825664,Real Sociedad,Wide Forward,296,1533,0.19308545335942595,Win,Win
3825664,Sevilla,Attacking Midfield,110,983,0.11190233977619532,Loss,Non-Win
3825664,Sevilla,Center Back,178,983,0.18107833163784334,Loss,Non-Win
3825664,Sevilla,Defensive Midfield,165,983,0.167853509664293,Loss,Non-Win
3825664,Sevilla,Fullback,197,983,0.20040691759918616,Loss,Non-Win
3825664,Sevilla,Goalkeeper,56,983,0.056968463886063074,Loss,Non-Win
3825664,Sevilla,Striker,76,983,0.07731434384537131,Loss,Non-Win
3825664,Sevilla,Wide Forward,201,983,0.20447609359104782,Loss,Non-Win
3825668,Levante UD,Center Back,157,1231,0.12753858651502845,Win,Win
3825668,Levante UD,Central Midfield,311,1231,0.25264012997562957,Win,Win
3825668,Levante UD,Defensive Midfield,119,1231,0.0966693744922827,Win,Win
3825668,Levante UD,Fullback,243,1231,0.19740048740861088,Win,Win
3825668,Levante UD,Goalkeeper,51,1231,0.041429731925264016,Win,Win
3825668,Levante UD,Striker,85,1231,0.06904955320877336,Win,Win
3825668,Levante UD,Wide Forward,265,1231,0.21527213647441104,Win,Win
3825668,Sporting Gijón,Attacking Midfield,117,1316,0.08890577507598785,Loss,Non-Win
3825668,Sporting Gijón,Center Back,294,1316,0.22340425531914893,Loss,Non-Win
3825668,Sporting Gijón,Central Midfield,54,1316,0.041033434650455926,Loss,Non-Win
3825668,Sporting Gijón,Defensive Midfield,219,1316,0.16641337386018237,Loss,Non-Win
3825668,Sporting Gijón,Fullback,273,1316,0.2074468085106383,Loss,Non-Win
3825668,Sporting Gijón,Goalkeeper,50,1316,0.037993920972644375,Loss,Non-Win
3825668,Sporting Gijón,Striker,98,1316,0.07446808510638298,Loss,Non-Win
3825668,Sporting Gijón,Wide Forward,211,1316,0.16033434650455927,Loss,Non-Win
3825686,Athletic Club,Attacking Midfield,118,1038,0.11368015414258188,Draw,Non-Win
3825686,Athletic Club,Center Back,156,1038,0.15028901734104047,Draw,Non-Win
3825686,Athletic Club,Defensive Midfield,219,1038,0.21098265895953758,Draw,Non-Win
3825686,Athletic Club,Fullback,220,1038,0.2119460500963391,Draw,Non-Win
3825686,Athletic Club,Goalkeeper,68,1038,0.06551059730250482,Draw,Non-Win
3825686,Athletic Club,Striker,92,1038,0.08863198458574181,Draw,Non-Win
3825686,Athletic Club,Wide Forward,165,1038,0.15895953757225434,Draw,Non-Win
3825686,Málaga,Center Back,184,1329,0.1384499623777276,Draw,Non-Win
3825686,Málaga,Defensive Midfield,335,1329,0.2520692249811889,Draw,Non-Win
3825686,Málaga,Fullback,315,1329,0.23702031602708803,Draw,Non-Win
3825686,Málaga,Goalkeeper,38,1329,0.028592927012791574,Draw,Non-Win
3825686,Málaga,Striker,203,1329,0.1527464258841234,Draw,Non-Win
3825686,Málaga,Wide Forward,254,1329,0.1911211437170805,Draw,Non-Win
3825687,Espanyol,Attacking Midfield,161,1327,0.12132629992464206,Draw,Non-Win
3825687,Espanyol,Center Back,265,1327,0.199698568198945,Draw,Non-Win
3825687,Espanyol,Defensive Midfield,228,1327,0.17181612660135645,Draw,Non-Win
3825687,Espanyol,Fullback,256,1327,0.19291635267520724,Draw,Non-Win
3825687,Espanyol,Goalkeeper,56,1327,0.04220045214770158,Draw,Non-Win
3825687,Espanyol,Striker,91,1327,0.06857573474001508,Draw,Non-Win
3825687,Espanyol,Wide Forward,270,1327,0.20346646571213264,Draw,Non-Win
3825687,Levante UD,Center Back,92,1104,0.08333333333333333,Draw,Non-Win
3825687,Levante UD,Central Midfield,280,1104,0.2536231884057971,Draw,Non-Win
3825687,Levante UD,Defensive Midfield,93,1104,0.08423913043478261,Draw,Non-Win
3825687,Levante UD,Fullback,181,1104,0.16394927536231885,Draw,Non-Win
3825687,Levante UD,Goalkeeper,37,1104,0.03351449275362319,Draw,Non-Win
3825687,Levante UD,Striker,123,1104,0.11141304347826086,Draw,Non-Win
3825687,Levante UD,Wide Forward,298,1104,0.26992753623188404,Draw,Non-Win
3825696,Málaga,Center Back,134,985,0.13604060913705585,Win,Win
3825696,Málaga,Defensive Midfield,194,985,0.19695431472081218,Win,Win
3825696,Málaga,Fullback,169,985,0.1715736040609137,Win,Win
3825696,Málaga,Goalkeeper,74,985,0.0751269035532995,Win,Win
3825696,Málaga,Striker,228,985,0.23147208121827412,Win,Win
3825696,Málaga,Wide Forward,186,985,0.18883248730964466,Win,Win
3825696,Rayo Vallecano,Attacking Midfield,117,1081,0.10823311748381129,Loss,Non-Win
3825696,Rayo Vallecano,Center Back,127,1081,0.11748381128584644,Loss,Non-Win
3825696,Rayo Vallecano,Defensive Midfield,219,1081,0.20259019426456984,Loss,Non-Win
3825696,Rayo Vallecano,Fullback,194,1081,0.17946345975948197,Loss,Non-Win
3825696,Rayo Vallecano,Goalkeeper,77,1081,0.07123034227567067,Loss,Non-Win
3825696,Rayo Vallecano,Striker,116,1081,0.10730804810360776,Loss,Non-Win
3825696,Rayo Vallecano,Wide Forward,231,1081,0.21369102682701202,Loss,Non-Win
3825702,Real Sociedad,Center Back,330,1915,0.17232375979112272,Loss,Non-Win
3825702,Real Sociedad,Central Midfield,419,1915,0.218798955613577,Loss,Non-Win
3825702,Real Sociedad,Defensive Midfield,244,1915,0.12741514360313316,Loss,Non-Win
3825702,Real Sociedad,Fullback,425,1915,0.22193211488250653,Loss,Non-Win
3825702,Real Sociedad,Goalkeeper,71,1915,0.037075718015665796,Loss,Non-Win
3825702,Real Sociedad,Striker,95,1915,0.04960835509138381,Loss,Non-Win
3825702,Real Sociedad,Wide Forward,331,1915,0.17284595300261096,Loss,Non-Win
3825702,Villarreal,Center Back,154,1096,0.14051094890510948,Win,Win
3825702,Villarreal,Defensive Midfield,203,1096,0.1852189781021898,Win,Win
3825702,Villarreal,Fullback,170,1096,0.1551094890510949,Win,Win
3825702,Villarreal,Goalkeeper,61,1096,0.055656934306569344,Win,Win
3825702,Villarreal,Striker,282,1096,0.2572992700729927,Win,Win
3825702,Villarreal,Wide Forward,226,1096,0.2062043795620438,Win,Win
3825713,Valencia,Center Back,292,1202,0.24292845257903495,Loss,Non-Win
3825713,Valencia,Central Midfield,231,1202,0.19217970049916805,Loss,Non-Win
3825713,Valencia,Defensive Midfield,184,1202,0.15307820299500832,Loss,Non-Win
3825713,Valencia,Fullback,269,1202,0.2237936772046589,Loss,Non-Win
3825713,Valencia,Goalkeeper,50,1202,0.04159733777038269,Loss,Non-Win
3825713,Valencia,Striker,176,1202,0.1464226289517471,Loss,Non-Win
3825713,Villarreal,Center Back,247,1310,0.18854961832061068,Win,Win
3825713,Villarreal,Defensive Midfield,274,1310,0.20916030534351146,Win,Win
3825713,Villarreal,Fullback,295,1310,0.22519083969465647,Win,Win
3825713,Villarreal,Goalkeeper,39,1310,0.029770992366412213,Win,Win
3825713,Villarreal,Striker,221,1310,0.1687022900763359,Win,Win
3825713,Villarreal,Wide Forward,234,1310,0.17862595419847327,Win,Win
3825716,Rayo Vallecano,Attacking Midfield,58,907,0.0639470782800441,Draw,Non-Win
3825716,Rayo Vallecano,Center Back,151,907,0.16648291069459759,Draw,Non-Win
3825716,Rayo Vallecano,Central Midfield,113,907,0.12458654906284454,Draw,Non-Win
3825716,Rayo Vallecano,Defensive Midfield,54,907,0.05953693495038589,Draw,Non-Win
3825716,Rayo Vallecano,Fullback,128,907,0.14112458654906285,Draw,Non-Win
3825716,Rayo Vallecano,Goalkeeper,85,907,0.09371554575523705,Draw,Non-Win
3825716,Rayo Vallecano,Striker,87,907,0.09592061742006615,Draw,Non-Win
3825716,Rayo Vallecano,Wide Forward,231,907,0.25468577728776187,Draw,Non-Win
3825716,Real Sociedad,Attacking Midfield,137,1043,0.13135186960690318,Draw,Non-Win
3825716,Real Sociedad,Center Back,161,1043,0.15436241610738255,Draw,Non-Win
3825716,Real Sociedad,Defensive Midfield,170,1043,0.1629913710450623,Draw,Non-Win
3825716,Real Sociedad,Fullback,165,1043,0.15819750719079578,Draw,Non-Win
3825716,Real Sociedad,Goalkeeper,77,1043,0.0738255033557047,Draw,Non-Win
3825716,Real Sociedad,Striker,74,1043,0.07094918504314478,Draw,Non-Win
3825716,Real Sociedad,Wide Forward,259,1043,0.2483221476510067,Draw,Non-Win
3825725,Getafe,Attacking Midfield,134,1262,0.10618066561014262,Win,Win
3825725,Getafe,Center Back,136,1262,0.10776545166402536,Win,Win
3825725,Getafe,Defensive Midfield,235,1262,0.1862123613312203,Win,Win
3825725,Getafe,Fullback,272,1262,0.21553090332805072,Win,Win
3825725,Getafe,Goalkeeper,42,1262,0.03328050713153724,Win,Win
3825725,Getafe,Striker,111,1262,0.08795562599049128,Win,Win
3825725,Getafe,Wide Forward,332,1262,0.2630744849445325,Win,Win
3825725,Real Betis,Center Back,130,1079,0.12048192771084337,Loss,Non-Win
3825725,Real Betis,Defensive Midfield,202,1079,0.1872103799814643,Loss,Non-Win
3825725,Real Betis,Fullback,202,1079,0.1872103799814643,Loss,Non-Win
3825725,Real Betis,Goalkeeper,45,1079,0.04170528266913809,Loss,Non-Win
3825725,Real Betis,Striker,174,1079,0.16126042632066728,Loss,Non-Win
3825725,Real Betis,Wide Forward,326,1079,0.30213160333642264,Loss,Non-Win
3825733,Málaga,Center Back,136,1012,0.13438735177865613,Loss,Non-Win
3825733,Málaga,Defensive Midfield,205,1012,0.2025691699604743,Loss,Non-Win
3825733,Málaga,Fullback,210,1012,0.2075098814229249,Loss,Non-Win
3825733,Málaga,Goalkeeper,46,1012,0.045454545454545456,Loss,Non-Win
3825733,Málaga,Striker,206,1012,0.20355731225296442,Loss,Non-Win
3825733,Málaga,Wide Forward,209,1012,0.20652173913043478,Loss,Non-Win
3825733,Sevilla,Attacking Midfield,190,1289,0.1474010861132661,Win,Win
3825733,Sevilla,Center Back,197,1289,0.15283165244375485,Win,Win
3825733,Sevilla,Defensive Midfield,265,1289,0.20558572536850273,Win,Win
3825733,Sevilla,Fullback,250,1289,0.1939487975174554,Win,Win
3825733,Sevilla,Goalkeeper,75,1289,0.05818463925523662,Win,Win
3825733,Sevilla,Striker,83,1289,0.0643910007757952,Win,Win
3825733,Sevilla,Wide Forward,229,1289,0.17765709852598913,Win,Win
3825735,Real Betis,Attacking Midfield,149,1625,0.0916923076923077,Draw,Non-Win
3825735,Real Betis,Center Back,291,1625,0.17907692307692308,Draw,Non-Win
3825735,Real Betis,Defensive Midfield,291,1625,0.17907692307692308,Draw,Non-Win
3825735,Real Betis,Fullback,344,1625,0.21169230769230768,Draw,Non-Win
3825735,Real Betis,Goalkeeper,92,1625,0.056615384615384616,Draw,Non-Win
3825735,Real Betis,Striker,121,1625,0.07446153846153847,Draw,Non-Win
3825735,Real Betis,Wide Forward,337,1625,0.2073846153846154,Draw,Non-Win
3825735,Villarreal,Center Back,279,1482,0.1882591093117409,Draw,Non-Win
3825735,Villarreal,Defensive Midfield,390,1482,0.2631578947368421,Draw,Non-Win
3825735,Villarreal,Fullback,253,1482,0.17071524966261808,Draw,Non-Win
3825735,Villarreal,Goalkeeper,35,1482,0.023616734143049933,Draw,Non-Win
3825735,Villarreal,Striker,223,1482,0.150472334682861,Draw,Non-Win
3825735,Villarreal,Wide Forward,302,1482,0.203778677462888,Draw,Non-Win
3825744,Espanyol,Attacking Midfield,114,1216,0.09375,Draw,Non-Win
3825744,Espanyol,Center Back,243,1216,0.19983552631578946,Draw,Non-Win
3825744,Espanyol,Defensive Midfield,225,1216,0.18503289473684212,Draw,Non-Win
3825744,Espanyol,Fullback,215,1216,0.1768092105263158,Draw,Non-Win
3825744,Espanyol,Goalkeeper,50,1216,0.04111842105263158,Draw,Non-Win
3825744,Espanyol,Striker,103,1216,0.08470394736842106,Draw,Non-Win
3825744,Espanyol,Wide Forward,266,1216,0.21875,Draw,Non-Win
3825744,Villarreal,Center Back,268,1441,0.18598195697432338,Draw,Non-Win
3825744,Villarreal,Defensive Midfield,339,1441,0.23525329632199862,Draw,Non-Win
3825744,Villarreal,Fullback,294,1441,0.20402498265093685,Draw,Non-Win
3825744,Villarreal,Goalkeeper,31,1441,0.021512838306731435,Draw,Non-Win
3825744,Villarreal,Striker,203,1441,0.14087439278278974,Draw,Non-Win
3825744,Villarreal,Wide Forward,306,1441,0.21235253296322,Draw,Non-Win
3825745,RC Deportivo La Coruña,Attacking Midfield,159,1262,0.1259904912836767,Draw,Non-Win
3825745,RC Deportivo La Coruña,Center Back,164,1262,0.12995245641838352,Draw,Non-Win
3825745,RC Deportivo La Coruña,Defensive Midfield,246,1262,0.1949286846275753,Draw,Non-Win
3825745,RC Deportivo La Coruña,Fullback,231,1262,0.18304278922345482,Draw,Non-Win
3825745,RC Deportivo La Coruña,Goalkeeper,82,1262,0.06497622820919176,Draw,Non-Win
3825745,RC Deportivo La Coruña,Striker,122,1262,0.09667194928684628,Draw,Non-Win
3825745,RC Deportivo La Coruña,Wide Forward,258,1262,0.20443740095087162,Draw,Non-Win
3825745,Valencia,Attacking Midfield,186,1437,0.12943632567849686,Draw,Non-Win
3825745,Valencia,Center Back,224,1437,0.1558803061934586,Draw,Non-Win
3825745,Valencia,Defensive Midfield,291,1437,0.20250521920668058,Draw,Non-Win
3825745,Valencia,Fullback,237,1437,0.1649269311064718,Draw,Non-Win
3825745,Valencia,Goalkeeper,74,1437,0.05149617258176757,Draw,Non-Win
3825745,Valencia,Striker,113,1437,0.07863604732080724,Draw,Non-Win
3825745,Valencia,Wide Forward,312,1437,0.21711899791231734,Draw,Non-Win
3825751,Athletic Club,Attacking Midfield,161,1013,0.15893385982230998,Win,Win
3825751,Athletic Club,Center Back,119,1013,0.11747285291214216,Win,Win
3825751,Athletic Club,Defensive Midfield,230,1013,0.22704837117472854,Win,Win
3825751,Athletic Club,Fullback,178,1013,0.175715695952616,Win,Win
3825751,Athletic Club,Goalkeeper,56,1013,0.055281342546890426,Win,Win
3825751,Athletic Club,Striker,125,1013,0.12339585389930899,Win,Win
3825751,Athletic Club,Wide Forward,144,1013,0.14215202369200394,Win,Win
3825751,Getafe,Attacking Midfield,148,1389,0.10655147588192944,Loss,Non-Win
3825751,Getafe,Center Back,231,1389,0.16630669546436286,Loss,Non-Win
3825751,Getafe,Defensive Midfield,299,1389,0.21526277897768178,Loss,Non-Win
3825751,Getafe,Fullback,304,1389,0.21886249100071994,Loss,Non-Win
3825751,Getafe,Goalkeeper,40,1389,0.028797696184305256,Loss,Non-Win
3825751,Getafe,Striker,77,1389,0.05543556515478762,Loss,Non-Win
3825751,Getafe,Wide Forward,290,1389,0.2087832973362131,Loss,Non-Win
3825758,RC Deportivo La Coruña,Attacking Midfield,110,1250,0.088,Draw,Non-Win
3825758,RC Deportivo La Coruña,Center Back,202,1250,0.1616,Draw,Non-Win
3825758,RC Deportivo La Coruña,Defensive Midfield,224,1250,0.1792,Draw,Non-Win
3825758,RC Deportivo La Coruña,Fullback,244,1250,0.1952,Draw,Non-Win
3825758,RC Deportivo La Coruña,Goalkeeper,103,1250,0.0824,Draw,Non-Win
3825758,RC Deportivo La Coruña,Striker,137,1250,0.1096,Draw,Non-Win
3825758,RC Deportivo La Coruña,Wide Forward,230,1250,0.184,Draw,Non-Win
3825758,Rayo Vallecano,Attacking Midfield,123,1044,0.11781609195402298,Draw,Non-Win
3825758,Rayo Vallecano,Center Back,169,1044,0.16187739463601533,Draw,Non-Win
3825758,Rayo Vallecano,Defensive Midfield,207,1044,0.19827586206896552,Draw,Non-Win
3825758,Rayo Vallecano,Fullback,154,1044,0.1475095785440613,Draw,Non-Win
3825758,Rayo Vallecano,Goalkeeper,80,1044,0.07662835249042145,Draw,Non-Win
3825758,Rayo Vallecano,Striker,97,1044,0.09291187739463602,Draw,Non-Win
3825758,Rayo Vallecano,Wide Forward,214,1044,0.2049808429118774,Draw,Non-Win
3825766,Real Betis,Center Back,125,968,0.12913223140495866,Win,Win
3825766,Real Betis,Defensive Midfield,225,968,0.23243801652892562,Win,Win
3825766,Real Betis,Fullback,204,968,0.21074380165289255,Win,Win
3825766,Real Betis,Goalkeeper,37,968,0.038223140495867766,Win,Win
3825766,Real Betis,Striker,168,968,0.17355371900826447,Win,Win
3825766,Real Betis,Wide Forward,209,968,0.2159090909090909,Win,Win
3825766,Valencia,Attacking Midfield,143,1143,0.12510936132983377,Loss,Non-Win
3825766,Valencia,Center Back,161,1143,0.14085739282589677,Loss,Non-Win
3825766,Valencia,Defensive Midfield,233,1143,0.20384951881014873,Loss,Non-Win
3825766,Valencia,Fullback,212,1143,0.18547681539807523,Loss,Non-Win
3825766,Valencia,Goalkeeper,42,1143,0.03674540682414698,Loss,Non-Win
3825766,Valencia,Striker,101,1143,0.08836395450568679,Loss,Non-Win
3825766,Valencia,Wide Forward,251,1143,0.21959755030621173,Loss,Non-Win
3825768,Rayo Vallecano,Attacking Midfield,178,1692,0.10520094562647754,Draw,Non-Win
3825768,Rayo Vallecano,Center Back,340,1692,0.20094562647754138,Draw,Non-Win
3825768,Rayo Vallecano,Defensive Midfield,441,1692,0.26063829787234044,Draw,Non-Win
3825768,Rayo Vallecano,Fullback,291,1692,0.17198581560283688,Draw,Non-Win
3825768,Rayo Vallecano,Goalkeeper,73,1692,0.04314420803782506,Draw,Non-Win
3825768,Rayo Vallecano,Striker,83,1692,0.04905437352245863,Draw,Non-Win
3825768,Rayo Vallecano,Wide Forward,286,1692,0.1690307328605201,Draw,Non-Win
3825768,Sporting Gijón,Attacking Midfield,90,968,0.09297520661157024,Draw,Non-Win
3825768,Sporting Gijón,Center Back,154,968,0.1590909090909091,Draw,Non-Win
3825768,Sporting Gijón,Defensive Midfield,174,968,0.1797520661157025,Draw,Non-Win
3825768,Sporting Gijón,Fullback,189,968,0.1952479338842975,Draw,Non-Win
3825768,Sporting Gijón,Goalkeeper,50,968,0.05165289256198347,Draw,Non-Win
3825768,Sporting Gijón,Striker,91,968,0.09400826446280992,Draw,Non-Win
3825768,Sporting Gijón,Wide Forward,220,968,0.22727272727272727,Draw,Non-Win
3825770,Athletic Club,Attacking Midfield,97,1181,0.0821337849280271,Loss,Non-Win
3825770,Athletic Club,Center Back,186,1181,0.15749364944961897,Loss,Non-Win
3825770,Athletic Club,Defensive Midfield,285,1181,0.24132091447925486,Loss,Non-Win
3825770,Athletic Club,Fullback,269,1181,0.2277730736663844,Loss,Non-Win
3825770,Athletic Club,Goalkeeper,54,1181,0.04572396274343776,Loss,Non-Win
3825770,Athletic Club,Striker,84,1181,0.07112616426756986,Loss,Non-Win
3825770,Athletic Club,Wide Forward,206,1181,0.17442845046570704,Loss,Non-Win
3825770,Real Madrid,Center Back,315,1881,0.1674641148325359,Win,Win
3825770,Real Madrid,Central Midfield,464,1881,0.24667729930887825,Win,Win
3825770,Real Madrid,Defensive Midfield,219,1881,0.11642743221690591,Win,Win
3825770,Real Madrid,Fullback,354,1881,0.18819776714513556,Win,Win
3825770,Real Madrid,Goalkeeper,95,1881,0.050505050505050504,Win,Win
3825770,Real Madrid,Striker,119,1881,0.063264221158958,Win,Win
3825770,Real Madrid,Wide Forward,315,1881,0.1674641148325359,Win,Win
3825777,Getafe,Attacking Midfield,193,1257,0.15354017501988862,Loss,Non-Win
3825777,Getafe,Center Back,178,1257,0.14160700079554495,Loss,Non-Win
3825777,Getafe,Defensive Midfield,224,1257,0.17820206841686556,Loss,Non-Win
3825777,Getafe,Fullback,300,1257,0.2386634844868735,Loss,Non-Win
3825777,Getafe,Goalkeeper,44,1257,0.035003977724741446,Loss,Non-Win
3825777,Getafe,Striker,90,1257,0.07159904534606205,Loss,Non-Win
3825777,Getafe,Wide Forward,228,1257,0.18138424821002386,Loss,Non-Win
3825777,Levante UD,Center Back,75,980,0.07653061224489796,Win,Win
3825777,Levante UD,Defensive Midfield,184,980,0.18775510204081633,Win,Win
3825777,Levante UD,Fullback,175,980,0.17857142857142858,Win,Win
3825777,Levante UD,Goalkeeper,58,980,0.05918367346938776,Win,Win
3825777,Levante UD,Striker,236,980,0.24081632653061225,Win,Win
3825777,Levante UD,Wide Forward,252,980,0.2571428571428571,Win,Win
3825783,Athletic Club,Attacking Midfield,116,1307,0.08875286916602908,Loss,Non-Win
3825783,Athletic Club,Center Back,250,1307,0.19127773527161437,Loss,Non-Win
3825783,Athletic Club,Defensive Midfield,276,1307,0.2111706197398623,Loss,Non-Win
3825783,Athletic Club,Fullback,219,1307,0.1675592960979342,Loss,Non-Win
3825783,Athletic Club,Goalkeeper,101,1307,0.0772762050497322,Loss,Non-Win
3825783,Athletic Club,Striker,87,1307,0.0665646518745218,Loss,Non-Win
3825783,Athletic Club,Wide Forward,258,1307,0.19739862280030604,Loss,Non-Win
3825783,Real Sociedad,Attacking Midfield,17,928,0.018318965517241378,Win,Win
3825783,Real Sociedad,Center Back,115,928,0.12392241379310345,Win,Win
3825783,Real Sociedad,Central Midfield,141,928,0.15193965517241378,Win,Win
3825783,Real Sociedad,Defensive Midfield,108,928,0.11637931034482758,Win,Win
3825783,Real Sociedad,Fullback,181,928,0.19504310344827586,Win,Win
3825783,Real Sociedad,Goalkeeper,58,928,0.0625,Win,Win
3825783,Real Sociedad,Striker,115,928,0.12392241379310345,Win,Win
3825783,Real Sociedad,Wide Forward,193,928,0.20797413793103448,Win,Win
3825785,Málaga,Center Back,93,867,0.10726643598615918,Draw,Non-Win
3825785,Málaga,Defensive Midfield,166,867,0.1914648212226067,Draw,Non-Win
3825785,Málaga,Fullback,163,867,0.18800461361014995,Draw,Non-Win
3825785,Málaga,Goalkeeper,43,867,0.049596309111880045,Draw,Non-Win
3825785,Málaga,Striker,189,867,0.2179930795847751,Draw,Non-Win
3825785,Málaga,Wide Forward,213,867,0.24567474048442905,Draw,Non-Win
3825785,Real Madrid,Center Back,171,1551,0.1102514506769826,Draw,Non-Win
3825785,Real Madrid,Central Midfield,337,1551,0.21727917472598324,Draw,Non-Win
3825785,Real Madrid,Defensive Midfield,196,1551,0.12637008381689233,Draw,Non-Win
3825785,Real Madrid,Fullback,385,1551,0.24822695035460993,Draw,Non-Win
3825785,Real Madrid,Goalkeeper,64,1551,0.041263700838168924,Draw,Non-Win
3825785,Real Madrid,Striker,151,1551,0.0973565441650548,Draw,Non-Win
3825785,Real Madrid,Wide Forward,247,1551,0.1592520954223082,Draw,Non-Win
3825787,Atlético Madrid,Center Back,74,970,0.07628865979381444,Win,Win
3825787,Atlético Madrid,Defensive Midfield,192,970,0.1979381443298969,Win,Win
3825787,Atlético Madrid,Fullback,181,970,0.1865979381443299,Win,Win
3825787,Atlético Madrid,Goalkeeper,34,970,0.03505154639175258,Win,Win
3825787,Atlético Madrid,Striker,239,970,0.2463917525773196,Win,Win
3825787,Atlético Madrid,Wide Forward,250,970,0.25773195876288657,Win,Win
3825787,Real Madrid,Center Back,368,2108,0.174573055028463,Loss,Non-Win
3825787,Real Madrid,Central Midfield,336,2108,0.15939278937381404,Loss,Non-Win
3825787,Real Madrid,Defensive Midfield,304,2108,0.1442125237191651,Loss,Non-Win
3825787,Real Madrid,Fullback,524,2108,0.24857685009487665,Loss,Non-Win
3825787,Real Madrid,Goalkeeper,56,2108,0.026565464895635674,Loss,Non-Win
3825787,Real Madrid,Striker,140,2108,0.06641366223908918,Loss,Non-Win
3825787,Real Madrid,Wide Forward,380,2108,0.18026565464895636,Loss,Non-Win
3825800,Celta Vigo,Attacking Midfield,264,1914,0.13793103448275862,Draw,Non-Win
3825800,Celta Vigo,Center Back,376,1914,0.19644723092998956,Draw,Non-Win
3825800,Celta Vigo,Defensive Midfield,396,1914,0.20689655172413793,Draw,Non-Win
3825800,Celta Vigo,Fullback,454,1914,0.23719958202716823,Draw,Non-Win
3825800,Celta Vigo,Goalkeeper,33,1914,0.017241379310344827,Draw,Non-Win
3825800,Celta Vigo,Striker,93,1914,0.048589341692789965,Draw,Non-Win
3825800,Celta Vigo,Wide Forward,298,1914,0.15569487983281086,Draw,Non-Win
3825800,Villarreal,Center Back,132,896,0.14732142857142858,Draw,Non-Win
3825800,Villarreal,Defensive Midfield,163,896,0.18191964285714285,Draw,Non-Win
3825800,Villarreal,Fullback,142,896,0.15848214285714285,Draw,Non-Win
3825800,Villarreal,Goalkeeper,34,896,0.03794642857142857,Draw,Non-Win
3825800,Villarreal,Striker,247,896,0.27566964285714285,Draw,Non-Win
3825800,Villarreal,Wide Forward,178,896,0.19866071428571427,Draw,Non-Win
3825802,Espanyol,Attacking Midfield,43,1212,0.03547854785478548,Loss,Non-Win
3825802,Espanyol,Center Back,275,1212,0.2268976897689769,Loss,Non-Win
3825802,Espanyol,Defensive Midfield,227,1212,0.18729372937293728,Loss,Non-Win
3825802,Espanyol,Fullback,295,1212,0.2433993399339934,Loss,Non-Win
3825802,Espanyol,Goalkeeper,24,1212,0.019801980198019802,Loss,Non-Win
3825802,Espanyol,Striker,193,1212,0.15924092409240925,Loss,Non-Win
3825802,Espanyol,Wide Forward,155,1212,0.12788778877887788,Loss,Non-Win
3825802,Real Betis,Attacking Midfield,175,1108,0.157942238267148,Win,Win
3825802,Real Betis,Center Back,92,1108,0.08303249097472924,Win,Win
3825802,Real Betis,Defensive Midfield,208,1108,0.18772563176895307,Win,Win
3825802,Real Betis,Fullback,214,1108,0.1931407942238267,Win,Win
3825802,Real Betis,Goalkeeper,66,1108,0.05956678700361011,Win,Win
3825802,Real Betis,Striker,103,1108,0.09296028880866426,Win,Win
3825802,Real Betis,Wide Forward,250,1108,0.22563176895306858,Win,Win
3825809,Granada,Center Back,177,1265,0.1399209486166008,Loss,Non-Win
3825809,Granada,Defensive Midfield,357,1265,0.28221343873517785,Loss,Non-Win
3825809,Granada,Fullback,255,1265,0.2015810276679842,Loss,Non-Win
3825809,Granada,Goalkeeper,48,1265,0.037944664031620556,Loss,Non-Win
3825809,Granada,Striker,176,1265,0.1391304347826087,Loss,Non-Win
3825809,Granada,Wide Forward,252,1265,0.1992094861660079,Loss,Non-Win
3825809,Real Betis,Attacking Midfield,17,973,0.017471736896197326,Win,Win
3825809,Real Betis,Center Back,191,973,0.1963001027749229,Win,Win
3825809,Real Betis,Defensive Midfield,180,973,0.18499486125385406,Win,Win
3825809,Real Betis,Fullback,197,973,0.20246659815005139,Win,Win
3825809,Real Betis,Goalkeeper,58,973,0.05960945529290853,Win,Win
3825809,Real Betis,Striker,131,973,0.13463514902363824,Win,Win
3825809,Real Betis,Wide Forward,199,973,0.20452209660842754,Win,Win
3825815,Levante UD,Center Back,145,1123,0.12911843276936777,Win,Win
3825815,Levante UD,Defensive Midfield,255,1123,0.22707034728406056,Win,Win
3825815,Levante UD,Fullback,174,1123,0.1549421193232413,Win,Win
3825815,Levante UD,Goalkeeper,62,1123,0.05520926090828139,Win,Win
3825815,Levante UD,Striker,262,1123,0.23330365093499555,Win,Win
3825815,Levante UD,Wide Forward,225,1123,0.20035618878005343,Win,Win
3825815,Valencia,Center Back,215,1339,0.16056758775205376,Loss,Non-Win
3825815,Valencia,Central Midfield,367,1339,0.27408513816280805,Loss,Non-Win
3825815,Valencia,Defensive Midfield,131,1339,0.09783420463032114,Loss,Non-Win
3825815,Valencia,Fullback,268,1339,0.20014936519790888,Loss,Non-Win
3825815,Valencia,Goalkeeper,56,1339,0.041822255414488425,Loss,Non-Win
3825815,Valencia,Striker,68,1339,0.05078416728902166,Loss,Non-Win
3825815,Valencia,Wide Forward,234,1339,0.17475728155339806,Loss,Non-Win
3825826,Granada,Attacking Midfield,124,1220,0.10163934426229508,Draw,Non-Win
3825826,Granada,Center Back,207,1220,0.16967213114754098,Draw,Non-Win
3825826,Granada,Defensive Midfield,246,1220,0.20163934426229507,Draw,Non-Win
3825826,Granada,Fullback,224,1220,0.18360655737704917,Draw,Non-Win
3825826,Granada,Goalkeeper,77,1220,0.06311475409836066,Draw,Non-Win
3825826,Granada,Striker,105,1220,0.0860655737704918,Draw,Non-Win
3825826,Granada,Wide Forward,237,1220,0.1942622950819672,Draw,Non-Win
3825826,Málaga,Center Back,141,1214,0.11614497528830313,Draw,Non-Win
3825826,Málaga,Defensive Midfield,301,1214,0.24794069192751236,Draw,Non-Win
3825826,Málaga,Fullback,194,1214,0.15980230642504117,Draw,Non-Win
3825826,Málaga,Goalkeeper,64,1214,0.05271828665568369,Draw,Non-Win
3825826,Málaga,Striker,259,1214,0.21334431630971992,Draw,Non-Win
3825826,Málaga,Wide Forward,255,1214,0.2100494233937397,Draw,Non-Win
3825828,Atlético Madrid,Center Back,106,1219,0.08695652173913043,Win,Win
3825828,Atlético Madrid,Central Midfield,291,1219,0.2387202625102543,Win,Win
3825828,Atlético Madrid,Defensive Midfield,122,1219,0.10008203445447088,Win,Win
3825828,Atlético Madrid,Fullback,276,1219,0.22641509433962265,Win,Win
3825828,Atlético Madrid,Goalkeeper,38,1219,0.031173092698933553,Win,Win
3825828,Atlético Madrid,Striker,95,1219,0.07793273174733388,Win,Win
3825828,Atlético Madrid,Wide Forward,291,1219,0.2387202625102543,Win,Win
3825828,Espanyol,Center Back,433,1308,0.33103975535168195,Loss,Non-Win
3825828,Espanyol,Central Midfield,236,1308,0.18042813455657492,Loss,Non-Win
3825828,Espanyol,Defensive Midfield,58,1308,0.04434250764525994,Loss,Non-Win
3825828,Espanyol,Fullback,239,1308,0.1827217125382263,Loss,Non-Win
3825828,Espanyol,Goalkeeper,59,1308,0.04510703363914373,Loss,Non-Win
3825828,Espanyol,Striker,135,1308,0.10321100917431193,Loss,Non-Win
3825828,Espanyol,Wide Forward,148,1308,0.11314984709480122,Loss,Non-Win
3825839,Sevilla,Attacking Midfield,162,1413,0.11464968152866242,Loss,Non-Win
3825839,Sevilla,Center Back,222,1413,0.15711252653927812,Loss,Non-Win
3825839,Sevilla,Defensive Midfield,332,1413,0.23496107572540695,Loss,Non-Win
3825839,Sevilla,Fullback,215,1413,0.1521585279547063,Loss,Non-Win
3825839,Sevilla,Goalkeeper,81,1413,0.05732484076433121,Loss,Non-Win
3825839,Sevilla,Striker,103,1413,0.07289455060155697,Loss,Non-Win
3825839,Sevilla,Wide Forward,298,1413,0.21089879688605803,Loss,Non-Win
3825839,Sporting Gijón,Attacking Midfield,137,1227,0.11165444172779136,Win,Win
3825839,Sporting Gijón,Center Back,184,1227,0.14995925020374898,Win,Win
3825839,Sporting Gijón,Defensive Midfield,207,1227,0.1687041564792176,Win,Win
3825839,Sporting Gijón,Fullback,266,1227,0.21678891605541972,Win,Win
3825839,Sporting Gijón,Goalkeeper,67,1227,0.05460472697636512,Win,Win
3825839,Sporting Gijón,Striker,96,1227,0.07823960880195599,Win,Win
3825839,Sporting Gijón,Wide Forward,270,1227,0.2200488997555012,Win,Win
3825843,Málaga,Center Back,186,1163,0.15993121238177127,Draw,Non-Win
3825843,Málaga,Defensive Midfield,263,1163,0.22613929492691315,Draw,Non-Win
3825843,Málaga,Fullback,227,1163,0.1951848667239897,Draw,Non-Win
3825843,Málaga,Goalkeeper,38,1163,0.03267411865864144,Draw,Non-Win
3825843,Málaga,Striker,199,1163,0.1711092003439381,Draw,Non-Win
3825843,Málaga,Wide Forward,250,1163,0.21496130696474636,Draw,Non-Win
3825843,Rayo Vallecano,Center Back,149,1041,0.1431316042267051,Draw,Non-Win
3825843,Rayo Vallecano,Defensive Midfield,243,1041,0.2334293948126801,Draw,Non-Win
3825843,Rayo Vallecano,Fullback,158,1041,0.15177713736791545,Draw,Non-Win
3825843,Rayo Vallecano,Goalkeeper,106,1041,0.10182516810758886,Draw,Non-Win
3825843,Rayo Vallecano,Striker,179,1041,0.17195004803073968,Draw,Non-Win
3825843,Rayo Vallecano,Wide Forward,206,1041,0.1978866474543708,Draw,Non-Win
3825847,Eibar,Attacking Midfield,122,1179,0.10347752332485156,Draw,Non-Win
3825847,Eibar,Center Back,147,1179,0.12468193384223919,Draw,Non-Win
3825847,Eibar,Central Midfield,5,1179,0.004240882103477523,Draw,Non-Win
3825847,Eibar,Defensive Midfield,225,1179,0.19083969465648856,Draw,Non-Win
3825847,Eibar,Fullback,262,1179,0.2222222222222222,Draw,Non-Win
3825847,Eibar,Goalkeeper,53,1179,0.04495335029686175,Draw,Non-Win
3825847,Eibar,Striker,90,1179,0.07633587786259542,Draw,Non-Win
3825847,Eibar,Wide Forward,275,1179,0.23324851569126379,Draw,Non-Win
3825847,RC Deportivo La Coruña,Center Back,196,1335,0.14681647940074907,Draw,Non-Win
3825847,RC Deportivo La Coruña,Defensive Midfield,265,1335,0.19850187265917604,Draw,Non-Win
3825847,RC Deportivo La Coruña,Fullback,228,1335,0.1707865168539326,Draw,Non-Win
3825847,RC Deportivo La Coruña,Goalkeeper,59,1335,0.044194756554307116,Draw,Non-Win
3825847,RC Deportivo La Coruña,Striker,275,1335,0.20599250936329588,Draw,Non-Win
3825847,RC Deportivo La Coruña,Wide Forward,312,1335,0.23370786516853934,Draw,Non-Win
3825848,Eibar,Attacking Midfield,79,733,0.1077762619372442,Draw,Non-Win
3825848,Eibar,Center Back,89,733,0.12141882673942701,Draw,Non-Win
3825848,Eibar,Defensive Midfield,140,733,0.19099590723055934,Draw,Non-Win
3825848,Eibar,Fullback,142,733,0.1937244201909959,Draw,Non-Win
3825848,Eibar,Goalkeeper,53,733,0.0723055934515689,Draw,Non-Win
3825848,Eibar,Striker,88,733,0.12005457025920874,Draw,Non-Win
3825848,Eibar,Wide Forward,142,733,0.1937244201909959,Draw,Non-Win
3825848,Levante UD,Center Back,301,1042,0.2888675623800384,Draw,Non-Win
3825848,Levante UD,Central Midfield,172,1042,0.16506717850287908,Draw,Non-Win
3825848,Levante UD,Defensive Midfield,105,1042,0.10076775431861804,Draw,Non-Win
3825848,Levante UD,Fullback,288,1042,0.2763915547024952,Draw,Non-Win
3825848,Levante UD,Goalkeeper,29,1042,0.02783109404990403,Draw,Non-Win
3825848,Levante UD,Striker,96,1042,0.09213051823416507,Draw,Non-Win
3825848,Levante UD,Wide Forward,51,1042,0.04894433781190019,Draw,Non-Win
3825849,Real Sociedad,Attacking Midfield,173,1323,0.1307634164777022,Win,Win
3825849,Real Sociedad,Center Back,172,1323,0.13000755857898716,Win,Win
3825849,Real Sociedad,Defensive Midfield,265,1323,0.20030234315948603,Win,Win
3825849,Real Sociedad,Fullback,200,1323,0.15117157974300832,Win,Win
3825849,Real Sociedad,Goalkeeper,69,1323,0.05215419501133787,Win,Win
3825849,Real Sociedad,Striker,117,1323,0.08843537414965986,Win,Win
3825849,Real Sociedad,Wide Forward,327,1323,0.2471655328798186,Win,Win
3825849,Valencia,Center Back,230,1315,0.17490494296577946,Loss,Non-Win
3825849,Valencia,Central Midfield,321,1315,0.244106463878327,Loss,Non-Win
3825849,Valencia,Defensive Midfield,145,1315,0.11026615969581749,Loss,Non-Win
3825849,Valencia,Fullback,248,1315,0.18859315589353612,Loss,Non-Win
3825849,Valencia,Goalkeeper,75,1315,0.057034220532319393,Loss,Non-Win
3825849,Valencia,Striker,84,1315,0.06387832699619772,Loss,Non-Win
3825849,Valencia,Wide Forward,212,1315,0.1612167300380228,Loss,Non-Win
3825851,RC Deportivo La Coruña,Center Back,169,940,0.1797872340425532,Win,Win
3825851,RC Deportivo La Coruña,Central Midfield,163,940,0.17340425531914894,Win,Win
3825851,RC Deportivo La Coruña,Defensive Midfield,121,940,0.12872340425531914,Win,Win
3825851,RC Deportivo La Coruña,Fullback,191,940,0.20319148936170212,Win,Win
3825851,RC Deportivo La Coruña,Goalkeeper,71,940,0.07553191489361702,Win,Win
3825851,RC Deportivo La Coruña,Striker,82,940,0.08723404255319149,Win,Win
3825851,RC Deportivo La Coruña,Wide Forward,143,940,0.15212765957446808,Win,Win
3825851,Villarreal,Center Back,363,1812,0.20033112582781457,Loss,Non-Win
3825851,Villarreal,Defensive Midfield,523,1812,0.2886313465783664,Loss,Non-Win
3825851,Villarreal,Fullback,323,1812,0.1782560706401766,Loss,Non-Win
3825851,Villarreal,Goalkeeper,30,1812,0.016556291390728478,Loss,Non-Win
3825851,Villarreal,Striker,215,1812,0.11865342163355408,Loss,Non-Win
3825851,Villarreal,Wide Forward,358,1812,0.19757174392935983,Loss,Non-Win
3825859,Granada,Center Back,128,1029,0.12439261418853255,Win,Win
3825859,Granada,Defensive Midfield,234,1029,0.22740524781341107,Win,Win
3825859,Granada,Fullback,171,1029,0.1661807580174927,Win,Win
3825859,Granada,Goalkeeper,51,1029,0.04956268221574344,Win,Win
3825859,Granada,Striker,211,1029,0.20505344995140914,Win,Win
3825859,Granada,Wide Forward,234,1029,0.22740524781341107,Win,Win
3825859,Las Palmas,Attacking Midfield,230,1764,0.13038548752834467,Loss,Non-Win
3825859,Las Palmas,Center Back,249,1764,0.141156462585034,Loss,Non-Win
3825859,Las Palmas,Defensive Midfield,472,1764,0.2675736961451247,Loss,Non-Win
3825859,Las Palmas,Fullback,297,1764,0.1683673469387755,Loss,Non-Win
3825859,Las Palmas,Goalkeeper,86,1764,0.048752834467120185,Loss,Non-Win
3825859,Las Palmas,Striker,82,1764,0.046485260770975055,Loss,Non-Win
3825859,Las Palmas,Wide Forward,348,1764,0.19727891156462585,Loss,Non-Win
3825861,Rayo Vallecano,Attacking Midfield,7,1525,0.0045901639344262295,Loss,Non-Win
3825861,Rayo Vallecano,Center Back,304,1525,0.19934426229508198,Loss,Non-Win
3825861,Rayo Vallecano,Central Midfield,172,1525,0.11278688524590164,Loss,Non-Win
3825861,Rayo Vallecano,Defensive Midfield,341,1525,0.22360655737704918,Loss,Non-Win
3825861,Rayo Vallecano,Fullback,301,1525,0.19737704918032786,Loss,Non-Win
3825861,Rayo Vallecano,Goalkeeper,47,1525,0.03081967213114754,Loss,Non-Win
3825861,Rayo Vallecano,Striker,149,1525,0.09770491803278689,Loss,Non-Win
3825861,Rayo Vallecano,Wide Forward,204,1525,0.13377049180327868,Loss,Non-Win
3825861,Real Sociedad,Attacking Midfield,109,895,0.1217877094972067,Win,Win
3825861,Real Sociedad,Center Back,85,895,0.09497206703910614,Win,Win
3825861,Real Sociedad,Defensive Midfield,173,895,0.19329608938547485,Win,Win
3825861,Real Sociedad,Fullback,128,895,0.1430167597765363,Win,Win
3825861,Real Sociedad,Goalkeeper,78,895,0.08715083798882682,Win,Win
3825861,Real Sociedad,Striker,94,895,0.10502793296089385,Win,Win
3825861,Real Sociedad,Wide Forward,228,895,0.2547486033519553,Win,Win
3825866,Athletic Club,Attacking Midfield,110,1180,0.09322033898305085,Draw,Non-Win
3825866,Athletic Club,Center Back,188,1180,0.15932203389830507,Draw,Non-Win
3825866,Athletic Club,Defensive Midfield,264,1180,0.22372881355932203,Draw,Non-Win
3825866,Athletic Club,Fullback,219,1180,0.18559322033898304,Draw,Non-Win
3825866,Athletic Club,Goalkeeper,77,1180,0.06525423728813559,Draw,Non-Win
3825866,Athletic Club,Striker,59,1180,0.05,Draw,Non-Win
3825866,Athletic Club,Wide Forward,263,1180,0.2228813559322034,Draw,Non-Win
3825866,Las Palmas,Attacking Midfield,215,1950,0.11025641025641025,Draw,Non-Win
3825866,Las Palmas,Center Back,401,1950,0.20564102564102565,Draw,Non-Win
3825866,Las Palmas,Defensive Midfield,404,1950,0.20717948717948717,Draw,Non-Win
3825866,Las Palmas,Fullback,373,1950,0.19128205128205128,Draw,Non-Win
3825866,Las Palmas,Goalkeeper,81,1950,0.04153846153846154,Draw,Non-Win
3825866,Las Palmas,Striker,84,1950,0.043076923076923075,Draw,Non-Win
3825866,Las Palmas,Wide Forward,392,1950,0.20102564102564102,Draw,Non-Win
3825875,Real Sociedad,Center Back,325,1601,0.20299812617114305,Draw,Non-Win
3825875,Real Sociedad,Central Midfield,294,1601,0.18363522798251092,Draw,Non-Win
3825875,Real Sociedad,Defensive Midfield,136,1601,0.08494690818238601,Draw,Non-Win
3825875,Real Sociedad,Fullback,341,1601,0.21299188007495315,Draw,Non-Win
3825875,Real Sociedad,Goalkeeper,132,1601,0.08244846970643348,Draw,Non-Win
3825875,Real Sociedad,Striker,111,1601,0.0693316677076827,Draw,Non-Win
3825875,Real Sociedad,Wide Forward,262,1601,0.16364772017489068,Draw,Non-Win
3825875,Villarreal,Center Back,210,1161,0.18087855297157623,Draw,Non-Win
3825875,Villarreal,Defensive Midfield,248,1161,0.2136089577950043,Draw,Non-Win
3825875,Villarreal,Fullback,211,1161,0.181739879414298,Draw,Non-Win
3825875,Villarreal,Goalkeeper,50,1161,0.04306632213608958,Draw,Non-Win
3825875,Villarreal,Striker,220,1161,0.18949181739879414,Draw,Non-Win
3825875,Villarreal,Wide Forward,222,1161,0.19121447028423771,Draw,Non-Win
3825878,Atlético Madrid,Center Back,146,976,0.14959016393442623,Win,Win
3825878,Atlético Madrid,Defensive Midfield,182,976,0.1864754098360656,Win,Win
3825878,Atlético Madrid,Fullback,162,976,0.16598360655737704,Win,Win
3825878,Atlético Madrid,Goalkeeper,54,976,0.055327868852459015,Win,Win
3825878,Atlético Madrid,Striker,232,976,0.23770491803278687,Win,Win
3825878,Atlético Madrid,Wide Forward,200,976,0.20491803278688525,Win,Win
3825878,Rayo Vallecano,Attacking Midfield,28,1458,0.019204389574759947,Loss,Non-Win
3825878,Rayo Vallecano,Center Back,299,1458,0.20507544581618656,Loss,Non-Win
3825878,Rayo Vallecano,Central Midfield,114,1458,0.07818930041152264,Loss,Non-Win
3825878,Rayo Vallecano,Defensive Midfield,279,1458,0.19135802469135801,Loss,Non-Win
3825878,Rayo Vallecano,Fullback,275,1458,0.1886145404663923,Loss,Non-Win
3825878,Rayo Vallecano,Goalkeeper,89,1458,0.061042524005486966,Loss,Non-Win
3825878,Rayo Vallecano,Striker,223,1458,0.15294924554183814,Loss,Non-Win
3825878,Rayo Vallecano,Wide Forward,151,1458,0.10356652949245541,Loss,Non-Win
3825881,Espanyol,Center Back,263,1295,0.2030888030888031,Draw,Non-Win
3825881,Espanyol,Central Midfield,236,1295,0.18223938223938224,Draw,Non-Win
3825881,Espanyol,Defensive Midfield,106,1295,0.08185328185328185,Draw,Non-Win
3825881,Espanyol,Fullback,266,1295,0.20540540540540542,Draw,Non-Win
3825881,Espanyol,Goalkeeper,33,1295,0.025482625482625483,Draw,Non-Win
3825881,Espanyol,Striker,101,1295,0.077992277992278,Draw,Non-Win
3825881,Espanyol,Wide Forward,290,1295,0.22393822393822393,Draw,Non-Win
3825881,Granada,Center Back,156,924,0.16883116883116883,Draw,Non-Win
3825881,Granada,Defensive Midfield,177,924,0.19155844155844157,Draw,Non-Win
3825881,Granada,Fullback,163,924,0.1764069264069264,Draw,Non-Win
3825881,Granada,Goalkeeper,49,924,0.05303030303030303,Draw,Non-Win
3825881,Granada,Striker,138,924,0.14935064935064934,Draw,Non-Win
3825881,Granada,Wide Forward,241,924,0.26082251082251084,Draw,Non-Win
3825888,Las Palmas,Attacking Midfield,182,1808,0.1006637168141593,Draw,Non-Win
3825888,Las Palmas,Center Back,340,1808,0.18805309734513273,Draw,Non-Win
3825888,Las Palmas,Defensive Midfield,441,1808,0.24391592920353983,Draw,Non-Win
3825888,Las Palmas,Fullback,260,1808,0.14380530973451328,Draw,Non-Win
3825888,Las Palmas,Goalkeeper,100,1808,0.05530973451327434,Draw,Non-Win
3825888,Las Palmas,Striker,136,1808,0.0752212389380531,Draw,Non-Win
3825888,Las Palmas,Wide Forward,349,1808,0.19303097345132744,Draw,Non-Win
3825888,Valencia,Center Back,184,1127,0.16326530612244897,Draw,Non-Win
3825888,Valencia,Central Midfield,288,1127,0.25554569653948533,Draw,Non-Win
3825888,Valencia,Defensive Midfield,117,1127,0.10381543921916593,Draw,Non-Win
3825888,Valencia,Fullback,204,1127,0.18101153504880213,Draw,Non-Win
3825888,Valencia,Goalkeeper,41,1127,0.03637976929902396,Draw,Non-Win
3825888,Valencia,Striker,80,1127,0.0709849157054126,Draw,Non-Win
3825888,Valencia,Wide Forward,213,1127,0.18899733806566105,Draw,Non-Win
3825894,Getafe,Center Back,161,1059,0.15203021718602455,Win,Win
3825894,Getafe,Central Midfield,193,1059,0.182247403210576,Win,Win
3825894,Getafe,Defensive Midfield,114,1059,0.10764872521246459,Win,Win
3825894,Getafe,Fullback,197,1059,0.18602455146364494,Win,Win
3825894,Getafe,Goalkeeper,84,1059,0.07932011331444759,Win,Win
3825894,Getafe,Striker,85,1059,0.08026440037771483,Win,Win
3825894,Getafe,Wide Forward,225,1059,0.21246458923512748,Win,Win
3825894,RC Deportivo La Coruña,Center Back,188,1234,0.15235008103727715,Loss,Non-Win
3825894,RC Deportivo La Coruña,Defensive Midfield,243,1234,0.19692058346839547,Loss,Non-Win
3825894,RC Deportivo La Coruña,Fullback,245,1234,0.19854132901134522,Loss,Non-Win
3825894,RC Deportivo La Coruña,Goalkeeper,43,1234,0.03484602917341977,Loss,Non-Win
3825894,RC Deportivo La Coruña,Striker,203,1234,0.16450567260940033,Loss,Non-Win
3825894,RC Deportivo La Coruña,Wide Forward,312,1234,0.25283630470016205,Loss,Non-Win
3825901,Real Madrid,Center Back,286,1640,0.174390243902439,Win,Win
3825901,Real Madrid,Central Midfield,387,1640,0.23597560975609755,Win,Win
3825901,Real Madrid,Defensive Midfield,162,1640,0.09878048780487805,Win,Win
3825901,Real Madrid,Fullback,371,1640,0.22621951219512196,Win,Win
3825901,Real Madrid,Goalkeeper,41,1640,0.025,Win,Win
3825901,Real Madrid,Striker,110,1640,0.06707317073170732,Win,Win
3825901,Real Madrid,Wide Forward,283,1640,0.17256097560975608,Win,Win
3825901,Valencia,Center Back,263,1813,0.1450634307777165,Loss,Non-Win
3825901,Valencia,Central Midfield,518,1813,0.2857142857142857,Loss,Non-Win
3825901,Valencia,Defensive Midfield,234,1813,0.12906784335355764,Loss,Non-Win
3825901,Valencia,Fullback,337,1813,0.18587975730832873,Loss,Non-Win
3825901,Valencia,Goalkeeper,45,1813,0.024820739106453393,Loss,Non-Win
3825901,Valencia,Striker,73,1813,0.04026475455046884,Loss,Non-Win
3825901,Valencia,Wide Forward,343,1813,0.1891891891891892,Loss,Non-Win
3825902,Levante UD,Center Back,239,1236,0.19336569579288027,Loss,Non-Win
3825902,Levante UD,Central Midfield,232,1236,0.18770226537216828,Loss,Non-Win
3825902,Levante UD,Defensive Midfield,115,1236,0.09304207119741101,Loss,Non-Win
3825902,Levante UD,Fullback,223,1236,0.18042071197411003,Loss,Non-Win
3825902,Levante UD,Goalkeeper,100,1236,0.08090614886731391,Loss,Non-Win
3825902,Levante UD,Striker,106,1236,0.08576051779935275,Loss,Non-Win
3825902,Levante UD,Wide Forward,221,1236,0.17880258899676377,Loss,Non-Win
3825902,Rayo Vallecano,Attacking Midfield,69,1599,0.043151969981238276,Win,Win
3825902,Rayo Vallecano,Center Back,234,1599,0.14634146341463414,Win,Win
3825902,Rayo Vallecano,Central Midfield,146,1599,0.09130706691682301,Win,Win
3825902,Rayo Vallecano,Defensive Midfield,372,1599,0.2326454033771107,Win,Win
3825902,Rayo Vallecano,Fullback,303,1599,0.1894934333958724,Win,Win
3825902,Rayo Vallecano,Goalkeeper,90,1599,0.05628517823639775,Win,Win
3825902,Rayo Vallecano,Striker,105,1599,0.06566604127579738,Win,Win
3825902,Rayo Vallecano,Wide Forward,280,1599,0.17510944340212634,Win,Win
3825908,Eibar,Center Back,165,1196,0.13795986622073578,Loss,Non-Win
3825908,Eibar,Defensive Midfield,274,1196,0.22909698996655517,Loss,Non-Win
3825908,Eibar,Fullback,240,1196,0.20066889632107024,Loss,Non-Win
3825908,Eibar,Goalkeeper,67,1196,0.056020066889632104,Loss,Non-Win
3825908,Eibar,Striker,215,1196,0.1797658862876254,Loss,Non-Win
3825908,Eibar,Wide Forward,235,1196,0.19648829431438128,Loss,Non-Win
3825908,Espanyol,Center Back,186,1263,0.14726840855106887,Win,Win
3825908,Espanyol,Central Midfield,246,1263,0.19477434679334918,Win,Win
3825908,Espanyol,Defensive Midfield,109,1263,0.08630245447347586,Win,Win
3825908,Espanyol,Fullback,231,1263,0.1828978622327791,Win,Win
3825908,Espanyol,Goalkeeper,54,1263,0.04275534441805225,Win,Win
3825908,Espanyol,Striker,165,1263,0.13064133016627077,Win,Win
3825908,Espanyol,Wide Forward,272,1263,0.21536025336500395,Win,Win
3827337,Jamshedpur,Attacking Midfield,126,917,0.13740458015267176,Loss,Non-Win
3827337,Jamshedpur,Center Back,114,917,0.12431842966194111,Loss,Non-Win
3827337,Jamshedpur,Defensive Midfield,157,917,0.17121046892039257,Loss,Non-Win
3827337,Jamshedpur,Fullback,199,917,0.21701199563794984,Loss,Non-Win
3827337,Jamshedpur,Goalkeeper,45,917,0.04907306434023991,Loss,Non-Win
3827337,Jamshedpur,Striker,100,917,0.10905125408942203,Loss,Non-Win
3827337,Jamshedpur,Wide Forward,176,917,0.19193020719738277,Loss,Non-Win
3827337,Kerala Blasters,Center Back,136,878,0.1548974943052392,Win,Win
3827337,Kerala Blasters,Central Midfield,5,878,0.0056947608200455585,Win,Win
3827337,Kerala Blasters,Defensive Midfield,159,878,0.18109339407744876,Win,Win
3827337,Kerala Blasters,Fullback,184,878,0.20956719817767655,Win,Win
3827337,Kerala Blasters,Goalkeeper,50,878,0.05694760820045558,Win,Win
3827337,Kerala Blasters,Striker,158,878,0.17995444191343962,Win,Win
3827337,Kerala Blasters,Wide Forward,186,878,0.21184510250569477,Win,Win
3829415,Bastia,Attacking Midfield,68,1164,0.058419243986254296,Win,Win
3829415,Bastia,Center Back,153,1164,0.13144329896907217,Win,Win
3829415,Bastia,Central Midfield,97,1164,0.08333333333333333,Win,Win
3829415,Bastia,Defensive Midfield,230,1164,0.19759450171821305,Win,Win
3829415,Bastia,Fullback,216,1164,0.18556701030927836,Win,Win
3829415,Bastia,Goalkeeper,60,1164,0.05154639175257732,Win,Win
3829415,Bastia,Striker,89,1164,0.07646048109965636,Win,Win
3829415,Bastia,Wide Forward,251,1164,0.21563573883161513,Win,Win
3829415,Rennes,Center Back,365,1203,0.3034081463009144,Loss,Non-Win
3829415,Rennes,Defensive Midfield,217,1203,0.18038237738985868,Loss,Non-Win
3829415,Rennes,Fullback,251,1203,0.2086450540315877,Loss,Non-Win
3829415,Rennes,Goalkeeper,40,1203,0.03325020781379884,Loss,Non-Win
3829415,Rennes,Striker,88,1203,0.07315045719035744,Loss,Non-Win
3829415,Rennes,Wide Forward,242,1203,0.20116375727348296,Loss,Non-Win
3829418,Guingamp,Center Back,178,1164,0.15292096219931273,Loss,Non-Win
3829418,Guingamp,Defensive Midfield,242,1164,0.20790378006872853,Loss,Non-Win
3829418,Guingamp,Fullback,222,1164,0.19072164948453607,Loss,Non-Win
3829418,Guingamp,Goalkeeper,43,1164,0.036941580756013746,Loss,Non-Win
3829418,Guingamp,Striker,250,1164,0.21477663230240548,Loss,Non-Win
3829418,Guingamp,Wide Forward,229,1164,0.19673539518900343,Loss,Non-Win
3829418,Nantes,Center Back,284,1496,0.18983957219251338,Win,Win
3829418,Nantes,Central Midfield,286,1496,0.19117647058823528,Win,Win
3829418,Nantes,Defensive Midfield,176,1496,0.11764705882352941,Win,Win
3829418,Nantes,Fullback,282,1496,0.18850267379679145,Win,Win
3829418,Nantes,Goalkeeper,59,1496,0.03943850267379679,Win,Win
3829418,Nantes,Striker,156,1496,0.10427807486631016,Win,Win
3829418,Nantes,Wide Forward,253,1496,0.16911764705882354,Win,Win
3829421,Saint-Étienne,Center Back,412,1463,0.28161312371838687,Loss,Non-Win
3829421,Saint-Étienne,Defensive Midfield,291,1463,0.19890635680109364,Loss,Non-Win
3829421,Saint-Étienne,Fullback,305,1463,0.20847573479152426,Loss,Non-Win
3829421,Saint-Étienne,Goalkeeper,55,1463,0.03759398496240601,Loss,Non-Win
3829421,Saint-Étienne,Striker,133,1463,0.09090909090909091,Loss,Non-Win
3829421,Saint-Étienne,Wide Forward,267,1463,0.1825017088174983,Loss,Non-Win
3829421,Toulouse,Attacking Midfield,264,1241,0.2127316680096696,Win,Win
3829421,Toulouse,Center Back,190,1241,0.15310233682514102,Win,Win
3829421,Toulouse,Central Midfield,208,1241,0.16760676873489122,Win,Win
3829421,Toulouse,Defensive Midfield,200,1241,0.16116035455278002,Win,Win
3829421,Toulouse,Fullback,183,1241,0.14746172441579372,Win,Win
3829421,Toulouse,Goalkeeper,54,1241,0.043513295729250605,Win,Win
3829421,Toulouse,Striker,100,1241,0.08058017727639001,Win,Win
3829421,Toulouse,Wide Forward,42,1241,0.03384367445608381,Win,Win
3829425,Angers,Center Back,260,1411,0.18426647767540752,Draw,Non-Win
3829425,Angers,Central Midfield,297,1411,0.21048901488306165,Draw,Non-Win
3829425,Angers,Defensive Midfield,115,1411,0.0815024805102764,Draw,Non-Win
3829425,Angers,Fullback,291,1411,0.20623671155209072,Draw,Non-Win
3829425,Angers,Goalkeeper,59,1411,0.041814316087880936,Draw,Non-Win
3829425,Angers,Striker,135,1411,0.0956768249468462,Draw,Non-Win
3829425,Angers,Wide Forward,254,1411,0.18001417434443656,Draw,Non-Win
3829425,Nantes,Center Back,276,1458,0.18930041152263374,Draw,Non-Win
3829425,Nantes,Defensive Midfield,378,1458,0.25925925925925924,Draw,Non-Win
3829425,Nantes,Fullback,251,1458,0.1721536351165981,Draw,Non-Win
3829425,Nantes,Goalkeeper,74,1458,0.05075445816186557,Draw,Non-Win
3829425,Nantes,Striker,224,1458,0.15363511659807957,Draw,Non-Win
3829425,Nantes,Wide Forward,255,1458,0.1748971193415638,Draw,Non-Win
3829426,Guingamp,Attacking Midfield,95,823,0.11543134872417983,Loss,Non-Win
3829426,Guingamp,Center Back,69,823,0.08383961117861483,Loss,Non-Win
3829426,Guingamp,Defensive Midfield,149,823,0.181044957472661,Loss,Non-Win
3829426,Guingamp,Fullback,136,823,0.1652490886998785,Loss,Non-Win
3829426,Guingamp,Goalkeeper,48,823,0.0583232077764277,Loss,Non-Win
3829426,Guingamp,Striker,108,823,0.13122721749696234,Loss,Non-Win
3829426,Guingamp,Wide Forward,218,823,0.2648845686512758,Loss,Non-Win
3829426,Lyon,Attacking Midfield,189,1471,0.12848402447314752,Win,Win
3829426,Lyon,Center Back,237,1471,0.1611148878314072,Win,Win
3829426,Lyon,Central Midfield,397,1471,0.2698844323589395,Win,Win
3829426,Lyon,Defensive Midfield,137,1471,0.09313392250169952,Win,Win
3829426,Lyon,Fullback,271,1471,0.18422841604350781,Win,Win
3829426,Lyon,Goalkeeper,44,1471,0.02991162474507138,Win,Win
3829426,Lyon,Striker,196,1471,0.13324269204622705,Win,Win
3829428,Caen,Center Back,152,1240,0.12258064516129032,Win,Win
3829428,Caen,Central Midfield,289,1240,0.23306451612903226,Win,Win
3829428,Caen,Defensive Midfield,89,1240,0.0717741935483871,Win,Win
3829428,Caen,Fullback,285,1240,0.22983870967741934,Win,Win
3829428,Caen,Goalkeeper,57,1240,0.04596774193548387,Win,Win
3829428,Caen,Striker,134,1240,0.10806451612903226,Win,Win
3829428,Caen,Wide Forward,234,1240,0.18870967741935485,Win,Win
3829428,Toulouse,Attacking Midfield,358,1825,0.19616438356164384,Loss,Non-Win
3829428,Toulouse,Center Back,393,1825,0.21534246575342467,Loss,Non-Win
3829428,Toulouse,Central Midfield,341,1825,0.18684931506849314,Loss,Non-Win
3829428,Toulouse,Defensive Midfield,231,1825,0.12657534246575342,Loss,Non-Win
3829428,Toulouse,Fullback,309,1825,0.16931506849315067,Loss,Non-Win
3829428,Toulouse,Goalkeeper,54,1825,0.02958904109589041,Loss,Non-Win
3829428,Toulouse,Striker,139,1825,0.07616438356164383,Loss,Non-Win
3829431,Bastia,Center Back,122,914,0.13347921225382933,Draw,Non-Win
3829431,Bastia,Central Midfield,152,914,0.16630196936542668,Draw,Non-Win
3829431,Bastia,Defensive Midfield,60,914,0.06564551422319474,Draw,Non-Win
3829431,Bastia,Fullback,174,914,0.19037199124726478,Draw,Non-Win
3829431,Bastia,Goalkeeper,59,914,0.06455142231947483,Draw,Non-Win
3829431,Bastia,Striker,133,914,0.14551422319474835,Draw,Non-Win
3829431,Bastia,Wide Forward,214,914,0.23413566739606126,Draw,Non-Win
3829431,Lorient,Attacking Midfield,24,1918,0.01251303441084463,Draw,Non-Win
3829431,Lorient,Center Back,403,1918,0.21011470281543274,Draw,Non-Win
3829431,Lorient,Defensive Midfield,499,1918,0.2601668404588113,Draw,Non-Win
3829431,Lorient,Fullback,385,1918,0.20072992700729927,Draw,Non-Win
3829431,Lorient,Goalkeeper,58,1918,0.03023983315954119,Draw,Non-Win
3829431,Lorient,Striker,281,1918,0.1465067778936392,Draw,Non-Win
3829431,Lorient,Wide Forward,268,1918,0.1397288842544317,Draw,Non-Win
3829435,Lyon,Attacking Midfield,236,1855,0.12722371967654986,Loss,Non-Win
3829435,Lyon,Center Back,401,1855,0.21617250673854446,Loss,Non-Win
3829435,Lyon,Central Midfield,283,1855,0.15256064690026955,Loss,Non-Win
3829435,Lyon,Defensive Midfield,175,1855,0.09433962264150944,Loss,Non-Win
3829435,Lyon,Fullback,374,1855,0.20161725067385444,Loss,Non-Win
3829435,Lyon,Goalkeeper,82,1855,0.044204851752021566,Loss,Non-Win
3829435,Lyon,Striker,253,1855,0.13638814016172507,Loss,Non-Win
3829435,Lyon,Wide Forward,51,1855,0.027493261455525605,Loss,Non-Win
3829435,Rennes,Center Back,160,900,0.17777777777777778,Win,Win
3829435,Rennes,Defensive Midfield,195,900,0.21666666666666667,Win,Win
3829435,Rennes,Fullback,220,900,0.24444444444444444,Win,Win
3829435,Rennes,Goalkeeper,55,900,0.06111111111111111,Win,Win
3829435,Rennes,Striker,71,900,0.07888888888888888,Win,Win
3829435,Rennes,Wide Forward,199,900,0.22111111111111112,Win,Win
3829437,Angers,Center Back,47,832,0.056490384615384616,Win,Win
3829437,Angers,Central Midfield,235,832,0.2824519230769231,Win,Win
3829437,Angers,Defensive Midfield,52,832,0.0625,Win,Win
3829437,Angers,Fullback,111,832,0.13341346153846154,Win,Win
3829437,Angers,Goalkeeper,40,832,0.04807692307692308,Win,Win
3829437,Angers,Striker,112,832,0.1346153846153846,Win,Win
3829437,Angers,Wide Forward,235,832,0.2824519230769231,Win,Win
3829437,Gazélec Ajaccio,Center Back,301,1666,0.18067226890756302,Loss,Non-Win
3829437,Gazélec Ajaccio,Central Midfield,169,1666,0.1014405762304922,Loss,Non-Win
3829437,Gazélec Ajaccio,Defensive Midfield,302,1666,0.18127250900360145,Loss,Non-Win
3829437,Gazélec Ajaccio,Fullback,349,1666,0.20948379351740695,Loss,Non-Win
3829437,Gazélec Ajaccio,Goalkeeper,108,1666,0.06482593037214886,Loss,Non-Win
3829437,Gazélec Ajaccio,Striker,164,1666,0.09843937575030012,Loss,Non-Win
3829437,Gazélec Ajaccio,Wide Forward,273,1666,0.1638655462184874,Loss,Non-Win
3829438,Caen,Center Back,145,1033,0.1403678606001936,Loss,Non-Win
3829438,Caen,Central Midfield,172,1033,0.1665053242981607,Loss,Non-Win
3829438,Caen,Defensive Midfield,109,1033,0.10551790900290416,Loss,Non-Win
3829438,Caen,Fullback,202,1033,0.19554695062923524,Loss,Non-Win
3829438,Caen,Goalkeeper,35,1033,0.03388189738625363,Loss,Non-Win
3829438,Caen,Striker,153,1033,0.14811229428848016,Loss,Non-Win
3829438,Caen,Wide Forward,217,1033,0.21006776379477252,Loss,Non-Win
3829438,OGC Nice,Attacking Midfield,158,2003,0.07888167748377434,Win,Win
3829438,OGC Nice,Center Back,469,2003,0.23414877683474788,Win,Win
3829438,OGC Nice,Central Midfield,520,2003,0.25961058412381427,Win,Win
3829438,OGC Nice,Defensive Midfield,230,2003,0.11482775836245632,Win,Win
3829438,OGC Nice,Fullback,356,2003,0.17773339990014977,Win,Win
3829438,OGC Nice,Goalkeeper,48,2003,0.023964053919121316,Win,Win
3829438,OGC Nice,Striker,222,2003,0.1108337493759361,Win,Win
3829444,Caen,Center Back,123,908,0.1354625550660793,Loss,Non-Win
3829444,Caen,Central Midfield,166,908,0.1828193832599119,Loss,Non-Win
3829444,Caen,Defensive Midfield,104,908,0.1145374449339207,Loss,Non-Win
3829444,Caen,Fullback,185,908,0.20374449339207049,Loss,Non-Win
3829444,Caen,Goalkeeper,34,908,0.037444933920704845,Loss,Non-Win
3829444,Caen,Striker,111,908,0.1222466960352423,Loss,Non-Win
3829444,Caen,Wide Forward,185,908,0.20374449339207049,Loss,Non-Win
3829444,Lyon,Attacking Midfield,184,1554,0.11840411840411841,Win,Win
3829444,Lyon,Center Back,310,1554,0.1994851994851995,Win,Win
3829444,Lyon,Central Midfield,318,1554,0.20463320463320464,Win,Win
3829444,Lyon,Defensive Midfield,165,1554,0.10617760617760617,Win,Win
3829444,Lyon,Fullback,275,1554,0.17696267696267695,Win,Win
3829444,Lyon,Goalkeeper,51,1554,0.032818532818532815,Win,Win
3829444,Lyon,Striker,251,1554,0.1615186615186615,Win,Win
3829446,Montpellier,Attacking Midfield,328,1596,0.20551378446115287,Draw,Non-Win
3829446,Montpellier,Center Back,234,1596,0.14661654135338345,Draw,Non-Win
3829446,Montpellier,Central Midfield,425,1596,0.26629072681704263,Draw,Non-Win
3829446,Montpellier,Defensive Midfield,137,1596,0.08583959899749373,Draw,Non-Win
3829446,Montpellier,Fullback,336,1596,0.21052631578947367,Draw,Non-Win
3829446,Montpellier,Goalkeeper,37,1596,0.023182957393483708,Draw,Non-Win
3829446,Montpellier,Striker,99,1596,0.06203007518796992,Draw,Non-Win
3829446,Troyes,Center Back,130,1137,0.11433597185576078,Draw,Non-Win
3829446,Troyes,Defensive Midfield,230,1137,0.2022867194371152,Draw,Non-Win
3829446,Troyes,Fullback,227,1137,0.1996481970096746,Draw,Non-Win
3829446,Troyes,Goalkeeper,59,1137,0.051890941072999124,Draw,Non-Win
3829446,Troyes,Striker,238,1137,0.20932277924362358,Draw,Non-Win
3829446,Troyes,Wide Forward,253,1137,0.22251539138082674,Draw,Non-Win
3829453,Bordeaux,Attacking Midfield,95,888,0.10698198198198199,Draw,Non-Win
3829453,Bordeaux,Center Back,113,888,0.12725225225225226,Draw,Non-Win
3829453,Bordeaux,Defensive Midfield,203,888,0.2286036036036036,Draw,Non-Win
3829453,Bordeaux,Fullback,170,888,0.19144144144144143,Draw,Non-Win
3829453,Bordeaux,Goalkeeper,36,888,0.04054054054054054,Draw,Non-Win
3829453,Bordeaux,Striker,80,888,0.09009009009009009,Draw,Non-Win
3829453,Bordeaux,Wide Forward,191,888,0.21509009009009009,Draw,Non-Win
3829453,Paris Saint-Germain,Center Back,455,2153,0.21133302368787737,Draw,Non-Win
3829453,Paris Saint-Germain,Central Midfield,571,2153,0.2652113330236879,Draw,Non-Win
3829453,Paris Saint-Germain,Defensive Midfield,282,2153,0.13098002786809104,Draw,Non-Win
3829453,Paris Saint-Germain,Fullback,310,2153,0.14398513701811425,Draw,Non-Win
3829453,Paris Saint-Germain,Goalkeeper,39,2153,0.018114259173246633,Draw,Non-Win
3829453,Paris Saint-Germain,Striker,90,2153,0.04180213655364608,Draw,Non-Win
3829453,Paris Saint-Germain,Wide Forward,406,2153,0.18857408267533673,Draw,Non-Win
3829454,Lille,Center Back,128,842,0.15201900237529692,Draw,Non-Win
3829454,Lille,Defensive Midfield,181,842,0.21496437054631828,Draw,Non-Win
3829454,Lille,Fullback,192,842,0.22802850356294538,Draw,Non-Win
3829454,Lille,Goalkeeper,53,842,0.06294536817102138,Draw,Non-Win
3829454,Lille,Striker,115,842,0.13657957244655583,Draw,Non-Win
3829454,Lille,Wide Forward,173,842,0.20546318289786222,Draw,Non-Win
3829454,Lyon,Attacking Midfield,180,1486,0.12113055181695828,Draw,Non-Win
3829454,Lyon,Center Back,317,1486,0.2133243606998654,Draw,Non-Win
3829454,Lyon,Central Midfield,297,1486,0.19986541049798115,Draw,Non-Win
3829454,Lyon,Defensive Midfield,94,1486,0.063257065948856,Draw,Non-Win
3829454,Lyon,Fullback,297,1486,0.19986541049798115,Draw,Non-Win
3829454,Lyon,Goalkeeper,83,1486,0.05585464333781965,Draw,Non-Win
3829454,Lyon,Striker,218,1486,0.14670255720053835,Draw,Non-Win
3829456,Angers,Center Back,273,1574,0.17344345616264295,Loss,Non-Win
3829456,Angers,Central Midfield,387,1574,0.24587039390088947,Loss,Non-Win
3829456,Angers,Defensive Midfield,157,1574,0.09974587039390088,Loss,Non-Win
3829456,Angers,Fullback,314,1574,0.19949174078780177,Loss,Non-Win
3829456,Angers,Goalkeeper,41,1574,0.026048284625158832,Loss,Non-Win
3829456,Angers,Striker,123,1574,0.0781448538754765,Loss,Non-Win
3829456,Angers,Wide Forward,279,1574,0.1772554002541296,Loss,Non-Win
3829456,Lorient,Center Back,255,1666,0.15306122448979592,Win,Win
3829456,Lorient,Defensive Midfield,345,1666,0.2070828331332533,Win,Win
3829456,Lorient,Fullback,329,1666,0.19747899159663865,Win,Win
3829456,Lorient,Goalkeeper,59,1666,0.035414165666266505,Win,Win
3829456,Lorient,Striker,285,1666,0.17106842737094838,Win,Win
3829456,Lorient,Wide Forward,393,1666,0.23589435774309725,Win,Win
3829457,Montpellier,Attacking Midfield,163,1314,0.12404870624048706,Loss,Non-Win
3829457,Montpellier,Center Back,186,1314,0.1415525114155251,Loss,Non-Win
3829457,Montpellier,Defensive Midfield,313,1314,0.23820395738203956,Loss,Non-Win
3829457,Montpellier,Fullback,258,1314,0.1963470319634703,Loss,Non-Win
3829457,Montpellier,Goalkeeper,37,1314,0.02815829528158295,Loss,Non-Win
3829457,Montpellier,Striker,105,1314,0.07990867579908675,Loss,Non-Win
3829457,Montpellier,Wide Forward,252,1314,0.1917808219178082,Loss,Non-Win
3829457,Saint-Étienne,Attacking Midfield,181,1272,0.14229559748427673,Win,Win
3829457,Saint-Étienne,Center Back,155,1272,0.12185534591194969,Win,Win
3829457,Saint-Étienne,Defensive Midfield,274,1272,0.21540880503144655,Win,Win
3829457,Saint-Étienne,Fullback,260,1272,0.20440251572327045,Win,Win
3829457,Saint-Étienne,Goalkeeper,45,1272,0.03537735849056604,Win,Win
3829457,Saint-Étienne,Striker,105,1272,0.08254716981132075,Win,Win
3829457,Saint-Étienne,Wide Forward,252,1272,0.19811320754716982,Win,Win
3829468,Gazélec Ajaccio,Center Back,142,923,0.15384615384615385,Loss,Non-Win
3829468,Gazélec Ajaccio,Central Midfield,104,923,0.11267605633802817,Loss,Non-Win
3829468,Gazélec Ajaccio,Defensive Midfield,113,923,0.12242686890574214,Loss,Non-Win
3829468,Gazélec Ajaccio,Fullback,199,923,0.21560130010834236,Loss,Non-Win
3829468,Gazélec Ajaccio,Goalkeeper,76,923,0.08234019501625135,Loss,Non-Win
3829468,Gazélec Ajaccio,Striker,104,923,0.11267605633802817,Loss,Non-Win
3829468,Gazélec Ajaccio,Wide Forward,185,923,0.20043336944745396,Loss,Non-Win
3829468,Guingamp,Center Back,266,1643,0.16189896530736458,Win,Win
3829468,Guingamp,Central Midfield,15,1643,0.009129640900791236,Win,Win
3829468,Guingamp,Defensive Midfield,396,1643,0.24102251978088862,Win,Win
3829468,Guingamp,Fullback,316,1643,0.19233110164333536,Win,Win
3829468,Guingamp,Goalkeeper,37,1643,0.02251978088861838,Win,Win
3829468,Guingamp,Striker,285,1643,0.17346317711503348,Win,Win
3829468,Guingamp,Wide Forward,328,1643,0.19963481436396835,Win,Win
3829479,Caen,Attacking Midfield,107,1232,0.08685064935064934,Loss,Non-Win
3829479,Caen,Center Back,256,1232,0.2077922077922078,Loss,Non-Win
3829479,Caen,Defensive Midfield,308,1232,0.25,Loss,Non-Win
3829479,Caen,Fullback,217,1232,0.17613636363636365,Loss,Non-Win
3829479,Caen,Goalkeeper,30,1232,0.024350649350649352,Loss,Non-Win
3829479,Caen,Striker,100,1232,0.08116883116883117,Loss,Non-Win
3829479,Caen,Wide Forward,214,1232,0.1737012987012987,Loss,Non-Win
3829479,Lorient,Center Back,162,1428,0.1134453781512605,Win,Win
3829479,Lorient,Central Midfield,152,1428,0.10644257703081232,Win,Win
3829479,Lorient,Defensive Midfield,226,1428,0.15826330532212884,Win,Win
3829479,Lorient,Fullback,276,1428,0.19327731092436976,Win,Win
3829479,Lorient,Goalkeeper,84,1428,0.058823529411764705,Win,Win
3829479,Lorient,Striker,187,1428,0.13095238095238096,Win,Win
3829479,Lorient,Wide Forward,341,1428,0.23879551820728293,Win,Win
3829506,Guingamp,Center Back,94,806,0.11662531017369727,Draw,Non-Win
3829506,Guingamp,Defensive Midfield,146,806,0.18114143920595532,Draw,Non-Win
3829506,Guingamp,Fullback,163,806,0.2022332506203474,Draw,Non-Win
3829506,Guingamp,Goalkeeper,30,806,0.03722084367245657,Draw,Non-Win
3829506,Guingamp,Striker,195,806,0.24193548387096775,Draw,Non-Win
3829506,Guingamp,Wide Forward,178,806,0.22084367245657568,Draw,Non-Win
3829506,Lille,Center Back,339,1449,0.23395445134575568,Draw,Non-Win
3829506,Lille,Defensive Midfield,474,1449,0.32712215320910976,Draw,Non-Win
3829506,Lille,Fullback,209,1449,0.14423740510697033,Draw,Non-Win
3829506,Lille,Goalkeeper,46,1449,0.031746031746031744,Draw,Non-Win
3829506,Lille,Striker,122,1449,0.0841959972394755,Draw,Non-Win
3829506,Lille,Wide Forward,259,1449,0.178743961352657,Draw,Non-Win
3829513,Caen,Attacking Midfield,109,1230,0.0886178861788618,Loss,Non-Win
3829513,Caen,Center Back,198,1230,0.16097560975609757,Loss,Non-Win
3829513,Caen,Defensive Midfield,238,1230,0.19349593495934958,Loss,Non-Win
3829513,Caen,Fullback,280,1230,0.22764227642276422,Loss,Non-Win
3829513,Caen,Goalkeeper,38,1230,0.030894308943089432,Loss,Non-Win
3829513,Caen,Striker,128,1230,0.1040650406504065,Loss,Non-Win
3829513,Caen,Wide Forward,239,1230,0.1943089430894309,Loss,Non-Win
3829513,Nantes,Attacking Midfield,150,1085,0.1382488479262673,Win,Win
3829513,Nantes,Center Back,100,1085,0.09216589861751152,Win,Win
3829513,Nantes,Defensive Midfield,162,1085,0.14930875576036867,Win,Win
3829513,Nantes,Fullback,207,1085,0.19078341013824884,Win,Win
3829513,Nantes,Goalkeeper,56,1085,0.05161290322580645,Win,Win
3829513,Nantes,Striker,138,1085,0.1271889400921659,Win,Win
3829513,Nantes,Wide Forward,272,1085,0.25069124423963135,Win,Win
3829515,Bastia,Attacking Midfield,45,1500,0.03,Loss,Non-Win
3829515,Bastia,Center Back,211,1500,0.14066666666666666,Loss,Non-Win
3829515,Bastia,Defensive Midfield,334,1500,0.22266666666666668,Loss,Non-Win
3829515,Bastia,Fullback,257,1500,0.17133333333333334,Loss,Non-Win
3829515,Bastia,Goalkeeper,93,1500,0.062,Loss,Non-Win
3829515,Bastia,Striker,263,1500,0.17533333333333334,Loss,Non-Win
3829515,Bastia,Wide Forward,297,1500,0.198,Loss,Non-Win
3829515,Montpellier,Attacking Midfield,182,1455,0.12508591065292096,Win,Win
3829515,Montpellier,Center Back,269,1455,0.18487972508591066,Win,Win
3829515,Montpellier,Defensive Midfield,328,1455,0.22542955326460482,Win,Win
3829515,Montpellier,Fullback,260,1455,0.17869415807560138,Win,Win
3829515,Montpellier,Goalkeeper,69,1455,0.04742268041237113,Win,Win
3829515,Montpellier,Striker,89,1455,0.061168384879725084,Win,Win
3829515,Montpellier,Wide Forward,258,1455,0.177319587628866,Win,Win
3829516,Lorient,Center Back,167,1438,0.11613351877607789,Draw,Non-Win
3829516,Lorient,Defensive Midfield,367,1438,0.25521557719054244,Draw,Non-Win
3829516,Lorient,Fullback,262,1438,0.18219749652294853,Draw,Non-Win
3829516,Lorient,Goalkeeper,66,1438,0.0458970792767733,Draw,Non-Win
3829516,Lorient,Striker,230,1438,0.1599443671766342,Draw,Non-Win
3829516,Lorient,Wide Forward,346,1438,0.24061196105702365,Draw,Non-Win
3829516,Rennes,Attacking Midfield,215,1682,0.1278240190249703,Draw,Non-Win
3829516,Rennes,Center Back,308,1682,0.18311533888228299,Draw,Non-Win
3829516,Rennes,Defensive Midfield,417,1682,0.2479191438763377,Draw,Non-Win
3829516,Rennes,Fullback,339,1682,0.20154577883472058,Draw,Non-Win
3829516,Rennes,Goalkeeper,30,1682,0.0178359096313912,Draw,Non-Win
3829516,Rennes,Striker,103,1682,0.061236623067776455,Draw,Non-Win
3829516,Rennes,Wide Forward,270,1682,0.1605231866825208,Draw,Non-Win
3829520,AS Monaco,Center Back,234,1296,0.18055555555555555,Win,Win
3829520,AS Monaco,Central Midfield,227,1296,0.17515432098765432,Win,Win
3829520,AS Monaco,Defensive Midfield,145,1296,0.11188271604938271,Win,Win
3829520,AS Monaco,Fullback,216,1296,0.16666666666666666,Win,Win
3829520,AS Monaco,Goalkeeper,65,1296,0.05015432098765432,Win,Win
3829520,AS Monaco,Striker,116,1296,0.08950617283950617,Win,Win
3829520,AS Monaco,Wide Forward,293,1296,0.22608024691358025,Win,Win
3829520,Stade de Reims,Attacking Midfield,190,1649,0.11522134627046694,Loss,Non-Win
3829520,Stade de Reims,Center Back,308,1649,0.18677986658580958,Loss,Non-Win
3829520,Stade de Reims,Defensive Midfield,334,1649,0.2025469981807156,Loss,Non-Win
3829520,Stade de Reims,Fullback,342,1649,0.20739842328684052,Loss,Non-Win
3829520,Stade de Reims,Goalkeeper,56,1649,0.03395997574287447,Loss,Non-Win
3829520,Stade de Reims,Striker,92,1649,0.05579138872043663,Loss,Non-Win
3829520,Stade de Reims,Wide Forward,327,1649,0.19830200121285627,Loss,Non-Win
3829521,Bordeaux,Center Back,227,1500,0.15133333333333332,Win,Win
3829521,Bordeaux,Central Midfield,28,1500,0.018666666666666668,Win,Win
3829521,Bordeaux,Defensive Midfield,337,1500,0.22466666666666665,Win,Win
3829521,Bordeaux,Fullback,288,1500,0.192,Win,Win
3829521,Bordeaux,Goalkeeper,51,1500,0.034,Win,Win
3829521,Bordeaux,Striker,219,1500,0.146,Win,Win
3829521,Bordeaux,Wide Forward,350,1500,0.23333333333333334,Win,Win
3829521,Troyes,Attacking Midfield,133,1297,0.10254433307632999,Loss,Non-Win
3829521,Troyes,Center Back,144,1297,0.1110254433307633,Loss,Non-Win
3829521,Troyes,Defensive Midfield,248,1297,0.19121048573631458,Loss,Non-Win
3829521,Troyes,Fullback,292,1297,0.2251349267540478,Loss,Non-Win
3829521,Troyes,Goalkeeper,80,1297,0.06168080185042406,Loss,Non-Win
3829521,Troyes,Striker,124,1297,0.09560524286815729,Loss,Non-Win
3829521,Troyes,Wide Forward,276,1297,0.212798766383963,Loss,Non-Win
3835332,Netherlands Women's,Attacking Midfield,141,1495,0.09431438127090301,Win,Win
3835332,Netherlands Women's,Center Back,359,1495,0.24013377926421406,Win,Win
3835332,Netherlands Women's,Defensive Midfield,306,1495,0.20468227424749164,Win,Win
3835332,Netherlands Women's,Fullback,260,1495,0.17391304347826086,Win,Win
3835332,Netherlands Women's,Goalkeeper,33,1495,0.022073578595317726,Win,Win
3835332,Netherlands Women's,Striker,112,1495,0.07491638795986622,Win,Win
3835332,Netherlands Women's,Wide Forward,284,1495,0.18996655518394648,Win,Win
3835332,Portugal Women's,Attacking Midfield,27,864,0.03125,Loss,Non-Win
3835332,Portugal Women's,Center Back,168,864,0.19444444444444445,Loss,Non-Win
3835332,Portugal Women's,Central Midfield,170,864,0.19675925925925927,Loss,Non-Win
3835332,Portugal Women's,Defensive Midfield,50,864,0.05787037037037037,Loss,Non-Win
3835332,Portugal Women's,Fullback,169,864,0.19560185185185186,Loss,Non-Win
3835332,Portugal Women's,Goalkeeper,49,864,0.056712962962962965,Loss,Non-Win
3835332,Portugal Women's,Striker,102,864,0.11805555555555555,Loss,Non-Win
3835332,Portugal Women's,Wide Forward,129,864,0.14930555555555555,Loss,Non-Win
3835334,Iceland Women's,Center Back,127,667,0.1904047976011994,Draw,Non-Win
3835334,Iceland Women's,Central Midfield,115,667,0.1724137931034483,Draw,Non-Win
3835334,Iceland Women's,Defensive Midfield,42,667,0.06296851574212893,Draw,Non-Win
3835334,Iceland Women's,Fullback,104,667,0.15592203898050974,Draw,Non-Win
3835334,Iceland Women's,Goalkeeper,69,667,0.10344827586206896,Draw,Non-Win
3835334,Iceland Women's,Striker,51,667,0.07646176911544228,Draw,Non-Win
3835334,Iceland Women's,Wide Forward,159,667,0.2383808095952024,Draw,Non-Win
3835334,Italy Women's,Center Back,271,1430,0.18951048951048952,Draw,Non-Win
3835334,Italy Women's,Defensive Midfield,309,1430,0.21608391608391608,Draw,Non-Win
3835334,Italy Women's,Fullback,328,1430,0.22937062937062938,Draw,Non-Win
3835334,Italy Women's,Goalkeeper,65,1430,0.045454545454545456,Draw,Non-Win
3835334,Italy Women's,Striker,230,1430,0.16083916083916083,Draw,Non-Win
3835334,Italy Women's,Wide Forward,227,1430,0.15874125874125875,Draw,Non-Win
3835337,Denmark Women's,Center Back,142,689,0.20609579100145137,Loss,Non-Win
3835337,Denmark Women's,Central Midfield,144,689,0.20899854862119013,Loss,Non-Win
3835337,Denmark Women's,Fullback,142,689,0.20609579100145137,Loss,Non-Win
3835337,Denmark Women's,Goalkeeper,36,689,0.05224963715529753,Loss,Non-Win
3835337,Denmark Women's,Striker,97,689,0.14078374455732948,Loss,Non-Win
3835337,Denmark Women's,Wide Forward,128,689,0.18577648766328012,Loss,Non-Win
3835337,Spain Women's,Attacking Midfield,9,2186,0.004117108874656907,Win,Win
3835337,Spain Women's,Center Back,542,2186,0.24794144556267156,Win,Win
3835337,Spain Women's,Central Midfield,447,2186,0.20448307410795974,Win,Win
3835337,Spain Women's,Defensive Midfield,297,2186,0.13586459286367794,Win,Win
3835337,Spain Women's,Fullback,564,2186,0.25800548947849955,Win,Win
3835337,Spain Women's,Goalkeeper,24,2186,0.010978956999085087,Win,Win
3835337,Spain Women's,Striker,33,2186,0.015096065873741994,Win,Win
3835337,Spain Women's,Wide Forward,270,2186,0.12351326623970722,Win,Win
3837839,Paris Saint-Germain,Attacking Midfield,156,2161,0.07218880148079593,Draw,Non-Win
3837839,Paris Saint-Germain,Center Back,404,2161,0.1869504858861638,Draw,Non-Win
3837839,Paris Saint-Germain,Central Midfield,179,2161,0.08283202221193892,Draw,Non-Win
3837839,Paris Saint-Germain,Defensive Midfield,397,2161,0.18371124479407683,Draw,Non-Win
3837839,Paris Saint-Germain,Fullback,455,2161,0.2105506709856548,Draw,Non-Win
3837839,Paris Saint-Germain,Goalkeeper,79,2161,0.036557149467838966,Draw,Non-Win
3837839,Paris Saint-Germain,Striker,275,2161,0.12725590004627488,Draw,Non-Win
3837839,Paris Saint-Germain,Wide Forward,216,2161,0.0999537251272559,Draw,Non-Win
3837839,Stade de Reims,Center Back,209,1508,0.13859416445623343,Draw,Non-Win
3837839,Stade de Reims,Central Midfield,328,1508,0.21750663129973474,Draw,Non-Win
3837839,Stade de Reims,Defensive Midfield,189,1508,0.1253315649867374,Draw,Non-Win
3837839,Stade de Reims,Fullback,322,1508,0.21352785145888595,Draw,Non-Win
3837839,Stade de Reims,Goalkeeper,42,1508,0.027851458885941646,Draw,Non-Win
3837839,Stade de Reims,Striker,81,1508,0.05371352785145889,Draw,Non-Win
3837839,Stade de Reims,Wide Forward,337,1508,0.22347480106100795,Draw,Non-Win
3837918,Paris Saint-Germain,Center Back,585,1985,0.2947103274559194,Loss,Non-Win
3837918,Paris Saint-Germain,Central Midfield,344,1985,0.17329974811083124,Loss,Non-Win
3837918,Paris Saint-Germain,Defensive Midfield,309,1985,0.15566750629722922,Loss,Non-Win
3837918,Paris Saint-Germain,Fullback,283,1985,0.14256926952141058,Loss,Non-Win
3837918,Paris Saint-Germain,Goalkeeper,58,1985,0.029219143576826197,Loss,Non-Win
3837918,Paris Saint-Germain,Striker,238,1985,0.1198992443324937,Loss,Non-Win
3837918,Paris Saint-Germain,Wide Forward,168,1985,0.08463476070528968,Loss,Non-Win
3837918,Rennes,Center Back,319,1264,0.252373417721519,Win,Win
3837918,Rennes,Defensive Midfield,300,1264,0.23734177215189872,Win,Win
3837918,Rennes,Fullback,221,1264,0.17484177215189872,Win,Win
3837918,Rennes,Goalkeeper,87,1264,0.06882911392405064,Win,Win
3837918,Rennes,Striker,101,1264,0.07990506329113924,Win,Win
3837918,Rennes,Wide Forward,236,1264,0.18670886075949367,Win,Win
3837947,Lens,Attacking Midfield,66,1335,0.04943820224719101,Loss,Non-Win
3837947,Lens,Center Back,375,1335,0.2808988764044944,Loss,Non-Win
3837947,Lens,Central Midfield,210,1335,0.15730337078651685,Loss,Non-Win
3837947,Lens,Defensive Midfield,283,1335,0.21198501872659176,Loss,Non-Win
3837947,Lens,Fullback,252,1335,0.18876404494382024,Loss,Non-Win
3837947,Lens,Goalkeeper,52,1335,0.03895131086142322,Loss,Non-Win
3837947,Lens,Striker,75,1335,0.056179775280898875,Loss,Non-Win
3837947,Lens,Wide Forward,22,1335,0.01647940074906367,Loss,Non-Win
3837947,Paris Saint-Germain,Center Back,492,2183,0.22537792029317452,Win,Win
3837947,Paris Saint-Germain,Central Midfield,81,2183,0.03710490151168117,Win,Win
3837947,Paris Saint-Germain,Defensive Midfield,527,2183,0.24141090242785157,Win,Win
3837947,Paris Saint-Germain,Fullback,372,2183,0.17040769583142465,Win,Win
3837947,Paris Saint-Germain,Goalkeeper,31,2183,0.014200641319285386,Win,Win
3837947,Paris Saint-Germain,Striker,445,2183,0.2038479157123225,Win,Win
3837947,Paris Saint-Germain,Wide Forward,235,2183,0.10765002290426019,Win,Win
3844384,England Women's,Attacking Midfield,81,1470,0.05510204081632653,Win,Win
3844384,England Women's,Center Back,366,1470,0.24897959183673468,Win,Win
3844384,England Women's,Defensive Midfield,286,1470,0.1945578231292517,Win,Win
3844384,England Women's,Fullback,320,1470,0.21768707482993196,Win,Win
3844384,England Women's,Goalkeeper,65,1470,0.04421768707482993,Win,Win
3844384,England Women's,Striker,94,1470,0.06394557823129252,Win,Win
3844384,England Women's,Wide Forward,258,1470,0.17551020408163265,Win,Win
3844384,Spain Women's,Attacking Midfield,103,1920,0.05364583333333333,Loss,Non-Win
3844384,Spain Women's,Center Back,423,1920,0.2203125,Loss,Non-Win
3844384,Spain Women's,Central Midfield,223,1920,0.11614583333333334,Loss,Non-Win
3844384,Spain Women's,Defensive Midfield,261,1920,0.1359375,Loss,Non-Win
3844384,Spain Women's,Fullback,365,1920,0.19010416666666666,Loss,Non-Win
3844384,Spain Women's,Goalkeeper,70,1920,0.036458333333333336,Loss,Non-Win
3844384,Spain Women's,Striker,123,1920,0.0640625,Loss,Non-Win
3844384,Spain Women's,Wide Forward,352,1920,0.18333333333333332,Loss,Non-Win
3845507,France Women's,Attacking Midfield,92,1276,0.07210031347962383,Loss,Non-Win
3845507,France Women's,Center Back,242,1276,0.1896551724137931,Loss,Non-Win
3845507,France Women's,Defensive Midfield,215,1276,0.16849529780564262,Loss,Non-Win
3845507,France Women's,Fullback,307,1276,0.24059561128526646,Loss,Non-Win
3845507,France Women's,Goalkeeper,44,1276,0.034482758620689655,Loss,Non-Win
3845507,France Women's,Striker,113,1276,0.08855799373040753,Loss,Non-Win
3845507,France Women's,Wide Forward,263,1276,0.2061128526645768,Loss,Non-Win
3845507,Germany Women's,Center Back,292,1208,0.24172185430463577,Win,Win
3845507,Germany Women's,Central Midfield,244,1208,0.20198675496688742,Win,Win
3845507,Germany Women's,Defensive Midfield,83,1208,0.06870860927152318,Win,Win
3845507,Germany Women's,Fullback,225,1208,0.18625827814569537,Win,Win
3845507,Germany Women's,Goalkeeper,96,1208,0.07947019867549669,Win,Win
3845507,Germany Women's,Striker,90,1208,0.07450331125827815,Win,Win
3845507,Germany Women's,Wide Forward,178,1208,0.14735099337748345,Win,Win
3847567,England Women's,Attacking Midfield,101,1313,0.07692307692307693,Win,Win
3847567,England Women's,Center Back,295,1313,0.22467631378522468,Win,Win
3847567,England Women's,Defensive Midfield,235,1313,0.178979436405179,Win,Win
3847567,England Women's,Fullback,310,1313,0.2361005331302361,Win,Win
3847567,England Women's,Goalkeeper,74,1313,0.05635948210205636,Win,Win
3847567,England Women's,Striker,103,1313,0.07844630616907845,Win,Win
3847567,England Women's,Wide Forward,195,1313,0.1485148514851485,Win,Win
3847567,Germany Women's,Attacking Midfield,4,1320,0.0030303030303030303,Loss,Non-Win
3847567,Germany Women's,Center Back,282,1320,0.21363636363636362,Loss,Non-Win
3847567,Germany Women's,Central Midfield,320,1320,0.24242424242424243,Loss,Non-Win
3847567,Germany Women's,Defensive Midfield,101,1320,0.07651515151515151,Loss,Non-Win
3847567,Germany Women's,Fullback,237,1320,0.17954545454545454,Loss,Non-Win
3847567,Germany Women's,Goalkeeper,78,1320,0.05909090909090909,Loss,Non-Win
3847567,Germany Women's,Striker,88,1320,0.06666666666666667,Loss,Non-Win
3847567,Germany Women's,Wide Forward,210,1320,0.1590909090909091,Loss,Non-Win
3857257,Australia,Attacking Midfield,28,906,0.03090507726269316,Win,Win
3857257,Australia,Center Back,101,906,0.11147902869757174,Win,Win
3857257,Australia,Defensive Midfield,144,906,0.15894039735099338,Win,Win
3857257,Australia,Fullback,179,906,0.19757174392935983,Win,Win
3857257,Australia,Goalkeeper,68,906,0.07505518763796909,Win,Win
3857257,Australia,Striker,164,906,0.18101545253863136,Win,Win
3857257,Australia,Wide Forward,222,906,0.24503311258278146,Win,Win
3857257,Denmark,Center Back,578,2017,0.28656420426375806,Loss,Non-Win
3857257,Denmark,Central Midfield,272,2017,0.13485374318294496,Loss,Non-Win
3857257,Denmark,Defensive Midfield,262,2017,0.12989588497768964,Loss,Non-Win
3857257,Denmark,Fullback,437,2017,0.2166584035696579,Loss,Non-Win
3857257,Denmark,Goalkeeper,97,2017,0.0480912245909767,Loss,Non-Win
3857257,Denmark,Striker,123,2017,0.060981655924640554,Loss,Non-Win
3857257,Denmark,Wide Forward,248,2017,0.12295488349033218,Loss,Non-Win
3857270,Portugal,Attacking Midfield,131,1735,0.07550432276657061,Win,Win
3857270,Portugal,Center Back,307,1735,0.17694524495677233,Win,Win
3857270,Portugal,Central Midfield,338,1735,0.19481268011527378,Win,Win
3857270,Portugal,Defensive Midfield,195,1735,0.11239193083573487,Win,Win
3857270,Portugal,Fullback,320,1735,0.1844380403458213,Win,Win
3857270,Portugal,Goalkeeper,92,1735,0.05302593659942363,Win,Win
3857270,Portugal,Striker,227,1735,0.130835734870317,Win,Win
3857270,Portugal,Wide Forward,125,1735,0.07204610951008646,Win,Win
3857270,Uruguay,Center Back,282,1074,0.26256983240223464,Loss,Non-Win
3857270,Uruguay,Central Midfield,92,1074,0.0856610800744879,Loss,Non-Win
3857270,Uruguay,Defensive Midfield,225,1074,0.20949720670391062,Loss,Non-Win
3857270,Uruguay,Fullback,185,1074,0.17225325884543763,Loss,Non-Win
3857270,Uruguay,Goalkeeper,49,1074,0.04562383612662942,Loss,Non-Win
3857270,Uruguay,Striker,142,1074,0.13221601489757914,Loss,Non-Win
3857270,Uruguay,Wide Forward,99,1074,0.09217877094972067,Loss,Non-Win
3857272,England,Attacking Midfield,110,1612,0.06823821339950373,Draw,Non-Win
3857272,England,Center Back,462,1612,0.2866004962779156,Draw,Non-Win
3857272,England,Defensive Midfield,291,1612,0.1805210918114144,Draw,Non-Win
3857272,England,Fullback,382,1612,0.2369727047146402,Draw,Non-Win
3857272,England,Goalkeeper,61,1612,0.03784119106699752,Draw,Non-Win
3857272,England,Striker,97,1612,0.06017369727047146,Draw,Non-Win
3857272,England,Wide Forward,209,1612,0.12965260545905707,Draw,Non-Win
3857272,United States,Center Back,321,1279,0.2509773260359656,Draw,Non-Win
3857272,United States,Defensive Midfield,207,1279,0.16184519155590305,Draw,Non-Win
3857272,United States,Fullback,253,1279,0.19781078967943705,Draw,Non-Win
3857272,United States,Goalkeeper,86,1279,0.06724003127443315,Draw,Non-Win
3857272,United States,Striker,165,1279,0.12900703674745895,Draw,Non-Win
3857272,United States,Wide Forward,247,1279,0.1931196247068022,Draw,Non-Win
3857275,France,Attacking Midfield,91,1864,0.04881974248927039,Loss,Non-Win
3857275,France,Center Back,406,1864,0.21781115879828325,Loss,Non-Win
3857275,France,Central Midfield,231,1864,0.12392703862660945,Loss,Non-Win
3857275,France,Defensive Midfield,306,1864,0.16416309012875535,Loss,Non-Win
3857275,France,Fullback,385,1864,0.2065450643776824,Loss,Non-Win
3857275,France,Goalkeeper,54,1864,0.028969957081545063,Loss,Non-Win
3857275,France,Striker,72,1864,0.03862660944206009,Loss,Non-Win
3857275,France,Wide Forward,319,1864,0.17113733905579398,Loss,Non-Win
3857275,Tunisia,Attacking Midfield,170,965,0.17616580310880828,Win,Win
3857275,Tunisia,Center Back,233,965,0.24145077720207253,Win,Win
3857275,Tunisia,Defensive Midfield,225,965,0.23316062176165803,Win,Win
3857275,Tunisia,Fullback,241,965,0.24974093264248703,Win,Win
3857275,Tunisia,Goalkeeper,27,965,0.027979274611398965,Win,Win
3857275,Tunisia,Striker,69,965,0.07150259067357513,Win,Win
3857278,Iran,Attacking Midfield,52,1341,0.03877703206562267,Loss,Non-Win
3857278,Iran,Center Back,323,1341,0.24086502609992544,Loss,Non-Win
3857278,Iran,Central Midfield,97,1341,0.07233407904548844,Loss,Non-Win
3857278,Iran,Defensive Midfield,195,1341,0.14541387024608501,Loss,Non-Win
3857278,Iran,Fullback,310,1341,0.23117076808351977,Loss,Non-Win
3857278,Iran,Goalkeeper,54,1341,0.040268456375838924,Loss,Non-Win
3857278,Iran,Striker,90,1341,0.06711409395973154,Loss,Non-Win
3857278,Iran,Wide Forward,220,1341,0.16405667412378822,Loss,Non-Win
3857278,United States,Center Back,296,1461,0.2026009582477755,Win,Win
3857278,United States,Central Midfield,225,1461,0.1540041067761807,Win,Win
3857278,United States,Defensive Midfield,198,1461,0.13552361396303902,Win,Win
3857278,United States,Fullback,322,1461,0.22039698836413416,Win,Win
3857278,United States,Goalkeeper,62,1461,0.04243668720054757,Win,Win
3857278,United States,Striker,123,1461,0.08418891170431211,Win,Win
3857278,United States,Wide Forward,235,1461,0.16084873374401096,Win,Win
3857287,South Korea,Attacking Midfield,121,1272,0.09512578616352202,Draw,Non-Win
3857287,South Korea,Center Back,244,1272,0.1918238993710692,Draw,Non-Win
3857287,South Korea,Defensive Midfield,327,1272,0.25707547169811323,Draw,Non-Win
3857287,South Korea,Fullback,207,1272,0.16273584905660377,Draw,Non-Win
3857287,South Korea,Goalkeeper,61,1272,0.0479559748427673,Draw,Non-Win
3857287,South Korea,Striker,81,1272,0.06367924528301887,Draw,Non-Win
3857287,South Korea,Wide Forward,231,1272,0.18160377358490565,Draw,Non-Win
3857287,Uruguay,Center Back,414,1568,0.26403061224489793,Draw,Non-Win
3857287,Uruguay,Central Midfield,171,1568,0.1090561224489796,Draw,Non-Win
3857287,Uruguay,Defensive Midfield,314,1568,0.2002551020408163,Draw,Non-Win
3857287,Uruguay,Fullback,327,1568,0.20854591836734693,Draw,Non-Win
3857287,Uruguay,Goalkeeper,46,1568,0.029336734693877552,Draw,Non-Win
3857287,Uruguay,Striker,109,1568,0.06951530612244898,Draw,Non-Win
3857287,Uruguay,Wide Forward,187,1568,0.11926020408163265,Draw,Non-Win
3857289,Argentina,Center Back,373,1585,0.23533123028391167,Win,Win
3857289,Argentina,Central Midfield,43,1585,0.027129337539432176,Win,Win
3857289,Argentina,Defensive Midfield,397,1585,0.2504731861198738,Win,Win
3857289,Argentina,Fullback,266,1585,0.16782334384858044,Win,Win
3857289,Argentina,Goalkeeper,52,1585,0.032807570977917984,Win,Win
3857289,Argentina,Striker,231,1585,0.14574132492113565,Win,Win
3857289,Argentina,Wide Forward,223,1585,0.14069400630914827,Win,Win
3857289,Mexico,Attacking Midfield,33,1111,0.0297029702970297,Loss,Non-Win
3857289,Mexico,Center Back,357,1111,0.3213321332133213,Loss,Non-Win
3857289,Mexico,Central Midfield,109,1111,0.09810981098109811,Loss,Non-Win
3857289,Mexico,Defensive Midfield,165,1111,0.1485148514851485,Loss,Non-Win
3857289,Mexico,Fullback,171,1111,0.15391539153915393,Loss,Non-Win
3857289,Mexico,Goalkeeper,63,1111,0.05670567056705671,Loss,Non-Win
3857289,Mexico,Striker,144,1111,0.12961296129612962,Loss,Non-Win
3857289,Mexico,Wide Forward,69,1111,0.062106210621062106,Loss,Non-Win
3857293,Ghana,Attacking Midfield,120,1390,0.08633093525179857,Loss,Non-Win
3857293,Ghana,Center Back,272,1390,0.19568345323741007,Loss,Non-Win
3857293,Ghana,Defensive Midfield,407,1390,0.29280575539568343,Loss,Non-Win
3857293,Ghana,Fullback,265,1390,0.1906474820143885,Loss,Non-Win
3857293,Ghana,Goalkeeper,42,1390,0.030215827338129497,Loss,Non-Win
3857293,Ghana,Striker,80,1390,0.05755395683453238,Loss,Non-Win
3857293,Ghana,Wide Forward,204,1390,0.14676258992805755,Loss,Non-Win
3857293,Uruguay,Center Back,195,1258,0.15500794912559618,Win,Win
3857293,Uruguay,Defensive Midfield,359,1258,0.28537360890302066,Win,Win
3857293,Uruguay,Fullback,252,1258,0.20031796502384738,Win,Win
3857293,Uruguay,Goalkeeper,52,1258,0.04133545310015898,Win,Win
3857293,Uruguay,Striker,197,1258,0.15659777424483307,Win,Win
3857293,Uruguay,Wide Forward,203,1258,0.16136724960254373,Win,Win
3857297,Poland,Attacking Midfield,39,871,0.04477611940298507,Win,Win
3857297,Poland,Center Back,157,871,0.18025258323765786,Win,Win
3857297,Poland,Defensive Midfield,126,871,0.1446613088404133,Win,Win
3857297,Poland,Fullback,162,871,0.1859931113662457,Win,Win
3857297,Poland,Goalkeeper,76,871,0.08725602755453502,Win,Win
3857297,Poland,Striker,140,871,0.16073478760045926,Win,Win
3857297,Poland,Wide Forward,171,871,0.19632606199770378,Win,Win
3857297,Saudi Arabia,Attacking Midfield,165,1622,0.10172626387176326,Loss,Non-Win
3857297,Saudi Arabia,Center Back,304,1622,0.187422934648582,Loss,Non-Win
3857297,Saudi Arabia,Defensive Midfield,367,1622,0.22626387176325524,Loss,Non-Win
3857297,Saudi Arabia,Fullback,343,1622,0.21146732429099876,Loss,Non-Win
3857297,Saudi Arabia,Goalkeeper,47,1622,0.028976572133168926,Loss,Non-Win
3857297,Saudi Arabia,Striker,76,1622,0.0468557336621455,Loss,Non-Win
3857297,Saudi Arabia,Wide Forward,320,1622,0.19728729963008632,Loss,Non-Win
3857299,Ghana,Attacking Midfield,74,944,0.07838983050847458,Win,Win
3857299,Ghana,Center Back,215,944,0.2277542372881356,Win,Win
3857299,Ghana,Defensive Midfield,245,944,0.2595338983050847,Win,Win
3857299,Ghana,Fullback,163,944,0.17266949152542374,Win,Win
3857299,Ghana,Goalkeeper,36,944,0.038135593220338986,Win,Win
3857299,Ghana,Striker,56,944,0.059322033898305086,Win,Win
3857299,Ghana,Wide Forward,155,944,0.1641949152542373,Win,Win
3857299,South Korea,Attacking Midfield,100,1661,0.060204695966285374,Loss,Non-Win
3857299,South Korea,Center Back,376,1661,0.22636965683323299,Loss,Non-Win
3857299,South Korea,Defensive Midfield,473,1661,0.2847682119205298,Loss,Non-Win
3857299,South Korea,Fullback,355,1661,0.21372667068031306,Loss,Non-Win
3857299,South Korea,Goalkeeper,59,1661,0.03552077062010837,Loss,Non-Win
3857299,South Korea,Striker,80,1661,0.048163756773028296,Loss,Non-Win
3857299,South Korea,Wide Forward,218,1661,0.1312462372065021,Loss,Non-Win
3857301,Qatar,Center Back,427,1258,0.3394276629570747,Loss,Non-Win
3857301,Qatar,Central Midfield,239,1258,0.18998410174880764,Loss,Non-Win
3857301,Qatar,Defensive Midfield,108,1258,0.08585055643879173,Loss,Non-Win
3857301,Qatar,Fullback,204,1258,0.16216216216216217,Loss,Non-Win
3857301,Qatar,Goalkeeper,65,1258,0.051669316375198726,Loss,Non-Win
3857301,Qatar,Striker,215,1258,0.17090620031796502,Loss,Non-Win
3857301,Senegal,Attacking Midfield,69,1568,0.04400510204081633,Win,Win
3857301,Senegal,Center Back,384,1568,0.24489795918367346,Win,Win
3857301,Senegal,Central Midfield,73,1568,0.046556122448979595,Win,Win
3857301,Senegal,Defensive Midfield,282,1568,0.1798469387755102,Win,Win
3857301,Senegal,Fullback,387,1568,0.24681122448979592,Win,Win
3857301,Senegal,Goalkeeper,66,1568,0.042091836734693876,Win,Win
3857301,Senegal,Striker,82,1568,0.05229591836734694,Win,Win
3857301,Senegal,Wide Forward,225,1568,0.1434948979591837,Win,Win
3869117,Netherlands,Attacking Midfield,102,1142,0.0893169877408056,Win,Win
3869117,Netherlands,Center Back,311,1142,0.2723292469352014,Win,Win
3869117,Netherlands,Defensive Midfield,193,1142,0.1690017513134851,Win,Win
3869117,Netherlands,Fullback,235,1142,0.20577933450087565,Win,Win
3869117,Netherlands,Goalkeeper,73,1142,0.063922942206655,Win,Win
3869117,Netherlands,Striker,228,1142,0.19964973730297722,Win,Win
3869117,United States,Center Back,408,1741,0.23434807581849512,Loss,Non-Win
3869117,United States,Central Midfield,312,1741,0.17920735209649627,Loss,Non-Win
3869117,United States,Defensive Midfield,216,1741,0.12406662837449742,Loss,Non-Win
3869117,United States,Fullback,356,1741,0.2044801838024124,Loss,Non-Win
3869117,United States,Goalkeeper,54,1741,0.031016657093624354,Loss,Non-Win
3869117,United States,Striker,118,1741,0.06777713957495692,Loss,Non-Win
3869117,United States,Wide Forward,277,1741,0.15910396323951753,Loss,Non-Win
3869118,England,Attacking Midfield,1,1793,0.0005577244841048522,Win,Win
3869118,England,Center Back,487,1793,0.271611823759063,Win,Win
3869118,England,Central Midfield,262,1793,0.14612381483547127,Win,Win
3869118,England,Defensive Midfield,165,1793,0.09202453987730061,Win,Win
3869118,England,Fullback,372,1793,0.20747350808700502,Win,Win
3869118,England,Goalkeeper,114,1793,0.06358059118795314,Win,Win
3869118,England,Striker,119,1793,0.06636921360847742,Win,Win
3869118,England,Wide Forward,273,1793,0.15225878416062466,Win,Win
3869118,Senegal,Attacking Midfield,120,1086,0.11049723756906077,Loss,Non-Win
3869118,Senegal,Center Back,258,1086,0.23756906077348067,Loss,Non-Win
3869118,Senegal,Defensive Midfield,247,1086,0.2274401473296501,Loss,Non-Win
3869118,Senegal,Fullback,198,1086,0.18232044198895028,Loss,Non-Win
3869118,Senegal,Goalkeeper,50,1086,0.04604051565377532,Loss,Non-Win
3869118,Senegal,Striker,60,1086,0.055248618784530384,Loss,Non-Win
3869118,Senegal,Wide Forward,153,1086,0.1408839779005525,Loss,Non-Win
3869219,Croatia,Center Back,482,2107,0.22876127195064072,Draw,Non-Win
3869219,Croatia,Central Midfield,450,2107,0.21357380161366873,Draw,Non-Win
3869219,Croatia,Defensive Midfield,355,2107,0.1684859990507831,Draw,Non-Win
3869219,Croatia,Fullback,397,2107,0.18841955386805886,Draw,Non-Win
3869219,Croatia,Goalkeeper,80,2107,0.037968675842429994,Draw,Non-Win
3869219,Croatia,Striker,98,2107,0.046511627906976744,Draw,Non-Win
3869219,Croatia,Wide Forward,245,2107,0.11627906976744186,Draw,Non-Win
3869219,Japan,Center Back,437,1543,0.2832145171743357,Draw,Non-Win
3869219,Japan,Defensive Midfield,354,1543,0.22942320155541154,Draw,Non-Win
3869219,Japan,Fullback,310,1543,0.20090732339598186,Draw,Non-Win
3869219,Japan,Goalkeeper,61,1543,0.03953337653920933,Draw,Non-Win
3869219,Japan,Striker,87,1543,0.056383668178872325,Draw,Non-Win
3869219,Japan,Wide Forward,294,1543,0.19053791315618923,Draw,Non-Win
3869486,Morocco,Center Back,93,695,0.13381294964028778,Win,Win
3869486,Morocco,Central Midfield,100,695,0.14388489208633093,Win,Win
3869486,Morocco,Defensive Midfield,65,695,0.09352517985611511,Win,Win
3869486,Morocco,Fullback,149,695,0.2143884892086331,Win,Win
3869486,Morocco,Goalkeeper,55,695,0.07913669064748201,Win,Win
3869486,Morocco,Striker,76,695,0.1093525179856115,Win,Win
3869486,Morocco,Wide Forward,157,695,0.22589928057553957,Win,Win
3869486,Portugal,Attacking Midfield,28,2020,0.013861386138613862,Loss,Non-Win
3869486,Portugal,Center Back,536,2020,0.26534653465346536,Loss,Non-Win
3869486,Portugal,Central Midfield,212,2020,0.10495049504950495,Loss,Non-Win
3869486,Portugal,Defensive Midfield,495,2020,0.24504950495049505,Loss,Non-Win
3869486,Portugal,Fullback,356,2020,0.17623762376237623,Loss,Non-Win
3869486,Portugal,Goalkeeper,40,2020,0.019801980198019802,Loss,Non-Win
3869486,Portugal,Striker,57,2020,0.02821782178217822,Loss,Non-Win
3869486,Portugal,Wide Forward,296,2020,0.14653465346534653,Loss,Non-Win
3869684,Croatia,Attacking Midfield,92,1458,0.06310013717421124,Win,Win
3869684,Croatia,Center Back,370,1458,0.25377229080932784,Win,Win
3869684,Croatia,Defensive Midfield,386,1458,0.26474622770919065,Win,Win
3869684,Croatia,Fullback,240,1458,0.1646090534979424,Win,Win
3869684,Croatia,Goalkeeper,60,1458,0.0411522633744856,Win,Win
3869684,Croatia,Striker,97,1458,0.06652949245541838,Win,Win
3869684,Croatia,Wide Forward,213,1458,0.14609053497942387,Win,Win
3869684,Morocco,Center Back,296,1446,0.20470262793914246,Loss,Non-Win
3869684,Morocco,Central Midfield,258,1446,0.17842323651452283,Loss,Non-Win
3869684,Morocco,Defensive Midfield,137,1446,0.09474412171507607,Loss,Non-Win
3869684,Morocco,Fullback,327,1446,0.22614107883817428,Loss,Non-Win
3869684,Morocco,Goalkeeper,93,1446,0.06431535269709543,Loss,Non-Win
3869684,Morocco,Striker,51,1446,0.035269709543568464,Loss,Non-Win
3869684,Morocco,Wide Forward,284,1446,0.19640387275242047,Loss,Non-Win
3877060,Inter Miami,Center Back,384,1359,0.282560706401766,Win,Win
3877060,Inter Miami,Defensive Midfield,268,1359,0.19720382634289918,Win,Win
3877060,Inter Miami,Fullback,266,1359,0.19573215599705665,Win,Win
3877060,Inter Miami,Goalkeeper,87,1359,0.0640176600441501,Win,Win
3877060,Inter Miami,Striker,120,1359,0.08830022075055188,Win,Win
3877060,Inter Miami,Wide Forward,234,1359,0.17218543046357615,Win,Win
3877060,New York Red Bulls,Attacking Midfield,55,1394,0.03945480631276901,Loss,Non-Win
3877060,New York Red Bulls,Center Back,245,1394,0.1757532281205165,Loss,Non-Win
3877060,New York Red Bulls,Central Midfield,149,1394,0.10688665710186514,Loss,Non-Win
3877060,New York Red Bulls,Defensive Midfield,274,1394,0.19655667144906744,Loss,Non-Win
3877060,New York Red Bulls,Fullback,339,1394,0.24318507890961263,Loss,Non-Win
3877060,New York Red Bulls,Goalkeeper,44,1394,0.03156384505021521,Loss,Non-Win
3877060,New York Red Bulls,Striker,81,1394,0.05810616929698709,Loss,Non-Win
3877060,New York Red Bulls,Wide Forward,207,1394,0.148493543758967,Loss,Non-Win
3877072,Inter Miami,Center Back,462,2120,0.2179245283018868,Draw,Non-Win
3877072,Inter Miami,Defensive Midfield,553,2120,0.2608490566037736,Draw,Non-Win
3877072,Inter Miami,Fullback,399,2120,0.18820754716981133,Draw,Non-Win
3877072,Inter Miami,Goalkeeper,55,2120,0.025943396226415096,Draw,Non-Win
3877072,Inter Miami,Striker,312,2120,0.1471698113207547,Draw,Non-Win
3877072,Inter Miami,Wide Forward,339,2120,0.15990566037735848,Draw,Non-Win
3877072,Nashville SC,Attacking Midfield,18,915,0.019672131147540985,Draw,Non-Win
3877072,Nashville SC,Center Back,122,915,0.13333333333333333,Draw,Non-Win
3877072,Nashville SC,Central Midfield,32,915,0.034972677595628415,Draw,Non-Win
3877072,Nashville SC,Defensive Midfield,198,915,0.21639344262295082,Draw,Non-Win
3877072,Nashville SC,Fullback,162,915,0.17704918032786884,Draw,Non-Win
3877072,Nashville SC,Goalkeeper,52,915,0.05683060109289618,Draw,Non-Win
3877072,Nashville SC,Striker,172,915,0.18797814207650274,Draw,Non-Win
3877072,Nashville SC,Wide Forward,159,915,0.1737704918032787,Draw,Non-Win
3877090,Inter Miami,Center Back,294,1319,0.22289613343442002,Win,Win
3877090,Inter Miami,Central Midfield,275,1319,0.20849128127369218,Win,Win
3877090,Inter Miami,Defensive Midfield,157,1319,0.11902956785443518,Win,Win
3877090,Inter Miami,Fullback,246,1319,0.1865049279757392,Win,Win
3877090,Inter Miami,Goalkeeper,57,1319,0.043214556482183475,Win,Win
3877090,Inter Miami,Striker,290,1319,0.21986353297952996,Win,Win
3877090,LAFC,Center Back,248,1260,0.19682539682539682,Loss,Non-Win
3877090,LAFC,Central Midfield,250,1260,0.1984126984126984,Loss,Non-Win
3877090,LAFC,Defensive Midfield,140,1260,0.1111111111111111,Loss,Non-Win
3877090,LAFC,Fullback,283,1260,0.2246031746031746,Loss,Non-Win
3877090,LAFC,Goalkeeper,40,1260,0.031746031746031744,Loss,Non-Win
3877090,LAFC,Striker,72,1260,0.05714285714285714,Loss,Non-Win
3877090,LAFC,Wide Forward,227,1260,0.18015873015873016,Loss,Non-Win
3877115,Inter Miami,Center Back,484,1981,0.24432104997476023,Win,Win
3877115,Inter Miami,Central Midfield,462,1981,0.2332155477031802,Win,Win
3877115,Inter Miami,Defensive Midfield,194,1981,0.09793033821302373,Win,Win
3877115,Inter Miami,Fullback,410,1981,0.20696617869762746,Win,Win
3877115,Inter Miami,Goalkeeper,65,1981,0.03281171125694094,Win,Win
3877115,Inter Miami,Striker,229,1981,0.11559818273599193,Win,Win
3877115,Inter Miami,Wide Forward,137,1981,0.06915699141847552,Win,Win
3877115,Toronto FC,Center Back,194,1415,0.1371024734982332,Loss,Non-Win
3877115,Toronto FC,Central Midfield,285,1415,0.20141342756183744,Loss,Non-Win
3877115,Toronto FC,Defensive Midfield,176,1415,0.12438162544169612,Loss,Non-Win
3877115,Toronto FC,Fullback,309,1415,0.2183745583038869,Loss,Non-Win
3877115,Toronto FC,Goalkeeper,71,1415,0.05017667844522968,Loss,Non-Win
3877115,Toronto FC,Striker,62,1415,0.04381625441696113,Loss,Non-Win
3877115,Toronto FC,Wide Forward,318,1415,0.22473498233215547,Loss,Non-Win
3877194,Charlotte,Center Back,160,1106,0.14466546112115733,Win,Win
3877194,Charlotte,Central Midfield,245,1106,0.22151898734177214,Win,Win
3877194,Charlotte,Defensive Midfield,121,1106,0.10940325497287523,Win,Win
3877194,Charlotte,Fullback,179,1106,0.16184448462929477,Win,Win
3877194,Charlotte,Goalkeeper,86,1106,0.07775768535262206,Win,Win
3877194,Charlotte,Striker,93,1106,0.08408679927667269,Win,Win
3877194,Charlotte,Wide Forward,222,1106,0.2007233273056058,Win,Win
3877194,Inter Miami,Center Back,357,1708,0.20901639344262296,Loss,Non-Win
3877194,Inter Miami,Central Midfield,347,1708,0.2031615925058548,Loss,Non-Win
3877194,Inter Miami,Defensive Midfield,248,1708,0.1451990632318501,Loss,Non-Win
3877194,Inter Miami,Fullback,233,1708,0.1364168618266979,Loss,Non-Win
3877194,Inter Miami,Goalkeeper,135,1708,0.07903981264637003,Loss,Non-Win
3877194,Inter Miami,Striker,86,1708,0.05035128805620609,Loss,Non-Win
3877194,Inter Miami,Wide Forward,302,1708,0.17681498829039813,Loss,Non-Win
3878541,AS Roma,Center Back,279,1689,0.16518650088809947,Draw,Non-Win
3878541,AS Roma,Central Midfield,445,1689,0.26346950858496154,Draw,Non-Win
3878541,AS Roma,Defensive Midfield,250,1689,0.14801657785671996,Draw,Non-Win
3878541,AS Roma,Fullback,243,1689,0.1438721136767318,Draw,Non-Win
3878541,AS Roma,Goalkeeper,52,1689,0.03078744819419775,Draw,Non-Win
3878541,AS Roma,Striker,141,1689,0.08348134991119005,Draw,Non-Win
3878541,AS Roma,Wide Forward,279,1689,0.16518650088809947,Draw,Non-Win
3878541,Hellas Verona,Center Back,83,837,0.0991636798088411,Draw,Non-Win
3878541,Hellas Verona,Central Midfield,191,837,0.22819593787335724,Draw,Non-Win
3878541,Hellas Verona,Defensive Midfield,105,837,0.12544802867383512,Draw,Non-Win
3878541,Hellas Verona,Fullback,131,837,0.15651135005973715,Draw,Non-Win
3878541,Hellas Verona,Goalkeeper,49,837,0.05854241338112306,Draw,Non-Win
3878541,Hellas Verona,Striker,80,837,0.0955794504181601,Draw,Non-Win
3878541,Hellas Verona,Wide Forward,198,837,0.23655913978494625,Draw,Non-Win
3878551,AC Milan,Attacking Midfield,169,1314,0.12861491628614916,Win,Win
3878551,AC Milan,Center Back,180,1314,0.136986301369863,Win,Win
3878551,AC Milan,Central Midfield,291,1314,0.22146118721461186,Win,Win
3878551,AC Milan,Defensive Midfield,87,1314,0.06621004566210045,Win,Win
3878551,AC Milan,Fullback,332,1314,0.2526636225266362,Win,Win
3878551,AC Milan,Goalkeeper,77,1314,0.05859969558599695,Win,Win
3878551,AC Milan,Striker,178,1314,0.1354642313546423,Win,Win
3878551,Empoli,Attacking Midfield,162,1423,0.11384399156711174,Loss,Non-Win
3878551,Empoli,Center Back,155,1423,0.10892480674631061,Loss,Non-Win
3878551,Empoli,Central Midfield,290,1423,0.2037947997189037,Loss,Non-Win
3878551,Empoli,Defensive Midfield,198,1423,0.13914265635980325,Loss,Non-Win
3878551,Empoli,Fullback,329,1423,0.23120168657765286,Loss,Non-Win
3878551,Empoli,Goalkeeper,36,1423,0.025298664792691498,Loss,Non-Win
3878551,Empoli,Striker,253,1423,0.17779339423752635,Loss,Non-Win
3878555,AS Roma,Center Back,283,1695,0.16696165191740414,Win,Win
3878555,AS Roma,Central Midfield,371,1695,0.21887905604719765,Win,Win
3878555,AS Roma,Defensive Midfield,139,1695,0.08200589970501475,Win,Win
3878555,AS Roma,Fullback,417,1695,0.24601769911504426,Win,Win
3878555,AS Roma,Goalkeeper,41,1695,0.024188790560471976,Win,Win
3878555,AS Roma,Striker,132,1695,0.07787610619469026,Win,Win
3878555,AS Roma,Wide Forward,312,1695,0.184070796460177,Win,Win
3878555,Juventus,Center Back,351,988,0.35526315789473684,Loss,Non-Win
3878555,Juventus,Central Midfield,190,988,0.19230769230769232,Loss,Non-Win
3878555,Juventus,Defensive Midfield,79,988,0.07995951417004049,Loss,Non-Win
3878555,Juventus,Fullback,210,988,0.2125506072874494,Loss,Non-Win
3878555,Juventus,Goalkeeper,29,988,0.029352226720647773,Loss,Non-Win
3878555,Juventus,Striker,129,988,0.1305668016194332,Loss,Non-Win
3878556,Fiorentina,Attacking Midfield,229,1859,0.12318450779989241,Loss,Non-Win
3878556,Fiorentina,Center Back,826,1859,0.4443249058633674,Loss,Non-Win
3878556,Fiorentina,Defensive Midfield,399,1859,0.21463152232383,Loss,Non-Win
3878556,Fiorentina,Fullback,273,1859,0.14685314685314685,Loss,Non-Win
3878556,Fiorentina,Goalkeeper,35,1859,0.018827326519634213,Loss,Non-Win
3878556,Fiorentina,Striker,97,1859,0.0521785906401291,Loss,Non-Win
3878556,Torino,Center Back,267,897,0.2976588628762542,Win,Win
3878556,Torino,Central Midfield,154,897,0.1716833890746934,Win,Win
3878556,Torino,Defensive Midfield,106,897,0.11817168338907469,Win,Win
3878556,Torino,Fullback,216,897,0.2408026755852843,Win,Win
3878556,Torino,Goalkeeper,32,897,0.03567447045707915,Win,Win
3878556,Torino,Striker,122,897,0.13600891861761427,Win,Win
3878592,Fiorentina,Center Back,292,1270,0.22992125984251968,Win,Win
3878592,Fiorentina,Central Midfield,223,1270,0.17559055118110237,Win,Win
3878592,Fiorentina,Defensive Midfield,134,1270,0.10551181102362205,Win,Win
3878592,Fiorentina,Fullback,223,1270,0.17559055118110237,Win,Win
3878592,Fiorentina,Goalkeeper,74,1270,0.05826771653543307,Win,Win
3878592,Fiorentina,Striker,124,1270,0.09763779527559055,Win,Win
3878592,Fiorentina,Wide Forward,200,1270,0.15748031496062992,Win,Win
3878592,Genoa,Center Back,342,1425,0.24,Loss,Non-Win
3878592,Genoa,Defensive Midfield,346,1425,0.24280701754385964,Loss,Non-Win
3878592,Genoa,Fullback,311,1425,0.21824561403508771,Loss,Non-Win
3878592,Genoa,Goalkeeper,67,1425,0.047017543859649125,Loss,Non-Win
3878592,Genoa,Striker,83,1425,0.05824561403508772,Loss,Non-Win
3878592,Genoa,Wide Forward,276,1425,0.1936842105263158,Loss,Non-Win
3878595,Lazio,Attacking Midfield,92,1505,0.061129568106312294,Win,Win
3878595,Lazio,Center Back,276,1505,0.1833887043189369,Win,Win
3878595,Lazio,Defensive Midfield,291,1505,0.19335548172757475,Win,Win
3878595,Lazio,Fullback,389,1505,0.2584717607973422,Win,Win
3878595,Lazio,Goalkeeper,57,1505,0.03787375415282392,Win,Win
3878595,Lazio,Striker,113,1505,0.07508305647840531,Win,Win
3878595,Lazio,Wide Forward,287,1505,0.19069767441860466,Win,Win
3878595,Udinese,Center Back,177,1021,0.1733594515181195,Loss,Non-Win
3878595,Udinese,Central Midfield,208,1021,0.20372184133202742,Loss,Non-Win
3878595,Udinese,Defensive Midfield,87,1021,0.08521057786483839,Loss,Non-Win
3878595,Udinese,Fullback,214,1021,0.20959843290891284,Loss,Non-Win
3878595,Udinese,Goalkeeper,58,1021,0.05680705190989226,Loss,Non-Win
3878595,Udinese,Striker,242,1021,0.23702252693437806,Loss,Non-Win
3878595,Udinese,Wide Forward,35,1021,0.034280117531831536,Loss,Non-Win
3878596,Hellas Verona,Center Back,242,1266,0.1911532385466035,Draw,Non-Win
3878596,Hellas Verona,Central Midfield,250,1266,0.19747235387045814,Draw,Non-Win
3878596,Hellas Verona,Defensive Midfield,179,1266,0.14139020537124802,Draw,Non-Win
3878596,Hellas Verona,Fullback,308,1266,0.24328593996840442,Draw,Non-Win
3878596,Hellas Verona,Goalkeeper,32,1266,0.02527646129541864,Draw,Non-Win
3878596,Hellas Verona,Striker,82,1266,0.06477093206951026,Draw,Non-Win
3878596,Hellas Verona,Wide Forward,173,1266,0.13665086887835703,Draw,Non-Win
3878596,Torino,Center Back,483,1203,0.4014962593516209,Draw,Non-Win
3878596,Torino,Central Midfield,149,1203,0.12385702410640066,Draw,Non-Win
3878596,Torino,Defensive Midfield,174,1203,0.14463840399002495,Draw,Non-Win
3878596,Torino,Fullback,199,1203,0.16541978387364922,Draw,Non-Win
3878596,Torino,Goalkeeper,46,1203,0.038237738985868665,Draw,Non-Win
3878596,Torino,Striker,152,1203,0.12635078969243557,Draw,Non-Win
3878597,Empoli,Attacking Midfield,150,1269,0.1182033096926714,Draw,Non-Win
3878597,Empoli,Center Back,125,1269,0.09850275807722617,Draw,Non-Win
3878597,Empoli,Central Midfield,261,1269,0.20567375886524822,Draw,Non-Win
3878597,Empoli,Defensive Midfield,152,1269,0.11977935382190702,Draw,Non-Win
3878597,Empoli,Fullback,272,1269,0.21434200157604413,Draw,Non-Win
3878597,Empoli,Goalkeeper,60,1269,0.04728132387706856,Draw,Non-Win
3878597,Empoli,Striker,249,1269,0.19621749408983452,Draw,Non-Win
3878597,Napoli,Attacking Midfield,135,1771,0.07622811970638058,Draw,Non-Win
3878597,Napoli,Center Back,288,1771,0.16261998870694522,Draw,Non-Win
3878597,Napoli,Central Midfield,394,1771,0.2224731789949181,Draw,Non-Win
3878597,Napoli,Defensive Midfield,226,1771,0.12761151891586675,Draw,Non-Win
3878597,Napoli,Fullback,354,1771,0.19988706945228685,Draw,Non-Win
3878597,Napoli,Goalkeeper,65,1771,0.03670242800677583,Draw,Non-Win
3878597,Napoli,Striker,192,1771,0.10841332580463016,Draw,Non-Win
3878597,Napoli,Wide Forward,117,1771,0.0660643704121965,Draw,Non-Win
3878599,Atalanta,Center Back,135,928,0.14547413793103448,Draw,Non-Win
3878599,Atalanta,Central Midfield,99,928,0.10668103448275862,Draw,Non-Win
3878599,Atalanta,Defensive Midfield,124,928,0.1336206896551724,Draw,Non-Win
3878599,Atalanta,Fullback,201,928,0.2165948275862069,Draw,Non-Win
3878599,Atalanta,Goalkeeper,51,928,0.05495689655172414,Draw,Non-Win
3878599,Atalanta,Striker,86,928,0.09267241379310345,Draw,Non-Win
3878599,Atalanta,Wide Forward,232,928,0.25,Draw,Non-Win
3878599,Sassuolo,Center Back,309,1512,0.20436507936507936,Draw,Non-Win
3878599,Sassuolo,Central Midfield,286,1512,0.18915343915343916,Draw,Non-Win
3878599,Sassuolo,Defensive Midfield,238,1512,0.1574074074074074,Draw,Non-Win
3878599,Sassuolo,Fullback,268,1512,0.17724867724867724,Draw,Non-Win
3878599,Sassuolo,Goalkeeper,58,1512,0.03835978835978836,Draw,Non-Win
3878599,Sassuolo,Striker,78,1512,0.051587301587301584,Draw,Non-Win
3878599,Sassuolo,Wide Forward,275,1512,0.1818783068783069,Draw,Non-Win
3878600,AC Milan,Attacking Midfield,106,1162,0.09122203098106713,Loss,Non-Win
3878600,AC Milan,Center Back,138,1162,0.11876075731497418,Loss,Non-Win
3878600,AC Milan,Central Midfield,266,1162,0.2289156626506024,Loss,Non-Win
3878600,AC Milan,Defensive Midfield,108,1162,0.09294320137693632,Loss,Non-Win
3878600,AC Milan,Fullback,275,1162,0.23666092943201378,Loss,Non-Win
3878600,AC Milan,Goalkeeper,35,1162,0.030120481927710843,Loss,Non-Win
3878600,AC Milan,Striker,199,1162,0.1712564543889845,Loss,Non-Win
3878600,AC Milan,Wide Forward,35,1162,0.030120481927710843,Loss,Non-Win
3878600,Inter Milan,Attacking Midfield,106,1105,0.09592760180995476,Win,Win
3878600,Inter Milan,Center Back,121,1105,0.10950226244343891,Win,Win
3878600,Inter Milan,Central Midfield,243,1105,0.21990950226244343,Win,Win
3878600,Inter Milan,Defensive Midfield,90,1105,0.08144796380090498,Win,Win
3878600,Inter Milan,Fullback,268,1105,0.2425339366515837,Win,Win
3878600,Inter Milan,Goalkeeper,57,1105,0.051583710407239816,Win,Win
3878600,Inter Milan,Striker,220,1105,0.19909502262443438,Win,Win
3878602,AC Milan,Attacking Midfield,203,1531,0.1325930764206401,Win,Win
3878602,AC Milan,Center Back,157,1531,0.10254735467015023,Win,Win
3878602,AC Milan,Central Midfield,346,1531,0.22599608099281515,Win,Win
3878602,AC Milan,Defensive Midfield,122,1531,0.07968647942521227,Win,Win
3878602,AC Milan,Fullback,384,1531,0.25081645983017636,Win,Win
3878602,AC Milan,Goalkeeper,49,1531,0.03200522534291313,Win,Win
3878602,AC Milan,Striker,270,1531,0.17635532331809275,Win,Win
3878602,Palermo,Attacking Midfield,199,1213,0.1640560593569662,Loss,Non-Win
3878602,Palermo,Center Back,106,1213,0.08738664468260511,Loss,Non-Win
3878602,Palermo,Central Midfield,245,1213,0.2019785655399835,Loss,Non-Win
3878602,Palermo,Defensive Midfield,108,1213,0.08903544929925804,Loss,Non-Win
3878602,Palermo,Fullback,295,1213,0.24319868095630667,Loss,Non-Win
3878602,Palermo,Goalkeeper,63,1213,0.05193734542456719,Loss,Non-Win
3878602,Palermo,Striker,197,1213,0.16240725474031328,Loss,Non-Win
3878603,Empoli,Attacking Midfield,153,1494,0.10240963855421686,Win,Win
3878603,Empoli,Center Back,228,1494,0.15261044176706828,Win,Win
3878603,Empoli,Central Midfield,295,1494,0.19745649263721554,Win,Win
3878603,Empoli,Defensive Midfield,260,1494,0.17402945113788487,Win,Win
3878603,Empoli,Fullback,283,1494,0.1894243641231593,Win,Win
3878603,Empoli,Goalkeeper,45,1494,0.030120481927710843,Win,Win
3878603,Empoli,Striker,230,1494,0.1539491298527443,Win,Win
3878603,Udinese,Center Back,215,1099,0.19563239308462238,Loss,Non-Win
3878603,Udinese,Central Midfield,251,1099,0.2283894449499545,Loss,Non-Win
3878603,Udinese,Defensive Midfield,123,1099,0.11191992720655142,Loss,Non-Win
3878603,Udinese,Fullback,279,1099,0.2538671519563239,Loss,Non-Win
3878603,Udinese,Goalkeeper,39,1099,0.03548680618744313,Loss,Non-Win
3878603,Udinese,Striker,192,1099,0.17470427661510465,Loss,Non-Win
3878610,Atalanta,Center Back,157,1138,0.13796133567662566,Draw,Non-Win
3878610,Atalanta,Central Midfield,236,1138,0.20738137082601055,Draw,Non-Win
3878610,Atalanta,Defensive Midfield,128,1138,0.11247803163444639,Draw,Non-Win
3878610,Atalanta,Fullback,186,1138,0.1634446397188049,Draw,Non-Win
3878610,Atalanta,Goalkeeper,32,1138,0.028119507908611598,Draw,Non-Win
3878610,Atalanta,Striker,70,1138,0.061511423550087874,Draw,Non-Win
3878610,Atalanta,Wide Forward,329,1138,0.28910369068541303,Draw,Non-Win
3878610,Hellas Verona,Attacking Midfield,16,1004,0.01593625498007968,Draw,Non-Win
3878610,Hellas Verona,Center Back,155,1004,0.15438247011952191,Draw,Non-Win
3878610,Hellas Verona,Central Midfield,220,1004,0.21912350597609562,Draw,Non-Win
3878610,Hellas Verona,Defensive Midfield,134,1004,0.13346613545816732,Draw,Non-Win
3878610,Hellas Verona,Fullback,186,1004,0.1852589641434263,Draw,Non-Win
3878610,Hellas Verona,Goalkeeper,45,1004,0.044820717131474105,Draw,Non-Win
3878610,Hellas Verona,Striker,98,1004,0.09760956175298804,Draw,Non-Win
3878610,Hellas Verona,Wide Forward,150,1004,0.14940239043824702,Draw,Non-Win
3878611,Chievo,Attacking Midfield,161,1125,0.1431111111111111,Loss,Non-Win
3878611,Chievo,Center Back,114,1125,0.10133333333333333,Loss,Non-Win
3878611,Chievo,Central Midfield,208,1125,0.18488888888888888,Loss,Non-Win
3878611,Chievo,Defensive Midfield,148,1125,0.13155555555555556,Loss,Non-Win
3878611,Chievo,Fullback,229,1125,0.20355555555555555,Loss,Non-Win
3878611,Chievo,Goalkeeper,37,1125,0.03288888888888889,Loss,Non-Win
3878611,Chievo,Striker,167,1125,0.14844444444444443,Loss,Non-Win
3878611,Chievo,Wide Forward,61,1125,0.05422222222222222,Loss,Non-Win
3878611,Inter Milan,Attacking Midfield,54,1361,0.03967670830271859,Win,Win
3878611,Inter Milan,Center Back,230,1361,0.16899338721528287,Win,Win
3878611,Inter Milan,Central Midfield,260,1361,0.19103600293901543,Win,Win
3878611,Inter Milan,Defensive Midfield,118,1361,0.0867009551800147,Win,Win
3878611,Inter Milan,Fullback,317,1361,0.23291697281410728,Win,Win
3878611,Inter Milan,Goalkeeper,62,1361,0.045554739162380606,Win,Win
3878611,Inter Milan,Striker,172,1361,0.12637766348273327,Win,Win
3878611,Inter Milan,Wide Forward,148,1361,0.10874357090374724,Win,Win
3879546,Atalanta,Center Back,186,1477,0.12593094109681788,Win,Win
3879546,Atalanta,Central Midfield,258,1477,0.17467840216655384,Win,Win
3879546,Atalanta,Defensive Midfield,99,1477,0.06702775897088693,Win,Win
3879546,Atalanta,Fullback,306,1477,0.2071767095463778,Win,Win
3879546,Atalanta,Goalkeeper,63,1477,0.04265402843601896,Win,Win
3879546,Atalanta,Striker,106,1477,0.07176709546377792,Win,Win
3879546,Atalanta,Wide Forward,459,1477,0.3107650643195667,Win,Win
3879546,Empoli,Attacking Midfield,169,1520,0.11118421052631579,Loss,Non-Win
3879546,Empoli,Center Back,234,1520,0.15394736842105264,Loss,Non-Win
3879546,Empoli,Central Midfield,279,1520,0.18355263157894736,Loss,Non-Win
3879546,Empoli,Defensive Midfield,311,1520,0.20460526315789473,Loss,Non-Win
3879546,Empoli,Fullback,255,1520,0.16776315789473684,Loss,Non-Win
3879546,Empoli,Goalkeeper,37,1520,0.024342105263157894,Loss,Non-Win
3879546,Empoli,Striker,235,1520,0.15460526315789475,Loss,Non-Win
3879549,AC Milan,Attacking Midfield,80,1031,0.07759456838021339,Loss,Non-Win
3879549,AC Milan,Center Back,131,1031,0.1270611057225994,Loss,Non-Win
3879549,AC Milan,Central Midfield,195,1031,0.18913676042677013,Loss,Non-Win
3879549,AC Milan,Defensive Midfield,108,1031,0.10475266731328807,Loss,Non-Win
3879549,AC Milan,Fullback,233,1031,0.2259941804073715,Loss,Non-Win
3879549,AC Milan,Goalkeeper,62,1031,0.06013579049466537,Loss,Non-Win
3879549,AC Milan,Striker,222,1031,0.21532492725509214,Loss,Non-Win
3879549,Genoa,Attacking Midfield,162,1202,0.13477537437603992,Win,Win
3879549,Genoa,Center Back,195,1202,0.1622296173044925,Win,Win
3879549,Genoa,Defensive Midfield,300,1202,0.24958402662229617,Win,Win
3879549,Genoa,Fullback,246,1202,0.20465890183028287,Win,Win
3879549,Genoa,Goalkeeper,29,1202,0.024126455906821963,Win,Win
3879549,Genoa,Striker,187,1202,0.15557404326123128,Win,Win
3879549,Genoa,Wide Forward,83,1202,0.06905158069883527,Win,Win
3879554,Palermo,Attacking Midfield,163,1402,0.11626248216833096,Loss,Non-Win
3879554,Palermo,Center Back,378,1402,0.26961483594864477,Loss,Non-Win
3879554,Palermo,Central Midfield,59,1402,0.04208273894436519,Loss,Non-Win
3879554,Palermo,Defensive Midfield,276,1402,0.19686162624821682,Loss,Non-Win
3879554,Palermo,Fullback,294,1402,0.20970042796005706,Loss,Non-Win
3879554,Palermo,Goalkeeper,33,1402,0.023537803138373753,Loss,Non-Win
3879554,Palermo,Striker,199,1402,0.1419400855920114,Loss,Non-Win
3879554,Torino,Center Back,568,1363,0.41672780630961115,Win,Win
3879554,Torino,Central Midfield,203,1363,0.14893617021276595,Win,Win
3879554,Torino,Defensive Midfield,140,1363,0.10271460014673514,Win,Win
3879554,Torino,Fullback,237,1363,0.17388114453411593,Win,Win
3879554,Torino,Goalkeeper,66,1363,0.04842259721203228,Win,Win
3879554,Torino,Striker,149,1363,0.10931768158473955,Win,Win
3879557,Chievo,Attacking Midfield,142,1377,0.10312273057371096,Draw,Non-Win
3879557,Chievo,Center Back,233,1377,0.1692084241103849,Draw,Non-Win
3879557,Chievo,Central Midfield,257,1377,0.18663761801016704,Draw,Non-Win
3879557,Chievo,Defensive Midfield,191,1377,0.13870733478576616,Draw,Non-Win
3879557,Chievo,Fullback,287,1377,0.2084241103848947,Draw,Non-Win
3879557,Chievo,Goalkeeper,47,1377,0.03413217138707335,Draw,Non-Win
3879557,Chievo,Striker,220,1377,0.15976761074800291,Draw,Non-Win
3879557,Hellas Verona,Center Back,250,1211,0.20644095788604458,Draw,Non-Win
3879557,Hellas Verona,Defensive Midfield,283,1211,0.2336911643270025,Draw,Non-Win
3879557,Hellas Verona,Fullback,278,1211,0.2295623451692816,Draw,Non-Win
3879557,Hellas Verona,Goalkeeper,60,1211,0.0495458298926507,Draw,Non-Win
3879557,Hellas Verona,Striker,131,1211,0.10817506193228736,Draw,Non-Win
3879557,Hellas Verona,Wide Forward,209,1211,0.17258464079273328,Draw,Non-Win
3879569,Bologna,Attacking Midfield,250,1582,0.15802781289506954,Loss,Non-Win
3879569,Bologna,Center Back,297,1582,0.1877370417193426,Loss,Non-Win
3879569,Bologna,Central Midfield,328,1582,0.20733249051833122,Loss,Non-Win
3879569,Bologna,Defensive Midfield,186,1582,0.11757269279393173,Loss,Non-Win
3879569,Bologna,Fullback,334,1582,0.2111251580278129,Loss,Non-Win
3879569,Bologna,Goalkeeper,54,1582,0.03413400758533502,Loss,Non-Win
3879569,Bologna,Striker,104,1582,0.06573957016434892,Loss,Non-Win
3879569,Bologna,Wide Forward,29,1582,0.018331226295828066,Loss,Non-Win
3879569,Palermo,Attacking Midfield,165,1231,0.13403736799350122,Win,Win
3879569,Palermo,Center Back,239,1231,0.1941510966693745,Win,Win
3879569,Palermo,Central Midfield,230,1231,0.1868399675060926,Win,Win
3879569,Palermo,Defensive Midfield,170,1231,0.13809910641754672,Win,Win
3879569,Palermo,Fullback,288,1231,0.23395613322502032,Win,Win
3879569,Palermo,Goalkeeper,42,1231,0.03411860276198213,Win,Win
3879569,Palermo,Striker,97,1231,0.07879772542648253,Win,Win
3879589,Carpi,Attacking Midfield,11,1014,0.010848126232741617,Loss,Non-Win
3879589,Carpi,Center Back,71,1014,0.07001972386587771,Loss,Non-Win
3879589,Carpi,Central Midfield,123,1014,0.12130177514792899,Loss,Non-Win
3879589,Carpi,Defensive Midfield,144,1014,0.14201183431952663,Loss,Non-Win
3879589,Carpi,Fullback,254,1014,0.2504930966469428,Loss,Non-Win
3879589,Carpi,Goalkeeper,46,1014,0.045364891518737675,Loss,Non-Win
3879589,Carpi,Striker,152,1014,0.14990138067061143,Loss,Non-Win
3879589,Carpi,Wide Forward,213,1014,0.21005917159763313,Loss,Non-Win
3879589,Frosinone,Center Back,191,1004,0.1902390438247012,Win,Win
3879589,Frosinone,Central Midfield,46,1004,0.045816733067729085,Win,Win
3879589,Frosinone,Defensive Midfield,218,1004,0.21713147410358566,Win,Win
3879589,Frosinone,Fullback,172,1004,0.17131474103585656,Win,Win
3879589,Frosinone,Goalkeeper,37,1004,0.036852589641434265,Win,Win
3879589,Frosinone,Striker,194,1004,0.19322709163346613,Win,Win
3879589,Frosinone,Wide Forward,146,1004,0.1454183266932271,Win,Win
3879590,Genoa,Center Back,378,1366,0.2767203513909224,Draw,Non-Win
3879590,Genoa,Defensive Midfield,286,1366,0.20937042459736457,Draw,Non-Win
3879590,Genoa,Fullback,270,1366,0.19765739385065886,Draw,Non-Win
3879590,Genoa,Goalkeeper,51,1366,0.03733528550512445,Draw,Non-Win
3879590,Genoa,Striker,121,1366,0.08857979502196194,Draw,Non-Win
3879590,Genoa,Wide Forward,260,1366,0.1903367496339678,Draw,Non-Win
3879590,Torino,Center Back,346,1201,0.2880932556203164,Draw,Non-Win
3879590,Torino,Central Midfield,199,1201,0.16569525395503748,Draw,Non-Win
3879590,Torino,Defensive Midfield,116,1201,0.09658617818484597,Draw,Non-Win
3879590,Torino,Fullback,253,1201,0.21065778517901748,Draw,Non-Win
3879590,Torino,Goalkeeper,48,1201,0.03996669442131557,Draw,Non-Win
3879590,Torino,Striker,239,1201,0.1990008326394671,Draw,Non-Win
3879591,Juventus,Center Back,380,1631,0.23298589822194973,Loss,Non-Win
3879591,Juventus,Central Midfield,242,1631,0.1483752299202943,Loss,Non-Win
3879591,Juventus,Defensive Midfield,214,1631,0.13120784794604537,Loss,Non-Win
3879591,Juventus,Fullback,327,1631,0.2004904966278357,Loss,Non-Win
3879591,Juventus,Goalkeeper,54,1631,0.03310852237890864,Loss,Non-Win
3879591,Juventus,Striker,300,1631,0.18393623543838136,Loss,Non-Win
3879591,Juventus,Wide Forward,114,1631,0.06989576946658492,Loss,Non-Win
3879591,Sassuolo,Center Back,125,982,0.12729124236252545,Win,Win
3879591,Sassuolo,Central Midfield,172,982,0.17515274949083504,Win,Win
3879591,Sassuolo,Defensive Midfield,121,982,0.12321792260692464,Win,Win
3879591,Sassuolo,Fullback,195,982,0.1985743380855397,Win,Win
3879591,Sassuolo,Goalkeeper,59,982,0.06008146639511202,Win,Win
3879591,Sassuolo,Striker,93,982,0.09470468431771895,Win,Win
3879591,Sassuolo,Wide Forward,217,982,0.2209775967413442,Win,Win
3879596,Empoli,Attacking Midfield,182,1603,0.11353711790393013,Draw,Non-Win
3879596,Empoli,Center Back,283,1603,0.17654398003742983,Draw,Non-Win
3879596,Empoli,Central Midfield,314,1603,0.19588271990018716,Draw,Non-Win
3879596,Empoli,Defensive Midfield,297,1603,0.1852776044915783,Draw,Non-Win
3879596,Empoli,Fullback,238,1603,0.14847161572052403,Draw,Non-Win
3879596,Empoli,Goalkeeper,46,1603,0.028696194635059263,Draw,Non-Win
3879596,Empoli,Striker,243,1603,0.15159076731129134,Draw,Non-Win
3879596,Sampdoria,Center Back,210,1400,0.15,Draw,Non-Win
3879596,Sampdoria,Central Midfield,222,1400,0.15857142857142856,Draw,Non-Win
3879596,Sampdoria,Defensive Midfield,164,1400,0.11714285714285715,Draw,Non-Win
3879596,Sampdoria,Fullback,295,1400,0.21071428571428572,Draw,Non-Win
3879596,Sampdoria,Goalkeeper,65,1400,0.04642857142857143,Draw,Non-Win
3879596,Sampdoria,Striker,147,1400,0.105,Draw,Non-Win
3879596,Sampdoria,Wide Forward,297,1400,0.21214285714285713,Draw,Non-Win
3879601,Atalanta,Attacking Midfield,128,1374,0.09315866084425037,Loss,Non-Win
3879601,Atalanta,Center Back,242,1374,0.17612809315866085,Loss,Non-Win
3879601,Atalanta,Central Midfield,52,1374,0.03784570596797671,Loss,Non-Win
3879601,Atalanta,Defensive Midfield,294,1374,0.21397379912663755,Loss,Non-Win
3879601,Atalanta,Fullback,243,1374,0.17685589519650655,Loss,Non-Win
3879601,Atalanta,Goalkeeper,40,1374,0.02911208151382824,Loss,Non-Win
3879601,Atalanta,Striker,118,1374,0.0858806404657933,Loss,Non-Win
3879601,Atalanta,Wide Forward,257,1374,0.18704512372634644,Loss,Non-Win
3879601,Bologna,Center Back,163,1226,0.132952691680261,Win,Win
3879601,Bologna,Central Midfield,249,1226,0.2030995106035889,Win,Win
3879601,Bologna,Defensive Midfield,144,1226,0.11745513866231648,Win,Win
3879601,Bologna,Fullback,205,1226,0.16721044045676997,Win,Win
3879601,Bologna,Goalkeeper,73,1226,0.05954323001631321,Win,Win
3879601,Bologna,Striker,152,1226,0.12398042414355628,Win,Win
3879601,Bologna,Wide Forward,240,1226,0.19575856443719414,Win,Win
3879605,Empoli,Attacking Midfield,172,1341,0.12826249067859807,Win,Win
3879605,Empoli,Center Back,171,1341,0.12751677852348994,Win,Win
3879605,Empoli,Central Midfield,265,1341,0.197613721103654,Win,Win
3879605,Empoli,Defensive Midfield,148,1341,0.11036539895600299,Win,Win
3879605,Empoli,Fullback,262,1341,0.1953765846383296,Win,Win
3879605,Empoli,Goalkeeper,45,1341,0.03355704697986577,Win,Win
3879605,Empoli,Striker,278,1341,0.20730797912005966,Win,Win
3879605,Palermo,Attacking Midfield,167,1317,0.12680334092634776,Loss,Non-Win
3879605,Palermo,Center Back,181,1317,0.13743356112376615,Loss,Non-Win
3879605,Palermo,Central Midfield,156,1317,0.11845102505694761,Loss,Non-Win
3879605,Palermo,Defensive Midfield,217,1317,0.16476841305998483,Loss,Non-Win
3879605,Palermo,Fullback,333,1317,0.2528473804100228,Loss,Non-Win
3879605,Palermo,Goalkeeper,65,1317,0.04935459377372817,Loss,Non-Win
3879605,Palermo,Striker,106,1317,0.08048595292331055,Loss,Non-Win
3879605,Palermo,Wide Forward,92,1317,0.06985573272589218,Loss,Non-Win
3879606,Chievo,Attacking Midfield,136,1409,0.0965223562810504,Draw,Non-Win
3879606,Chievo,Center Back,146,1409,0.10361958836053939,Draw,Non-Win
3879606,Chievo,Central Midfield,296,1409,0.2100780695528744,Draw,Non-Win
3879606,Chievo,Defensive Midfield,195,1409,0.1383960255500355,Draw,Non-Win
3879606,Chievo,Fullback,320,1409,0.22711142654364797,Draw,Non-Win
3879606,Chievo,Goalkeeper,37,1409,0.0262597586941093,Draw,Non-Win
3879606,Chievo,Striker,279,1409,0.1980127750177431,Draw,Non-Win
3879606,Sampdoria,Center Back,203,1396,0.14541547277936961,Draw,Non-Win
3879606,Sampdoria,Central Midfield,272,1396,0.19484240687679083,Draw,Non-Win
3879606,Sampdoria,Defensive Midfield,148,1396,0.10601719197707736,Draw,Non-Win
3879606,Sampdoria,Fullback,285,1396,0.20415472779369628,Draw,Non-Win
3879606,Sampdoria,Goalkeeper,86,1396,0.06160458452722063,Draw,Non-Win
3879606,Sampdoria,Striker,143,1396,0.10243553008595989,Draw,Non-Win
3879606,Sampdoria,Wide Forward,259,1396,0.18553008595988538,Draw,Non-Win
3879619,Genoa,Center Back,245,1125,0.21777777777777776,Win,Win
3879619,Genoa,Defensive Midfield,250,1125,0.2222222222222222,Win,Win
3879619,Genoa,Fullback,197,1125,0.1751111111111111,Win,Win
3879619,Genoa,Goalkeeper,56,1125,0.049777777777777775,Win,Win
3879619,Genoa,Striker,125,1125,0.1111111111111111,Win,Win
3879619,Genoa,Wide Forward,252,1125,0.224,Win,Win
3879619,Sassuolo,Center Back,267,1366,0.19546120058565153,Loss,Non-Win
3879619,Sassuolo,Central Midfield,75,1366,0.05490483162518302,Loss,Non-Win
3879619,Sassuolo,Defensive Midfield,295,1366,0.21595900439238652,Loss,Non-Win
3879619,Sassuolo,Fullback,203,1366,0.1486090775988287,Loss,Non-Win
3879619,Sassuolo,Goalkeeper,101,1366,0.0739385065885798,Loss,Non-Win
3879619,Sassuolo,Striker,125,1366,0.09150805270863836,Loss,Non-Win
3879619,Sassuolo,Wide Forward,300,1366,0.21961932650073207,Loss,Non-Win
3879622,Carpi,Attacking Midfield,106,1219,0.08695652173913043,Loss,Non-Win
3879622,Carpi,Center Back,153,1219,0.12551271534044298,Loss,Non-Win
3879622,Carpi,Defensive Midfield,206,1219,0.1689909762100082,Loss,Non-Win
3879622,Carpi,Fullback,358,1219,0.2936833470057424,Loss,Non-Win
3879622,Carpi,Goalkeeper,59,1219,0.04840032813781788,Loss,Non-Win
3879622,Carpi,Striker,86,1219,0.07054963084495489,Loss,Non-Win
3879622,Carpi,Wide Forward,251,1219,0.2059064807219032,Loss,Non-Win
3879622,Chievo,Attacking Midfield,78,1036,0.07528957528957529,Win,Win
3879622,Chievo,Center Back,121,1036,0.1167953667953668,Win,Win
3879622,Chievo,Central Midfield,166,1036,0.16023166023166024,Win,Win
3879622,Chievo,Defensive Midfield,174,1036,0.16795366795366795,Win,Win
3879622,Chievo,Fullback,198,1036,0.19111969111969113,Win,Win
3879622,Chievo,Goalkeeper,45,1036,0.04343629343629344,Win,Win
3879622,Chievo,Striker,189,1036,0.18243243243243243,Win,Win
3879622,Chievo,Wide Forward,65,1036,0.06274131274131274,Win,Win
3879625,Sampdoria,Attacking Midfield,10,1770,0.005649717514124294,Loss,Non-Win
3879625,Sampdoria,Center Back,228,1770,0.1288135593220339,Loss,Non-Win
3879625,Sampdoria,Central Midfield,299,1770,0.16892655367231638,Loss,Non-Win
3879625,Sampdoria,Defensive Midfield,327,1770,0.1847457627118644,Loss,Non-Win
3879625,Sampdoria,Fullback,323,1770,0.1824858757062147,Loss,Non-Win
3879625,Sampdoria,Goalkeeper,72,1770,0.04067796610169491,Loss,Non-Win
3879625,Sampdoria,Striker,194,1770,0.1096045197740113,Loss,Non-Win
3879625,Sampdoria,Wide Forward,317,1770,0.1790960451977401,Loss,Non-Win
3879625,Udinese,Center Back,173,1090,0.15871559633027524,Win,Win
3879625,Udinese,Central Midfield,209,1090,0.19174311926605506,Win,Win
3879625,Udinese,Defensive Midfield,132,1090,0.12110091743119267,Win,Win
3879625,Udinese,Fullback,237,1090,0.21743119266055047,Win,Win
3879625,Udinese,Goalkeeper,48,1090,0.044036697247706424,Win,Win
3879625,Udinese,Striker,291,1090,0.26697247706422017,Win,Win
3879631,Chievo,Attacking Midfield,184,1155,0.15930735930735931,Loss,Non-Win
3879631,Chievo,Center Back,107,1155,0.09264069264069263,Loss,Non-Win
3879631,Chievo,Central Midfield,239,1155,0.20692640692640693,Loss,Non-Win
3879631,Chievo,Defensive Midfield,143,1155,0.12380952380952381,Loss,Non-Win
3879631,Chievo,Fullback,181,1155,0.15670995670995672,Loss,Non-Win
3879631,Chievo,Goalkeeper,61,1155,0.05281385281385281,Loss,Non-Win
3879631,Chievo,Striker,240,1155,0.2077922077922078,Loss,Non-Win
3879631,Udinese,Center Back,212,1281,0.16549570647931303,Win,Win
3879631,Udinese,Central Midfield,241,1281,0.1881342701014832,Win,Win
3879631,Udinese,Defensive Midfield,169,1281,0.13192818110850899,Win,Win
3879631,Udinese,Fullback,306,1281,0.2388758782201405,Win,Win
3879631,Udinese,Goalkeeper,44,1281,0.03434816549570648,Win,Win
3879631,Udinese,Striker,309,1281,0.24121779859484777,Win,Win
3879635,Inter Milan,Center Back,226,1407,0.16062544420753375,Loss,Non-Win
3879635,Inter Milan,Central Midfield,151,1407,0.10732054015636106,Loss,Non-Win
3879635,Inter Milan,Defensive Midfield,247,1407,0.17555081734186212,Loss,Non-Win
3879635,Inter Milan,Fullback,260,1407,0.1847903340440654,Loss,Non-Win
3879635,Inter Milan,Goalkeeper,54,1407,0.03837953091684435,Loss,Non-Win
3879635,Inter Milan,Striker,162,1407,0.11513859275053305,Loss,Non-Win
3879635,Inter Milan,Wide Forward,307,1407,0.21819474058280028,Loss,Non-Win
3879635,Napoli,Center Back,583,2226,0.2619047619047619,Win,Win
3879635,Napoli,Central Midfield,468,2226,0.21024258760107817,Win,Win
3879635,Napoli,Defensive Midfield,321,2226,0.14420485175202155,Win,Win
3879635,Napoli,Fullback,333,2226,0.1495956873315364,Win,Win
3879635,Napoli,Goalkeeper,74,2226,0.03324348607367475,Win,Win
3879635,Napoli,Striker,122,2226,0.05480682839173405,Win,Win
3879635,Napoli,Wide Forward,325,2226,0.14600179694519316,Win,Win
3879637,Juventus,Center Back,254,1071,0.23716153127917833,Win,Win
3879637,Juventus,Central Midfield,176,1071,0.16433239962651727,Win,Win
3879637,Juventus,Defensive Midfield,113,1071,0.10550887021475257,Win,Win
3879637,Juventus,Fullback,208,1071,0.1942110177404295,Win,Win
3879637,Juventus,Goalkeeper,47,1071,0.04388422035480859,Win,Win
3879637,Juventus,Striker,250,1071,0.2334267040149393,Win,Win
3879637,Juventus,Wide Forward,23,1071,0.021475256769374416,Win,Win
3879637,Lazio,Attacking Midfield,145,1824,0.07949561403508772,Loss,Non-Win
3879637,Lazio,Center Back,413,1824,0.22642543859649122,Loss,Non-Win
3879637,Lazio,Defensive Midfield,411,1824,0.22532894736842105,Loss,Non-Win
3879637,Lazio,Fullback,420,1824,0.23026315789473684,Loss,Non-Win
3879637,Lazio,Goalkeeper,47,1824,0.025767543859649123,Loss,Non-Win
3879637,Lazio,Striker,74,1824,0.04057017543859649,Loss,Non-Win
3879637,Lazio,Wide Forward,314,1824,0.17214912280701755,Loss,Non-Win
3879640,Chievo,Attacking Midfield,123,1068,0.1151685393258427,Win,Win
3879640,Chievo,Center Back,138,1068,0.12921348314606743,Win,Win
3879640,Chievo,Central Midfield,187,1068,0.1750936329588015,Win,Win
3879640,Chievo,Defensive Midfield,132,1068,0.12359550561797752,Win,Win
3879640,Chievo,Fullback,248,1068,0.23220973782771537,Win,Win
3879640,Chievo,Goalkeeper,61,1068,0.05711610486891386,Win,Win
3879640,Chievo,Striker,179,1068,0.16760299625468164,Win,Win
3879640,Frosinone,Attacking Midfield,9,986,0.009127789046653144,Loss,Non-Win
3879640,Frosinone,Center Back,109,986,0.1105476673427992,Loss,Non-Win
3879640,Frosinone,Defensive Midfield,187,986,0.1896551724137931,Loss,Non-Win
3879640,Frosinone,Fullback,223,986,0.22616632860040567,Loss,Non-Win
3879640,Frosinone,Goalkeeper,42,986,0.04259634888438134,Loss,Non-Win
3879640,Frosinone,Striker,192,986,0.1947261663286004,Loss,Non-Win
3879640,Frosinone,Wide Forward,224,986,0.22718052738336714,Loss,Non-Win
3879645,Bologna,Center Back,104,972,0.10699588477366255,Win,Win
3879645,Bologna,Central Midfield,208,972,0.2139917695473251,Win,Win
3879645,Bologna,Defensive Midfield,107,972,0.11008230452674897,Win,Win
3879645,Bologna,Fullback,147,972,0.15123456790123457,Win,Win
3879645,Bologna,Goalkeeper,64,972,0.06584362139917696,Win,Win
3879645,Bologna,Striker,128,972,0.13168724279835392,Win,Win
3879645,Bologna,Wide Forward,214,972,0.22016460905349794,Win,Win
3879645,Napoli,Center Back,423,2063,0.2050412021328163,Loss,Non-Win
3879645,Napoli,Central Midfield,446,2063,0.21619001454192924,Loss,Non-Win
3879645,Napoli,Defensive Midfield,345,2063,0.16723218613669413,Loss,Non-Win
3879645,Napoli,Fullback,363,2063,0.17595734367426077,Loss,Non-Win
3879645,Napoli,Goalkeeper,55,2063,0.02666020358700921,Loss,Non-Win
3879645,Napoli,Striker,90,2063,0.043625787687833255,Loss,Non-Win
3879645,Napoli,Wide Forward,341,2063,0.1652932622394571,Loss,Non-Win
3879650,Carpi,Center Back,111,1139,0.09745390693590869,Loss,Non-Win
3879650,Carpi,Defensive Midfield,183,1139,0.16066725197541704,Loss,Non-Win
3879650,Carpi,Fullback,269,1139,0.23617208077260754,Loss,Non-Win
3879650,Carpi,Goalkeeper,55,1139,0.048287971905179985,Loss,Non-Win
3879650,Carpi,Striker,249,1139,0.218612818261633,Loss,Non-Win
3879650,Carpi,Wide Forward,272,1139,0.23880597014925373,Loss,Non-Win
3879650,Empoli,Attacking Midfield,177,2117,0.08360888049126122,Win,Win
3879650,Empoli,Center Back,409,2117,0.19319792158715163,Win,Win
3879650,Empoli,Central Midfield,459,2117,0.2168162494095418,Win,Win
3879650,Empoli,Defensive Midfield,283,2117,0.1336797354747284,Win,Win
3879650,Empoli,Fullback,413,2117,0.19508738781294285,Win,Win
3879650,Empoli,Goalkeeper,86,2117,0.0406235238545111,Win,Win
3879650,Empoli,Striker,290,2117,0.136986301369863,Win,Win
3879655,Lazio,Center Back,374,1654,0.22611850060459493,Draw,Non-Win
3879655,Lazio,Central Midfield,150,1654,0.09068923821039904,Draw,Non-Win
3879655,Lazio,Defensive Midfield,262,1654,0.15840386940749698,Draw,Non-Win
3879655,Lazio,Fullback,355,1654,0.21463119709794437,Draw,Non-Win
3879655,Lazio,Goalkeeper,46,1654,0.02781136638452237,Draw,Non-Win
3879655,Lazio,Striker,159,1654,0.09613059250302297,Draw,Non-Win
3879655,Lazio,Wide Forward,308,1654,0.18621523579201935,Draw,Non-Win
3879655,Sampdoria,Center Back,158,1197,0.13199665831244778,Draw,Non-Win
3879655,Sampdoria,Central Midfield,214,1197,0.17878028404344193,Draw,Non-Win
3879655,Sampdoria,Defensive Midfield,138,1197,0.11528822055137844,Draw,Non-Win
3879655,Sampdoria,Fullback,241,1197,0.20133667502088554,Draw,Non-Win
3879655,Sampdoria,Goalkeeper,69,1197,0.05764411027568922,Draw,Non-Win
3879655,Sampdoria,Striker,154,1197,0.1286549707602339,Draw,Non-Win
3879655,Sampdoria,Wide Forward,223,1197,0.18629908103592313,Draw,Non-Win
3879663,Hellas Verona,Attacking Midfield,68,1279,0.053166536356528536,Draw,Non-Win
3879663,Hellas Verona,Center Back,169,1279,0.13213448006254885,Draw,Non-Win
3879663,Hellas Verona,Defensive Midfield,323,1279,0.25254104769351055,Draw,Non-Win
3879663,Hellas Verona,Fullback,213,1279,0.16653635652853793,Draw,Non-Win
3879663,Hellas Verona,Goalkeeper,62,1279,0.04847537138389367,Draw,Non-Win
3879663,Hellas Verona,Striker,174,1279,0.13604378420641125,Draw,Non-Win
3879663,Hellas Verona,Wide Forward,270,1279,0.2111024237685692,Draw,Non-Win
3879663,Sassuolo,Center Back,224,1449,0.15458937198067632,Draw,Non-Win
3879663,Sassuolo,Central Midfield,285,1449,0.19668737060041408,Draw,Non-Win
3879663,Sassuolo,Defensive Midfield,186,1449,0.12836438923395446,Draw,Non-Win
3879663,Sassuolo,Fullback,278,1449,0.19185645272601795,Draw,Non-Win
3879663,Sassuolo,Goalkeeper,66,1449,0.045548654244306416,Draw,Non-Win
3879663,Sassuolo,Striker,123,1449,0.08488612836438923,Draw,Non-Win
3879663,Sassuolo,Wide Forward,287,1449,0.19806763285024154,Draw,Non-Win
3879669,Napoli,Center Back,437,1868,0.23394004282655245,Win,Win
3879669,Napoli,Central Midfield,287,1868,0.15364025695931477,Win,Win
3879669,Napoli,Defensive Midfield,242,1868,0.12955032119914348,Win,Win
3879669,Napoli,Fullback,365,1868,0.19539614561027838,Win,Win
3879669,Napoli,Goalkeeper,43,1868,0.023019271948608137,Win,Win
3879669,Napoli,Striker,129,1868,0.0690578158458244,Win,Win
3879669,Napoli,Wide Forward,365,1868,0.19539614561027838,Win,Win
3879669,Torino,Center Back,445,1268,0.3509463722397476,Loss,Non-Win
3879669,Torino,Central Midfield,226,1268,0.17823343848580442,Loss,Non-Win
3879669,Torino,Defensive Midfield,143,1268,0.11277602523659307,Loss,Non-Win
3879669,Torino,Fullback,238,1268,0.18769716088328076,Loss,Non-Win
3879669,Torino,Goalkeeper,50,1268,0.03943217665615142,Loss,Non-Win
3879669,Torino,Striker,166,1268,0.1309148264984227,Loss,Non-Win
3879674,AC Milan,Center Back,307,1686,0.18208778173190984,Loss,Non-Win
3879674,AC Milan,Defensive Midfield,377,1686,0.2236061684460261,Loss,Non-Win
3879674,AC Milan,Fullback,362,1686,0.2147093712930012,Loss,Non-Win
3879674,AC Milan,Goalkeeper,65,1686,0.03855278766310795,Loss,Non-Win
3879674,AC Milan,Striker,220,1686,0.13048635824436536,Loss,Non-Win
3879674,AC Milan,Wide Forward,355,1686,0.21055753262158955,Loss,Non-Win
3879674,Bologna,Center Back,201,1221,0.16461916461916462,Win,Win
3879674,Bologna,Central Midfield,211,1221,0.17280917280917282,Win,Win
3879674,Bologna,Defensive Midfield,141,1221,0.11547911547911548,Win,Win
3879674,Bologna,Fullback,238,1221,0.19492219492219492,Win,Win
3879674,Bologna,Goalkeeper,85,1221,0.06961506961506962,Win,Win
3879674,Bologna,Striker,91,1221,0.07452907452907453,Win,Win
3879674,Bologna,Wide Forward,254,1221,0.20802620802620803,Win,Win
3879681,Inter Milan,Center Back,238,1442,0.1650485436893204,Loss,Non-Win
3879681,Inter Milan,Central Midfield,307,1442,0.21289875173370318,Loss,Non-Win
3879681,Inter Milan,Defensive Midfield,158,1442,0.10957004160887657,Loss,Non-Win
3879681,Inter Milan,Fullback,227,1442,0.15742024965325938,Loss,Non-Win
3879681,Inter Milan,Goalkeeper,54,1442,0.03744798890429958,Loss,Non-Win
3879681,Inter Milan,Striker,137,1442,0.09500693481276005,Loss,Non-Win
3879681,Inter Milan,Wide Forward,321,1442,0.22260748959778087,Loss,Non-Win
3879681,Sassuolo,Center Back,84,1053,0.07977207977207977,Win,Win
3879681,Sassuolo,Central Midfield,270,1053,0.2564102564102564,Win,Win
3879681,Sassuolo,Defensive Midfield,93,1053,0.08831908831908832,Win,Win
3879681,Sassuolo,Fullback,193,1053,0.18328584995251662,Win,Win
3879681,Sassuolo,Goalkeeper,41,1053,0.0389363722697056,Win,Win
3879681,Sassuolo,Striker,105,1053,0.09971509971509972,Win,Win
3879681,Sassuolo,Wide Forward,267,1053,0.2535612535612536,Win,Win
3879689,Carpi,Attacking Midfield,113,887,0.1273957158962796,Win,Win
3879689,Carpi,Center Back,85,887,0.09582863585118377,Win,Win
3879689,Carpi,Defensive Midfield,149,887,0.16798196166854565,Win,Win
3879689,Carpi,Fullback,175,887,0.19729425028184894,Win,Win
3879689,Carpi,Goalkeeper,38,887,0.04284103720405862,Win,Win
3879689,Carpi,Striker,132,887,0.1488162344983089,Win,Win
3879689,Carpi,Wide Forward,195,887,0.21984216459977451,Win,Win
3879689,Sampdoria,Center Back,348,1705,0.20410557184750733,Loss,Non-Win
3879689,Sampdoria,Central Midfield,251,1705,0.1472140762463343,Loss,Non-Win
3879689,Sampdoria,Defensive Midfield,232,1705,0.13607038123167156,Loss,Non-Win
3879689,Sampdoria,Fullback,323,1705,0.18944281524926687,Loss,Non-Win
3879689,Sampdoria,Goalkeeper,74,1705,0.04340175953079179,Loss,Non-Win
3879689,Sampdoria,Striker,204,1705,0.11964809384164223,Loss,Non-Win
3879689,Sampdoria,Wide Forward,273,1705,0.16011730205278593,Loss,Non-Win
3879690,AC Milan,Center Back,91,910,0.1,Win,Win
3879690,AC Milan,Central Midfield,27,910,0.02967032967032967,Win,Win
3879690,AC Milan,Defensive Midfield,160,910,0.17582417582417584,Win,Win
3879690,AC Milan,Fullback,160,910,0.17582417582417584,Win,Win
3879690,AC Milan,Goalkeeper,60,910,0.06593406593406594,Win,Win
3879690,AC Milan,Striker,169,910,0.18571428571428572,Win,Win
3879690,AC Milan,Wide Forward,243,910,0.26703296703296703,Win,Win
3879690,Fiorentina,Attacking Midfield,294,1857,0.1583198707592892,Loss,Non-Win
3879690,Fiorentina,Center Back,569,1857,0.30640818524501884,Loss,Non-Win
3879690,Fiorentina,Defensive Midfield,455,1857,0.24501884760366183,Loss,Non-Win
3879690,Fiorentina,Fullback,381,1857,0.20516962843295639,Loss,Non-Win
3879690,Fiorentina,Goalkeeper,76,1857,0.04092622509423802,Loss,Non-Win
3879690,Fiorentina,Striker,82,1857,0.04415724286483576,Loss,Non-Win
3879697,Atalanta,Attacking Midfield,159,1186,0.13406408094435077,Draw,Non-Win
3879697,Atalanta,Center Back,220,1186,0.18549747048903878,Draw,Non-Win
3879697,Atalanta,Central Midfield,223,1186,0.18802698145025296,Draw,Non-Win
3879697,Atalanta,Defensive Midfield,153,1186,0.12900505902192244,Draw,Non-Win
3879697,Atalanta,Fullback,272,1186,0.22934232715008432,Draw,Non-Win
3879697,Atalanta,Goalkeeper,54,1186,0.045531197301854974,Draw,Non-Win
3879697,Atalanta,Striker,105,1186,0.08853288364249579,Draw,Non-Win
3879697,Frosinone,Attacking Midfield,49,1051,0.046622264509990484,Draw,Non-Win
3879697,Frosinone,Center Back,142,1051,0.1351094196003806,Draw,Non-Win
3879697,Frosinone,Central Midfield,190,1051,0.1807802093244529,Draw,Non-Win
3879697,Frosinone,Defensive Midfield,140,1051,0.13320647002854424,Draw,Non-Win
3879697,Frosinone,Fullback,198,1051,0.18839200761179828,Draw,Non-Win
3879697,Frosinone,Goalkeeper,43,1051,0.04091341579448145,Draw,Non-Win
3879697,Frosinone,Striker,148,1051,0.14081826831588962,Draw,Non-Win
3879697,Frosinone,Wide Forward,141,1051,0.13415794481446242,Draw,Non-Win
3879698,AC Milan,Attacking Midfield,18,1077,0.016713091922005572,Draw,Non-Win
3879698,AC Milan,Center Back,100,1077,0.09285051067780872,Draw,Non-Win
3879698,AC Milan,Central Midfield,19,1077,0.017641597028783658,Draw,Non-Win
3879698,AC Milan,Defensive Midfield,213,1077,0.1977715877437326,Draw,Non-Win
3879698,AC Milan,Fullback,251,1077,0.2330547818012999,Draw,Non-Win
3879698,AC Milan,Goalkeeper,50,1077,0.04642525533890436,Draw,Non-Win
3879698,AC Milan,Striker,188,1077,0.1745589600742804,Draw,Non-Win
3879698,AC Milan,Wide Forward,238,1077,0.22098421541318478,Draw,Non-Win
3879698,Empoli,Attacking Midfield,177,1773,0.09983079526226735,Draw,Non-Win
3879698,Empoli,Center Back,335,1773,0.1889452904681331,Draw,Non-Win
3879698,Empoli,Central Midfield,363,1773,0.20473773265651438,Draw,Non-Win
3879698,Empoli,Defensive Midfield,209,1773,0.11787930062041738,Draw,Non-Win
3879698,Empoli,Fullback,395,1773,0.2227862380146644,Draw,Non-Win
3879698,Empoli,Goalkeeper,55,1773,0.03102086858432036,Draw,Non-Win
3879698,Empoli,Striker,239,1773,0.13479977439368301,Draw,Non-Win
3879712,AC Milan,Center Back,167,1220,0.13688524590163934,Win,Win
3879712,AC Milan,Defensive Midfield,242,1220,0.19836065573770492,Win,Win
3879712,AC Milan,Fullback,231,1220,0.18934426229508197,Win,Win
3879712,AC Milan,Goalkeeper,56,1220,0.04590163934426229,Win,Win
3879712,AC Milan,Striker,227,1220,0.1860655737704918,Win,Win
3879712,AC Milan,Wide Forward,297,1220,0.24344262295081967,Win,Win
3879712,Inter Milan,Attacking Midfield,87,1228,0.07084690553745929,Loss,Non-Win
3879712,Inter Milan,Center Back,176,1228,0.14332247557003258,Loss,Non-Win
3879712,Inter Milan,Central Midfield,6,1228,0.004885993485342019,Loss,Non-Win
3879712,Inter Milan,Defensive Midfield,330,1228,0.2687296416938111,Loss,Non-Win
3879712,Inter Milan,Fullback,242,1228,0.1970684039087948,Loss,Non-Win
3879712,Inter Milan,Goalkeeper,45,1228,0.03664495114006515,Loss,Non-Win
3879712,Inter Milan,Striker,119,1228,0.09690553745928339,Loss,Non-Win
3879712,Inter Milan,Wide Forward,223,1228,0.18159609120521172,Loss,Non-Win
3879717,AS Roma,Attacking Midfield,181,1422,0.12728551336146274,Win,Win
3879717,AS Roma,Center Back,233,1422,0.16385372714486637,Win,Win
3879717,AS Roma,Central Midfield,107,1422,0.07524613220815753,Win,Win
3879717,AS Roma,Defensive Midfield,267,1422,0.1877637130801688,Win,Win
3879717,AS Roma,Fullback,297,1422,0.2088607594936709,Win,Win
3879717,AS Roma,Goalkeeper,83,1422,0.058368495077355836,Win,Win
3879717,AS Roma,Striker,169,1422,0.11884669479606189,Win,Win
3879717,AS Roma,Wide Forward,85,1422,0.05977496483825598,Win,Win
3879717,Sassuolo,Center Back,272,1286,0.2115085536547434,Loss,Non-Win
3879717,Sassuolo,Central Midfield,207,1286,0.16096423017107309,Loss,Non-Win
3879717,Sassuolo,Defensive Midfield,151,1286,0.11741835147744946,Loss,Non-Win
3879717,Sassuolo,Fullback,263,1286,0.20451010886469673,Loss,Non-Win
3879717,Sassuolo,Goalkeeper,53,1286,0.04121306376360809,Loss,Non-Win
3879717,Sassuolo,Striker,76,1286,0.05909797822706065,Loss,Non-Win
3879717,Sassuolo,Wide Forward,264,1286,0.2052877138413686,Loss,Non-Win
3879722,Atalanta,Center Back,255,1215,0.20987654320987653,Loss,Non-Win
3879722,Atalanta,Defensive Midfield,251,1215,0.20658436213991768,Loss,Non-Win
3879722,Atalanta,Fullback,211,1215,0.17366255144032922,Loss,Non-Win
3879722,Atalanta,Goalkeeper,50,1215,0.0411522633744856,Loss,Non-Win
3879722,Atalanta,Striker,129,1215,0.10617283950617284,Loss,Non-Win
3879722,Atalanta,Wide Forward,319,1215,0.2625514403292181,Loss,Non-Win
3879722,Hellas Verona,Center Back,207,1126,0.18383658969804617,Win,Win
3879722,Hellas Verona,Defensive Midfield,236,1126,0.20959147424511546,Win,Win
3879722,Hellas Verona,Fullback,224,1126,0.1989342806394316,Win,Win
3879722,Hellas Verona,Goalkeeper,66,1126,0.0586145648312611,Win,Win
3879722,Hellas Verona,Striker,178,1126,0.15808170515097691,Win,Win
3879722,Hellas Verona,Wide Forward,215,1126,0.19094138543516873,Win,Win
3879727,Genoa,Attacking Midfield,161,1271,0.12667191188040913,Draw,Non-Win
3879727,Genoa,Center Back,327,1271,0.25727773406766324,Draw,Non-Win
3879727,Genoa,Defensive Midfield,240,1271,0.1888276947285602,Draw,Non-Win
3879727,Genoa,Fullback,227,1271,0.17859952793076317,Draw,Non-Win
3879727,Genoa,Goalkeeper,51,1271,0.04012588512981904,Draw,Non-Win
3879727,Genoa,Striker,265,1271,0.2084972462627852,Draw,Non-Win
3879727,Lazio,Center Back,154,1172,0.13139931740614336,Draw,Non-Win
3879727,Lazio,Central Midfield,214,1172,0.1825938566552901,Draw,Non-Win
3879727,Lazio,Defensive Midfield,168,1172,0.14334470989761092,Draw,Non-Win
3879727,Lazio,Fullback,238,1172,0.2030716723549488,Draw,Non-Win
3879727,Lazio,Goalkeeper,44,1172,0.03754266211604096,Draw,Non-Win
3879727,Lazio,Striker,106,1172,0.09044368600682594,Draw,Non-Win
3879727,Lazio,Wide Forward,248,1172,0.21160409556313994,Draw,Non-Win
3879728,Bologna,Center Back,173,1406,0.12304409672830725,Draw,Non-Win
3879728,Bologna,Central Midfield,344,1406,0.24466571834992887,Draw,Non-Win
3879728,Bologna,Defensive Midfield,130,1406,0.09246088193456614,Draw,Non-Win
3879728,Bologna,Fullback,317,1406,0.22546230440967283,Draw,Non-Win
3879728,Bologna,Goalkeeper,62,1406,0.044096728307254626,Draw,Non-Win
3879728,Bologna,Striker,80,1406,0.05689900426742532,Draw,Non-Win
3879728,Bologna,Wide Forward,300,1406,0.21337126600284495,Draw,Non-Win
3879728,Fiorentina,Attacking Midfield,96,1545,0.062135922330097085,Draw,Non-Win
3879728,Fiorentina,Center Back,342,1545,0.22135922330097088,Draw,Non-Win
3879728,Fiorentina,Defensive Midfield,376,1545,0.24336569579288025,Draw,Non-Win
3879728,Fiorentina,Fullback,324,1545,0.20970873786407768,Draw,Non-Win
3879728,Fiorentina,Goalkeeper,57,1545,0.036893203883495145,Draw,Non-Win
3879728,Fiorentina,Striker,106,1545,0.0686084142394822,Draw,Non-Win
3879728,Fiorentina,Wide Forward,244,1545,0.15792880258899678,Draw,Non-Win
3879732,Chievo,Center Back,233,1195,0.19497907949790794,Win,Win
3879732,Chievo,Defensive Midfield,263,1195,0.2200836820083682,Win,Win
3879732,Chievo,Fullback,255,1195,0.21338912133891214,Win,Win
3879732,Chievo,Goalkeeper,51,1195,0.042677824267782424,Win,Win
3879732,Chievo,Striker,221,1195,0.18493723849372384,Win,Win
3879732,Chievo,Wide Forward,172,1195,0.14393305439330545,Win,Win
3879732,Torino,Center Back,548,1387,0.39509733237202593,Loss,Non-Win
3879732,Torino,Central Midfield,216,1387,0.15573179524152847,Loss,Non-Win
3879732,Torino,Defensive Midfield,154,1387,0.1110310021629416,Loss,Non-Win
3879732,Torino,Fullback,245,1387,0.17664023071377072,Loss,Non-Win
3879732,Torino,Goalkeeper,56,1387,0.04037490987743331,Loss,Non-Win
3879732,Torino,Striker,168,1387,0.12112472963229992,Loss,Non-Win
3879735,Atalanta,Center Back,105,1089,0.09641873278236915,Draw,Non-Win
3879735,Atalanta,Central Midfield,218,1089,0.20018365472910926,Draw,Non-Win
3879735,Atalanta,Defensive Midfield,69,1089,0.06336088154269973,Draw,Non-Win
3879735,Atalanta,Fullback,228,1089,0.209366391184573,Draw,Non-Win
3879735,Atalanta,Goalkeeper,40,1089,0.03673094582185491,Draw,Non-Win
3879735,Atalanta,Striker,111,1089,0.10192837465564739,Draw,Non-Win
3879735,Atalanta,Wide Forward,318,1089,0.29201101928374656,Draw,Non-Win
3879735,Empoli,Attacking Midfield,159,1571,0.10120942075111394,Draw,Non-Win
3879735,Empoli,Center Back,235,1571,0.14958625079567156,Draw,Non-Win
3879735,Empoli,Central Midfield,348,1571,0.22151495862507956,Draw,Non-Win
3879735,Empoli,Defensive Midfield,308,1571,0.196053469127944,Draw,Non-Win
3879735,Empoli,Fullback,209,1571,0.13303628262253342,Draw,Non-Win
3879735,Empoli,Goalkeeper,45,1571,0.02864417568427753,Draw,Non-Win
3879735,Empoli,Striker,267,1571,0.16995544239338,Draw,Non-Win
3879739,Juventus,Center Back,231,1558,0.14826700898587933,Win,Win
3879739,Juventus,Central Midfield,15,1558,0.009627727856225931,Win,Win
3879739,Juventus,Defensive Midfield,342,1558,0.21951219512195122,Win,Win
3879739,Juventus,Fullback,287,1558,0.18421052631578946,Win,Win
3879739,Juventus,Goalkeeper,55,1558,0.03530166880616174,Win,Win
3879739,Juventus,Striker,245,1558,0.15725288831835688,Win,Win
3879739,Juventus,Wide Forward,383,1558,0.24582798459563543,Win,Win
3879739,Napoli,Center Back,436,1855,0.23504043126684637,Loss,Non-Win
3879739,Napoli,Central Midfield,402,1855,0.21671159029649595,Loss,Non-Win
3879739,Napoli,Defensive Midfield,241,1855,0.1299191374663073,Loss,Non-Win
3879739,Napoli,Fullback,294,1855,0.15849056603773584,Loss,Non-Win
3879739,Napoli,Goalkeeper,83,1855,0.044743935309973046,Loss,Non-Win
3879739,Napoli,Striker,100,1855,0.05390835579514825,Loss,Non-Win
3879739,Napoli,Wide Forward,299,1855,0.16118598382749327,Loss,Non-Win
3879749,Inter Milan,Attacking Midfield,27,1102,0.024500907441016333,Win,Win
3879749,Inter Milan,Center Back,153,1102,0.13883847549909256,Win,Win
3879749,Inter Milan,Central Midfield,27,1102,0.024500907441016333,Win,Win
3879749,Inter Milan,Defensive Midfield,232,1102,0.21052631578947367,Win,Win
3879749,Inter Milan,Fullback,261,1102,0.23684210526315788,Win,Win
3879749,Inter Milan,Goalkeeper,39,1102,0.03539019963702359,Win,Win
3879749,Inter Milan,Striker,133,1102,0.1206896551724138,Win,Win
3879749,Inter Milan,Wide Forward,230,1102,0.20871143375680581,Win,Win
3879749,Sampdoria,Attacking Midfield,8,1446,0.005532503457814661,Loss,Non-Win
3879749,Sampdoria,Center Back,320,1446,0.22130013831258644,Loss,Non-Win
3879749,Sampdoria,Central Midfield,30,1446,0.02074688796680498,Loss,Non-Win
3879749,Sampdoria,Defensive Midfield,340,1446,0.2351313969571231,Loss,Non-Win
3879749,Sampdoria,Fullback,240,1446,0.16597510373443983,Loss,Non-Win
3879749,Sampdoria,Goalkeeper,44,1446,0.030428769017980636,Loss,Non-Win
3879749,Sampdoria,Striker,153,1446,0.10580912863070539,Loss,Non-Win
3879749,Sampdoria,Wide Forward,311,1446,0.21507607192254496,Loss,Non-Win
3879752,Genoa,Attacking Midfield,112,1472,0.07608695652173914,Win,Win
3879752,Genoa,Center Back,353,1472,0.23980978260869565,Win,Win
3879752,Genoa,Central Midfield,21,1472,0.014266304347826086,Win,Win
3879752,Genoa,Defensive Midfield,309,1472,0.20991847826086957,Win,Win
3879752,Genoa,Fullback,290,1472,0.19701086956521738,Win,Win
3879752,Genoa,Goalkeeper,47,1472,0.03192934782608696,Win,Win
3879752,Genoa,Striker,217,1472,0.14741847826086957,Win,Win
3879752,Genoa,Wide Forward,123,1472,0.08355978260869565,Win,Win
3879752,Udinese,Attacking Midfield,47,1010,0.046534653465346534,Loss,Non-Win
3879752,Udinese,Center Back,188,1010,0.18613861386138614,Loss,Non-Win
3879752,Udinese,Central Midfield,178,1010,0.17623762376237623,Loss,Non-Win
3879752,Udinese,Defensive Midfield,176,1010,0.17425742574257425,Loss,Non-Win
3879752,Udinese,Fullback,187,1010,0.18514851485148515,Loss,Non-Win
3879752,Udinese,Goalkeeper,30,1010,0.0297029702970297,Loss,Non-Win
3879752,Udinese,Striker,204,1010,0.201980198019802,Loss,Non-Win
3879755,Frosinone,Center Back,123,909,0.1353135313531353,Draw,Non-Win
3879755,Frosinone,Central Midfield,152,909,0.16721672167216722,Draw,Non-Win
3879755,Frosinone,Defensive Midfield,56,909,0.061606160616061605,Draw,Non-Win
3879755,Frosinone,Fullback,177,909,0.19471947194719472,Draw,Non-Win
3879755,Frosinone,Goalkeeper,54,909,0.0594059405940594,Draw,Non-Win
3879755,Frosinone,Striker,115,909,0.1265126512651265,Draw,Non-Win
3879755,Frosinone,Wide Forward,232,909,0.2552255225522552,Draw,Non-Win
3879755,Lazio,Center Back,263,1756,0.14977220956719817,Draw,Non-Win
3879755,Lazio,Central Midfield,337,1756,0.1919134396355353,Draw,Non-Win
3879755,Lazio,Defensive Midfield,272,1756,0.1548974943052392,Draw,Non-Win
3879755,Lazio,Fullback,366,1756,0.20842824601366744,Draw,Non-Win
3879755,Lazio,Goalkeeper,40,1756,0.022779043280182234,Draw,Non-Win
3879755,Lazio,Striker,125,1756,0.07118451025056947,Draw,Non-Win
3879755,Lazio,Wide Forward,353,1756,0.2010250569476082,Draw,Non-Win
3879765,Fiorentina,Attacking Midfield,137,1781,0.07692307692307693,Draw,Non-Win
3879765,Fiorentina,Center Back,349,1781,0.19595732734418866,Draw,Non-Win
3879765,Fiorentina,Defensive Midfield,441,1781,0.2476137001684447,Draw,Non-Win
3879765,Fiorentina,Fullback,354,1781,0.19876473891072433,Draw,Non-Win
3879765,Fiorentina,Goalkeeper,67,1781,0.037619314991577765,Draw,Non-Win
3879765,Fiorentina,Striker,110,1781,0.06176305446378439,Draw,Non-Win
3879765,Fiorentina,Wide Forward,323,1781,0.18135878719820325,Draw,Non-Win
3879765,Napoli,Center Back,340,1799,0.18899388549193996,Draw,Non-Win
3879765,Napoli,Central Midfield,399,1799,0.22178988326848248,Draw,Non-Win
3879765,Napoli,Defensive Midfield,291,1799,0.16175653140633686,Draw,Non-Win
3879765,Napoli,Fullback,316,1799,0.17565314063368537,Draw,Non-Win
3879765,Napoli,Goalkeeper,63,1799,0.03501945525291829,Draw,Non-Win
3879765,Napoli,Striker,90,1799,0.0500277932184547,Draw,Non-Win
3879765,Napoli,Wide Forward,300,1799,0.16675931072818231,Draw,Non-Win
3879771,AC Milan,Center Back,283,1446,0.19571230982019364,Loss,Non-Win
3879771,AC Milan,Defensive Midfield,312,1446,0.2157676348547718,Loss,Non-Win
3879771,AC Milan,Fullback,299,1446,0.20677731673582295,Loss,Non-Win
3879771,AC Milan,Goalkeeper,65,1446,0.04495159059474412,Loss,Non-Win
3879771,AC Milan,Striker,210,1446,0.14522821576763487,Loss,Non-Win
3879771,AC Milan,Wide Forward,277,1446,0.19156293222683266,Loss,Non-Win
3879771,Sassuolo,Center Back,110,1231,0.08935824532900082,Win,Win
3879771,Sassuolo,Central Midfield,184,1231,0.14947197400487408,Win,Win
3879771,Sassuolo,Defensive Midfield,187,1231,0.15190901705930138,Win,Win
3879771,Sassuolo,Fullback,278,1231,0.2258326563769293,Win,Win
3879771,Sassuolo,Goalkeeper,66,1231,0.05361494719740049,Win,Win
3879771,Sassuolo,Striker,130,1231,0.10560519902518278,Win,Win
3879771,Sassuolo,Wide Forward,276,1231,0.22420796100731114,Win,Win
3879775,Empoli,Attacking Midfield,125,1485,0.08417508417508418,Loss,Non-Win
3879775,Empoli,Center Back,241,1485,0.1622895622895623,Loss,Non-Win
3879775,Empoli,Central Midfield,252,1485,0.1696969696969697,Loss,Non-Win
3879775,Empoli,Defensive Midfield,227,1485,0.15286195286195287,Loss,Non-Win
3879775,Empoli,Fullback,331,1485,0.2228956228956229,Loss,Non-Win
3879775,Empoli,Goalkeeper,73,1485,0.04915824915824916,Loss,Non-Win
3879775,Empoli,Striker,236,1485,0.1589225589225589,Loss,Non-Win
3879775,Genoa,Center Back,256,1358,0.18851251840942562,Win,Win
3879775,Genoa,Central Midfield,267,1358,0.19661266568483063,Win,Win
3879775,Genoa,Defensive Midfield,120,1358,0.08836524300441827,Win,Win
3879775,Genoa,Fullback,322,1358,0.23711340206185566,Win,Win
3879775,Genoa,Goalkeeper,43,1358,0.03166421207658321,Win,Win
3879775,Genoa,Striker,350,1358,0.25773195876288657,Win,Win
3879780,Fiorentina,Attacking Midfield,140,1863,0.07514761137949544,Draw,Non-Win
3879780,Fiorentina,Center Back,442,1863,0.2372517444981213,Draw,Non-Win
3879780,Fiorentina,Defensive Midfield,412,1863,0.22114868491680087,Draw,Non-Win
3879780,Fiorentina,Fullback,382,1863,0.2050456253354804,Draw,Non-Win
3879780,Fiorentina,Goalkeeper,45,1863,0.024154589371980676,Draw,Non-Win
3879780,Fiorentina,Striker,90,1863,0.04830917874396135,Draw,Non-Win
3879780,Fiorentina,Wide Forward,352,1863,0.18894256575415996,Draw,Non-Win
3879780,Hellas Verona,Center Back,203,1096,0.1852189781021898,Draw,Non-Win
3879780,Hellas Verona,Central Midfield,136,1096,0.12408759124087591,Draw,Non-Win
3879780,Hellas Verona,Defensive Midfield,151,1096,0.13777372262773724,Draw,Non-Win
3879780,Hellas Verona,Fullback,227,1096,0.2071167883211679,Draw,Non-Win
3879780,Hellas Verona,Goalkeeper,71,1096,0.06478102189781022,Draw,Non-Win
3879780,Hellas Verona,Striker,104,1096,0.0948905109489051,Draw,Non-Win
3879780,Hellas Verona,Wide Forward,204,1096,0.18613138686131386,Draw,Non-Win
3879785,Atalanta,Attacking Midfield,40,1200,0.03333333333333333,Loss,Non-Win
3879785,Atalanta,Center Back,141,1200,0.1175,Loss,Non-Win
3879785,Atalanta,Central Midfield,206,1200,0.17166666666666666,Loss,Non-Win
3879785,Atalanta,Defensive Midfield,128,1200,0.10666666666666667,Loss,Non-Win
3879785,Atalanta,Fullback,212,1200,0.17666666666666667,Loss,Non-Win
3879785,Atalanta,Goalkeeper,37,1200,0.030833333333333334,Loss,Non-Win
3879785,Atalanta,Striker,149,1200,0.12416666666666666,Loss,Non-Win
3879785,Atalanta,Wide Forward,287,1200,0.23916666666666667,Loss,Non-Win
3879785,Lazio,Attacking Midfield,142,1391,0.10208483105679367,Win,Win
3879785,Lazio,Center Back,191,1391,0.13731128684399713,Win,Win
3879785,Lazio,Defensive Midfield,300,1391,0.21567217828900073,Win,Win
3879785,Lazio,Fullback,249,1391,0.1790079079798706,Win,Win
3879785,Lazio,Goalkeeper,72,1391,0.05176132278936017,Win,Win
3879785,Lazio,Striker,116,1391,0.08339324227174695,Win,Win
3879785,Lazio,Wide Forward,321,1391,0.23076923076923078,Win,Win
3879788,Empoli,Attacking Midfield,137,1643,0.08338405356055995,Draw,Non-Win
3879788,Empoli,Center Back,522,1643,0.317711503347535,Draw,Non-Win
3879788,Empoli,Central Midfield,230,1643,0.13998782714546562,Draw,Non-Win
3879788,Empoli,Defensive Midfield,271,1643,0.16494217894096166,Draw,Non-Win
3879788,Empoli,Fullback,268,1643,0.1631162507608034,Draw,Non-Win
3879788,Empoli,Goalkeeper,43,1643,0.026171637248934874,Draw,Non-Win
3879788,Empoli,Striker,172,1643,0.1046865489957395,Draw,Non-Win
3879788,Palermo,Center Back,116,1182,0.09813874788494077,Draw,Non-Win
3879788,Palermo,Central Midfield,214,1182,0.18104906937394247,Draw,Non-Win
3879788,Palermo,Defensive Midfield,104,1182,0.08798646362098139,Draw,Non-Win
3879788,Palermo,Fullback,267,1182,0.22588832487309646,Draw,Non-Win
3879788,Palermo,Goalkeeper,47,1182,0.03976311336717428,Draw,Non-Win
3879788,Palermo,Striker,173,1182,0.1463620981387479,Draw,Non-Win
3879788,Palermo,Wide Forward,261,1182,0.22081218274111675,Draw,Non-Win
3879790,Juventus,Center Back,397,1363,0.29126925898752754,Win,Win
3879790,Juventus,Central Midfield,255,1363,0.18708730741012472,Win,Win
3879790,Juventus,Defensive Midfield,160,1363,0.11738811445341159,Win,Win
3879790,Juventus,Fullback,241,1363,0.1768158473954512,Win,Win
3879790,Juventus,Goalkeeper,52,1363,0.03815113719735877,Win,Win
3879790,Juventus,Striker,258,1363,0.1892883345561262,Win,Win
3879790,Torino,Center Back,323,993,0.3252769385699899,Loss,Non-Win
3879790,Torino,Central Midfield,172,993,0.1732124874118832,Loss,Non-Win
3879790,Torino,Defensive Midfield,102,993,0.1027190332326284,Loss,Non-Win
3879790,Torino,Fullback,173,993,0.17421953675730112,Loss,Non-Win
3879790,Torino,Goalkeeper,56,993,0.05639476334340383,Loss,Non-Win
3879790,Torino,Striker,167,993,0.16817724068479356,Loss,Non-Win
3879795,Carpi,Center Back,49,862,0.0568445475638051,Win,Win
3879795,Carpi,Central Midfield,179,862,0.20765661252900233,Win,Win
3879795,Carpi,Defensive Midfield,101,862,0.11716937354988399,Win,Win
3879795,Carpi,Fullback,128,862,0.14849187935034802,Win,Win
3879795,Carpi,Goalkeeper,43,862,0.04988399071925754,Win,Win
3879795,Carpi,Striker,139,862,0.16125290023201855,Win,Win
3879795,Carpi,Wide Forward,223,862,0.25870069605568446,Win,Win
3879795,Hellas Verona,Attacking Midfield,51,1440,0.035416666666666666,Loss,Non-Win
3879795,Hellas Verona,Center Back,297,1440,0.20625,Loss,Non-Win
3879795,Hellas Verona,Defensive Midfield,293,1440,0.20347222222222222,Loss,Non-Win
3879795,Hellas Verona,Fullback,331,1440,0.2298611111111111,Loss,Non-Win
3879795,Hellas Verona,Goalkeeper,85,1440,0.059027777777777776,Loss,Non-Win
3879795,Hellas Verona,Striker,149,1440,0.10347222222222222,Loss,Non-Win
3879795,Hellas Verona,Wide Forward,234,1440,0.1625,Loss,Non-Win
3879797,Carpi,Attacking Midfield,78,1165,0.06695278969957082,Loss,Non-Win
3879797,Carpi,Center Back,174,1165,0.14935622317596567,Loss,Non-Win
3879797,Carpi,Central Midfield,47,1165,0.04034334763948498,Loss,Non-Win
3879797,Carpi,Defensive Midfield,200,1165,0.17167381974248927,Loss,Non-Win
3879797,Carpi,Fullback,270,1165,0.2317596566523605,Loss,Non-Win
3879797,Carpi,Goalkeeper,43,1165,0.03690987124463519,Loss,Non-Win
3879797,Carpi,Striker,83,1165,0.07124463519313305,Loss,Non-Win
3879797,Carpi,Wide Forward,270,1165,0.2317596566523605,Loss,Non-Win
3879797,Sassuolo,Center Back,232,1615,0.1436532507739938,Win,Win
3879797,Sassuolo,Central Midfield,290,1615,0.17956656346749225,Win,Win
3879797,Sassuolo,Defensive Midfield,209,1615,0.12941176470588237,Win,Win
3879797,Sassuolo,Fullback,270,1615,0.16718266253869968,Win,Win
3879797,Sassuolo,Goalkeeper,134,1615,0.08297213622291022,Win,Win
3879797,Sassuolo,Striker,152,1615,0.09411764705882353,Win,Win
3879797,Sassuolo,Wide Forward,328,1615,0.20309597523219813,Win,Win
3879801,Inter Milan,Attacking Midfield,115,1780,0.06460674157303371,Loss,Non-Win
3879801,Inter Milan,Center Back,412,1780,0.23146067415730337,Loss,Non-Win
3879801,Inter Milan,Defensive Midfield,496,1780,0.2786516853932584,Loss,Non-Win
3879801,Inter Milan,Fullback,424,1780,0.23820224719101124,Loss,Non-Win
3879801,Inter Milan,Goalkeeper,34,1780,0.019101123595505618,Loss,Non-Win
3879801,Inter Milan,Striker,65,1780,0.03651685393258427,Loss,Non-Win
3879801,Inter Milan,Wide Forward,234,1780,0.13146067415730336,Loss,Non-Win
3879801,Torino,Center Back,412,1216,0.33881578947368424,Win,Win
3879801,Torino,Central Midfield,229,1216,0.18832236842105263,Win,Win
3879801,Torino,Defensive Midfield,100,1216,0.08223684210526316,Win,Win
3879801,Torino,Fullback,287,1216,0.23601973684210525,Win,Win
3879801,Torino,Goalkeeper,29,1216,0.023848684210526317,Win,Win
3879801,Torino,Striker,159,1216,0.13075657894736842,Win,Win
3879806,Bologna,Center Back,332,1554,0.21364221364221364,Loss,Non-Win
3879806,Bologna,Central Midfield,276,1554,0.1776061776061776,Loss,Non-Win
3879806,Bologna,Defensive Midfield,194,1554,0.12483912483912483,Loss,Non-Win
3879806,Bologna,Fullback,321,1554,0.20656370656370657,Loss,Non-Win
3879806,Bologna,Goalkeeper,47,1554,0.030244530244530245,Loss,Non-Win
3879806,Bologna,Striker,95,1554,0.06113256113256113,Loss,Non-Win
3879806,Bologna,Wide Forward,289,1554,0.18597168597168598,Loss,Non-Win
3879806,Hellas Verona,Attacking Midfield,16,1065,0.015023474178403756,Win,Win
3879806,Hellas Verona,Center Back,121,1065,0.1136150234741784,Win,Win
3879806,Hellas Verona,Central Midfield,79,1065,0.07417840375586854,Win,Win
3879806,Hellas Verona,Defensive Midfield,233,1065,0.2187793427230047,Win,Win
3879806,Hellas Verona,Fullback,176,1065,0.1652582159624413,Win,Win
3879806,Hellas Verona,Goalkeeper,63,1065,0.059154929577464786,Win,Win
3879806,Hellas Verona,Striker,187,1065,0.1755868544600939,Win,Win
3879806,Hellas Verona,Wide Forward,190,1065,0.1784037558685446,Win,Win
3879815,Atalanta,Attacking Midfield,147,1532,0.09595300261096605,Loss,Non-Win
3879815,Atalanta,Center Back,305,1532,0.19908616187989556,Loss,Non-Win
3879815,Atalanta,Defensive Midfield,363,1532,0.23694516971279372,Loss,Non-Win
3879815,Atalanta,Fullback,374,1532,0.24412532637075718,Loss,Non-Win
3879815,Atalanta,Goalkeeper,46,1532,0.030026109660574413,Loss,Non-Win
3879815,Atalanta,Striker,71,1532,0.04634464751958225,Loss,Non-Win
3879815,Atalanta,Wide Forward,226,1532,0.1475195822454308,Loss,Non-Win
3879815,Torino,Center Back,359,1087,0.33026678932842685,Win,Win
3879815,Torino,Central Midfield,173,1087,0.15915363385464582,Win,Win
3879815,Torino,Defensive Midfield,126,1087,0.11591536338546458,Win,Win
3879815,Torino,Fullback,207,1087,0.19043238270469182,Win,Win
3879815,Torino,Goalkeeper,51,1087,0.046918123275068994,Win,Win
3879815,Torino,Striker,171,1087,0.15731370745170192,Win,Win
3879821,Fiorentina,Attacking Midfield,156,1364,0.11436950146627566,Win,Win
3879821,Fiorentina,Center Back,252,1364,0.18475073313782991,Win,Win
3879821,Fiorentina,Defensive Midfield,303,1364,0.2221407624633431,Win,Win
3879821,Fiorentina,Fullback,230,1364,0.16862170087976538,Win,Win
3879821,Fiorentina,Goalkeeper,65,1364,0.047653958944281524,Win,Win
3879821,Fiorentina,Striker,99,1364,0.07258064516129033,Win,Win
3879821,Fiorentina,Wide Forward,259,1364,0.18988269794721407,Win,Win
3879821,Sassuolo,Center Back,169,1219,0.13863822805578344,Loss,Non-Win
3879821,Sassuolo,Central Midfield,218,1219,0.17883511074651354,Loss,Non-Win
3879821,Sassuolo,Defensive Midfield,204,1219,0.16735028712059064,Loss,Non-Win
3879821,Sassuolo,Fullback,229,1219,0.1878589007383101,Loss,Non-Win
3879821,Sassuolo,Goalkeeper,76,1219,0.062346185397867106,Loss,Non-Win
3879821,Sassuolo,Striker,100,1219,0.08203445447087777,Loss,Non-Win
3879821,Sassuolo,Wide Forward,223,1219,0.18293683347005743,Loss,Non-Win
3879828,AS Roma,Attacking Midfield,80,1374,0.05822416302765648,Win,Win
3879828,AS Roma,Center Back,200,1374,0.14556040756914118,Win,Win
3879828,AS Roma,Central Midfield,174,1374,0.12663755458515283,Win,Win
3879828,AS Roma,Defensive Midfield,159,1374,0.11572052401746726,Win,Win
3879828,AS Roma,Fullback,331,1374,0.24090247452692867,Win,Win
3879828,AS Roma,Goalkeeper,46,1374,0.033478893740902474,Win,Win
3879828,AS Roma,Striker,145,1374,0.10553129548762737,Win,Win
3879828,AS Roma,Wide Forward,239,1374,0.17394468704512372,Win,Win
3879828,Torino,Center Back,373,1328,0.2808734939759036,Loss,Non-Win
3879828,Torino,Central Midfield,238,1328,0.17921686746987953,Loss,Non-Win
3879828,Torino,Defensive Midfield,119,1328,0.08960843373493976,Loss,Non-Win
3879828,Torino,Fullback,322,1328,0.24246987951807228,Loss,Non-Win
3879828,Torino,Goalkeeper,70,1328,0.05271084337349398,Loss,Non-Win
3879828,Torino,Striker,206,1328,0.15512048192771086,Loss,Non-Win
3879829,Empoli,Attacking Midfield,142,1586,0.08953341740226986,Win,Win
3879829,Empoli,Center Back,281,1586,0.17717528373266078,Win,Win
3879829,Empoli,Central Midfield,339,1586,0.2137452711223203,Win,Win
3879829,Empoli,Defensive Midfield,237,1586,0.1494325346784363,Win,Win
3879829,Empoli,Fullback,315,1586,0.19861286254728877,Win,Win
3879829,Empoli,Goalkeeper,51,1586,0.03215636822194199,Win,Win
3879829,Empoli,Striker,221,1586,0.13934426229508196,Win,Win
3879829,Hellas Verona,Attacking Midfield,68,1160,0.05862068965517241,Loss,Non-Win
3879829,Hellas Verona,Center Back,145,1160,0.125,Loss,Non-Win
3879829,Hellas Verona,Central Midfield,2,1160,0.0017241379310344827,Loss,Non-Win
3879829,Hellas Verona,Defensive Midfield,268,1160,0.23103448275862068,Loss,Non-Win
3879829,Hellas Verona,Fullback,289,1160,0.24913793103448276,Loss,Non-Win
3879829,Hellas Verona,Goalkeeper,52,1160,0.04482758620689655,Loss,Non-Win
3879829,Hellas Verona,Striker,114,1160,0.09827586206896552,Loss,Non-Win
3879829,Hellas Verona,Wide Forward,222,1160,0.19137931034482758,Loss,Non-Win
3879830,Genoa,Center Back,186,1024,0.181640625,Win,Win
3879830,Genoa,Defensive Midfield,253,1024,0.2470703125,Win,Win
3879830,Genoa,Fullback,210,1024,0.205078125,Win,Win
3879830,Genoa,Goalkeeper,35,1024,0.0341796875,Win,Win
3879830,Genoa,Striker,106,1024,0.103515625,Win,Win
3879830,Genoa,Wide Forward,234,1024,0.228515625,Win,Win
3879830,Inter Milan,Attacking Midfield,218,1792,0.12165178571428571,Loss,Non-Win
3879830,Inter Milan,Center Back,354,1792,0.19754464285714285,Loss,Non-Win
3879830,Inter Milan,Defensive Midfield,460,1792,0.25669642857142855,Loss,Non-Win
3879830,Inter Milan,Fullback,313,1792,0.17466517857142858,Loss,Non-Win
3879830,Inter Milan,Goalkeeper,42,1792,0.0234375,Loss,Non-Win
3879830,Inter Milan,Striker,98,1792,0.0546875,Loss,Non-Win
3879830,Inter Milan,Wide Forward,307,1792,0.17131696428571427,Loss,Non-Win
3879840,Bologna,Attacking Midfield,59,1274,0.04631083202511774,Win,Win
3879840,Bologna,Center Back,204,1274,0.16012558869701726,Win,Win
3879840,Bologna,Central Midfield,162,1274,0.1271585557299843,Win,Win
3879840,Bologna,Defensive Midfield,161,1274,0.12637362637362637,Win,Win
3879840,Bologna,Fullback,236,1274,0.18524332810047095,Win,Win
3879840,Bologna,Goalkeeper,57,1274,0.044740973312401885,Win,Win
3879840,Bologna,Striker,148,1274,0.11616954474097331,Win,Win
3879840,Bologna,Wide Forward,247,1274,0.19387755102040816,Win,Win
3879840,Genoa,Center Back,543,1675,0.32417910447761195,Loss,Non-Win
3879840,Genoa,Central Midfield,136,1675,0.08119402985074627,Loss,Non-Win
3879840,Genoa,Defensive Midfield,310,1675,0.18507462686567164,Loss,Non-Win
3879840,Genoa,Fullback,317,1675,0.18925373134328358,Loss,Non-Win
3879840,Genoa,Goalkeeper,61,1675,0.036417910447761194,Loss,Non-Win
3879840,Genoa,Striker,112,1675,0.06686567164179104,Loss,Non-Win
3879840,Genoa,Wide Forward,196,1675,0.11701492537313433,Loss,Non-Win
3879841,Frosinone,Attacking Midfield,85,1061,0.08011310084825636,Loss,Non-Win
3879841,Frosinone,Center Back,171,1061,0.16116870876531575,Loss,Non-Win
3879841,Frosinone,Central Midfield,67,1061,0.06314797360980208,Loss,Non-Win
3879841,Frosinone,Defensive Midfield,201,1061,0.18944392082940623,Loss,Non-Win
3879841,Frosinone,Fullback,225,1061,0.21206409048067862,Loss,Non-Win
3879841,Frosinone,Goalkeeper,27,1061,0.02544769085768143,Loss,Non-Win
3879841,Frosinone,Striker,100,1061,0.0942507068803016,Loss,Non-Win
3879841,Frosinone,Wide Forward,185,1061,0.17436380772855797,Loss,Non-Win
3879841,Palermo,Attacking Midfield,307,1086,0.2826887661141805,Win,Win
3879841,Palermo,Center Back,155,1086,0.1427255985267035,Win,Win
3879841,Palermo,Defensive Midfield,259,1086,0.23848987108655617,Win,Win
3879841,Palermo,Fullback,197,1086,0.18139963167587478,Win,Win
3879841,Palermo,Goalkeeper,47,1086,0.0432780847145488,Win,Win
3879841,Palermo,Striker,121,1086,0.11141804788213629,Win,Win
3879843,Sassuolo,Center Back,253,1349,0.18754633061527057,Win,Win
3879843,Sassuolo,Central Midfield,214,1349,0.1586360266864344,Win,Win
3879843,Sassuolo,Defensive Midfield,173,1349,0.12824314306893997,Win,Win
3879843,Sassuolo,Fullback,303,1349,0.2246108228317272,Win,Win
3879843,Sassuolo,Goalkeeper,52,1349,0.0385470719051149,Win,Win
3879843,Sassuolo,Striker,81,1349,0.060044477390659746,Win,Win
3879843,Sassuolo,Wide Forward,273,1349,0.20237212750185324,Win,Win
3879843,Torino,Center Back,495,1343,0.3685778108711839,Loss,Non-Win
3879843,Torino,Central Midfield,253,1343,0.18838421444527179,Loss,Non-Win
3879843,Torino,Defensive Midfield,122,1343,0.09084139985107967,Loss,Non-Win
3879843,Torino,Fullback,239,1343,0.17795979151154132,Loss,Non-Win
3879843,Torino,Goalkeeper,58,1343,0.04318689501116903,Loss,Non-Win
3879843,Torino,Striker,157,1343,0.1169024571854058,Loss,Non-Win
3879843,Torino,Wide Forward,19,1343,0.014147431124348473,Loss,Non-Win
3879847,Torino,Center Back,549,1579,0.3476884103863205,Win,Win
3879847,Torino,Central Midfield,262,1579,0.16592780240658644,Win,Win
3879847,Torino,Defensive Midfield,244,1579,0.15452818239392022,Win,Win
3879847,Torino,Fullback,280,1579,0.1773274224192527,Win,Win
3879847,Torino,Goalkeeper,81,1579,0.0512982900569981,Win,Win
3879847,Torino,Striker,163,1579,0.1032298923369221,Win,Win
3879847,Udinese,Attacking Midfield,39,1067,0.03655107778819119,Loss,Non-Win
3879847,Udinese,Center Back,298,1067,0.27928772258669166,Loss,Non-Win
3879847,Udinese,Central Midfield,185,1067,0.1733833177132146,Loss,Non-Win
3879847,Udinese,Defensive Midfield,161,1067,0.15089034676663543,Loss,Non-Win
3879847,Udinese,Fullback,184,1067,0.1724461105904405,Loss,Non-Win
3879847,Udinese,Goalkeeper,26,1067,0.02436738519212746,Loss,Non-Win
3879847,Udinese,Striker,174,1067,0.16307403936269915,Loss,Non-Win
3879848,Chievo,Attacking Midfield,122,1062,0.11487758945386065,Draw,Non-Win
3879848,Chievo,Center Back,67,1062,0.06308851224105462,Draw,Non-Win
3879848,Chievo,Central Midfield,253,1062,0.2382297551789077,Draw,Non-Win
3879848,Chievo,Defensive Midfield,141,1062,0.1327683615819209,Draw,Non-Win
3879848,Chievo,Fullback,256,1062,0.24105461393596986,Draw,Non-Win
3879848,Chievo,Goalkeeper,36,1062,0.03389830508474576,Draw,Non-Win
3879848,Chievo,Striker,187,1062,0.1760828625235405,Draw,Non-Win
3879848,Fiorentina,Attacking Midfield,195,1875,0.104,Draw,Non-Win
3879848,Fiorentina,Center Back,575,1875,0.30666666666666664,Draw,Non-Win
3879848,Fiorentina,Central Midfield,394,1875,0.21013333333333334,Draw,Non-Win
3879848,Fiorentina,Defensive Midfield,224,1875,0.11946666666666667,Draw,Non-Win
3879848,Fiorentina,Fullback,334,1875,0.17813333333333334,Draw,Non-Win
3879848,Fiorentina,Goalkeeper,48,1875,0.0256,Draw,Non-Win
3879848,Fiorentina,Striker,105,1875,0.056,Draw,Non-Win
3879849,Bologna,Attacking Midfield,113,1320,0.0856060606060606,Draw,Non-Win
3879849,Bologna,Center Back,164,1320,0.12424242424242424,Draw,Non-Win
3879849,Bologna,Defensive Midfield,275,1320,0.20833333333333334,Draw,Non-Win
3879849,Bologna,Fullback,255,1320,0.19318181818181818,Draw,Non-Win
3879849,Bologna,Goalkeeper,78,1320,0.05909090909090909,Draw,Non-Win
3879849,Bologna,Striker,128,1320,0.09696969696969697,Draw,Non-Win
3879849,Bologna,Wide Forward,307,1320,0.23257575757575757,Draw,Non-Win
3879849,Empoli,Attacking Midfield,121,1841,0.06572514937533949,Draw,Non-Win
3879849,Empoli,Center Back,443,1841,0.24063009234111896,Draw,Non-Win
3879849,Empoli,Central Midfield,427,1841,0.23193916349809887,Draw,Non-Win
3879849,Empoli,Defensive Midfield,208,1841,0.11298207495926127,Draw,Non-Win
3879849,Empoli,Fullback,395,1841,0.21455730581205867,Draw,Non-Win
3879849,Empoli,Goalkeeper,46,1841,0.024986420423682782,Draw,Non-Win
3879849,Empoli,Striker,201,1841,0.10917979359043997,Draw,Non-Win
3879868,Inter Milan,Center Back,338,1464,0.23087431693989072,Loss,Non-Win
3879868,Inter Milan,Central Midfield,228,1464,0.1557377049180328,Loss,Non-Win
3879868,Inter Milan,Defensive Midfield,187,1464,0.12773224043715847,Loss,Non-Win
3879868,Inter Milan,Fullback,264,1464,0.18032786885245902,Loss,Non-Win
3879868,Inter Milan,Goalkeeper,48,1464,0.03278688524590164,Loss,Non-Win
3879868,Inter Milan,Striker,124,1464,0.08469945355191257,Loss,Non-Win
3879868,Inter Milan,Wide Forward,275,1464,0.1878415300546448,Loss,Non-Win
3879868,Sassuolo,Center Back,209,1315,0.15893536121673005,Win,Win
3879868,Sassuolo,Central Midfield,272,1315,0.20684410646387832,Win,Win
3879868,Sassuolo,Defensive Midfield,213,1315,0.16197718631178706,Win,Win
3879868,Sassuolo,Fullback,215,1315,0.1634980988593156,Win,Win
3879868,Sassuolo,Goalkeeper,44,1315,0.033460076045627375,Win,Win
3879868,Sassuolo,Striker,83,1315,0.06311787072243347,Win,Win
3879868,Sassuolo,Wide Forward,279,1315,0.21216730038022813,Win,Win
3879871,Carpi,Attacking Midfield,176,1251,0.14068745003996802,Win,Win
3879871,Carpi,Center Back,236,1251,0.18864908073541167,Win,Win
3879871,Carpi,Central Midfield,263,1251,0.21023181454836132,Win,Win
3879871,Carpi,Defensive Midfield,141,1251,0.11270983213429256,Win,Win
3879871,Carpi,Fullback,258,1251,0.20623501199040767,Win,Win
3879871,Carpi,Goalkeeper,47,1251,0.037569944044764186,Win,Win
3879871,Carpi,Striker,130,1251,0.10391686650679456,Win,Win
3879871,Udinese,Center Back,377,1346,0.2800891530460624,Loss,Non-Win
3879871,Udinese,Central Midfield,154,1346,0.11441307578008915,Loss,Non-Win
3879871,Udinese,Defensive Midfield,215,1346,0.15973254086181277,Loss,Non-Win
3879871,Udinese,Fullback,257,1346,0.19093610698365526,Loss,Non-Win
3879871,Udinese,Goalkeeper,55,1346,0.04086181277860327,Loss,Non-Win
3879871,Udinese,Striker,202,1346,0.150074294205052,Loss,Non-Win
3879871,Udinese,Wide Forward,86,1346,0.0638930163447251,Loss,Non-Win
3879872,Bologna,Attacking Midfield,163,1693,0.09627879503839339,Draw,Non-Win
3879872,Bologna,Center Back,267,1693,0.1577082102776137,Draw,Non-Win
3879872,Bologna,Defensive Midfield,339,1693,0.2002362669816893,Draw,Non-Win
3879872,Bologna,Fullback,377,1693,0.22268163024217366,Draw,Non-Win
3879872,Bologna,Goalkeeper,59,1693,0.03484937979917307,Draw,Non-Win
3879872,Bologna,Striker,140,1693,0.08269344359125812,Draw,Non-Win
3879872,Bologna,Wide Forward,348,1693,0.20555227406969875,Draw,Non-Win
3879872,Chievo,Attacking Midfield,141,1450,0.09724137931034482,Draw,Non-Win
3879872,Chievo,Center Back,258,1450,0.17793103448275863,Draw,Non-Win
3879872,Chievo,Central Midfield,290,1450,0.2,Draw,Non-Win
3879872,Chievo,Defensive Midfield,144,1450,0.0993103448275862,Draw,Non-Win
3879872,Chievo,Fullback,346,1450,0.2386206896551724,Draw,Non-Win
3879872,Chievo,Goalkeeper,87,1450,0.06,Draw,Non-Win
3879872,Chievo,Striker,184,1450,0.12689655172413794,Draw,Non-Win
3879874,Fiorentina,Center Back,316,1687,0.1873147599288678,Win,Win
3879874,Fiorentina,Central Midfield,372,1687,0.22050978067575577,Win,Win
3879874,Fiorentina,Defensive Midfield,263,1687,0.15589804386484885,Win,Win
3879874,Fiorentina,Fullback,283,1687,0.16775340841730882,Win,Win
3879874,Fiorentina,Goalkeeper,69,1687,0.04090100770598696,Win,Win
3879874,Fiorentina,Striker,113,1687,0.06698280972139893,Win,Win
3879874,Fiorentina,Wide Forward,271,1687,0.16064018968583285,Win,Win
3879874,Lazio,Attacking Midfield,7,1408,0.004971590909090909,Loss,Non-Win
3879874,Lazio,Center Back,247,1408,0.17542613636363635,Loss,Non-Win
3879874,Lazio,Central Midfield,197,1408,0.13991477272727273,Loss,Non-Win
3879874,Lazio,Defensive Midfield,183,1408,0.1299715909090909,Loss,Non-Win
3879874,Lazio,Fullback,286,1408,0.203125,Loss,Non-Win
3879874,Lazio,Goalkeeper,50,1408,0.03551136363636364,Loss,Non-Win
3879874,Lazio,Striker,87,1408,0.06178977272727273,Loss,Non-Win
3879874,Lazio,Wide Forward,351,1408,0.24928977272727273,Loss,Non-Win
3879875,Hellas Verona,Attacking Midfield,33,1683,0.0196078431372549,Loss,Non-Win
3879875,Hellas Verona,Center Back,292,1683,0.17349970291146763,Loss,Non-Win
3879875,Hellas Verona,Defensive Midfield,489,1683,0.2905525846702317,Loss,Non-Win
3879875,Hellas Verona,Fullback,400,1683,0.23767082590612001,Loss,Non-Win
3879875,Hellas Verona,Goalkeeper,42,1683,0.024955436720142603,Loss,Non-Win
3879875,Hellas Verona,Striker,120,1683,0.07130124777183601,Loss,Non-Win
3879875,Hellas Verona,Wide Forward,307,1683,0.18241235888294713,Loss,Non-Win
3879875,Palermo,Center Back,201,1025,0.19609756097560976,Win,Win
3879875,Palermo,Defensive Midfield,304,1025,0.2965853658536585,Win,Win
3879875,Palermo,Fullback,206,1025,0.20097560975609757,Win,Win
3879875,Palermo,Goalkeeper,30,1025,0.02926829268292683,Win,Win
3879875,Palermo,Striker,121,1025,0.11804878048780487,Win,Win
3879875,Palermo,Wide Forward,163,1025,0.15902439024390244,Win,Win
3888719,Brazil,Center Back,275,1257,0.21877486077963404,Loss,Non-Win
3888719,Brazil,Defensive Midfield,384,1257,0.3054892601431981,Loss,Non-Win
3888719,Brazil,Fullback,122,1257,0.09705648369132856,Loss,Non-Win
3888719,Brazil,Goalkeeper,48,1257,0.03818615751789976,Loss,Non-Win
3888719,Brazil,Striker,210,1257,0.16706443914081145,Loss,Non-Win
3888719,Brazil,Wide Forward,218,1257,0.17342879872712808,Loss,Non-Win
3888719,Netherlands,Center Back,241,1264,0.1906645569620253,Win,Win
3888719,Netherlands,Central Midfield,286,1264,0.22626582278481014,Win,Win
3888719,Netherlands,Defensive Midfield,84,1264,0.06645569620253164,Win,Win
3888719,Netherlands,Fullback,263,1264,0.20806962025316456,Win,Win
3888719,Netherlands,Goalkeeper,70,1264,0.055379746835443035,Win,Win
3888719,Netherlands,Striker,123,1264,0.09731012658227849,Win,Win
3888719,Netherlands,Wide Forward,197,1264,0.15585443037974683,Win,Win
3889082,Boca Juniors,Attacking Midfield,157,1012,0.1551383399209486,Win,Win
3889082,Boca Juniors,Center Back,109,1012,0.10770750988142293,Win,Win
3889082,Boca Juniors,Central Midfield,331,1012,0.32707509881422925,Win,Win
3889082,Boca Juniors,Defensive Midfield,88,1012,0.08695652173913043,Win,Win
3889082,Boca Juniors,Fullback,165,1012,0.16304347826086957,Win,Win
3889082,Boca Juniors,Goalkeeper,54,1012,0.0533596837944664,Win,Win
3889082,Boca Juniors,Striker,108,1012,0.1067193675889328,Win,Win
3889082,River Plate,Attacking Midfield,151,1156,0.13062283737024222,Loss,Non-Win
3889082,River Plate,Center Back,233,1156,0.20155709342560554,Loss,Non-Win
3889082,River Plate,Defensive Midfield,193,1156,0.16695501730103807,Loss,Non-Win
3889082,River Plate,Fullback,199,1156,0.17214532871972318,Loss,Non-Win
3889082,River Plate,Goalkeeper,60,1156,0.05190311418685121,Loss,Non-Win
3889082,River Plate,Striker,127,1156,0.10986159169550173,Loss,Non-Win
3889082,River Plate,Wide Forward,193,1156,0.16695501730103807,Loss,Non-Win
3889149,Argentina,Center Back,143,908,0.15748898678414097,Win,Win
3889149,Argentina,Central Midfield,153,908,0.1685022026431718,Win,Win
3889149,Argentina,Defensive Midfield,127,908,0.13986784140969163,Win,Win
3889149,Argentina,Fullback,157,908,0.17290748898678415,Win,Win
3889149,Argentina,Goalkeeper,50,908,0.05506607929515418,Win,Win
3889149,Argentina,Striker,278,908,0.30616740088105726,Win,Win
3889149,Germany,Attacking Midfield,67,1012,0.06620553359683795,Loss,Non-Win
3889149,Germany,Center Back,380,1012,0.37549407114624506,Loss,Non-Win
3889149,Germany,Defensive Midfield,170,1012,0.16798418972332016,Loss,Non-Win
3889149,Germany,Fullback,202,1012,0.19960474308300397,Loss,Non-Win
3889149,Germany,Goalkeeper,31,1012,0.030632411067193676,Loss,Non-Win
3889149,Germany,Striker,162,1012,0.1600790513833992,Loss,Non-Win
3890262,Darmstadt 98,Attacking Midfield,86,681,0.1262848751835536,Draw,Non-Win
3890262,Darmstadt 98,Center Back,75,681,0.11013215859030837,Draw,Non-Win
3890262,Darmstadt 98,Defensive Midfield,120,681,0.1762114537444934,Draw,Non-Win
3890262,Darmstadt 98,Fullback,113,681,0.16593245227606462,Draw,Non-Win
3890262,Darmstadt 98,Goalkeeper,42,681,0.06167400881057269,Draw,Non-Win
3890262,Darmstadt 98,Striker,87,681,0.1277533039647577,Draw,Non-Win
3890262,Darmstadt 98,Wide Forward,158,681,0.23201174743024963,Draw,Non-Win
3890262,Hannover 96,Attacking Midfield,48,1028,0.04669260700389105,Draw,Non-Win
3890262,Hannover 96,Center Back,211,1028,0.20525291828793774,Draw,Non-Win
3890262,Hannover 96,Defensive Midfield,186,1028,0.18093385214007782,Draw,Non-Win
3890262,Hannover 96,Fullback,175,1028,0.17023346303501946,Draw,Non-Win
3890262,Hannover 96,Goalkeeper,94,1028,0.0914396887159533,Draw,Non-Win
3890262,Hannover 96,Striker,120,1028,0.11673151750972763,Draw,Non-Win
3890262,Hannover 96,Wide Forward,194,1028,0.188715953307393,Draw,Non-Win
3890263,FSV Mainz 05,Attacking Midfield,94,1319,0.0712661106899166,Loss,Non-Win
3890263,FSV Mainz 05,Center Back,309,1319,0.23426838514025777,Loss,Non-Win
3890263,FSV Mainz 05,Defensive Midfield,281,1319,0.21304018195602728,Loss,Non-Win
3890263,FSV Mainz 05,Fullback,226,1319,0.17134192570128887,Loss,Non-Win
3890263,FSV Mainz 05,Goalkeeper,102,1319,0.07733131159969674,Loss,Non-Win
3890263,FSV Mainz 05,Striker,105,1319,0.07960576194086429,Loss,Non-Win
3890263,FSV Mainz 05,Wide Forward,202,1319,0.15314632297194844,Loss,Non-Win
3890263,Ingolstadt,Center Back,81,1025,0.07902439024390244,Win,Win
3890263,Ingolstadt,Central Midfield,215,1025,0.2097560975609756,Win,Win
3890263,Ingolstadt,Defensive Midfield,36,1025,0.0351219512195122,Win,Win
3890263,Ingolstadt,Fullback,201,1025,0.19609756097560976,Win,Win
3890263,Ingolstadt,Goalkeeper,73,1025,0.07121951219512195,Win,Win
3890263,Ingolstadt,Striker,169,1025,0.1648780487804878,Win,Win
3890263,Ingolstadt,Wide Forward,250,1025,0.24390243902439024,Win,Win
3890264,Schalke 04,Attacking Midfield,27,1027,0.02629016553067186,Win,Win
3890264,Schalke 04,Center Back,137,1027,0.13339824732229796,Win,Win
3890264,Schalke 04,Defensive Midfield,177,1027,0.17234664070107109,Win,Win
3890264,Schalke 04,Fullback,250,1027,0.24342745861733203,Win,Win
3890264,Schalke 04,Goalkeeper,85,1027,0.0827653359298929,Win,Win
3890264,Schalke 04,Striker,112,1027,0.10905550146056475,Win,Win
3890264,Schalke 04,Wide Forward,239,1027,0.23271665043816941,Win,Win
3890264,Werder Bremen,Attacking Midfield,21,1267,0.016574585635359115,Loss,Non-Win
3890264,Werder Bremen,Center Back,290,1267,0.22888713496448304,Loss,Non-Win
3890264,Werder Bremen,Central Midfield,22,1267,0.017363851617995266,Loss,Non-Win
3890264,Werder Bremen,Defensive Midfield,240,1267,0.1894238358326756,Loss,Non-Win
3890264,Werder Bremen,Fullback,206,1267,0.16258879242304658,Loss,Non-Win
3890264,Werder Bremen,Goalkeeper,60,1267,0.0473559589581689,Loss,Non-Win
3890264,Werder Bremen,Striker,177,1267,0.13970007892659828,Loss,Non-Win
3890264,Werder Bremen,Wide Forward,251,1267,0.19810576164167323,Loss,Non-Win
3890266,FC Köln,Attacking Midfield,42,915,0.04590163934426229,Win,Win
3890266,FC Köln,Center Back,148,915,0.16174863387978142,Win,Win
3890266,FC Köln,Central Midfield,78,915,0.08524590163934426,Win,Win
3890266,FC Köln,Defensive Midfield,134,915,0.146448087431694,Win,Win
3890266,FC Köln,Fullback,159,915,0.1737704918032787,Win,Win
3890266,FC Köln,Goalkeeper,70,915,0.07650273224043716,Win,Win
3890266,FC Köln,Striker,87,915,0.09508196721311475,Win,Win
3890266,FC Köln,Wide Forward,197,915,0.21530054644808744,Win,Win
3890266,VfB Stuttgart,Attacking Midfield,12,1238,0.009693053311793215,Loss,Non-Win
3890266,VfB Stuttgart,Center Back,258,1238,0.2084006462035541,Loss,Non-Win
3890266,VfB Stuttgart,Defensive Midfield,239,1238,0.19305331179321486,Loss,Non-Win
3890266,VfB Stuttgart,Fullback,221,1238,0.17851373182552505,Loss,Non-Win
3890266,VfB Stuttgart,Goalkeeper,48,1238,0.03877221324717286,Loss,Non-Win
3890266,VfB Stuttgart,Striker,212,1238,0.17124394184168013,Loss,Non-Win
3890266,VfB Stuttgart,Wide Forward,248,1238,0.20032310177705978,Loss,Non-Win
3890267,Eintracht Frankfurt,Center Back,180,1100,0.16363636363636364,Loss,Non-Win
3890267,Eintracht Frankfurt,Central Midfield,74,1100,0.06727272727272728,Loss,Non-Win
3890267,Eintracht Frankfurt,Defensive Midfield,173,1100,0.1572727272727273,Loss,Non-Win
3890267,Eintracht Frankfurt,Fullback,224,1100,0.20363636363636364,Loss,Non-Win
3890267,Eintracht Frankfurt,Goalkeeper,76,1100,0.06909090909090909,Loss,Non-Win
3890267,Eintracht Frankfurt,Striker,179,1100,0.16272727272727272,Loss,Non-Win
3890267,Eintracht Frankfurt,Wide Forward,194,1100,0.17636363636363636,Loss,Non-Win
3890267,Wolfsburg,Attacking Midfield,210,1783,0.11777902411665732,Win,Win
3890267,Wolfsburg,Center Back,410,1783,0.22994952327537857,Win,Win
3890267,Wolfsburg,Defensive Midfield,324,1783,0.18171620863712842,Win,Win
3890267,Wolfsburg,Fullback,381,1783,0.213684800897364,Win,Win
3890267,Wolfsburg,Goalkeeper,98,1783,0.054963544587773416,Win,Win
3890267,Wolfsburg,Striker,83,1783,0.04655075715086932,Win,Win
3890267,Wolfsburg,Wide Forward,277,1783,0.15535614133482895,Win,Win
3890268,Hertha Berlin,Center Back,191,1350,0.14148148148148149,Draw,Non-Win
3890268,Hertha Berlin,Defensive Midfield,245,1350,0.1814814814814815,Draw,Non-Win
3890268,Hertha Berlin,Fullback,315,1350,0.23333333333333334,Draw,Non-Win
3890268,Hertha Berlin,Goalkeeper,71,1350,0.052592592592592594,Draw,Non-Win
3890268,Hertha Berlin,Striker,291,1350,0.21555555555555556,Draw,Non-Win
3890268,Hertha Berlin,Wide Forward,237,1350,0.17555555555555555,Draw,Non-Win
3890268,Werder Bremen,Attacking Midfield,74,1230,0.06016260162601626,Draw,Non-Win
3890268,Werder Bremen,Center Back,276,1230,0.22439024390243903,Draw,Non-Win
3890268,Werder Bremen,Central Midfield,228,1230,0.18536585365853658,Draw,Non-Win
3890268,Werder Bremen,Defensive Midfield,131,1230,0.10650406504065041,Draw,Non-Win
3890268,Werder Bremen,Fullback,238,1230,0.19349593495934958,Draw,Non-Win
3890268,Werder Bremen,Goalkeeper,73,1230,0.05934959349593496,Draw,Non-Win
3890268,Werder Bremen,Striker,209,1230,0.16991869918699187,Draw,Non-Win
3890268,Werder Bremen,Wide Forward,1,1230,0.0008130081300813008,Draw,Non-Win
3890272,Augsburg,Attacking Midfield,86,939,0.09158679446219382,Draw,Non-Win
3890272,Augsburg,Center Back,154,939,0.16400425985090522,Draw,Non-Win
3890272,Augsburg,Defensive Midfield,138,939,0.14696485623003194,Draw,Non-Win
3890272,Augsburg,Fullback,190,939,0.20234291799787008,Draw,Non-Win
3890272,Augsburg,Goalkeeper,97,939,0.1033013844515442,Draw,Non-Win
3890272,Augsburg,Striker,118,939,0.12566560170394037,Draw,Non-Win
3890272,Augsburg,Wide Forward,156,939,0.16613418530351437,Draw,Non-Win
3890272,Eintracht Frankfurt,Attacking Midfield,53,1169,0.045337895637296836,Draw,Non-Win
3890272,Eintracht Frankfurt,Center Back,215,1169,0.18391787852865696,Draw,Non-Win
3890272,Eintracht Frankfurt,Central Midfield,142,1169,0.12147134302822926,Draw,Non-Win
3890272,Eintracht Frankfurt,Defensive Midfield,176,1169,0.15055603079555174,Draw,Non-Win
3890272,Eintracht Frankfurt,Fullback,239,1169,0.20444824636441403,Draw,Non-Win
3890272,Eintracht Frankfurt,Goalkeeper,57,1169,0.04875962360992301,Draw,Non-Win
3890272,Eintracht Frankfurt,Striker,177,1169,0.1514114627887083,Draw,Non-Win
3890272,Eintracht Frankfurt,Wide Forward,110,1169,0.09409751924721985,Draw,Non-Win
3890276,Borussia Mönchengladbach,Center Back,631,2361,0.2672596357475646,Loss,Non-Win
3890276,Borussia Mönchengladbach,Defensive Midfield,630,2361,0.2668360864040661,Loss,Non-Win
3890276,Borussia Mönchengladbach,Fullback,407,2361,0.17238458280389665,Loss,Non-Win
3890276,Borussia Mönchengladbach,Goalkeeper,75,2361,0.03176620076238882,Loss,Non-Win
3890276,Borussia Mönchengladbach,Striker,327,2361,0.13850063532401524,Loss,Non-Win
3890276,Borussia Mönchengladbach,Wide Forward,291,2361,0.12325285895806862,Loss,Non-Win
3890276,FSV Mainz 05,Attacking Midfield,88,1048,0.08396946564885496,Win,Win
3890276,FSV Mainz 05,Center Back,264,1048,0.25190839694656486,Win,Win
3890276,FSV Mainz 05,Defensive Midfield,165,1048,0.15744274809160305,Win,Win
3890276,FSV Mainz 05,Fullback,225,1048,0.21469465648854963,Win,Win
3890276,FSV Mainz 05,Goalkeeper,66,1048,0.06297709923664122,Win,Win
3890276,FSV Mainz 05,Striker,92,1048,0.08778625954198473,Win,Win
3890276,FSV Mainz 05,Wide Forward,148,1048,0.14122137404580154,Win,Win
3890281,Augsburg,Attacking Midfield,93,1455,0.06391752577319587,Loss,Non-Win
3890281,Augsburg,Center Back,366,1455,0.2515463917525773,Loss,Non-Win
3890281,Augsburg,Central Midfield,23,1455,0.015807560137457044,Loss,Non-Win
3890281,Augsburg,Defensive Midfield,275,1455,0.18900343642611683,Loss,Non-Win
3890281,Augsburg,Fullback,285,1455,0.1958762886597938,Loss,Non-Win
3890281,Augsburg,Goalkeeper,122,1455,0.0838487972508591,Loss,Non-Win
3890281,Augsburg,Striker,125,1455,0.0859106529209622,Loss,Non-Win
3890281,Augsburg,Wide Forward,166,1455,0.1140893470790378,Loss,Non-Win
3890281,Ingolstadt,Center Back,92,903,0.10188261351052048,Win,Win
3890281,Ingolstadt,Central Midfield,240,903,0.26578073089701,Win,Win
3890281,Ingolstadt,Defensive Midfield,61,903,0.06755260243632337,Win,Win
3890281,Ingolstadt,Fullback,148,903,0.1638981173864895,Win,Win
3890281,Ingolstadt,Goalkeeper,68,903,0.0753045404208195,Win,Win
3890281,Ingolstadt,Striker,105,903,0.11627906976744186,Win,Win
3890281,Ingolstadt,Wide Forward,189,903,0.20930232558139536,Win,Win
3890290,Hertha Berlin,Center Back,265,1207,0.2195526097763049,Win,Win
3890290,Hertha Berlin,Defensive Midfield,252,1207,0.2087821043910522,Win,Win
3890290,Hertha Berlin,Fullback,217,1207,0.17978458989229495,Win,Win
3890290,Hertha Berlin,Goalkeeper,86,1207,0.07125103562551781,Win,Win
3890290,Hertha Berlin,Striker,211,1207,0.1748135874067937,Win,Win
3890290,Hertha Berlin,Wide Forward,176,1207,0.14581607290803644,Win,Win
3890290,VfB Stuttgart,Center Back,224,1225,0.18285714285714286,Loss,Non-Win
3890290,VfB Stuttgart,Central Midfield,279,1225,0.22775510204081634,Loss,Non-Win
3890290,VfB Stuttgart,Defensive Midfield,135,1225,0.11020408163265306,Loss,Non-Win
3890290,VfB Stuttgart,Fullback,207,1225,0.1689795918367347,Loss,Non-Win
3890290,VfB Stuttgart,Goalkeeper,42,1225,0.03428571428571429,Loss,Non-Win
3890290,VfB Stuttgart,Striker,97,1225,0.07918367346938776,Loss,Non-Win
3890290,VfB Stuttgart,Wide Forward,241,1225,0.19673469387755102,Loss,Non-Win
3890295,FSV Mainz 05,Attacking Midfield,115,1348,0.08531157270029674,Win,Win
3890295,FSV Mainz 05,Center Back,260,1348,0.19287833827893175,Win,Win
3890295,FSV Mainz 05,Defensive Midfield,257,1348,0.19065281899109793,Win,Win
3890295,FSV Mainz 05,Fullback,248,1348,0.18397626112759644,Win,Win
3890295,FSV Mainz 05,Goalkeeper,114,1348,0.08456973293768547,Win,Win
3890295,FSV Mainz 05,Striker,103,1348,0.07640949554896143,Win,Win
3890295,FSV Mainz 05,Wide Forward,251,1348,0.18620178041543026,Win,Win
3890295,Hoffenheim,Attacking Midfield,8,1008,0.007936507936507936,Loss,Non-Win
3890295,Hoffenheim,Center Back,169,1008,0.16765873015873015,Loss,Non-Win
3890295,Hoffenheim,Central Midfield,168,1008,0.16666666666666666,Loss,Non-Win
3890295,Hoffenheim,Defensive Midfield,112,1008,0.1111111111111111,Loss,Non-Win
3890295,Hoffenheim,Fullback,179,1008,0.1775793650793651,Loss,Non-Win
3890295,Hoffenheim,Goalkeeper,64,1008,0.06349206349206349,Loss,Non-Win
3890295,Hoffenheim,Striker,124,1008,0.12301587301587301,Loss,Non-Win
3890295,Hoffenheim,Wide Forward,184,1008,0.18253968253968253,Loss,Non-Win
3890300,Ingolstadt,Center Back,52,912,0.05701754385964912,Win,Win
3890300,Ingolstadt,Central Midfield,208,912,0.22807017543859648,Win,Win
3890300,Ingolstadt,Defensive Midfield,53,912,0.0581140350877193,Win,Win
3890300,Ingolstadt,Fullback,180,912,0.19736842105263158,Win,Win
3890300,Ingolstadt,Goalkeeper,59,912,0.06469298245614036,Win,Win
3890300,Ingolstadt,Striker,137,912,0.15021929824561403,Win,Win
3890300,Ingolstadt,Wide Forward,223,912,0.24451754385964913,Win,Win
3890300,Werder Bremen,Attacking Midfield,132,1081,0.12210915818686402,Loss,Non-Win
3890300,Werder Bremen,Center Back,168,1081,0.15541165587419056,Loss,Non-Win
3890300,Werder Bremen,Central Midfield,187,1081,0.17298797409805736,Loss,Non-Win
3890300,Werder Bremen,Defensive Midfield,75,1081,0.06938020351526364,Loss,Non-Win
3890300,Werder Bremen,Fullback,194,1081,0.17946345975948197,Loss,Non-Win
3890300,Werder Bremen,Goalkeeper,55,1081,0.05087881591119334,Loss,Non-Win
3890300,Werder Bremen,Striker,270,1081,0.24976873265494912,Loss,Non-Win
3890308,Augsburg,Attacking Midfield,136,1400,0.09714285714285714,Loss,Non-Win
3890308,Augsburg,Center Back,355,1400,0.25357142857142856,Loss,Non-Win
3890308,Augsburg,Defensive Midfield,277,1400,0.19785714285714287,Loss,Non-Win
3890308,Augsburg,Fullback,286,1400,0.2042857142857143,Loss,Non-Win
3890308,Augsburg,Goalkeeper,83,1400,0.05928571428571429,Loss,Non-Win
3890308,Augsburg,Striker,74,1400,0.05285714285714286,Loss,Non-Win
3890308,Augsburg,Wide Forward,189,1400,0.135,Loss,Non-Win
3890308,Borussia Mönchengladbach,Center Back,250,1405,0.17793594306049823,Win,Win
3890308,Borussia Mönchengladbach,Defensive Midfield,343,1405,0.24412811387900357,Win,Win
3890308,Borussia Mönchengladbach,Fullback,211,1405,0.1501779359430605,Win,Win
3890308,Borussia Mönchengladbach,Goalkeeper,74,1405,0.052669039145907474,Win,Win
3890308,Borussia Mönchengladbach,Striker,315,1405,0.22419928825622776,Win,Win
3890308,Borussia Mönchengladbach,Wide Forward,212,1405,0.15088967971530248,Win,Win
3890311,Eintracht Frankfurt,Attacking Midfield,57,1256,0.04538216560509554,Loss,Non-Win
3890311,Eintracht Frankfurt,Center Back,157,1256,0.125,Loss,Non-Win
3890311,Eintracht Frankfurt,Central Midfield,130,1256,0.1035031847133758,Loss,Non-Win
3890311,Eintracht Frankfurt,Defensive Midfield,240,1256,0.1910828025477707,Loss,Non-Win
3890311,Eintracht Frankfurt,Fullback,264,1256,0.21019108280254778,Loss,Non-Win
3890311,Eintracht Frankfurt,Goalkeeper,88,1256,0.07006369426751592,Loss,Non-Win
3890311,Eintracht Frankfurt,Striker,204,1256,0.1624203821656051,Loss,Non-Win
3890311,Eintracht Frankfurt,Wide Forward,116,1256,0.09235668789808917,Loss,Non-Win
3890311,Schalke 04,Attacking Midfield,124,1426,0.08695652173913043,Win,Win
3890311,Schalke 04,Center Back,234,1426,0.1640953716690042,Win,Win
3890311,Schalke 04,Central Midfield,253,1426,0.1774193548387097,Win,Win
3890311,Schalke 04,Defensive Midfield,147,1426,0.10308555399719495,Win,Win
3890311,Schalke 04,Fullback,301,1426,0.21107994389901824,Win,Win
3890311,Schalke 04,Goalkeeper,93,1426,0.06521739130434782,Win,Win
3890311,Schalke 04,Striker,238,1426,0.16690042075736325,Win,Win
3890311,Schalke 04,Wide Forward,36,1426,0.025245441795231416,Win,Win
3890314,Augsburg,Attacking Midfield,69,1622,0.04254007398273736,Loss,Non-Win
3890314,Augsburg,Center Back,422,1622,0.2601726263871763,Loss,Non-Win
3890314,Augsburg,Defensive Midfield,334,1622,0.2059186189889026,Loss,Non-Win
3890314,Augsburg,Fullback,365,1622,0.22503082614056721,Loss,Non-Win
3890314,Augsburg,Goalkeeper,79,1622,0.04870530209617756,Loss,Non-Win
3890314,Augsburg,Striker,129,1622,0.07953144266337854,Loss,Non-Win
3890314,Augsburg,Wide Forward,224,1622,0.1381011097410604,Loss,Non-Win
3890314,Hoffenheim,Center Back,98,793,0.1235813366960908,Win,Win
3890314,Hoffenheim,Defensive Midfield,146,793,0.1841109709962169,Win,Win
3890314,Hoffenheim,Fullback,116,793,0.14627994955863807,Win,Win
3890314,Hoffenheim,Goalkeeper,77,793,0.09709962168978563,Win,Win
3890314,Hoffenheim,Striker,189,793,0.23833543505674654,Win,Win
3890314,Hoffenheim,Wide Forward,167,793,0.21059268600252207,Win,Win
3890320,Eintracht Frankfurt,Attacking Midfield,69,1177,0.05862361937128292,Draw,Non-Win
3890320,Eintracht Frankfurt,Center Back,151,1177,0.12829226847918437,Draw,Non-Win
3890320,Eintracht Frankfurt,Central Midfield,201,1177,0.1707731520815633,Draw,Non-Win
3890320,Eintracht Frankfurt,Defensive Midfield,167,1177,0.14188615123194562,Draw,Non-Win
3890320,Eintracht Frankfurt,Fullback,263,1177,0.22344944774851316,Draw,Non-Win
3890320,Eintracht Frankfurt,Goalkeeper,54,1177,0.045879354290569246,Draw,Non-Win
3890320,Eintracht Frankfurt,Striker,215,1177,0.1826677994902294,Draw,Non-Win
3890320,Eintracht Frankfurt,Wide Forward,57,1177,0.048428207306711976,Draw,Non-Win
3890320,Hertha Berlin,Attacking Midfield,183,1541,0.11875405580791694,Draw,Non-Win
3890320,Hertha Berlin,Center Back,341,1541,0.22128487994808566,Draw,Non-Win
3890320,Hertha Berlin,Defensive Midfield,347,1541,0.22517845554834523,Draw,Non-Win
3890320,Hertha Berlin,Fullback,260,1541,0.16872160934458144,Draw,Non-Win
3890320,Hertha Berlin,Goalkeeper,106,1541,0.06878650227125244,Draw,Non-Win
3890320,Hertha Berlin,Striker,90,1541,0.058403634003893576,Draw,Non-Win
3890320,Hertha Berlin,Wide Forward,214,1541,0.13887086307592472,Draw,Non-Win
3890327,Hoffenheim,Center Back,94,1020,0.09215686274509804,Draw,Non-Win
3890327,Hoffenheim,Defensive Midfield,195,1020,0.19117647058823528,Draw,Non-Win
3890327,Hoffenheim,Fullback,149,1020,0.14607843137254903,Draw,Non-Win
3890327,Hoffenheim,Goalkeeper,106,1020,0.10392156862745099,Draw,Non-Win
3890327,Hoffenheim,Striker,284,1020,0.2784313725490196,Draw,Non-Win
3890327,Hoffenheim,Wide Forward,192,1020,0.18823529411764706,Draw,Non-Win
3890327,VfB Stuttgart,Attacking Midfield,143,1395,0.1025089605734767,Draw,Non-Win
3890327,VfB Stuttgart,Center Back,263,1395,0.18853046594982079,Draw,Non-Win
3890327,VfB Stuttgart,Central Midfield,93,1395,0.06666666666666667,Draw,Non-Win
3890327,VfB Stuttgart,Defensive Midfield,289,1395,0.207168458781362,Draw,Non-Win
3890327,VfB Stuttgart,Fullback,217,1395,0.15555555555555556,Draw,Non-Win
3890327,VfB Stuttgart,Goalkeeper,63,1395,0.04516129032258064,Draw,Non-Win
3890327,VfB Stuttgart,Striker,173,1395,0.12401433691756272,Draw,Non-Win
3890327,VfB Stuttgart,Wide Forward,154,1395,0.11039426523297491,Draw,Non-Win
3890328,FC Köln,Attacking Midfield,85,851,0.099882491186839,Win,Win
3890328,FC Köln,Center Back,133,851,0.1562867215041128,Win,Win
3890328,FC Köln,Defensive Midfield,154,851,0.1809635722679201,Win,Win
3890328,FC Köln,Fullback,163,851,0.19153936545240893,Win,Win
3890328,FC Köln,Goalkeeper,62,851,0.07285546415981199,Win,Win
3890328,FC Köln,Striker,84,851,0.09870740305522914,Win,Win
3890328,FC Köln,Wide Forward,170,851,0.199764982373678,Win,Win
3890328,Schalke 04,Attacking Midfield,28,1678,0.0166865315852205,Loss,Non-Win
3890328,Schalke 04,Center Back,505,1678,0.300953516090584,Loss,Non-Win
3890328,Schalke 04,Central Midfield,39,1678,0.023241954707985697,Loss,Non-Win
3890328,Schalke 04,Defensive Midfield,343,1678,0.20441001191895114,Loss,Non-Win
3890328,Schalke 04,Fullback,363,1678,0.2163289630512515,Loss,Non-Win
3890328,Schalke 04,Goalkeeper,50,1678,0.029797377830750895,Loss,Non-Win
3890328,Schalke 04,Striker,156,1678,0.09296781883194279,Loss,Non-Win
3890328,Schalke 04,Wide Forward,194,1678,0.11561382598331346,Loss,Non-Win
3890343,Hertha Berlin,Attacking Midfield,138,1294,0.10664605873261206,Win,Win
3890343,Hertha Berlin,Center Back,174,1294,0.13446676970633695,Win,Win
3890343,Hertha Berlin,Defensive Midfield,276,1294,0.2132921174652241,Win,Win
3890343,Hertha Berlin,Fullback,243,1294,0.18778979907264295,Win,Win
3890343,Hertha Berlin,Goalkeeper,100,1294,0.07727975270479134,Win,Win
3890343,Hertha Berlin,Striker,126,1294,0.0973724884080371,Win,Win
3890343,Hertha Berlin,Wide Forward,237,1294,0.1831530139103555,Win,Win
3890343,Ingolstadt,Attacking Midfield,213,1493,0.14266577361018085,Loss,Non-Win
3890343,Ingolstadt,Center Back,277,1493,0.1855324849296718,Loss,Non-Win
3890343,Ingolstadt,Central Midfield,294,1493,0.19691895512391158,Loss,Non-Win
3890343,Ingolstadt,Defensive Midfield,112,1493,0.07501674480910918,Loss,Non-Win
3890343,Ingolstadt,Fullback,311,1493,0.20830542531815138,Loss,Non-Win
3890343,Ingolstadt,Goalkeeper,53,1493,0.03549899531145345,Loss,Non-Win
3890343,Ingolstadt,Striker,233,1493,0.15606162089752176,Loss,Non-Win
3890345,Eintracht Frankfurt,Attacking Midfield,91,1821,0.049972542559033495,Win,Win
3890345,Eintracht Frankfurt,Center Back,387,1821,0.21252059308072488,Win,Win
3890345,Eintracht Frankfurt,Defensive Midfield,410,1821,0.22515101592531575,Win,Win
3890345,Eintracht Frankfurt,Fullback,377,1821,0.2070291048874245,Win,Win
3890345,Eintracht Frankfurt,Goalkeeper,87,1821,0.047775947281713346,Win,Win
3890345,Eintracht Frankfurt,Striker,146,1821,0.08017572762218561,Win,Win
3890345,Eintracht Frankfurt,Wide Forward,323,1821,0.17737506864360242,Win,Win
3890345,Hannover 96,Center Back,236,1373,0.17188638018936636,Loss,Non-Win
3890345,Hannover 96,Defensive Midfield,405,1373,0.2949745083758194,Loss,Non-Win
3890345,Hannover 96,Fullback,227,1373,0.16533139111434814,Loss,Non-Win
3890345,Hannover 96,Goalkeeper,67,1373,0.04879825200291333,Loss,Non-Win
3890345,Hannover 96,Striker,235,1373,0.17115804806991988,Loss,Non-Win
3890345,Hannover 96,Wide Forward,203,1373,0.14785142024763293,Loss,Non-Win
3890360,Darmstadt 98,Attacking Midfield,105,881,0.1191827468785471,Draw,Non-Win
3890360,Darmstadt 98,Center Back,82,881,0.09307604994324631,Draw,Non-Win
3890360,Darmstadt 98,Defensive Midfield,156,881,0.17707150964812712,Draw,Non-Win
3890360,Darmstadt 98,Fullback,153,881,0.17366628830874006,Draw,Non-Win
3890360,Darmstadt 98,Goalkeeper,65,881,0.07377979568671963,Draw,Non-Win
3890360,Darmstadt 98,Striker,149,881,0.16912599318955732,Draw,Non-Win
3890360,Darmstadt 98,Wide Forward,171,881,0.19409761634506242,Draw,Non-Win
3890360,Hamburger SV,Attacking Midfield,55,1476,0.03726287262872629,Draw,Non-Win
3890360,Hamburger SV,Center Back,277,1476,0.18766937669376693,Draw,Non-Win
3890360,Hamburger SV,Defensive Midfield,375,1476,0.2540650406504065,Draw,Non-Win
3890360,Hamburger SV,Fullback,273,1476,0.18495934959349594,Draw,Non-Win
3890360,Hamburger SV,Goalkeeper,59,1476,0.03997289972899729,Draw,Non-Win
3890360,Hamburger SV,Striker,174,1476,0.11788617886178862,Draw,Non-Win
3890360,Hamburger SV,Wide Forward,263,1476,0.17818428184281843,Draw,Non-Win
3890363,Borussia Mönchengladbach,Center Back,235,1437,0.16353514265831592,Draw,Non-Win
3890363,Borussia Mönchengladbach,Central Midfield,108,1437,0.07515657620041753,Draw,Non-Win
3890363,Borussia Mönchengladbach,Defensive Midfield,250,1437,0.17397355601948503,Draw,Non-Win
3890363,Borussia Mönchengladbach,Fullback,267,1437,0.18580375782881003,Draw,Non-Win
3890363,Borussia Mönchengladbach,Goalkeeper,82,1437,0.05706332637439109,Draw,Non-Win
3890363,Borussia Mönchengladbach,Striker,231,1437,0.16075156576200417,Draw,Non-Win
3890363,Borussia Mönchengladbach,Wide Forward,264,1437,0.1837160751565762,Draw,Non-Win
3890363,Ingolstadt,Center Back,69,995,0.06934673366834171,Draw,Non-Win
3890363,Ingolstadt,Central Midfield,260,995,0.2613065326633166,Draw,Non-Win
3890363,Ingolstadt,Defensive Midfield,48,995,0.04824120603015075,Draw,Non-Win
3890363,Ingolstadt,Fullback,171,995,0.17185929648241205,Draw,Non-Win
3890363,Ingolstadt,Goalkeeper,83,995,0.08341708542713568,Draw,Non-Win
3890363,Ingolstadt,Striker,137,995,0.13768844221105528,Draw,Non-Win
3890363,Ingolstadt,Wide Forward,227,995,0.22814070351758794,Draw,Non-Win
3890365,Borussia Dortmund,Center Back,481,1881,0.2557150451887294,Win,Win
3890365,Borussia Dortmund,Central Midfield,520,1881,0.27644869750132905,Win,Win
3890365,Borussia Dortmund,Defensive Midfield,222,1881,0.11802232854864433,Win,Win
3890365,Borussia Dortmund,Fullback,246,1881,0.13078149920255183,Win,Win
3890365,Borussia Dortmund,Goalkeeper,41,1881,0.021796916533758637,Win,Win
3890365,Borussia Dortmund,Striker,92,1881,0.04891015417331207,Win,Win
3890365,Borussia Dortmund,Wide Forward,279,1881,0.14832535885167464,Win,Win
3890365,Schalke 04,Center Back,194,1161,0.16709732988802756,Loss,Non-Win
3890365,Schalke 04,Defensive Midfield,273,1161,0.2351421188630491,Loss,Non-Win
3890365,Schalke 04,Fullback,280,1161,0.24117140396210163,Loss,Non-Win
3890365,Schalke 04,Goalkeeper,77,1161,0.06632213608957795,Loss,Non-Win
3890365,Schalke 04,Striker,172,1161,0.14814814814814814,Loss,Non-Win
3890365,Schalke 04,Wide Forward,165,1161,0.1421188630490956,Loss,Non-Win
3890377,Borussia Mönchengladbach,Attacking Midfield,229,2015,0.11364764267990074,Draw,Non-Win
3890377,Borussia Mönchengladbach,Center Back,429,2015,0.2129032258064516,Draw,Non-Win
3890377,Borussia Mönchengladbach,Central Midfield,302,2015,0.1498759305210918,Draw,Non-Win
3890377,Borussia Mönchengladbach,Defensive Midfield,275,2015,0.13647642679900746,Draw,Non-Win
3890377,Borussia Mönchengladbach,Fullback,357,2015,0.1771712158808933,Draw,Non-Win
3890377,Borussia Mönchengladbach,Goalkeeper,83,2015,0.04119106699751861,Draw,Non-Win
3890377,Borussia Mönchengladbach,Striker,340,2015,0.1687344913151365,Draw,Non-Win
3890377,Hoffenheim,Center Back,91,920,0.09891304347826087,Draw,Non-Win
3890377,Hoffenheim,Defensive Midfield,144,920,0.1565217391304348,Draw,Non-Win
3890377,Hoffenheim,Fullback,146,920,0.15869565217391304,Draw,Non-Win
3890377,Hoffenheim,Goalkeeper,55,920,0.059782608695652176,Draw,Non-Win
3890377,Hoffenheim,Striker,264,920,0.28695652173913044,Draw,Non-Win
3890377,Hoffenheim,Wide Forward,220,920,0.2391304347826087,Draw,Non-Win
3890379,Hamburger SV,Attacking Midfield,136,1218,0.1116584564860427,Win,Win
3890379,Hamburger SV,Center Back,158,1218,0.1297208538587849,Win,Win
3890379,Hamburger SV,Defensive Midfield,259,1218,0.21264367816091953,Win,Win
3890379,Hamburger SV,Fullback,239,1218,0.1962233169129721,Win,Win
3890379,Hamburger SV,Goalkeeper,63,1218,0.05172413793103448,Win,Win
3890379,Hamburger SV,Striker,114,1218,0.09359605911330049,Win,Win
3890379,Hamburger SV,Wide Forward,249,1218,0.2044334975369458,Win,Win
3890379,Werder Bremen,Center Back,235,1279,0.18373729476153244,Loss,Non-Win
3890379,Werder Bremen,Defensive Midfield,254,1279,0.19859265050820954,Loss,Non-Win
3890379,Werder Bremen,Fullback,254,1279,0.19859265050820954,Loss,Non-Win
3890379,Werder Bremen,Goalkeeper,54,1279,0.04222048475371384,Loss,Non-Win
3890379,Werder Bremen,Striker,223,1279,0.1743549648162627,Loss,Non-Win
3890379,Werder Bremen,Wide Forward,259,1279,0.20250195465207194,Loss,Non-Win
3890386,FSV Mainz 05,Attacking Midfield,124,1233,0.10056772100567721,Win,Win
3890386,FSV Mainz 05,Center Back,189,1233,0.15328467153284672,Win,Win
3890386,FSV Mainz 05,Defensive Midfield,263,1233,0.21330089213300893,Win,Win
3890386,FSV Mainz 05,Fullback,236,1233,0.19140308191403083,Win,Win
3890386,FSV Mainz 05,Goalkeeper,68,1233,0.055150040551500405,Win,Win
3890386,FSV Mainz 05,Striker,92,1233,0.0746147607461476,Win,Win
3890386,FSV Mainz 05,Wide Forward,261,1233,0.2116788321167883,Win,Win
3890386,Hamburger SV,Attacking Midfield,153,1755,0.08717948717948718,Loss,Non-Win
3890386,Hamburger SV,Center Back,433,1755,0.24672364672364672,Loss,Non-Win
3890386,Hamburger SV,Defensive Midfield,410,1755,0.2336182336182336,Loss,Non-Win
3890386,Hamburger SV,Fullback,342,1755,0.19487179487179487,Loss,Non-Win
3890386,Hamburger SV,Goalkeeper,79,1755,0.045014245014245016,Loss,Non-Win
3890386,Hamburger SV,Striker,78,1755,0.044444444444444446,Loss,Non-Win
3890386,Hamburger SV,Wide Forward,260,1755,0.14814814814814814,Loss,Non-Win
3890390,Bayer Leverkusen,Attacking Midfield,24,1250,0.0192,Loss,Non-Win
3890390,Bayer Leverkusen,Center Back,245,1250,0.196,Loss,Non-Win
3890390,Bayer Leverkusen,Defensive Midfield,300,1250,0.24,Loss,Non-Win
3890390,Bayer Leverkusen,Fullback,239,1250,0.1912,Loss,Non-Win
3890390,Bayer Leverkusen,Goalkeeper,49,1250,0.0392,Loss,Non-Win
3890390,Bayer Leverkusen,Striker,84,1250,0.0672,Loss,Non-Win
3890390,Bayer Leverkusen,Wide Forward,309,1250,0.2472,Loss,Non-Win
3890390,Hertha Berlin,Center Back,483,1863,0.25925925925925924,Win,Win
3890390,Hertha Berlin,Defensive Midfield,420,1863,0.22544283413848631,Win,Win
3890390,Hertha Berlin,Fullback,341,1863,0.18303811057434247,Win,Win
3890390,Hertha Berlin,Goalkeeper,81,1863,0.043478260869565216,Win,Win
3890390,Hertha Berlin,Striker,287,1863,0.15405260332796564,Win,Win
3890390,Hertha Berlin,Wide Forward,251,1863,0.1347289318303811,Win,Win
3890392,VfB Stuttgart,Center Back,234,1406,0.16642958748221906,Draw,Non-Win
3890392,VfB Stuttgart,Central Midfield,292,1406,0.20768136557610242,Draw,Non-Win
3890392,VfB Stuttgart,Defensive Midfield,206,1406,0.1465149359886202,Draw,Non-Win
3890392,VfB Stuttgart,Fullback,270,1406,0.19203413940256045,Draw,Non-Win
3890392,VfB Stuttgart,Goalkeeper,52,1406,0.03698435277382646,Draw,Non-Win
3890392,VfB Stuttgart,Striker,98,1406,0.06970128022759602,Draw,Non-Win
3890392,VfB Stuttgart,Wide Forward,254,1406,0.1806543385490754,Draw,Non-Win
3890392,Werder Bremen,Attacking Midfield,27,995,0.027135678391959798,Draw,Non-Win
3890392,Werder Bremen,Center Back,160,995,0.16080402010050251,Draw,Non-Win
3890392,Werder Bremen,Central Midfield,184,995,0.1849246231155779,Draw,Non-Win
3890392,Werder Bremen,Defensive Midfield,114,995,0.11457286432160804,Draw,Non-Win
3890392,Werder Bremen,Fullback,200,995,0.20100502512562815,Draw,Non-Win
3890392,Werder Bremen,Goalkeeper,43,995,0.04321608040201005,Draw,Non-Win
3890392,Werder Bremen,Striker,97,995,0.09748743718592964,Draw,Non-Win
3890392,Werder Bremen,Wide Forward,170,995,0.1708542713567839,Draw,Non-Win
3890397,Hannover 96,Attacking Midfield,94,1394,0.06743185078909612,Loss,Non-Win
3890397,Hannover 96,Center Back,350,1394,0.25107604017216645,Loss,Non-Win
3890397,Hannover 96,Defensive Midfield,303,1394,0.21736011477761835,Loss,Non-Win
3890397,Hannover 96,Fullback,257,1394,0.18436154949784792,Loss,Non-Win
3890397,Hannover 96,Goalkeeper,103,1394,0.07388809182209469,Loss,Non-Win
3890397,Hannover 96,Striker,90,1394,0.06456241032998565,Loss,Non-Win
3890397,Hannover 96,Wide Forward,197,1394,0.14131994261119082,Loss,Non-Win
3890397,Hoffenheim,Attacking Midfield,129,1125,0.11466666666666667,Win,Win
3890397,Hoffenheim,Center Back,199,1125,0.1768888888888889,Win,Win
3890397,Hoffenheim,Defensive Midfield,239,1125,0.21244444444444444,Win,Win
3890397,Hoffenheim,Fullback,167,1125,0.14844444444444443,Win,Win
3890397,Hoffenheim,Goalkeeper,106,1125,0.09422222222222222,Win,Win
3890397,Hoffenheim,Striker,123,1125,0.10933333333333334,Win,Win
3890397,Hoffenheim,Wide Forward,162,1125,0.144,Win,Win
3890400,FC Köln,Attacking Midfield,122,1632,0.07475490196078431,Draw,Non-Win
3890400,FC Köln,Center Back,431,1632,0.26409313725490197,Draw,Non-Win
3890400,FC Köln,Defensive Midfield,343,1632,0.21017156862745098,Draw,Non-Win
3890400,FC Köln,Fullback,338,1632,0.20710784313725492,Draw,Non-Win
3890400,FC Köln,Goalkeeper,44,1632,0.02696078431372549,Draw,Non-Win
3890400,FC Köln,Striker,102,1632,0.0625,Draw,Non-Win
3890400,FC Köln,Wide Forward,252,1632,0.15441176470588236,Draw,Non-Win
3890400,Werder Bremen,Center Back,209,1157,0.18063958513396716,Draw,Non-Win
3890400,Werder Bremen,Central Midfield,218,1157,0.18841832324978391,Draw,Non-Win
3890400,Werder Bremen,Defensive Midfield,132,1157,0.11408815903197926,Draw,Non-Win
3890400,Werder Bremen,Fullback,199,1157,0.17199654278305965,Draw,Non-Win
3890400,Werder Bremen,Goalkeeper,63,1157,0.05445116681071737,Draw,Non-Win
3890400,Werder Bremen,Striker,116,1157,0.10025929127052723,Draw,Non-Win
3890400,Werder Bremen,Wide Forward,220,1157,0.19014693171996544,Draw,Non-Win
3890402,Augsburg,Attacking Midfield,120,1033,0.11616650532429816,Win,Win
3890402,Augsburg,Center Back,159,1033,0.15392061955469508,Win,Win
3890402,Augsburg,Defensive Midfield,166,1033,0.1606969990319458,Win,Win
3890402,Augsburg,Fullback,171,1033,0.16553727008712488,Win,Win
3890402,Augsburg,Goalkeeper,67,1033,0.06485963213939981,Win,Win
3890402,Augsburg,Striker,123,1033,0.11907066795740562,Win,Win
3890402,Augsburg,Wide Forward,227,1033,0.2197483059051307,Win,Win
3890402,Schalke 04,Attacking Midfield,121,1432,0.08449720670391062,Loss,Non-Win
3890402,Schalke 04,Center Back,313,1432,0.2185754189944134,Loss,Non-Win
3890402,Schalke 04,Defensive Midfield,349,1432,0.24371508379888268,Loss,Non-Win
3890402,Schalke 04,Fullback,261,1432,0.18226256983240224,Loss,Non-Win
3890402,Schalke 04,Goalkeeper,97,1432,0.06773743016759777,Loss,Non-Win
3890402,Schalke 04,Striker,66,1432,0.046089385474860335,Loss,Non-Win
3890402,Schalke 04,Wide Forward,225,1432,0.15712290502793297,Loss,Non-Win
3890403,Hoffenheim,Attacking Midfield,130,1496,0.08689839572192513,Loss,Non-Win
3890403,Hoffenheim,Center Back,301,1496,0.20120320855614973,Loss,Non-Win
3890403,Hoffenheim,Defensive Midfield,381,1496,0.25467914438502676,Loss,Non-Win
3890403,Hoffenheim,Fullback,207,1496,0.13836898395721925,Loss,Non-Win
3890403,Hoffenheim,Goalkeeper,77,1496,0.051470588235294115,Loss,Non-Win
3890403,Hoffenheim,Striker,165,1496,0.11029411764705882,Loss,Non-Win
3890403,Hoffenheim,Wide Forward,235,1496,0.1570855614973262,Loss,Non-Win
3890403,Schalke 04,Center Back,372,1477,0.25186188219363576,Win,Win
3890403,Schalke 04,Central Midfield,6,1477,0.004062288422477996,Win,Win
3890403,Schalke 04,Defensive Midfield,346,1477,0.23425863236289776,Win,Win
3890403,Schalke 04,Fullback,253,1477,0.17129316181448884,Win,Win
3890403,Schalke 04,Goalkeeper,71,1477,0.04807041299932295,Win,Win
3890403,Schalke 04,Striker,165,1477,0.11171293161814488,Win,Win
3890403,Schalke 04,Wide Forward,264,1477,0.17874069058903183,Win,Win
3890408,VfB Stuttgart,Attacking Midfield,80,725,0.1103448275862069,Win,Win
3890408,VfB Stuttgart,Center Back,65,725,0.0896551724137931,Win,Win
3890408,VfB Stuttgart,Defensive Midfield,148,725,0.20413793103448277,Win,Win
3890408,VfB Stuttgart,Fullback,125,725,0.1724137931034483,Win,Win
3890408,VfB Stuttgart,Goalkeeper,63,725,0.08689655172413793,Win,Win
3890408,VfB Stuttgart,Striker,106,725,0.14620689655172414,Win,Win
3890408,VfB Stuttgart,Wide Forward,138,725,0.19034482758620688,Win,Win
3890408,Wolfsburg,Attacking Midfield,145,2135,0.06791569086651054,Loss,Non-Win
3890408,Wolfsburg,Center Back,567,2135,0.26557377049180325,Loss,Non-Win
3890408,Wolfsburg,Central Midfield,15,2135,0.00702576112412178,Loss,Non-Win
3890408,Wolfsburg,Defensive Midfield,560,2135,0.26229508196721313,Loss,Non-Win
3890408,Wolfsburg,Fullback,453,2135,0.21217798594847775,Loss,Non-Win
3890408,Wolfsburg,Goalkeeper,49,2135,0.022950819672131147,Loss,Non-Win
3890408,Wolfsburg,Striker,117,2135,0.054800936768149885,Loss,Non-Win
3890408,Wolfsburg,Wide Forward,229,2135,0.10725995316159251,Loss,Non-Win
3890409,Bayer Leverkusen,Center Back,114,977,0.11668372569089049,Win,Win
3890409,Bayer Leverkusen,Defensive Midfield,161,977,0.1647901740020471,Win,Win
3890409,Bayer Leverkusen,Fullback,170,977,0.17400204708290687,Win,Win
3890409,Bayer Leverkusen,Goalkeeper,62,977,0.06345957011258956,Win,Win
3890409,Bayer Leverkusen,Striker,199,977,0.20368474923234392,Win,Win
3890409,Bayer Leverkusen,Wide Forward,271,977,0.2773797338792221,Win,Win
3890409,Ingolstadt,Center Back,114,1066,0.10694183864915573,Loss,Non-Win
3890409,Ingolstadt,Central Midfield,243,1066,0.22795497185741087,Loss,Non-Win
3890409,Ingolstadt,Defensive Midfield,62,1066,0.058161350844277676,Loss,Non-Win
3890409,Ingolstadt,Fullback,179,1066,0.16791744840525327,Loss,Non-Win
3890409,Ingolstadt,Goalkeeper,86,1066,0.08067542213883677,Loss,Non-Win
3890409,Ingolstadt,Striker,133,1066,0.124765478424015,Loss,Non-Win
3890409,Ingolstadt,Wide Forward,249,1066,0.23358348968105067,Loss,Non-Win
3890414,Augsburg,Attacking Midfield,121,990,0.12222222222222222,Draw,Non-Win
3890414,Augsburg,Center Back,168,990,0.1696969696969697,Draw,Non-Win
3890414,Augsburg,Defensive Midfield,194,990,0.19595959595959597,Draw,Non-Win
3890414,Augsburg,Fullback,170,990,0.1717171717171717,Draw,Non-Win
3890414,Augsburg,Goalkeeper,32,990,0.03232323232323232,Draw,Non-Win
3890414,Augsburg,Striker,101,990,0.10202020202020202,Draw,Non-Win
3890414,Augsburg,Wide Forward,204,990,0.20606060606060606,Draw,Non-Win
3890414,Hertha Berlin,Attacking Midfield,195,1808,0.10785398230088496,Draw,Non-Win
3890414,Hertha Berlin,Center Back,424,1808,0.2345132743362832,Draw,Non-Win
3890414,Hertha Berlin,Defensive Midfield,414,1808,0.22898230088495575,Draw,Non-Win
3890414,Hertha Berlin,Fullback,375,1808,0.20741150442477876,Draw,Non-Win
3890414,Hertha Berlin,Goalkeeper,85,1808,0.04701327433628318,Draw,Non-Win
3890414,Hertha Berlin,Striker,103,1808,0.056969026548672565,Draw,Non-Win
3890414,Hertha Berlin,Wide Forward,212,1808,0.1172566371681416,Draw,Non-Win
3890432,Schalke 04,Attacking Midfield,116,1008,0.11507936507936507,Win,Win
3890432,Schalke 04,Center Back,153,1008,0.15178571428571427,Win,Win
3890432,Schalke 04,Defensive Midfield,196,1008,0.19444444444444445,Win,Win
3890432,Schalke 04,Fullback,205,1008,0.20337301587301587,Win,Win
3890432,Schalke 04,Goalkeeper,54,1008,0.05357142857142857,Win,Win
3890432,Schalke 04,Striker,62,1008,0.061507936507936505,Win,Win
3890432,Schalke 04,Wide Forward,222,1008,0.22023809523809523,Win,Win
3890432,Wolfsburg,Attacking Midfield,70,1478,0.04736129905277402,Loss,Non-Win
3890432,Wolfsburg,Center Back,394,1478,0.2665764546684709,Loss,Non-Win
3890432,Wolfsburg,Central Midfield,111,1478,0.07510148849797023,Loss,Non-Win
3890432,Wolfsburg,Defensive Midfield,183,1478,0.12381596752368065,Loss,Non-Win
3890432,Wolfsburg,Fullback,341,1478,0.2307171853856563,Loss,Non-Win
3890432,Wolfsburg,Goalkeeper,45,1478,0.030446549391069014,Loss,Non-Win
3890432,Wolfsburg,Striker,78,1478,0.05277401894451962,Loss,Non-Win
3890432,Wolfsburg,Wide Forward,256,1478,0.17320703653585928,Loss,Non-Win
3890435,Borussia Dortmund,Attacking Midfield,46,2055,0.02238442822384428,Draw,Non-Win
3890435,Borussia Dortmund,Center Back,444,2055,0.21605839416058395,Draw,Non-Win
3890435,Borussia Dortmund,Central Midfield,384,2055,0.18686131386861313,Draw,Non-Win
3890435,Borussia Dortmund,Defensive Midfield,409,2055,0.19902676399026764,Draw,Non-Win
3890435,Borussia Dortmund,Fullback,305,2055,0.14841849148418493,Draw,Non-Win
3890435,Borussia Dortmund,Goalkeeper,46,2055,0.02238442822384428,Draw,Non-Win
3890435,Borussia Dortmund,Striker,71,2055,0.03454987834549878,Draw,Non-Win
3890435,Borussia Dortmund,Wide Forward,350,2055,0.170316301703163,Draw,Non-Win
3890435,Hertha Berlin,Attacking Midfield,109,1008,0.10813492063492064,Draw,Non-Win
3890435,Hertha Berlin,Center Back,174,1008,0.17261904761904762,Draw,Non-Win
3890435,Hertha Berlin,Defensive Midfield,146,1008,0.14484126984126985,Draw,Non-Win
3890435,Hertha Berlin,Fullback,190,1008,0.1884920634920635,Draw,Non-Win
3890435,Hertha Berlin,Goalkeeper,95,1008,0.09424603174603174,Draw,Non-Win
3890435,Hertha Berlin,Striker,123,1008,0.12202380952380952,Draw,Non-Win
3890435,Hertha Berlin,Wide Forward,171,1008,0.16964285714285715,Draw,Non-Win
3890444,Bayer Leverkusen,Attacking Midfield,19,1164,0.01632302405498282,Win,Win
3890444,Bayer Leverkusen,Center Back,207,1164,0.17783505154639176,Win,Win
3890444,Bayer Leverkusen,Defensive Midfield,248,1164,0.21305841924398625,Win,Win
3890444,Bayer Leverkusen,Fullback,204,1164,0.17525773195876287,Win,Win
3890444,Bayer Leverkusen,Goalkeeper,41,1164,0.0352233676975945,Win,Win
3890444,Bayer Leverkusen,Striker,231,1164,0.19845360824742267,Win,Win
3890444,Bayer Leverkusen,Wide Forward,214,1164,0.18384879725085912,Win,Win
3890444,Darmstadt 98,Attacking Midfield,75,698,0.10744985673352435,Loss,Non-Win
3890444,Darmstadt 98,Center Back,74,698,0.10601719197707736,Loss,Non-Win
3890444,Darmstadt 98,Defensive Midfield,127,698,0.1819484240687679,Loss,Non-Win
3890444,Darmstadt 98,Fullback,100,698,0.14326647564469913,Loss,Non-Win
3890444,Darmstadt 98,Goalkeeper,42,698,0.06017191977077364,Loss,Non-Win
3890444,Darmstadt 98,Striker,117,698,0.167621776504298,Loss,Non-Win
3890444,Darmstadt 98,Wide Forward,163,698,0.2335243553008596,Loss,Non-Win
3890451,Hertha Berlin,Center Back,286,1150,0.24869565217391304,Draw,Non-Win
3890451,Hertha Berlin,Defensive Midfield,179,1150,0.15565217391304348,Draw,Non-Win
3890451,Hertha Berlin,Fullback,175,1150,0.15217391304347827,Draw,Non-Win
3890451,Hertha Berlin,Goalkeeper,149,1150,0.12956521739130436,Draw,Non-Win
3890451,Hertha Berlin,Striker,201,1150,0.17478260869565218,Draw,Non-Win
3890451,Hertha Berlin,Wide Forward,160,1150,0.1391304347826087,Draw,Non-Win
3890451,Wolfsburg,Center Back,248,1246,0.19903691813804172,Draw,Non-Win
3890451,Wolfsburg,Defensive Midfield,187,1246,0.15008025682182985,Draw,Non-Win
3890451,Wolfsburg,Fullback,287,1246,0.2303370786516854,Draw,Non-Win
3890451,Wolfsburg,Goalkeeper,83,1246,0.0666131621187801,Draw,Non-Win
3890451,Wolfsburg,Striker,223,1246,0.17897271268057785,Draw,Non-Win
3890451,Wolfsburg,Wide Forward,218,1246,0.17495987158908508,Draw,Non-Win
3890454,Augsburg,Attacking Midfield,163,1413,0.11535739561217269,Win,Win
3890454,Augsburg,Center Back,234,1413,0.16560509554140126,Win,Win
3890454,Augsburg,Defensive Midfield,288,1413,0.20382165605095542,Win,Win
3890454,Augsburg,Fullback,258,1413,0.18259023354564755,Win,Win
3890454,Augsburg,Goalkeeper,67,1413,0.047416843595187545,Win,Win
3890454,Augsburg,Striker,103,1413,0.07289455060155697,Win,Win
3890454,Augsburg,Wide Forward,300,1413,0.21231422505307856,Win,Win
3890454,Hannover 96,Attacking Midfield,103,1328,0.07756024096385543,Loss,Non-Win
3890454,Hannover 96,Center Back,221,1328,0.1664156626506024,Loss,Non-Win
3890454,Hannover 96,Central Midfield,268,1328,0.20180722891566266,Loss,Non-Win
3890454,Hannover 96,Defensive Midfield,149,1328,0.11219879518072289,Loss,Non-Win
3890454,Hannover 96,Fullback,264,1328,0.19879518072289157,Loss,Non-Win
3890454,Hannover 96,Goalkeeper,46,1328,0.03463855421686747,Loss,Non-Win
3890454,Hannover 96,Striker,157,1328,0.11822289156626506,Loss,Non-Win
3890454,Hannover 96,Wide Forward,120,1328,0.09036144578313253,Loss,Non-Win
3890457,FC Köln,Attacking Midfield,122,1209,0.10090984284532671,Loss,Non-Win
3890457,FC Köln,Center Back,324,1209,0.2679900744416873,Loss,Non-Win
3890457,FC Köln,Defensive Midfield,211,1209,0.17452440033085195,Loss,Non-Win
3890457,FC Köln,Fullback,238,1209,0.1968569065343259,Loss,Non-Win
3890457,FC Köln,Goalkeeper,54,1209,0.04466501240694789,Loss,Non-Win
3890457,FC Köln,Striker,119,1209,0.09842845326716294,Loss,Non-Win
3890457,FC Köln,Wide Forward,141,1209,0.11662531017369727,Loss,Non-Win
3890457,Hertha Berlin,Center Back,298,1418,0.21015514809590974,Win,Win
3890457,Hertha Berlin,Defensive Midfield,289,1418,0.20380818053596614,Win,Win
3890457,Hertha Berlin,Fullback,230,1418,0.1622002820874471,Win,Win
3890457,Hertha Berlin,Goalkeeper,120,1418,0.0846262341325811,Win,Win
3890457,Hertha Berlin,Striker,242,1418,0.17066290550070523,Win,Win
3890457,Hertha Berlin,Wide Forward,239,1418,0.16854724964739068,Win,Win
3890458,Bayern Munich,Center Back,556,2205,0.25215419501133784,Win,Win
3890458,Bayern Munich,Central Midfield,359,2205,0.16281179138321997,Win,Win
3890458,Bayern Munich,Defensive Midfield,273,2205,0.12380952380952381,Win,Win
3890458,Bayern Munich,Fullback,412,2205,0.18684807256235827,Win,Win
3890458,Bayern Munich,Goalkeeper,89,2205,0.04036281179138322,Win,Win
3890458,Bayern Munich,Striker,118,2205,0.053514739229024944,Win,Win
3890458,Bayern Munich,Wide Forward,398,2205,0.18049886621315192,Win,Win
3890458,Wolfsburg,Attacking Midfield,98,1019,0.09617271835132483,Loss,Non-Win
3890458,Wolfsburg,Center Back,159,1019,0.1560353287536801,Loss,Non-Win
3890458,Wolfsburg,Defensive Midfield,174,1019,0.17075564278704614,Loss,Non-Win
3890458,Wolfsburg,Fullback,225,1019,0.22080471050049066,Loss,Non-Win
3890458,Wolfsburg,Goalkeeper,85,1019,0.08341511285574092,Loss,Non-Win
3890458,Wolfsburg,Striker,126,1019,0.12365063788027478,Loss,Non-Win
3890458,Wolfsburg,Wide Forward,152,1019,0.1491658488714426,Loss,Non-Win
3890461,Hamburger SV,Attacking Midfield,114,1032,0.11046511627906977,Draw,Non-Win
3890461,Hamburger SV,Center Back,136,1032,0.13178294573643412,Draw,Non-Win
3890461,Hamburger SV,Defensive Midfield,181,1032,0.1753875968992248,Draw,Non-Win
3890461,Hamburger SV,Fullback,227,1032,0.21996124031007752,Draw,Non-Win
3890461,Hamburger SV,Goalkeeper,60,1032,0.05813953488372093,Draw,Non-Win
3890461,Hamburger SV,Striker,114,1032,0.11046511627906977,Draw,Non-Win
3890461,Hamburger SV,Wide Forward,200,1032,0.1937984496124031,Draw,Non-Win
3890461,Ingolstadt,Center Back,117,1059,0.11048158640226628,Draw,Non-Win
3890461,Ingolstadt,Central Midfield,252,1059,0.23796033994334279,Draw,Non-Win
3890461,Ingolstadt,Defensive Midfield,84,1059,0.07932011331444759,Draw,Non-Win
3890461,Ingolstadt,Fullback,164,1059,0.15486307837582625,Draw,Non-Win
3890461,Ingolstadt,Goalkeeper,47,1059,0.044381491973559964,Draw,Non-Win
3890461,Ingolstadt,Striker,156,1059,0.14730878186968838,Draw,Non-Win
3890461,Ingolstadt,Wide Forward,239,1059,0.22568460812086874,Draw,Non-Win
3890462,Augsburg,Attacking Midfield,138,1525,0.09049180327868853,Draw,Non-Win
3890462,Augsburg,Center Back,279,1525,0.18295081967213114,Draw,Non-Win
3890462,Augsburg,Defensive Midfield,328,1525,0.21508196721311476,Draw,Non-Win
3890462,Augsburg,Fullback,291,1525,0.19081967213114753,Draw,Non-Win
3890462,Augsburg,Goalkeeper,90,1525,0.05901639344262295,Draw,Non-Win
3890462,Augsburg,Striker,120,1525,0.07868852459016394,Draw,Non-Win
3890462,Augsburg,Wide Forward,279,1525,0.18295081967213114,Draw,Non-Win
3890462,Borussia Mönchengladbach,Center Back,366,1643,0.22276323797930614,Draw,Non-Win
3890462,Borussia Mönchengladbach,Defensive Midfield,354,1643,0.21545952525867315,Draw,Non-Win
3890462,Borussia Mönchengladbach,Fullback,288,1643,0.17528910529519173,Draw,Non-Win
3890462,Borussia Mönchengladbach,Goalkeeper,106,1643,0.06451612903225806,Draw,Non-Win
3890462,Borussia Mönchengladbach,Striker,274,1643,0.1667681071211199,Draw,Non-Win
3890462,Borussia Mönchengladbach,Wide Forward,255,1643,0.155203895313451,Draw,Non-Win
3890467,FC Köln,Attacking Midfield,95,1057,0.08987701040681173,Draw,Non-Win
3890467,FC Köln,Center Back,101,1057,0.09555345316934721,Draw,Non-Win
3890467,FC Köln,Defensive Midfield,198,1057,0.18732261116367077,Draw,Non-Win
3890467,FC Köln,Fullback,220,1057,0.20813623462630085,Draw,Non-Win
3890467,FC Köln,Goalkeeper,46,1057,0.043519394512771994,Draw,Non-Win
3890467,FC Köln,Striker,167,1057,0.15799432355723747,Draw,Non-Win
3890467,FC Köln,Wide Forward,230,1057,0.21759697256385999,Draw,Non-Win
3890467,Ingolstadt,Center Back,136,1317,0.10326499620349279,Draw,Non-Win
3890467,Ingolstadt,Central Midfield,281,1317,0.21336370539104024,Draw,Non-Win
3890467,Ingolstadt,Defensive Midfield,100,1317,0.07593014426727411,Draw,Non-Win
3890467,Ingolstadt,Fullback,200,1317,0.15186028853454822,Draw,Non-Win
3890467,Ingolstadt,Goalkeeper,95,1317,0.0721336370539104,Draw,Non-Win
3890467,Ingolstadt,Striker,160,1317,0.12148823082763857,Draw,Non-Win
3890467,Ingolstadt,Wide Forward,345,1317,0.2619589977220957,Draw,Non-Win
3890469,Augsburg,Attacking Midfield,123,1338,0.09192825112107623,Loss,Non-Win
3890469,Augsburg,Center Back,288,1338,0.21524663677130046,Loss,Non-Win
3890469,Augsburg,Defensive Midfield,265,1338,0.19805680119581465,Loss,Non-Win
3890469,Augsburg,Fullback,264,1338,0.19730941704035873,Loss,Non-Win
3890469,Augsburg,Goalkeeper,60,1338,0.04484304932735426,Loss,Non-Win
3890469,Augsburg,Striker,106,1338,0.07922272047832586,Loss,Non-Win
3890469,Augsburg,Wide Forward,232,1338,0.17339312406576982,Loss,Non-Win
3890469,Hoffenheim,Attacking Midfield,73,1438,0.050764951321279554,Win,Win
3890469,Hoffenheim,Center Back,394,1438,0.27399165507649514,Win,Win
3890469,Hoffenheim,Central Midfield,122,1438,0.08484005563282336,Win,Win
3890469,Hoffenheim,Defensive Midfield,255,1438,0.17732962447844228,Win,Win
3890469,Hoffenheim,Fullback,219,1438,0.15229485396383866,Win,Win
3890469,Hoffenheim,Goalkeeper,80,1438,0.055632823365785816,Win,Win
3890469,Hoffenheim,Striker,164,1438,0.11404728789986092,Win,Win
3890469,Hoffenheim,Wide Forward,131,1438,0.09109874826147427,Win,Win
3890474,Bayern Munich,Center Back,611,2666,0.22918229557389347,Loss,Non-Win
3890474,Bayern Munich,Central Midfield,475,2666,0.1781695423855964,Loss,Non-Win
3890474,Bayern Munich,Defensive Midfield,282,2666,0.10577644411102775,Loss,Non-Win
3890474,Bayern Munich,Fullback,669,2666,0.2509377344336084,Loss,Non-Win
3890474,Bayern Munich,Goalkeeper,59,2666,0.02213053263315829,Loss,Non-Win
3890474,Bayern Munich,Striker,105,2666,0.03938484621155289,Loss,Non-Win
3890474,Bayern Munich,Wide Forward,465,2666,0.1744186046511628,Loss,Non-Win
3890474,FSV Mainz 05,Attacking Midfield,179,669,0.26756352765321373,Win,Win
3890474,FSV Mainz 05,Center Back,120,669,0.17937219730941703,Win,Win
3890474,FSV Mainz 05,Defensive Midfield,116,669,0.17339312406576982,Win,Win
3890474,FSV Mainz 05,Fullback,108,669,0.16143497757847533,Win,Win
3890474,FSV Mainz 05,Goalkeeper,61,669,0.09118086696562033,Win,Win
3890474,FSV Mainz 05,Striker,85,669,0.12705530642750373,Win,Win
3890480,FC Köln,Attacking Midfield,103,1334,0.07721139430284858,Loss,Non-Win
3890480,FC Köln,Center Back,291,1334,0.2181409295352324,Loss,Non-Win
3890480,FC Köln,Defensive Midfield,273,1334,0.20464767616191903,Loss,Non-Win
3890480,FC Köln,Fullback,283,1334,0.212143928035982,Loss,Non-Win
3890480,FC Köln,Goalkeeper,37,1334,0.027736131934032984,Loss,Non-Win
3890480,FC Köln,Striker,144,1334,0.10794602698650675,Loss,Non-Win
3890480,FC Köln,Wide Forward,203,1334,0.15217391304347827,Loss,Non-Win
3890480,Schalke 04,Attacking Midfield,169,1601,0.10555902560899438,Win,Win
3890480,Schalke 04,Center Back,187,1601,0.11680199875078076,Win,Win
3890480,Schalke 04,Defensive Midfield,395,1601,0.2467207995003123,Win,Win
3890480,Schalke 04,Fullback,379,1601,0.23672704559650218,Win,Win
3890480,Schalke 04,Goalkeeper,103,1601,0.06433479075577764,Win,Win
3890480,Schalke 04,Striker,91,1601,0.05683947532792005,Win,Win
3890480,Schalke 04,Wide Forward,277,1601,0.17301686445971268,Win,Win
3890482,Darmstadt 98,Attacking Midfield,59,759,0.077733860342556,Draw,Non-Win
3890482,Darmstadt 98,Center Back,81,759,0.1067193675889328,Draw,Non-Win
3890482,Darmstadt 98,Defensive Midfield,141,759,0.1857707509881423,Draw,Non-Win
3890482,Darmstadt 98,Fullback,129,759,0.16996047430830039,Draw,Non-Win
3890482,Darmstadt 98,Goalkeeper,48,759,0.06324110671936758,Draw,Non-Win
3890482,Darmstadt 98,Striker,135,759,0.17786561264822134,Draw,Non-Win
3890482,Darmstadt 98,Wide Forward,166,759,0.21870882740447958,Draw,Non-Win
3890482,FSV Mainz 05,Attacking Midfield,67,1402,0.04778887303851641,Draw,Non-Win
3890482,FSV Mainz 05,Center Back,290,1402,0.20684736091298145,Draw,Non-Win
3890482,FSV Mainz 05,Defensive Midfield,326,1402,0.23252496433666192,Draw,Non-Win
3890482,FSV Mainz 05,Fullback,259,1402,0.1847360912981455,Draw,Non-Win
3890482,FSV Mainz 05,Goalkeeper,68,1402,0.04850213980028531,Draw,Non-Win
3890482,FSV Mainz 05,Striker,140,1402,0.09985734664764621,Draw,Non-Win
3890482,FSV Mainz 05,Wide Forward,252,1402,0.1797432239657632,Draw,Non-Win
3890484,Hertha Berlin,Attacking Midfield,161,1288,0.125,Win,Win
3890484,Hertha Berlin,Center Back,236,1288,0.18322981366459629,Win,Win
3890484,Hertha Berlin,Defensive Midfield,265,1288,0.20574534161490685,Win,Win
3890484,Hertha Berlin,Fullback,240,1288,0.18633540372670807,Win,Win
3890484,Hertha Berlin,Goalkeeper,98,1288,0.07608695652173914,Win,Win
3890484,Hertha Berlin,Striker,90,1288,0.06987577639751552,Win,Win
3890484,Hertha Berlin,Wide Forward,198,1288,0.15372670807453417,Win,Win
3890484,Schalke 04,Attacking Midfield,136,1479,0.09195402298850575,Loss,Non-Win
3890484,Schalke 04,Center Back,287,1479,0.1940500338066261,Loss,Non-Win
3890484,Schalke 04,Central Midfield,73,1479,0.04935767410412441,Loss,Non-Win
3890484,Schalke 04,Defensive Midfield,324,1479,0.21906693711967545,Loss,Non-Win
3890484,Schalke 04,Fullback,332,1479,0.2244759972954699,Loss,Non-Win
3890484,Schalke 04,Goalkeeper,48,1479,0.032454361054766734,Loss,Non-Win
3890484,Schalke 04,Striker,82,1479,0.05544286680189317,Loss,Non-Win
3890484,Schalke 04,Wide Forward,197,1479,0.13319810682893848,Loss,Non-Win
3890487,Augsburg,Attacking Midfield,86,1407,0.06112295664534471,Draw,Non-Win
3890487,Augsburg,Center Back,362,1407,0.2572850035536603,Draw,Non-Win
3890487,Augsburg,Defensive Midfield,363,1407,0.2579957356076759,Draw,Non-Win
3890487,Augsburg,Fullback,224,1407,0.15920398009950248,Draw,Non-Win
3890487,Augsburg,Goalkeeper,46,1407,0.032693674484719264,Draw,Non-Win
3890487,Augsburg,Striker,107,1407,0.07604832977967306,Draw,Non-Win
3890487,Augsburg,Wide Forward,219,1407,0.15565031982942432,Draw,Non-Win
3890487,Darmstadt 98,Attacking Midfield,82,718,0.11420612813370473,Draw,Non-Win
3890487,Darmstadt 98,Center Back,51,718,0.07103064066852367,Draw,Non-Win
3890487,Darmstadt 98,Defensive Midfield,126,718,0.17548746518105848,Draw,Non-Win
3890487,Darmstadt 98,Fullback,114,718,0.15877437325905291,Draw,Non-Win
3890487,Darmstadt 98,Goalkeeper,59,718,0.08217270194986072,Draw,Non-Win
3890487,Darmstadt 98,Striker,137,718,0.19080779944289694,Draw,Non-Win
3890487,Darmstadt 98,Wide Forward,149,718,0.2075208913649025,Draw,Non-Win
3890490,FC Köln,Attacking Midfield,35,1195,0.029288702928870293,Win,Win
3890490,FC Köln,Center Back,115,1195,0.09623430962343096,Win,Win
3890490,FC Köln,Central Midfield,215,1195,0.1799163179916318,Win,Win
3890490,FC Köln,Defensive Midfield,126,1195,0.10543933054393305,Win,Win
3890490,FC Köln,Fullback,263,1195,0.2200836820083682,Win,Win
3890490,FC Köln,Goalkeeper,50,1195,0.04184100418410042,Win,Win
3890490,FC Köln,Striker,100,1195,0.08368200836820083,Win,Win
3890490,FC Köln,Wide Forward,291,1195,0.24351464435146444,Win,Win
3890490,Hannover 96,Attacking Midfield,149,1787,0.0833799664241746,Loss,Non-Win
3890490,Hannover 96,Center Back,330,1787,0.1846670397313934,Loss,Non-Win
3890490,Hannover 96,Defensive Midfield,501,1787,0.28035814213766086,Loss,Non-Win
3890490,Hannover 96,Fullback,305,1787,0.1706771124790151,Loss,Non-Win
3890490,Hannover 96,Goalkeeper,48,1787,0.026860660324566313,Loss,Non-Win
3890490,Hannover 96,Striker,182,1787,0.10184667039731393,Loss,Non-Win
3890490,Hannover 96,Wide Forward,272,1787,0.15221040850587578,Loss,Non-Win
3890492,Bayer Leverkusen,Attacking Midfield,107,957,0.11180773249738767,Win,Win
3890492,Bayer Leverkusen,Center Back,70,957,0.07314524555903866,Win,Win
3890492,Bayer Leverkusen,Defensive Midfield,121,957,0.12643678160919541,Win,Win
3890492,Bayer Leverkusen,Fullback,187,957,0.19540229885057472,Win,Win
3890492,Bayer Leverkusen,Goalkeeper,34,957,0.035527690700104496,Win,Win
3890492,Bayer Leverkusen,Striker,173,957,0.180773249738767,Win,Win
3890492,Bayer Leverkusen,Wide Forward,265,957,0.2769070010449321,Win,Win
3890492,Hamburger SV,Attacking Midfield,132,1128,0.11702127659574468,Loss,Non-Win
3890492,Hamburger SV,Center Back,171,1128,0.15159574468085107,Loss,Non-Win
3890492,Hamburger SV,Central Midfield,71,1128,0.06294326241134751,Loss,Non-Win
3890492,Hamburger SV,Defensive Midfield,202,1128,0.17907801418439717,Loss,Non-Win
3890492,Hamburger SV,Fullback,217,1128,0.19237588652482268,Loss,Non-Win
3890492,Hamburger SV,Goalkeeper,74,1128,0.06560283687943262,Loss,Non-Win
3890492,Hamburger SV,Striker,119,1128,0.10549645390070922,Loss,Non-Win
3890492,Hamburger SV,Wide Forward,142,1128,0.12588652482269502,Loss,Non-Win
3890495,Bayern Munich,Center Back,597,2555,0.23365949119373777,Win,Win
3890495,Bayern Munich,Central Midfield,471,2555,0.1843444227005871,Win,Win
3890495,Bayern Munich,Defensive Midfield,395,2555,0.15459882583170254,Win,Win
3890495,Bayern Munich,Fullback,472,2555,0.1847358121330724,Win,Win
3890495,Bayern Munich,Goalkeeper,87,2555,0.03405088062622309,Win,Win
3890495,Bayern Munich,Striker,144,2555,0.0563600782778865,Win,Win
3890495,Bayern Munich,Wide Forward,389,2555,0.1522504892367906,Win,Win
3890495,FC Köln,Center Back,144,724,0.19889502762430938,Loss,Non-Win
3890495,FC Köln,Defensive Midfield,122,724,0.1685082872928177,Loss,Non-Win
3890495,FC Köln,Fullback,159,724,0.21961325966850828,Loss,Non-Win
3890495,FC Köln,Goalkeeper,39,724,0.05386740331491713,Loss,Non-Win
3890495,FC Köln,Striker,106,724,0.1464088397790055,Loss,Non-Win
3890495,FC Köln,Wide Forward,154,724,0.212707182320442,Loss,Non-Win
3890496,Hertha Berlin,Attacking Midfield,153,1525,0.10032786885245902,Win,Win
3890496,Hertha Berlin,Center Back,292,1525,0.19147540983606556,Win,Win
3890496,Hertha Berlin,Defensive Midfield,331,1525,0.21704918032786885,Win,Win
3890496,Hertha Berlin,Fullback,256,1525,0.1678688524590164,Win,Win
3890496,Hertha Berlin,Goalkeeper,149,1525,0.09770491803278689,Win,Win
3890496,Hertha Berlin,Striker,107,1525,0.07016393442622951,Win,Win
3890496,Hertha Berlin,Wide Forward,237,1525,0.15540983606557376,Win,Win
3890496,Ingolstadt,Center Back,209,1181,0.17696867061812024,Loss,Non-Win
3890496,Ingolstadt,Central Midfield,283,1181,0.23962743437764605,Loss,Non-Win
3890496,Ingolstadt,Defensive Midfield,66,1181,0.0558848433530906,Loss,Non-Win
3890496,Ingolstadt,Fullback,207,1181,0.17527519051651144,Loss,Non-Win
3890496,Ingolstadt,Goalkeeper,84,1181,0.07112616426756986,Loss,Non-Win
3890496,Ingolstadt,Striker,102,1181,0.0863674851820491,Loss,Non-Win
3890496,Ingolstadt,Wide Forward,230,1181,0.1947502116850127,Loss,Non-Win
3890498,Darmstadt 98,Attacking Midfield,77,610,0.12622950819672132,Draw,Non-Win
3890498,Darmstadt 98,Center Back,41,610,0.06721311475409836,Draw,Non-Win
3890498,Darmstadt 98,Central Midfield,2,610,0.003278688524590164,Draw,Non-Win
3890498,Darmstadt 98,Defensive Midfield,99,610,0.16229508196721312,Draw,Non-Win
3890498,Darmstadt 98,Fullback,61,610,0.1,Draw,Non-Win
3890498,Darmstadt 98,Goalkeeper,62,610,0.10163934426229508,Draw,Non-Win
3890498,Darmstadt 98,Striker,124,610,0.20327868852459016,Draw,Non-Win
3890498,Darmstadt 98,Wide Forward,144,610,0.2360655737704918,Draw,Non-Win
3890498,Wolfsburg,Attacking Midfield,174,2053,0.08475401850949829,Draw,Non-Win
3890498,Wolfsburg,Center Back,424,2053,0.20652703360935218,Draw,Non-Win
3890498,Wolfsburg,Central Midfield,164,2053,0.07988309790550414,Draw,Non-Win
3890498,Wolfsburg,Defensive Midfield,371,2053,0.18071115440818314,Draw,Non-Win
3890498,Wolfsburg,Fullback,416,2053,0.20263029712615685,Draw,Non-Win
3890498,Wolfsburg,Goalkeeper,42,2053,0.020457866536775452,Draw,Non-Win
3890498,Wolfsburg,Striker,226,2053,0.1100828056502679,Draw,Non-Win
3890498,Wolfsburg,Wide Forward,236,2053,0.11495372625426206,Draw,Non-Win
3890501,Augsburg,Center Back,149,809,0.1841779975278121,Loss,Non-Win
3890501,Augsburg,Defensive Midfield,137,809,0.16934487021013597,Loss,Non-Win
3890501,Augsburg,Fullback,159,809,0.1965389369592089,Loss,Non-Win
3890501,Augsburg,Goalkeeper,48,809,0.059332509270704575,Loss,Non-Win
3890501,Augsburg,Striker,125,809,0.15451174289245984,Loss,Non-Win
3890501,Augsburg,Wide Forward,191,809,0.2360939431396786,Loss,Non-Win
3890501,Borussia Dortmund,Attacking Midfield,209,2665,0.07842401500938086,Win,Win
3890501,Borussia Dortmund,Center Back,770,2665,0.28893058161350843,Win,Win
3890501,Borussia Dortmund,Central Midfield,123,2665,0.046153846153846156,Win,Win
3890501,Borussia Dortmund,Defensive Midfield,527,2665,0.19774859287054408,Win,Win
3890501,Borussia Dortmund,Fullback,525,2665,0.19699812382739212,Win,Win
3890501,Borussia Dortmund,Goalkeeper,53,2665,0.019887429643527205,Win,Win
3890501,Borussia Dortmund,Striker,173,2665,0.06491557223264541,Win,Win
3890501,Borussia Dortmund,Wide Forward,285,2665,0.10694183864915573,Win,Win
3890502,Bayer Leverkusen,Attacking Midfield,119,1188,0.10016835016835017,Win,Win
3890502,Bayer Leverkusen,Center Back,210,1188,0.17676767676767677,Win,Win
3890502,Bayer Leverkusen,Defensive Midfield,235,1188,0.1978114478114478,Win,Win
3890502,Bayer Leverkusen,Fullback,196,1188,0.16498316498316498,Win,Win
3890502,Bayer Leverkusen,Goalkeeper,76,1188,0.06397306397306397,Win,Win
3890502,Bayer Leverkusen,Striker,121,1188,0.10185185185185185,Win,Win
3890502,Bayer Leverkusen,Wide Forward,231,1188,0.19444444444444445,Win,Win
3890502,Wolfsburg,Attacking Midfield,114,1409,0.08090844570617459,Loss,Non-Win
3890502,Wolfsburg,Center Back,374,1409,0.2654364797728886,Loss,Non-Win
3890502,Wolfsburg,Defensive Midfield,229,1409,0.16252661462029808,Loss,Non-Win
3890502,Wolfsburg,Fullback,265,1409,0.1880766501064585,Loss,Non-Win
3890502,Wolfsburg,Goalkeeper,96,1409,0.06813342796309439,Loss,Non-Win
3890502,Wolfsburg,Striker,95,1409,0.06742370475514549,Loss,Non-Win
3890502,Wolfsburg,Wide Forward,236,1409,0.16749467707594037,Loss,Non-Win
3890515,Darmstadt 98,Attacking Midfield,110,724,0.15193370165745856,Win,Win
3890515,Darmstadt 98,Center Back,62,724,0.0856353591160221,Win,Win
3890515,Darmstadt 98,Defensive Midfield,148,724,0.20441988950276244,Win,Win
3890515,Darmstadt 98,Fullback,111,724,0.15331491712707182,Win,Win
3890515,Darmstadt 98,Goalkeeper,42,724,0.058011049723756904,Win,Win
3890515,Darmstadt 98,Striker,132,724,0.18232044198895028,Win,Win
3890515,Darmstadt 98,Wide Forward,119,724,0.1643646408839779,Win,Win
3890515,Hamburger SV,Attacking Midfield,102,1742,0.05855338691159587,Loss,Non-Win
3890515,Hamburger SV,Center Back,364,1742,0.208955223880597,Loss,Non-Win
3890515,Hamburger SV,Central Midfield,81,1742,0.04649827784156142,Loss,Non-Win
3890515,Hamburger SV,Defensive Midfield,403,1742,0.23134328358208955,Loss,Non-Win
3890515,Hamburger SV,Fullback,334,1742,0.19173363949483352,Loss,Non-Win
3890515,Hamburger SV,Goalkeeper,58,1742,0.03329506314580941,Loss,Non-Win
3890515,Hamburger SV,Striker,118,1742,0.0677382319173364,Loss,Non-Win
3890515,Hamburger SV,Wide Forward,282,1742,0.1618828932261768,Loss,Non-Win
3890516,Bayern Munich,Attacking Midfield,336,2384,0.14093959731543623,Win,Win
3890516,Bayern Munich,Center Back,857,2384,0.35947986577181207,Win,Win
3890516,Bayern Munich,Defensive Midfield,543,2384,0.22776845637583892,Win,Win
3890516,Bayern Munich,Fullback,378,2384,0.15855704697986578,Win,Win
3890516,Bayern Munich,Goalkeeper,75,2384,0.031459731543624164,Win,Win
3890516,Bayern Munich,Striker,121,2384,0.05075503355704698,Win,Win
3890516,Bayern Munich,Wide Forward,74,2384,0.03104026845637584,Win,Win
3890516,VfB Stuttgart,Center Back,89,640,0.1390625,Loss,Non-Win
3890516,VfB Stuttgart,Defensive Midfield,125,640,0.1953125,Loss,Non-Win
3890516,VfB Stuttgart,Fullback,108,640,0.16875,Loss,Non-Win
3890516,VfB Stuttgart,Goalkeeper,63,640,0.0984375,Loss,Non-Win
3890516,VfB Stuttgart,Striker,106,640,0.165625,Loss,Non-Win
3890516,VfB Stuttgart,Wide Forward,149,640,0.2328125,Loss,Non-Win
3890519,Bayer Leverkusen,Attacking Midfield,114,1403,0.08125445473984319,Win,Win
3890519,Bayer Leverkusen,Center Back,237,1403,0.16892373485388454,Win,Win
3890519,Bayer Leverkusen,Defensive Midfield,332,1403,0.23663578047042053,Win,Win
3890519,Bayer Leverkusen,Fullback,200,1403,0.14255167498218105,Win,Win
3890519,Bayer Leverkusen,Goalkeeper,92,1403,0.06557377049180328,Win,Win
3890519,Bayer Leverkusen,Striker,160,1403,0.11404133998574484,Win,Win
3890519,Bayer Leverkusen,Wide Forward,268,1403,0.1910192444761226,Win,Win
3890519,FC Köln,Attacking Midfield,42,1471,0.028552005438477225,Loss,Non-Win
3890519,FC Köln,Center Back,296,1471,0.20122365737593473,Loss,Non-Win
3890519,FC Köln,Central Midfield,92,1471,0.06254248810333107,Loss,Non-Win
3890519,FC Köln,Defensive Midfield,278,1471,0.18898708361658736,Loss,Non-Win
3890519,FC Köln,Fullback,299,1471,0.20326308633582596,Loss,Non-Win
3890519,FC Köln,Goalkeeper,58,1471,0.03942895989123046,Loss,Non-Win
3890519,FC Köln,Striker,263,1471,0.1787899388171312,Loss,Non-Win
3890519,FC Köln,Wide Forward,143,1471,0.09721278042148199,Loss,Non-Win
3890521,Bayer Leverkusen,Attacking Midfield,138,1440,0.09583333333333334,Win,Win
3890521,Bayer Leverkusen,Center Back,422,1440,0.29305555555555557,Win,Win
3890521,Bayer Leverkusen,Defensive Midfield,285,1440,0.19791666666666666,Win,Win
3890521,Bayer Leverkusen,Fullback,169,1440,0.11736111111111111,Win,Win
3890521,Bayer Leverkusen,Goalkeeper,84,1440,0.058333333333333334,Win,Win
3890521,Bayer Leverkusen,Striker,73,1440,0.050694444444444445,Win,Win
3890521,Bayer Leverkusen,Wide Forward,269,1440,0.18680555555555556,Win,Win
3890521,Eintracht Frankfurt,Attacking Midfield,28,887,0.03156708004509583,Loss,Non-Win
3890521,Eintracht Frankfurt,Center Back,88,887,0.0992108229988726,Loss,Non-Win
3890521,Eintracht Frankfurt,Central Midfield,135,887,0.15219842164599776,Loss,Non-Win
3890521,Eintracht Frankfurt,Defensive Midfield,99,887,0.11161217587373168,Loss,Non-Win
3890521,Eintracht Frankfurt,Fullback,160,887,0.18038331454340473,Loss,Non-Win
3890521,Eintracht Frankfurt,Goalkeeper,66,887,0.07440811724915446,Loss,Non-Win
3890521,Eintracht Frankfurt,Striker,100,887,0.11273957158962795,Loss,Non-Win
3890521,Eintracht Frankfurt,Wide Forward,211,887,0.237880496054115,Loss,Non-Win
3890524,Hertha Berlin,Attacking Midfield,144,1316,0.1094224924012158,Loss,Non-Win
3890524,Hertha Berlin,Center Back,322,1316,0.24468085106382978,Loss,Non-Win
3890524,Hertha Berlin,Defensive Midfield,247,1316,0.18768996960486323,Loss,Non-Win
3890524,Hertha Berlin,Fullback,222,1316,0.16869300911854104,Loss,Non-Win
3890524,Hertha Berlin,Goalkeeper,122,1316,0.09270516717325228,Loss,Non-Win
3890524,Hertha Berlin,Striker,73,1316,0.05547112462006079,Loss,Non-Win
3890524,Hertha Berlin,Wide Forward,186,1316,0.1413373860182371,Loss,Non-Win
3890524,Hoffenheim,Center Back,644,1609,0.4002486016159105,Win,Win
3890524,Hoffenheim,Central Midfield,259,1609,0.16096954630205096,Win,Win
3890524,Hoffenheim,Defensive Midfield,144,1609,0.08949658172778123,Win,Win
3890524,Hoffenheim,Fullback,246,1609,0.1528899937849596,Win,Win
3890524,Hoffenheim,Goalkeeper,65,1609,0.040397762585456805,Win,Win
3890524,Hoffenheim,Striker,155,1609,0.09633312616532007,Win,Win
3890524,Hoffenheim,Wide Forward,96,1609,0.05966438781852082,Win,Win
3890527,FC Köln,Attacking Midfield,42,1378,0.030478955007256895,Win,Win
3890527,FC Köln,Center Back,361,1378,0.26197387518142234,Win,Win
3890527,FC Köln,Central Midfield,82,1378,0.059506531204644414,Win,Win
3890527,FC Köln,Defensive Midfield,251,1378,0.18214804063860668,Win,Win
3890527,FC Köln,Fullback,275,1378,0.1995645863570392,Win,Win
3890527,FC Köln,Goalkeeper,58,1378,0.0420899854862119,Win,Win
3890527,FC Köln,Striker,126,1378,0.09143686502177069,Win,Win
3890527,FC Köln,Wide Forward,183,1378,0.1328011611030479,Win,Win
3890527,FSV Mainz 05,Attacking Midfield,90,1277,0.07047768206734534,Loss,Non-Win
3890527,FSV Mainz 05,Center Back,300,1277,0.23492560689115113,Loss,Non-Win
3890527,FSV Mainz 05,Defensive Midfield,240,1277,0.18794048551292092,Loss,Non-Win
3890527,FSV Mainz 05,Fullback,264,1277,0.206734534064213,Loss,Non-Win
3890527,FSV Mainz 05,Goalkeeper,87,1277,0.06812842599843383,Loss,Non-Win
3890527,FSV Mainz 05,Striker,104,1277,0.08144087705559906,Loss,Non-Win
3890527,FSV Mainz 05,Wide Forward,192,1277,0.15035238841033674,Loss,Non-Win
3890532,Hannover 96,Attacking Midfield,81,1522,0.053219448094612355,Draw,Non-Win
3890532,Hannover 96,Center Back,273,1522,0.17936925098554535,Draw,Non-Win
3890532,Hannover 96,Central Midfield,216,1522,0.14191852825229961,Draw,Non-Win
3890532,Hannover 96,Defensive Midfield,278,1522,0.18265440210249673,Draw,Non-Win
3890532,Hannover 96,Fullback,251,1522,0.16491458607095927,Draw,Non-Win
3890532,Hannover 96,Goalkeeper,66,1522,0.04336399474375821,Draw,Non-Win
3890532,Hannover 96,Striker,128,1522,0.08409986859395532,Draw,Non-Win
3890532,Hannover 96,Wide Forward,229,1522,0.1504599211563732,Draw,Non-Win
3890532,Ingolstadt,Center Back,51,815,0.06257668711656442,Draw,Non-Win
3890532,Ingolstadt,Central Midfield,80,815,0.09815950920245399,Draw,Non-Win
3890532,Ingolstadt,Defensive Midfield,102,815,0.12515337423312883,Draw,Non-Win
3890532,Ingolstadt,Fullback,160,815,0.19631901840490798,Draw,Non-Win
3890532,Ingolstadt,Goalkeeper,71,815,0.08711656441717791,Draw,Non-Win
3890532,Ingolstadt,Striker,158,815,0.19386503067484662,Draw,Non-Win
3890532,Ingolstadt,Wide Forward,193,815,0.23680981595092024,Draw,Non-Win
3890533,Bayern Munich,Attacking Midfield,155,2323,0.0667240637107189,Win,Win
3890533,Bayern Munich,Center Back,503,2323,0.21653034868704263,Win,Win
3890533,Bayern Munich,Defensive Midfield,625,2323,0.26904864399483425,Win,Win
3890533,Bayern Munich,Fullback,535,2323,0.23030563925957814,Win,Win
3890533,Bayern Munich,Goalkeeper,85,2323,0.03659061558329746,Win,Win
3890533,Bayern Munich,Striker,99,2323,0.04261730520878175,Win,Win
3890533,Bayern Munich,Wide Forward,321,2323,0.13818338355574689,Win,Win
3890533,Hertha Berlin,Center Back,72,741,0.09716599190283401,Loss,Non-Win
3890533,Hertha Berlin,Central Midfield,191,741,0.25775978407557354,Loss,Non-Win
3890533,Hertha Berlin,Defensive Midfield,46,741,0.0620782726045884,Loss,Non-Win
3890533,Hertha Berlin,Fullback,172,741,0.2321187584345479,Loss,Non-Win
3890533,Hertha Berlin,Goalkeeper,71,741,0.09581646423751687,Loss,Non-Win
3890533,Hertha Berlin,Striker,66,741,0.08906882591093117,Loss,Non-Win
3890533,Hertha Berlin,Wide Forward,123,741,0.1659919028340081,Loss,Non-Win
3890535,Augsburg,Attacking Midfield,163,823,0.19805589307411908,Win,Win
3890535,Augsburg,Center Back,170,823,0.2065613608748481,Win,Win
3890535,Augsburg,Defensive Midfield,149,823,0.181044957472661,Win,Win
3890535,Augsburg,Fullback,127,823,0.1543134872417983,Win,Win
3890535,Augsburg,Goalkeeper,72,823,0.08748481166464156,Win,Win
3890535,Augsburg,Striker,97,823,0.11786148238153099,Win,Win
3890535,Augsburg,Wide Forward,45,823,0.054678007290400975,Win,Win
3890535,Wolfsburg,Attacking Midfield,162,2174,0.07451701931922723,Loss,Non-Win
3890535,Wolfsburg,Center Back,502,2174,0.23091076356945722,Loss,Non-Win
3890535,Wolfsburg,Central Midfield,166,2174,0.07635694572217111,Loss,Non-Win
3890535,Wolfsburg,Defensive Midfield,365,2174,0.16789328426862926,Loss,Non-Win
3890535,Wolfsburg,Fullback,542,2174,0.24931002759889603,Loss,Non-Win
3890535,Wolfsburg,Goalkeeper,43,2174,0.019779208831646734,Loss,Non-Win
3890535,Wolfsburg,Striker,96,2174,0.04415823367065318,Loss,Non-Win
3890535,Wolfsburg,Wide Forward,298,2174,0.13707451701931922,Loss,Non-Win
3890536,Borussia Mönchengladbach,Attacking Midfield,233,1684,0.13836104513064132,Win,Win
3890536,Borussia Mönchengladbach,Center Back,484,1684,0.28741092636579574,Win,Win
3890536,Borussia Mönchengladbach,Central Midfield,18,1684,0.010688836104513063,Win,Win
3890536,Borussia Mönchengladbach,Defensive Midfield,385,1684,0.22862232779097388,Win,Win
3890536,Borussia Mönchengladbach,Fullback,310,1684,0.1840855106888361,Win,Win
3890536,Borussia Mönchengladbach,Goalkeeper,100,1684,0.05938242280285035,Win,Win
3890536,Borussia Mönchengladbach,Striker,154,1684,0.09144893111638955,Win,Win
3890536,Hoffenheim,Center Back,318,1263,0.2517814726840855,Loss,Non-Win
3890536,Hoffenheim,Central Midfield,176,1263,0.1393507521773555,Loss,Non-Win
3890536,Hoffenheim,Defensive Midfield,159,1263,0.12589073634204276,Loss,Non-Win
3890536,Hoffenheim,Fullback,189,1263,0.1496437054631829,Loss,Non-Win
3890536,Hoffenheim,Goalkeeper,120,1263,0.09501187648456057,Loss,Non-Win
3890536,Hoffenheim,Striker,158,1263,0.1250989707046714,Loss,Non-Win
3890536,Hoffenheim,Wide Forward,143,1263,0.11322248614410134,Loss,Non-Win
3890544,Hoffenheim,Attacking Midfield,123,1214,0.1013179571663921,Win,Win
3890544,Hoffenheim,Center Back,172,1214,0.1416803953871499,Win,Win
3890544,Hoffenheim,Defensive Midfield,192,1214,0.15815485996705106,Win,Win
3890544,Hoffenheim,Fullback,238,1214,0.19604612850082373,Win,Win
3890544,Hoffenheim,Goalkeeper,93,1214,0.07660626029654036,Win,Win
3890544,Hoffenheim,Striker,116,1214,0.09555189456342669,Win,Win
3890544,Hoffenheim,Wide Forward,280,1214,0.23064250411861614,Win,Win
3890544,Ingolstadt,Center Back,117,1049,0.111534795042898,Loss,Non-Win
3890544,Ingolstadt,Central Midfield,250,1049,0.23832221163012393,Loss,Non-Win
3890544,Ingolstadt,Defensive Midfield,50,1049,0.047664442326024785,Loss,Non-Win
3890544,Ingolstadt,Fullback,172,1049,0.16396568160152525,Loss,Non-Win
3890544,Ingolstadt,Goalkeeper,74,1049,0.07054337464251668,Loss,Non-Win
3890544,Ingolstadt,Striker,150,1049,0.14299332697807435,Loss,Non-Win
3890544,Ingolstadt,Wide Forward,236,1049,0.224976167778837,Loss,Non-Win
3890554,FC Köln,Attacking Midfield,128,1337,0.09573672400897532,Draw,Non-Win
3890554,FC Köln,Center Back,265,1337,0.19820493642483172,Draw,Non-Win
3890554,FC Köln,Defensive Midfield,370,1337,0.27673896783844426,Draw,Non-Win
3890554,FC Köln,Fullback,206,1337,0.15407629020194466,Draw,Non-Win
3890554,FC Köln,Goalkeeper,45,1337,0.033657442034405384,Draw,Non-Win
3890554,FC Köln,Striker,87,1337,0.06507105459985041,Draw,Non-Win
3890554,FC Köln,Wide Forward,236,1337,0.17651458489154825,Draw,Non-Win
3890554,Werder Bremen,Center Back,187,1013,0.18460019743336623,Draw,Non-Win
3890554,Werder Bremen,Central Midfield,173,1013,0.17077986179664364,Draw,Non-Win
3890554,Werder Bremen,Defensive Midfield,122,1013,0.12043435340572557,Draw,Non-Win
3890554,Werder Bremen,Fullback,157,1013,0.1549851924975321,Draw,Non-Win
3890554,Werder Bremen,Goalkeeper,64,1013,0.0631786771964462,Draw,Non-Win
3890554,Werder Bremen,Striker,112,1013,0.11056268509378085,Draw,Non-Win
3890554,Werder Bremen,Wide Forward,198,1013,0.19545903257650543,Draw,Non-Win
3890555,Darmstadt 98,Attacking Midfield,57,560,0.10178571428571428,Win,Win
3890555,Darmstadt 98,Center Back,42,560,0.075,Win,Win
3890555,Darmstadt 98,Defensive Midfield,80,560,0.14285714285714285,Win,Win
3890555,Darmstadt 98,Fullback,81,560,0.14464285714285716,Win,Win
3890555,Darmstadt 98,Goalkeeper,64,560,0.11428571428571428,Win,Win
3890555,Darmstadt 98,Striker,125,560,0.22321428571428573,Win,Win
3890555,Darmstadt 98,Wide Forward,111,560,0.1982142857142857,Win,Win
3890555,Hertha Berlin,Attacking Midfield,54,1978,0.027300303336703743,Loss,Non-Win
3890555,Hertha Berlin,Center Back,524,1978,0.2649140546006067,Loss,Non-Win
3890555,Hertha Berlin,Central Midfield,340,1978,0.1718907987866532,Loss,Non-Win
3890555,Hertha Berlin,Defensive Midfield,274,1978,0.1385237613751264,Loss,Non-Win
3890555,Hertha Berlin,Fullback,325,1978,0.16430738119312438,Loss,Non-Win
3890555,Hertha Berlin,Goalkeeper,74,1978,0.03741152679474216,Loss,Non-Win
3890555,Hertha Berlin,Striker,119,1978,0.06016177957532862,Loss,Non-Win
3890555,Hertha Berlin,Wide Forward,268,1978,0.13549039433771487,Loss,Non-Win
3890558,FSV Mainz 05,Attacking Midfield,80,922,0.08676789587852494,Draw,Non-Win
3890558,FSV Mainz 05,Center Back,157,922,0.1702819956616052,Draw,Non-Win
3890558,FSV Mainz 05,Defensive Midfield,153,922,0.16594360086767895,Draw,Non-Win
3890558,FSV Mainz 05,Fullback,174,922,0.18872017353579176,Draw,Non-Win
3890558,FSV Mainz 05,Goalkeeper,60,922,0.0650759219088937,Draw,Non-Win
3890558,FSV Mainz 05,Striker,111,922,0.12039045553145336,Draw,Non-Win
3890558,FSV Mainz 05,Wide Forward,187,922,0.20281995661605207,Draw,Non-Win
3890558,Hertha Berlin,Attacking Midfield,189,1662,0.11371841155234658,Draw,Non-Win
3890558,Hertha Berlin,Center Back,398,1662,0.2394705174488568,Draw,Non-Win
3890558,Hertha Berlin,Defensive Midfield,207,1662,0.12454873646209386,Draw,Non-Win
3890558,Hertha Berlin,Fullback,334,1662,0.2009626955475331,Draw,Non-Win
3890558,Hertha Berlin,Goalkeeper,130,1662,0.07821901323706378,Draw,Non-Win
3890558,Hertha Berlin,Striker,126,1662,0.07581227436823104,Draw,Non-Win
3890558,Hertha Berlin,Wide Forward,278,1662,0.16726835138387486,Draw,Non-Win
3890562,Borussia Dortmund,Attacking Midfield,310,2834,0.10938602681721948,Draw,Non-Win
3890562,Borussia Dortmund,Center Back,570,2834,0.20112914608327453,Draw,Non-Win
3890562,Borussia Dortmund,Defensive Midfield,996,2834,0.3514467184191955,Draw,Non-Win
3890562,Borussia Dortmund,Fullback,504,2834,0.17784050811573748,Draw,Non-Win
3890562,Borussia Dortmund,Goalkeeper,40,2834,0.014114326040931546,Draw,Non-Win
3890562,Borussia Dortmund,Striker,105,2834,0.03705010585744531,Draw,Non-Win
3890562,Borussia Dortmund,Wide Forward,309,2834,0.1090331686661962,Draw,Non-Win
3890562,FC Köln,Center Back,63,560,0.1125,Draw,Non-Win
3890562,FC Köln,Defensive Midfield,107,560,0.19107142857142856,Draw,Non-Win
3890562,FC Köln,Fullback,116,560,0.20714285714285716,Draw,Non-Win
3890562,FC Köln,Goalkeeper,39,560,0.06964285714285715,Draw,Non-Win
3890562,FC Köln,Striker,88,560,0.15714285714285714,Draw,Non-Win
3890562,FC Köln,Wide Forward,147,560,0.2625,Draw,Non-Win
3890563,Bayer Leverkusen,Center Back,105,895,0.11731843575418995,Win,Win
3890563,Bayer Leverkusen,Defensive Midfield,171,895,0.19106145251396647,Win,Win
3890563,Bayer Leverkusen,Fullback,132,895,0.14748603351955308,Win,Win
3890563,Bayer Leverkusen,Goalkeeper,59,895,0.0659217877094972,Win,Win
3890563,Bayer Leverkusen,Striker,213,895,0.23798882681564246,Win,Win
3890563,Bayer Leverkusen,Wide Forward,215,895,0.24022346368715083,Win,Win
3890563,Ingolstadt,Center Back,194,1162,0.16695352839931152,Loss,Non-Win
3890563,Ingolstadt,Central Midfield,252,1162,0.21686746987951808,Loss,Non-Win
3890563,Ingolstadt,Defensive Midfield,75,1162,0.06454388984509467,Loss,Non-Win
3890563,Ingolstadt,Fullback,229,1162,0.19707401032702238,Loss,Non-Win
3890563,Ingolstadt,Goalkeeper,104,1162,0.08950086058519793,Loss,Non-Win
3890563,Ingolstadt,Striker,100,1162,0.08605851979345955,Loss,Non-Win
3890563,Ingolstadt,Wide Forward,208,1162,0.17900172117039587,Loss,Non-Win
3893804,Norway Women's,Center Back,475,1437,0.33054975643702156,Draw,Non-Win
3893804,Norway Women's,Central Midfield,229,1437,0.1593597773138483,Draw,Non-Win
3893804,Norway Women's,Defensive Midfield,223,1437,0.15518441196938065,Draw,Non-Win
3893804,Norway Women's,Fullback,223,1437,0.15518441196938065,Draw,Non-Win
3893804,Norway Women's,Goalkeeper,31,1437,0.021572720946416143,Draw,Non-Win
3893804,Norway Women's,Striker,51,1437,0.03549060542797495,Draw,Non-Win
3893804,Norway Women's,Wide Forward,205,1437,0.14265831593597772,Draw,Non-Win
3893804,Switzerland Women's,Attacking Midfield,251,1396,0.17979942693409742,Draw,Non-Win
3893804,Switzerland Women's,Center Back,315,1396,0.22564469914040114,Draw,Non-Win
3893804,Switzerland Women's,Central Midfield,278,1396,0.1991404011461318,Draw,Non-Win
3893804,Switzerland Women's,Defensive Midfield,159,1396,0.11389684813753581,Draw,Non-Win
3893804,Switzerland Women's,Fullback,222,1396,0.15902578796561603,Draw,Non-Win
3893804,Switzerland Women's,Goalkeeper,62,1396,0.044412607449856735,Draw,Non-Win
3893804,Switzerland Women's,Striker,109,1396,0.07808022922636103,Draw,Non-Win
3893815,Brazil Women's,Center Back,164,1090,0.15045871559633028,Loss,Non-Win
3893815,Brazil Women's,Defensive Midfield,231,1090,0.21192660550458717,Loss,Non-Win
3893815,Brazil Women's,Fullback,226,1090,0.20733944954128442,Loss,Non-Win
3893815,Brazil Women's,Goalkeeper,47,1090,0.043119266055045874,Loss,Non-Win
3893815,Brazil Women's,Striker,208,1090,0.1908256880733945,Loss,Non-Win
3893815,Brazil Women's,Wide Forward,214,1090,0.1963302752293578,Loss,Non-Win
3893815,France Women's,Center Back,159,1304,0.12193251533742332,Win,Win
3893815,France Women's,Central Midfield,35,1304,0.026840490797546013,Win,Win
3893815,France Women's,Defensive Midfield,261,1304,0.20015337423312884,Win,Win
3893815,France Women's,Fullback,290,1304,0.2223926380368098,Win,Win
3893815,France Women's,Goalkeeper,62,1304,0.04754601226993865,Win,Win
3893815,France Women's,Striker,246,1304,0.18865030674846625,Win,Win
3893815,France Women's,Wide Forward,251,1304,0.19248466257668712,Win,Win
3895052,Bayer Leverkusen,Center Back,414,1338,0.3094170403587444,Win,Win
3895052,Bayer Leverkusen,Central Midfield,41,1338,0.030642750373692077,Win,Win
3895052,Bayer Leverkusen,Defensive Midfield,287,1338,0.21449925261584454,Win,Win
3895052,Bayer Leverkusen,Fullback,208,1338,0.1554559043348281,Win,Win
3895052,Bayer Leverkusen,Goalkeeper,48,1338,0.03587443946188341,Win,Win
3895052,Bayer Leverkusen,Striker,132,1338,0.09865470852017937,Win,Win
3895052,Bayer Leverkusen,Wide Forward,208,1338,0.1554559043348281,Win,Win
3895052,RB Leipzig,Attacking Midfield,86,1705,0.05043988269794721,Loss,Non-Win
3895052,RB Leipzig,Center Back,580,1705,0.34017595307917886,Loss,Non-Win
3895052,RB Leipzig,Defensive Midfield,278,1705,0.16304985337243402,Loss,Non-Win
3895052,RB Leipzig,Fullback,356,1705,0.20879765395894428,Loss,Non-Win
3895052,RB Leipzig,Goalkeeper,109,1705,0.06392961876832845,Loss,Non-Win
3895052,RB Leipzig,Striker,148,1705,0.08680351906158358,Loss,Non-Win
3895052,RB Leipzig,Wide Forward,148,1705,0.08680351906158358,Loss,Non-Win
3895074,Bayer Leverkusen,Attacking Midfield,116,1747,0.06639954207212365,Draw,Non-Win
3895074,Bayer Leverkusen,Center Back,419,1747,0.23983972524327418,Draw,Non-Win
3895074,Bayer Leverkusen,Defensive Midfield,428,1747,0.24499141385231826,Draw,Non-Win
3895074,Bayer Leverkusen,Fullback,302,1747,0.1728677733257012,Draw,Non-Win
3895074,Bayer Leverkusen,Goalkeeper,48,1747,0.027475672581568404,Draw,Non-Win
3895074,Bayer Leverkusen,Striker,99,1747,0.05666857469948483,Draw,Non-Win
3895074,Bayer Leverkusen,Wide Forward,335,1747,0.19175729822552948,Draw,Non-Win
3895074,Bayern Munich,Attacking Midfield,131,1784,0.0734304932735426,Draw,Non-Win
3895074,Bayern Munich,Center Back,473,1784,0.2651345291479821,Draw,Non-Win
3895074,Bayern Munich,Defensive Midfield,388,1784,0.21748878923766815,Draw,Non-Win
3895074,Bayern Munich,Fullback,327,1784,0.18329596412556054,Draw,Non-Win
3895074,Bayern Munich,Goalkeeper,90,1784,0.05044843049327354,Draw,Non-Win
3895074,Bayern Munich,Striker,80,1784,0.04484304932735426,Draw,Non-Win
3895074,Bayern Munich,Wide Forward,295,1784,0.16535874439461884,Draw,Non-Win
3895134,Bayer Leverkusen,Attacking Midfield,290,1629,0.1780233271945979,Win,Win
3895134,Bayer Leverkusen,Center Back,452,1629,0.2774708410067526,Win,Win
3895134,Bayer Leverkusen,Central Midfield,29,1629,0.01780233271945979,Win,Win
3895134,Bayer Leverkusen,Defensive Midfield,392,1629,0.24063842848373235,Win,Win
3895134,Bayer Leverkusen,Fullback,298,1629,0.18293431553100062,Win,Win
3895134,Bayer Leverkusen,Goalkeeper,44,1629,0.027010435850214856,Win,Win
3895134,Bayer Leverkusen,Striker,124,1629,0.07612031921424187,Win,Win
3895134,Hoffenheim,Center Back,512,1496,0.3422459893048128,Loss,Non-Win
3895134,Hoffenheim,Central Midfield,300,1496,0.20053475935828877,Loss,Non-Win
3895134,Hoffenheim,Defensive Midfield,151,1496,0.10093582887700535,Loss,Non-Win
3895134,Hoffenheim,Fullback,272,1496,0.18181818181818182,Loss,Non-Win
3895134,Hoffenheim,Goalkeeper,87,1496,0.05815508021390375,Loss,Non-Win
3895134,Hoffenheim,Striker,174,1496,0.1163101604278075,Loss,Non-Win
3895250,Bayer Leverkusen,Attacking Midfield,377,2022,0.18644906033630068,Win,Win
3895250,Bayer Leverkusen,Center Back,618,2022,0.3056379821958457,Win,Win
3895250,Bayer Leverkusen,Defensive Midfield,527,2022,0.2606330365974283,Win,Win
3895250,Bayer Leverkusen,Fullback,339,2022,0.16765578635014836,Win,Win
3895250,Bayer Leverkusen,Goalkeeper,52,2022,0.025717111770524232,Win,Win
3895250,Bayer Leverkusen,Striker,109,2022,0.05390702274975272,Win,Win
3895250,FSV Mainz 05,Attacking Midfield,155,1039,0.14918190567853706,Loss,Non-Win
3895250,FSV Mainz 05,Center Back,321,1039,0.3089509143407122,Loss,Non-Win
3895250,FSV Mainz 05,Central Midfield,38,1039,0.03657362848893166,Loss,Non-Win
3895250,FSV Mainz 05,Defensive Midfield,203,1039,0.19538017324350337,Loss,Non-Win
3895250,FSV Mainz 05,Fullback,165,1039,0.1588065447545717,Loss,Non-Win
3895250,FSV Mainz 05,Goalkeeper,38,1039,0.03657362848893166,Loss,Non-Win
3895250,FSV Mainz 05,Striker,119,1039,0.11453320500481232,Loss,Non-Win
3895320,Bayer Leverkusen,Attacking Midfield,266,1446,0.1839557399723375,Draw,Non-Win
3895320,Bayer Leverkusen,Center Back,440,1446,0.30428769017980634,Draw,Non-Win
3895320,Bayer Leverkusen,Defensive Midfield,349,1446,0.2413554633471646,Draw,Non-Win
3895320,Bayer Leverkusen,Fullback,258,1446,0.17842323651452283,Draw,Non-Win
3895320,Bayer Leverkusen,Goalkeeper,53,1446,0.03665283540802213,Draw,Non-Win
3895320,Bayer Leverkusen,Striker,80,1446,0.05532503457814661,Draw,Non-Win
3895320,VfB Stuttgart,Attacking Midfield,209,1575,0.1326984126984127,Draw,Non-Win
3895320,VfB Stuttgart,Center Back,340,1575,0.21587301587301588,Draw,Non-Win
3895320,VfB Stuttgart,Defensive Midfield,414,1575,0.26285714285714284,Draw,Non-Win
3895320,VfB Stuttgart,Fullback,213,1575,0.13523809523809524,Draw,Non-Win
3895320,VfB Stuttgart,Goalkeeper,142,1575,0.09015873015873016,Draw,Non-Win
3895320,VfB Stuttgart,Striker,223,1575,0.1415873015873016,Draw,Non-Win
3895320,VfB Stuttgart,Wide Forward,34,1575,0.02158730158730159,Draw,Non-Win
3900494,Bordeaux,Attacking Midfield,140,1402,0.09985734664764621,Loss,Non-Win
3900494,Bordeaux,Center Back,181,1402,0.1291012838801712,Loss,Non-Win
3900494,Bordeaux,Central Midfield,248,1402,0.1768901569186876,Loss,Non-Win
3900494,Bordeaux,Defensive Midfield,189,1402,0.13480741797432239,Loss,Non-Win
3900494,Bordeaux,Fullback,311,1402,0.22182596291012838,Loss,Non-Win
3900494,Bordeaux,Goalkeeper,51,1402,0.03637660485021398,Loss,Non-Win
3900494,Bordeaux,Striker,189,1402,0.13480741797432239,Loss,Non-Win
3900494,Bordeaux,Wide Forward,93,1402,0.06633380884450785,Loss,Non-Win
3900494,Gazélec Ajaccio,Attacking Midfield,120,1183,0.1014370245139476,Win,Win
3900494,Gazélec Ajaccio,Center Back,131,1183,0.11073541842772612,Win,Win
3900494,Gazélec Ajaccio,Central Midfield,204,1183,0.1724429416737109,Win,Win
3900494,Gazélec Ajaccio,Defensive Midfield,121,1183,0.10228233305156383,Win,Win
3900494,Gazélec Ajaccio,Fullback,255,1183,0.21555367709213863,Win,Win
3900494,Gazélec Ajaccio,Goalkeeper,83,1183,0.07016060862214708,Win,Win
3900494,Gazélec Ajaccio,Striker,269,1183,0.22738799661876585,Win,Win
3900496,Montpellier,Attacking Midfield,174,1333,0.13053263315828958,Draw,Non-Win
3900496,Montpellier,Center Back,164,1333,0.12303075768942236,Draw,Non-Win
3900496,Montpellier,Defensive Midfield,297,1333,0.22280570142535633,Draw,Non-Win
3900496,Montpellier,Fullback,353,1333,0.26481620405101275,Draw,Non-Win
3900496,Montpellier,Goalkeeper,51,1333,0.03825956489122281,Draw,Non-Win
3900496,Montpellier,Striker,103,1333,0.07726931732933233,Draw,Non-Win
3900496,Montpellier,Wide Forward,191,1333,0.14328582145536384,Draw,Non-Win
3900496,Toulouse,Attacking Midfield,143,1249,0.11449159327461969,Draw,Non-Win
3900496,Toulouse,Center Back,147,1249,0.1176941553242594,Draw,Non-Win
3900496,Toulouse,Central Midfield,217,1249,0.17373899119295436,Draw,Non-Win
3900496,Toulouse,Defensive Midfield,166,1249,0.13290632506004804,Draw,Non-Win
3900496,Toulouse,Fullback,247,1249,0.1977582065652522,Draw,Non-Win
3900496,Toulouse,Goalkeeper,36,1249,0.028823058446757407,Draw,Non-Win
3900496,Toulouse,Striker,246,1249,0.1969575660528423,Draw,Non-Win
3900496,Toulouse,Wide Forward,47,1249,0.03763010408326661,Draw,Non-Win
3900499,Marseille,Attacking Midfield,148,1458,0.10150891632373114,Win,Win
3900499,Marseille,Center Back,301,1458,0.20644718792866942,Win,Win
3900499,Marseille,Defensive Midfield,319,1458,0.2187928669410151,Win,Win
3900499,Marseille,Fullback,299,1458,0.20507544581618656,Win,Win
3900499,Marseille,Goalkeeper,71,1458,0.04869684499314129,Win,Win
3900499,Marseille,Striker,91,1458,0.062414266117969824,Win,Win
3900499,Marseille,Wide Forward,229,1458,0.15706447187928668,Win,Win
3900499,Nantes,Attacking Midfield,150,1265,0.11857707509881422,Loss,Non-Win
3900499,Nantes,Center Back,193,1265,0.15256916996047432,Loss,Non-Win
3900499,Nantes,Defensive Midfield,229,1265,0.18102766798418973,Loss,Non-Win
3900499,Nantes,Fullback,221,1265,0.17470355731225296,Loss,Non-Win
3900499,Nantes,Goalkeeper,48,1265,0.037944664031620556,Loss,Non-Win
3900499,Nantes,Striker,151,1265,0.11936758893280633,Loss,Non-Win
3900499,Nantes,Wide Forward,273,1265,0.2158102766798419,Loss,Non-Win
3900505,Caen,Center Back,70,946,0.07399577167019028,Win,Win
3900505,Caen,Central Midfield,226,946,0.23890063424947147,Win,Win
3900505,Caen,Defensive Midfield,74,946,0.07822410147991543,Win,Win
3900505,Caen,Fullback,167,946,0.17653276955602537,Win,Win
3900505,Caen,Goalkeeper,47,946,0.049682875264270614,Win,Win
3900505,Caen,Striker,123,946,0.13002114164904863,Win,Win
3900505,Caen,Wide Forward,239,946,0.2526427061310782,Win,Win
3900505,Guingamp,Center Back,349,1389,0.25125989920806335,Loss,Non-Win
3900505,Guingamp,Defensive Midfield,273,1389,0.19654427645788336,Loss,Non-Win
3900505,Guingamp,Fullback,256,1389,0.18430525557955363,Loss,Non-Win
3900505,Guingamp,Goalkeeper,78,1389,0.056155507559395246,Loss,Non-Win
3900505,Guingamp,Striker,225,1389,0.16198704103671707,Loss,Non-Win
3900505,Guingamp,Wide Forward,208,1389,0.14974802015838734,Loss,Non-Win
3900508,AS Monaco,Attacking Midfield,81,1662,0.048736462093862815,Loss,Non-Win
3900508,AS Monaco,Center Back,297,1662,0.17870036101083034,Loss,Non-Win
3900508,AS Monaco,Central Midfield,190,1662,0.11432009626955475,Loss,Non-Win
3900508,AS Monaco,Defensive Midfield,335,1662,0.20156438026474127,Loss,Non-Win
3900508,AS Monaco,Fullback,267,1662,0.16064981949458484,Loss,Non-Win
3900508,AS Monaco,Goalkeeper,50,1662,0.030084235860409144,Loss,Non-Win
3900508,AS Monaco,Striker,132,1662,0.07942238267148015,Loss,Non-Win
3900508,AS Monaco,Wide Forward,310,1662,0.1865222623345367,Loss,Non-Win
3900508,Bordeaux,Center Back,172,1013,0.16979269496544916,Win,Win
3900508,Bordeaux,Central Midfield,195,1013,0.192497532082922,Win,Win
3900508,Bordeaux,Defensive Midfield,70,1013,0.06910167818361303,Win,Win
3900508,Bordeaux,Fullback,192,1013,0.1895360315893386,Win,Win
3900508,Bordeaux,Goalkeeper,76,1013,0.07502467917077986,Win,Win
3900508,Bordeaux,Striker,103,1013,0.1016781836130306,Win,Win
3900508,Bordeaux,Wide Forward,205,1013,0.20236920039486672,Win,Win
3900514,Guingamp,Center Back,218,1040,0.20961538461538462,Win,Win
3900514,Guingamp,Defensive Midfield,170,1040,0.16346153846153846,Win,Win
3900514,Guingamp,Fullback,192,1040,0.18461538461538463,Win,Win
3900514,Guingamp,Goalkeeper,45,1040,0.04326923076923077,Win,Win
3900514,Guingamp,Striker,182,1040,0.175,Win,Win
3900514,Guingamp,Wide Forward,233,1040,0.22403846153846155,Win,Win
3900514,Toulouse,Attacking Midfield,187,1271,0.14712824547600314,Loss,Non-Win
3900514,Toulouse,Center Back,179,1271,0.14083398898505115,Loss,Non-Win
3900514,Toulouse,Central Midfield,283,1271,0.22265932336742722,Loss,Non-Win
3900514,Toulouse,Defensive Midfield,162,1271,0.12745869394177814,Loss,Non-Win
3900514,Toulouse,Fullback,192,1271,0.15106215578284815,Loss,Non-Win
3900514,Toulouse,Goalkeeper,27,1271,0.021243115656963022,Loss,Non-Win
3900514,Toulouse,Striker,217,1271,0.17073170731707318,Loss,Non-Win
3900514,Toulouse,Wide Forward,24,1271,0.01888276947285602,Loss,Non-Win
3900518,Angers,Center Back,246,1822,0.1350164654226125,Draw,Non-Win
3900518,Angers,Central Midfield,448,1822,0.24588364434687157,Draw,Non-Win
3900518,Angers,Defensive Midfield,202,1822,0.11086717892425905,Draw,Non-Win
3900518,Angers,Fullback,412,1822,0.2261251372118551,Draw,Non-Win
3900518,Angers,Goalkeeper,30,1822,0.01646542261251372,Draw,Non-Win
3900518,Angers,Striker,139,1822,0.07628979143798024,Draw,Non-Win
3900518,Angers,Wide Forward,345,1822,0.1893523600439078,Draw,Non-Win
3900518,Caen,Attacking Midfield,48,1162,0.04130808950086059,Draw,Non-Win
3900518,Caen,Center Back,300,1162,0.25817555938037867,Draw,Non-Win
3900518,Caen,Central Midfield,199,1162,0.1712564543889845,Draw,Non-Win
3900518,Caen,Defensive Midfield,149,1162,0.12822719449225473,Draw,Non-Win
3900518,Caen,Fullback,186,1162,0.16006884681583478,Draw,Non-Win
3900518,Caen,Goalkeeper,53,1162,0.04561101549053356,Draw,Non-Win
3900518,Caen,Striker,101,1162,0.08691910499139414,Draw,Non-Win
3900518,Caen,Wide Forward,126,1162,0.10843373493975904,Draw,Non-Win
3900519,Bordeaux,Center Back,195,1424,0.136938202247191,Draw,Non-Win
3900519,Bordeaux,Central Midfield,76,1424,0.05337078651685393,Draw,Non-Win
3900519,Bordeaux,Defensive Midfield,302,1424,0.21207865168539325,Draw,Non-Win
3900519,Bordeaux,Fullback,268,1424,0.18820224719101122,Draw,Non-Win
3900519,Bordeaux,Goalkeeper,71,1424,0.04985955056179775,Draw,Non-Win
3900519,Bordeaux,Striker,239,1424,0.1678370786516854,Draw,Non-Win
3900519,Bordeaux,Wide Forward,273,1424,0.19171348314606743,Draw,Non-Win
3900519,Rennes,Attacking Midfield,174,1271,0.13690007867820614,Draw,Non-Win
3900519,Rennes,Center Back,207,1271,0.16286388670338317,Draw,Non-Win
3900519,Rennes,Defensive Midfield,268,1271,0.2108575924468922,Draw,Non-Win
3900519,Rennes,Fullback,236,1271,0.18568056648308418,Draw,Non-Win
3900519,Rennes,Goalkeeper,38,1271,0.02989771833202203,Draw,Non-Win
3900519,Rennes,Striker,95,1271,0.07474429583005507,Draw,Non-Win
3900519,Rennes,Wide Forward,253,1271,0.1990558615263572,Draw,Non-Win
3900523,Rennes,Center Back,254,1380,0.18405797101449275,Draw,Non-Win
3900523,Rennes,Central Midfield,379,1380,0.2746376811594203,Draw,Non-Win
3900523,Rennes,Defensive Midfield,110,1380,0.07971014492753623,Draw,Non-Win
3900523,Rennes,Fullback,248,1380,0.17971014492753623,Draw,Non-Win
3900523,Rennes,Goalkeeper,46,1380,0.03333333333333333,Draw,Non-Win
3900523,Rennes,Striker,95,1380,0.06884057971014493,Draw,Non-Win
3900523,Rennes,Wide Forward,248,1380,0.17971014492753623,Draw,Non-Win
3900523,Stade de Reims,Attacking Midfield,81,1278,0.06338028169014084,Draw,Non-Win
3900523,Stade de Reims,Center Back,242,1278,0.18935837245696402,Draw,Non-Win
3900523,Stade de Reims,Defensive Midfield,249,1278,0.19483568075117372,Draw,Non-Win
3900523,Stade de Reims,Fullback,178,1278,0.13928012519561817,Draw,Non-Win
3900523,Stade de Reims,Goalkeeper,66,1278,0.051643192488262914,Draw,Non-Win
3900523,Stade de Reims,Striker,176,1278,0.13771517996870108,Draw,Non-Win
3900523,Stade de Reims,Wide Forward,286,1278,0.2237871674491393,Draw,Non-Win
3900524,Gazélec Ajaccio,Attacking Midfield,125,1408,0.08877840909090909,Draw,Non-Win
3900524,Gazélec Ajaccio,Center Back,222,1408,0.15767045454545456,Draw,Non-Win
3900524,Gazélec Ajaccio,Central Midfield,354,1408,0.25142045454545453,Draw,Non-Win
3900524,Gazélec Ajaccio,Defensive Midfield,84,1408,0.05965909090909091,Draw,Non-Win
3900524,Gazélec Ajaccio,Fullback,265,1408,0.18821022727272727,Draw,Non-Win
3900524,Gazélec Ajaccio,Goalkeeper,58,1408,0.041193181818181816,Draw,Non-Win
3900524,Gazélec Ajaccio,Striker,300,1408,0.21306818181818182,Draw,Non-Win
3900524,Lorient,Attacking Midfield,39,1757,0.0221969265793967,Draw,Non-Win
3900524,Lorient,Center Back,238,1757,0.13545816733067728,Draw,Non-Win
3900524,Lorient,Central Midfield,331,1757,0.18838929994308481,Draw,Non-Win
3900524,Lorient,Defensive Midfield,213,1757,0.12122936824132043,Draw,Non-Win
3900524,Lorient,Fullback,376,1757,0.21400113830392714,Draw,Non-Win
3900524,Lorient,Goalkeeper,62,1757,0.035287421741605006,Draw,Non-Win
3900524,Lorient,Striker,98,1757,0.055776892430278883,Draw,Non-Win
3900524,Lorient,Wide Forward,400,1757,0.22766078542970974,Draw,Non-Win
3900535,Lille,Center Back,161,1070,0.15046728971962617,Win,Win
3900535,Lille,Central Midfield,223,1070,0.20841121495327103,Win,Win
3900535,Lille,Defensive Midfield,71,1070,0.06635514018691589,Win,Win
3900535,Lille,Fullback,185,1070,0.17289719626168223,Win,Win
3900535,Lille,Goalkeeper,48,1070,0.044859813084112146,Win,Win
3900535,Lille,Striker,151,1070,0.1411214953271028,Win,Win
3900535,Lille,Wide Forward,231,1070,0.21588785046728973,Win,Win
3900535,Saint-Étienne,Attacking Midfield,145,1091,0.13290559120073328,Loss,Non-Win
3900535,Saint-Étienne,Center Back,201,1091,0.1842346471127406,Loss,Non-Win
3900535,Saint-Étienne,Defensive Midfield,159,1091,0.1457378551787351,Loss,Non-Win
3900535,Saint-Étienne,Fullback,230,1091,0.21081576535288726,Loss,Non-Win
3900535,Saint-Étienne,Goalkeeper,58,1091,0.05316223648029331,Loss,Non-Win
3900535,Saint-Étienne,Striker,89,1091,0.08157653528872594,Loss,Non-Win
3900535,Saint-Étienne,Wide Forward,209,1091,0.1915673693858845,Loss,Non-Win
3900539,Marseille,Attacking Midfield,222,1426,0.15568022440392706,Win,Win
3900539,Marseille,Center Back,153,1426,0.10729312762973352,Win,Win
3900539,Marseille,Defensive Midfield,311,1426,0.21809256661991586,Win,Win
3900539,Marseille,Fullback,239,1426,0.16760168302945302,Win,Win
3900539,Marseille,Goalkeeper,99,1426,0.0694249649368864,Win,Win
3900539,Marseille,Striker,133,1426,0.09326788218793829,Win,Win
3900539,Marseille,Wide Forward,269,1426,0.18863955119214587,Win,Win
3900539,Rennes,Center Back,240,1402,0.17118402282453637,Loss,Non-Win
3900539,Rennes,Central Midfield,346,1402,0.24679029957203993,Loss,Non-Win
3900539,Rennes,Defensive Midfield,147,1402,0.10485021398002853,Loss,Non-Win
3900539,Rennes,Fullback,274,1402,0.19543509272467904,Loss,Non-Win
3900539,Rennes,Goalkeeper,59,1402,0.04208273894436519,Loss,Non-Win
3900539,Rennes,Striker,103,1402,0.07346647646219687,Loss,Non-Win
3900539,Rennes,Wide Forward,233,1402,0.16619115549215407,Loss,Non-Win
3900545,Angers,Center Back,108,1133,0.09532215357458076,Win,Win
3900545,Angers,Central Midfield,260,1133,0.2294792586054722,Win,Win
3900545,Angers,Defensive Midfield,106,1133,0.09355692850838482,Win,Win
3900545,Angers,Fullback,205,1133,0.18093556928508384,Win,Win
3900545,Angers,Goalkeeper,43,1133,0.03795233892321271,Win,Win
3900545,Angers,Striker,148,1133,0.13062665489849956,Win,Win
3900545,Angers,Wide Forward,263,1133,0.2321270962047661,Win,Win
3900545,Lyon,Attacking Midfield,89,1902,0.04679284963196635,Loss,Non-Win
3900545,Lyon,Center Back,288,1902,0.15141955835962145,Loss,Non-Win
3900545,Lyon,Central Midfield,545,1902,0.286540483701367,Loss,Non-Win
3900545,Lyon,Defensive Midfield,192,1902,0.10094637223974763,Loss,Non-Win
3900545,Lyon,Fullback,358,1902,0.1882229232386961,Loss,Non-Win
3900545,Lyon,Goalkeeper,27,1902,0.014195583596214511,Loss,Non-Win
3900545,Lyon,Striker,238,1902,0.12513144058885384,Loss,Non-Win
3900545,Lyon,Wide Forward,165,1902,0.08675078864353312,Loss,Non-Win
3900546,Gazélec Ajaccio,Center Back,132,1335,0.09887640449438202,Draw,Non-Win
3900546,Gazélec Ajaccio,Central Midfield,356,1335,0.26666666666666666,Draw,Non-Win
3900546,Gazélec Ajaccio,Defensive Midfield,101,1335,0.07565543071161049,Draw,Non-Win
3900546,Gazélec Ajaccio,Fullback,291,1335,0.21797752808988763,Draw,Non-Win
3900546,Gazélec Ajaccio,Goalkeeper,39,1335,0.029213483146067417,Draw,Non-Win
3900546,Gazélec Ajaccio,Striker,173,1335,0.1295880149812734,Draw,Non-Win
3900546,Gazélec Ajaccio,Wide Forward,243,1335,0.18202247191011237,Draw,Non-Win
3900546,Nantes,Attacking Midfield,109,1014,0.10749506903353057,Draw,Non-Win
3900546,Nantes,Center Back,142,1014,0.14003944773175542,Draw,Non-Win
3900546,Nantes,Defensive Midfield,260,1014,0.2564102564102564,Draw,Non-Win
3900546,Nantes,Fullback,196,1014,0.1932938856015779,Draw,Non-Win
3900546,Nantes,Goalkeeper,60,1014,0.05917159763313609,Draw,Non-Win
3900546,Nantes,Striker,70,1014,0.06903353057199212,Draw,Non-Win
3900546,Nantes,Wide Forward,177,1014,0.17455621301775148,Draw,Non-Win
3900548,Bordeaux,Attacking Midfield,200,1589,0.12586532410320955,Win,Win
3900548,Bordeaux,Center Back,362,1589,0.2278162366268093,Win,Win
3900548,Bordeaux,Central Midfield,178,1589,0.11202013845185652,Win,Win
3900548,Bordeaux,Defensive Midfield,137,1589,0.08621774701069855,Win,Win
3900548,Bordeaux,Fullback,255,1589,0.1604782882315922,Win,Win
3900548,Bordeaux,Goalkeeper,47,1589,0.02957835116425425,Win,Win
3900548,Bordeaux,Striker,111,1589,0.06985525487728131,Win,Win
3900548,Bordeaux,Wide Forward,299,1589,0.1881686595342983,Win,Win
3900548,Guingamp,Center Back,193,1060,0.1820754716981132,Loss,Non-Win
3900548,Guingamp,Central Midfield,132,1060,0.12452830188679245,Loss,Non-Win
3900548,Guingamp,Defensive Midfield,171,1060,0.16132075471698112,Loss,Non-Win
3900548,Guingamp,Fullback,150,1060,0.14150943396226415,Loss,Non-Win
3900548,Guingamp,Goalkeeper,53,1060,0.05,Loss,Non-Win
3900548,Guingamp,Striker,150,1060,0.14150943396226415,Loss,Non-Win
3900548,Guingamp,Wide Forward,211,1060,0.19905660377358492,Loss,Non-Win
3900559,Gazélec Ajaccio,Attacking Midfield,120,1226,0.09787928221859707,Draw,Non-Win
3900559,Gazélec Ajaccio,Center Back,151,1226,0.1231647634584013,Draw,Non-Win
3900559,Gazélec Ajaccio,Central Midfield,118,1226,0.09624796084828711,Draw,Non-Win
3900559,Gazélec Ajaccio,Defensive Midfield,214,1226,0.17455138662316477,Draw,Non-Win
3900559,Gazélec Ajaccio,Fullback,297,1226,0.24225122349102773,Draw,Non-Win
3900559,Gazélec Ajaccio,Goalkeeper,62,1226,0.05057096247960848,Draw,Non-Win
3900559,Gazélec Ajaccio,Striker,132,1226,0.10766721044045677,Draw,Non-Win
3900559,Gazélec Ajaccio,Wide Forward,132,1226,0.10766721044045677,Draw,Non-Win
3900559,Marseille,Attacking Midfield,150,1597,0.09392611145898559,Draw,Non-Win
3900559,Marseille,Center Back,213,1597,0.13337507827175954,Draw,Non-Win
3900559,Marseille,Central Midfield,87,1597,0.054477144646211645,Draw,Non-Win
3900559,Marseille,Defensive Midfield,282,1597,0.17658108954289292,Draw,Non-Win
3900559,Marseille,Fullback,431,1597,0.26988102692548527,Draw,Non-Win
3900559,Marseille,Goalkeeper,66,1597,0.041327489041953665,Draw,Non-Win
3900559,Marseille,Striker,83,1597,0.051972448340638695,Draw,Non-Win
3900559,Marseille,Wide Forward,285,1597,0.17845961177207265,Draw,Non-Win
3900560,Montpellier,Attacking Midfield,158,1232,0.12824675324675325,Loss,Non-Win
3900560,Montpellier,Center Back,160,1232,0.12987012987012986,Loss,Non-Win
3900560,Montpellier,Defensive Midfield,263,1232,0.21347402597402598,Loss,Non-Win
3900560,Montpellier,Fullback,260,1232,0.21103896103896103,Loss,Non-Win
3900560,Montpellier,Goalkeeper,45,1232,0.036525974025974024,Loss,Non-Win
3900560,Montpellier,Striker,107,1232,0.08685064935064934,Loss,Non-Win
3900560,Montpellier,Wide Forward,239,1232,0.1939935064935065,Loss,Non-Win
3900560,OGC Nice,Center Back,431,1543,0.27932598833441347,Win,Win
3900560,OGC Nice,Central Midfield,291,1543,0.18859364873622814,Win,Win
3900560,OGC Nice,Defensive Midfield,215,1543,0.13933895009721323,Win,Win
3900560,OGC Nice,Fullback,241,1543,0.1561892417368762,Win,Win
3900560,OGC Nice,Goalkeeper,61,1543,0.03953337653920933,Win,Win
3900560,OGC Nice,Striker,304,1543,0.1970187945560596,Win,Win
3900561,Lille,Center Back,214,1605,0.13333333333333333,Draw,Non-Win
3900561,Lille,Central Midfield,371,1605,0.23115264797507787,Draw,Non-Win
3900561,Lille,Defensive Midfield,141,1605,0.08785046728971962,Draw,Non-Win
3900561,Lille,Fullback,346,1605,0.21557632398753895,Draw,Non-Win
3900561,Lille,Goalkeeper,46,1605,0.02866043613707165,Draw,Non-Win
3900561,Lille,Striker,127,1605,0.07912772585669782,Draw,Non-Win
3900561,Lille,Wide Forward,360,1605,0.22429906542056074,Draw,Non-Win
3900561,Toulouse,Center Back,188,981,0.19164118246687054,Draw,Non-Win
3900561,Toulouse,Central Midfield,121,981,0.12334352701325178,Draw,Non-Win
3900561,Toulouse,Defensive Midfield,155,981,0.1580020387359837,Draw,Non-Win
3900561,Toulouse,Fullback,130,981,0.1325178389398573,Draw,Non-Win
3900561,Toulouse,Goalkeeper,55,981,0.05606523955147808,Draw,Non-Win
3900561,Toulouse,Striker,114,981,0.1162079510703364,Draw,Non-Win
3900561,Toulouse,Wide Forward,218,981,0.2222222222222222,Draw,Non-Win
3900563,Guingamp,Center Back,166,1215,0.13662551440329218,Loss,Non-Win
3900563,Guingamp,Central Midfield,161,1215,0.1325102880658436,Loss,Non-Win
3900563,Guingamp,Defensive Midfield,203,1215,0.16707818930041152,Loss,Non-Win
3900563,Guingamp,Fullback,203,1215,0.16707818930041152,Loss,Non-Win
3900563,Guingamp,Goalkeeper,64,1215,0.05267489711934156,Loss,Non-Win
3900563,Guingamp,Striker,188,1215,0.15473251028806584,Loss,Non-Win
3900563,Guingamp,Wide Forward,230,1215,0.18930041152263374,Loss,Non-Win
3900563,Rennes,Attacking Midfield,212,1218,0.17405582922824303,Win,Win
3900563,Rennes,Center Back,183,1218,0.15024630541871922,Win,Win
3900563,Rennes,Defensive Midfield,244,1218,0.20032840722495895,Win,Win
3900563,Rennes,Fullback,201,1218,0.16502463054187191,Win,Win
3900563,Rennes,Goalkeeper,59,1218,0.048440065681444995,Win,Win
3900563,Rennes,Striker,110,1218,0.090311986863711,Win,Win
3900563,Rennes,Wide Forward,209,1218,0.17159277504105092,Win,Win
3900566,Bastia,Attacking Midfield,22,1137,0.019349164467897976,Win,Win
3900566,Bastia,Center Back,110,1137,0.09674582233948989,Win,Win
3900566,Bastia,Central Midfield,276,1137,0.24274406332453827,Win,Win
3900566,Bastia,Defensive Midfield,113,1137,0.09938434476693052,Win,Win
3900566,Bastia,Fullback,224,1137,0.19700967458223395,Win,Win
3900566,Bastia,Goalkeeper,58,1137,0.051011433597185574,Win,Win
3900566,Bastia,Striker,106,1137,0.0932277924362357,Win,Win
3900566,Bastia,Wide Forward,228,1137,0.20052770448548812,Win,Win
3900566,Stade de Reims,Attacking Midfield,45,1466,0.030695770804911322,Loss,Non-Win
3900566,Stade de Reims,Center Back,211,1466,0.14392905866302866,Loss,Non-Win
3900566,Stade de Reims,Central Midfield,181,1466,0.12346521145975443,Loss,Non-Win
3900566,Stade de Reims,Defensive Midfield,189,1466,0.12892223738062755,Loss,Non-Win
3900566,Stade de Reims,Fullback,315,1466,0.21487039563437926,Loss,Non-Win
3900566,Stade de Reims,Goalkeeper,39,1466,0.02660300136425648,Loss,Non-Win
3900566,Stade de Reims,Striker,175,1466,0.11937244201909959,Loss,Non-Win
3900566,Stade de Reims,Wide Forward,311,1466,0.2121418826739427,Loss,Non-Win
3900571,Lorient,Attacking Midfield,31,1334,0.023238380809595203,Draw,Non-Win
3900571,Lorient,Center Back,145,1334,0.10869565217391304,Draw,Non-Win
3900571,Lorient,Central Midfield,295,1334,0.22113943028485758,Draw,Non-Win
3900571,Lorient,Defensive Midfield,141,1334,0.10569715142428786,Draw,Non-Win
3900571,Lorient,Fullback,253,1334,0.1896551724137931,Draw,Non-Win
3900571,Lorient,Goalkeeper,66,1334,0.049475262368815595,Draw,Non-Win
3900571,Lorient,Striker,109,1334,0.08170914542728636,Draw,Non-Win
3900571,Lorient,Wide Forward,294,1334,0.22038980509745126,Draw,Non-Win
3900571,Rennes,Center Back,265,1609,0.16469857054070852,Draw,Non-Win
3900571,Rennes,Central Midfield,495,1609,0.307644499689248,Draw,Non-Win
3900571,Rennes,Defensive Midfield,147,1609,0.09136109384711001,Draw,Non-Win
3900571,Rennes,Fullback,280,1609,0.1740211311373524,Draw,Non-Win
3900571,Rennes,Goalkeeper,41,1609,0.0254816656308266,Draw,Non-Win
3900571,Rennes,Striker,110,1609,0.06836544437538844,Draw,Non-Win
3900571,Rennes,Wide Forward,271,1609,0.16842759477936606,Draw,Non-Win
3900573,Angers,Center Back,254,1579,0.16086130462317924,Win,Win
3900573,Angers,Central Midfield,311,1579,0.19696010132995567,Win,Win
3900573,Angers,Defensive Midfield,214,1579,0.13552881570614314,Win,Win
3900573,Angers,Fullback,292,1579,0.18492716909436352,Win,Win
3900573,Angers,Goalkeeper,61,1579,0.038632045598480054,Win,Win
3900573,Angers,Striker,140,1579,0.08866371120962635,Win,Win
3900573,Angers,Wide Forward,307,1579,0.19442685243825206,Win,Win
3900573,Caen,Center Back,147,1090,0.13486238532110092,Loss,Non-Win
3900573,Caen,Central Midfield,236,1090,0.21651376146788992,Loss,Non-Win
3900573,Caen,Defensive Midfield,100,1090,0.09174311926605505,Loss,Non-Win
3900573,Caen,Fullback,193,1090,0.17706422018348625,Loss,Non-Win
3900573,Caen,Goalkeeper,29,1090,0.026605504587155965,Loss,Non-Win
3900573,Caen,Striker,124,1090,0.11376146788990826,Loss,Non-Win
3900573,Caen,Wide Forward,261,1090,0.23944954128440368,Loss,Non-Win
3900578,Lille,Attacking Midfield,72,1096,0.06569343065693431,Draw,Non-Win
3900578,Lille,Center Back,127,1096,0.11587591240875912,Draw,Non-Win
3900578,Lille,Central Midfield,63,1096,0.05748175182481752,Draw,Non-Win
3900578,Lille,Defensive Midfield,203,1096,0.1852189781021898,Draw,Non-Win
3900578,Lille,Fullback,213,1096,0.19434306569343066,Draw,Non-Win
3900578,Lille,Goalkeeper,19,1096,0.017335766423357664,Draw,Non-Win
3900578,Lille,Striker,141,1096,0.12864963503649635,Draw,Non-Win
3900578,Lille,Wide Forward,258,1096,0.2354014598540146,Draw,Non-Win
3900578,OGC Nice,Attacking Midfield,67,1518,0.04413702239789196,Draw,Non-Win
3900578,OGC Nice,Center Back,337,1518,0.2220026350461133,Draw,Non-Win
3900578,OGC Nice,Central Midfield,172,1518,0.11330698287220026,Draw,Non-Win
3900578,OGC Nice,Defensive Midfield,248,1518,0.16337285902503293,Draw,Non-Win
3900578,OGC Nice,Fullback,306,1518,0.2015810276679842,Draw,Non-Win
3900578,OGC Nice,Goalkeeper,54,1518,0.03557312252964427,Draw,Non-Win
3900578,OGC Nice,Striker,207,1518,0.13636363636363635,Draw,Non-Win
3900578,OGC Nice,Wide Forward,127,1518,0.0836627140974967,Draw,Non-Win
3900585,Paris Saint-Germain,Center Back,519,2396,0.2166110183639399,Win,Win
3900585,Paris Saint-Germain,Central Midfield,553,2396,0.23080133555926544,Win,Win
3900585,Paris Saint-Germain,Defensive Midfield,354,2396,0.14774624373956594,Win,Win
3900585,Paris Saint-Germain,Fullback,390,2396,0.16277128547579298,Win,Win
3900585,Paris Saint-Germain,Goalkeeper,48,2396,0.02003338898163606,Win,Win
3900585,Paris Saint-Germain,Striker,171,2396,0.07136894824707847,Win,Win
3900585,Paris Saint-Germain,Wide Forward,361,2396,0.1506677796327212,Win,Win
3900585,Toulouse,Center Back,154,887,0.17361894024802707,Loss,Non-Win
3900585,Toulouse,Defensive Midfield,198,887,0.22322435174746336,Loss,Non-Win
3900585,Toulouse,Fullback,177,887,0.1995490417136415,Loss,Non-Win
3900585,Toulouse,Goalkeeper,36,887,0.040586245772266064,Loss,Non-Win
3900585,Toulouse,Striker,87,887,0.09808342728297632,Loss,Non-Win
3900585,Toulouse,Wide Forward,235,887,0.2649379932356257,Loss,Non-Win
3900588,AS Monaco,Attacking Midfield,160,1285,0.1245136186770428,Win,Win
3900588,AS Monaco,Center Back,186,1285,0.14474708171206227,Win,Win
3900588,AS Monaco,Defensive Midfield,284,1285,0.22101167315175096,Win,Win
3900588,AS Monaco,Fullback,200,1285,0.1556420233463035,Win,Win
3900588,AS Monaco,Goalkeeper,45,1285,0.03501945525291829,Win,Win
3900588,AS Monaco,Striker,98,1285,0.07626459143968872,Win,Win
3900588,AS Monaco,Wide Forward,312,1285,0.24280155642023346,Win,Win
3900588,Lorient,Center Back,204,1620,0.1259259259259259,Loss,Non-Win
3900588,Lorient,Central Midfield,389,1620,0.24012345679012345,Loss,Non-Win
3900588,Lorient,Defensive Midfield,135,1620,0.08333333333333333,Loss,Non-Win
3900588,Lorient,Fullback,307,1620,0.18950617283950616,Loss,Non-Win
3900588,Lorient,Goalkeeper,76,1620,0.04691358024691358,Loss,Non-Win
3900588,Lorient,Striker,134,1620,0.08271604938271605,Loss,Non-Win
3900588,Lorient,Wide Forward,375,1620,0.23148148148148148,Loss,Non-Win
3900594,Bordeaux,Attacking Midfield,34,1555,0.021864951768488745,Draw,Non-Win
3900594,Bordeaux,Center Back,318,1555,0.2045016077170418,Draw,Non-Win
3900594,Bordeaux,Central Midfield,205,1555,0.13183279742765272,Draw,Non-Win
3900594,Bordeaux,Defensive Midfield,209,1555,0.13440514469453377,Draw,Non-Win
3900594,Bordeaux,Fullback,355,1555,0.2282958199356913,Draw,Non-Win
3900594,Bordeaux,Goalkeeper,62,1555,0.03987138263665595,Draw,Non-Win
3900594,Bordeaux,Striker,91,1555,0.05852090032154341,Draw,Non-Win
3900594,Bordeaux,Wide Forward,281,1555,0.1807073954983923,Draw,Non-Win
3900594,Nantes,Attacking Midfield,118,897,0.13154960981047936,Draw,Non-Win
3900594,Nantes,Center Back,93,897,0.10367892976588629,Draw,Non-Win
3900594,Nantes,Defensive Midfield,145,897,0.1616499442586399,Draw,Non-Win
3900594,Nantes,Fullback,168,897,0.18729096989966554,Draw,Non-Win
3900594,Nantes,Goalkeeper,60,897,0.06688963210702341,Draw,Non-Win
3900594,Nantes,Striker,120,897,0.13377926421404682,Draw,Non-Win
3900594,Nantes,Wide Forward,193,897,0.21516164994425863,Draw,Non-Win
3900602,Lorient,Center Back,133,1153,0.11535125758889853,Win,Win
3900602,Lorient,Central Midfield,74,1153,0.06418039895923677,Win,Win
3900602,Lorient,Defensive Midfield,226,1153,0.19601040763226366,Win,Win
3900602,Lorient,Fullback,249,1153,0.21595836947094535,Win,Win
3900602,Lorient,Goalkeeper,71,1153,0.06157849089332177,Win,Win
3900602,Lorient,Striker,159,1153,0.13790112749349523,Win,Win
3900602,Lorient,Wide Forward,241,1153,0.20901994796183868,Win,Win
3900602,Stade de Reims,Attacking Midfield,93,1411,0.06591070163004961,Loss,Non-Win
3900602,Stade de Reims,Center Back,320,1411,0.22678951098511693,Loss,Non-Win
3900602,Stade de Reims,Defensive Midfield,314,1411,0.222537207654146,Loss,Non-Win
3900602,Stade de Reims,Fullback,273,1411,0.19347980155917788,Loss,Non-Win
3900602,Stade de Reims,Goalkeeper,49,1411,0.03472714386959603,Loss,Non-Win
3900602,Stade de Reims,Striker,128,1411,0.09071580439404678,Loss,Non-Win
3900602,Stade de Reims,Wide Forward,234,1411,0.16583982990786675,Loss,Non-Win
3900605,Bastia,Attacking Midfield,86,730,0.1178082191780822,Win,Win
3900605,Bastia,Center Back,62,730,0.08493150684931507,Win,Win
3900605,Bastia,Defensive Midfield,117,730,0.16027397260273973,Win,Win
3900605,Bastia,Fullback,118,730,0.16164383561643836,Win,Win
3900605,Bastia,Goalkeeper,48,730,0.06575342465753424,Win,Win
3900605,Bastia,Striker,82,730,0.11232876712328767,Win,Win
3900605,Bastia,Wide Forward,217,730,0.29726027397260274,Win,Win
3900605,Lyon,Attacking Midfield,117,1893,0.061806656101426306,Loss,Non-Win
3900605,Lyon,Center Back,417,1893,0.2202852614896989,Loss,Non-Win
3900605,Lyon,Central Midfield,185,1893,0.09772847332276809,Loss,Non-Win
3900605,Lyon,Defensive Midfield,314,1893,0.16587427363972532,Loss,Non-Win
3900605,Lyon,Fullback,351,1893,0.18541996830427893,Loss,Non-Win
3900605,Lyon,Goalkeeper,34,1893,0.017960908610670893,Loss,Non-Win
3900605,Lyon,Striker,119,1893,0.06286318013734812,Loss,Non-Win
3900605,Lyon,Wide Forward,356,1893,0.18806127839408346,Loss,Non-Win
3900606,Nantes,Attacking Midfield,174,1497,0.11623246492985972,Win,Win
3900606,Nantes,Center Back,210,1497,0.1402805611222445,Win,Win
3900606,Nantes,Defensive Midfield,270,1497,0.18036072144288579,Win,Win
3900606,Nantes,Fullback,298,1497,0.19906479625918505,Win,Win
3900606,Nantes,Goalkeeper,75,1497,0.050100200400801605,Win,Win
3900606,Nantes,Striker,138,1497,0.09218436873747494,Win,Win
3900606,Nantes,Wide Forward,332,1497,0.22177688710754842,Win,Win
3900606,Troyes,Attacking Midfield,160,1610,0.09937888198757763,Loss,Non-Win
3900606,Troyes,Center Back,299,1610,0.18571428571428572,Loss,Non-Win
3900606,Troyes,Defensive Midfield,298,1610,0.18509316770186335,Loss,Non-Win
3900606,Troyes,Fullback,342,1610,0.2124223602484472,Loss,Non-Win
3900606,Troyes,Goalkeeper,49,1610,0.030434782608695653,Loss,Non-Win
3900606,Troyes,Striker,114,1610,0.07080745341614907,Loss,Non-Win
3900606,Troyes,Wide Forward,348,1610,0.21614906832298136,Loss,Non-Win
3900610,Marseille,Attacking Midfield,166,1561,0.10634208840486867,Win,Win
3900610,Marseille,Center Back,217,1561,0.13901345291479822,Win,Win
3900610,Marseille,Defensive Midfield,380,1561,0.24343369634849454,Win,Win
3900610,Marseille,Fullback,296,1561,0.18962203715566944,Win,Win
3900610,Marseille,Goalkeeper,84,1561,0.053811659192825115,Win,Win
3900610,Marseille,Striker,115,1561,0.07367072389493914,Win,Win
3900610,Marseille,Wide Forward,303,1561,0.19410634208840488,Win,Win
3900610,Montpellier,Attacking Midfield,59,1197,0.04928989139515455,Loss,Non-Win
3900610,Montpellier,Center Back,156,1197,0.13032581453634084,Loss,Non-Win
3900610,Montpellier,Central Midfield,314,1197,0.2623224728487886,Loss,Non-Win
3900610,Montpellier,Defensive Midfield,93,1197,0.07769423558897243,Loss,Non-Win
3900610,Montpellier,Fullback,237,1197,0.19799498746867167,Loss,Non-Win
3900610,Montpellier,Goalkeeper,25,1197,0.020885547201336674,Loss,Non-Win
3900610,Montpellier,Striker,129,1197,0.10776942355889724,Loss,Non-Win
3900610,Montpellier,Wide Forward,184,1197,0.15371762740183792,Loss,Non-Win
3900614,Caen,Center Back,164,984,0.16666666666666666,Loss,Non-Win
3900614,Caen,Central Midfield,135,984,0.13719512195121952,Loss,Non-Win
3900614,Caen,Defensive Midfield,99,984,0.10060975609756098,Loss,Non-Win
3900614,Caen,Fullback,167,984,0.16971544715447154,Loss,Non-Win
3900614,Caen,Goalkeeper,42,984,0.042682926829268296,Loss,Non-Win
3900614,Caen,Striker,152,984,0.15447154471544716,Loss,Non-Win
3900614,Caen,Wide Forward,225,984,0.22865853658536586,Loss,Non-Win
3900614,Lille,Center Back,279,1700,0.16411764705882353,Win,Win
3900614,Lille,Central Midfield,438,1700,0.2576470588235294,Win,Win
3900614,Lille,Defensive Midfield,139,1700,0.08176470588235295,Win,Win
3900614,Lille,Fullback,309,1700,0.18176470588235294,Win,Win
3900614,Lille,Goalkeeper,44,1700,0.02588235294117647,Win,Win
3900614,Lille,Striker,156,1700,0.09176470588235294,Win,Win
3900614,Lille,Wide Forward,335,1700,0.19705882352941176,Win,Win
3900619,Rennes,Attacking Midfield,146,1328,0.10993975903614457,Loss,Non-Win
3900619,Rennes,Center Back,171,1328,0.12876506024096385,Loss,Non-Win
3900619,Rennes,Central Midfield,30,1328,0.022590361445783132,Loss,Non-Win
3900619,Rennes,Defensive Midfield,242,1328,0.1822289156626506,Loss,Non-Win
3900619,Rennes,Fullback,285,1328,0.21460843373493976,Loss,Non-Win
3900619,Rennes,Goalkeeper,62,1328,0.046686746987951805,Loss,Non-Win
3900619,Rennes,Striker,123,1328,0.09262048192771084,Loss,Non-Win
3900619,Rennes,Wide Forward,269,1328,0.20256024096385541,Loss,Non-Win
3900619,Saint-Étienne,Center Back,214,1394,0.15351506456241032,Win,Win
3900619,Saint-Étienne,Central Midfield,371,1394,0.2661406025824964,Win,Win
3900619,Saint-Étienne,Defensive Midfield,116,1394,0.08321377331420372,Win,Win
3900619,Saint-Étienne,Fullback,275,1394,0.19727403156384504,Win,Win
3900619,Saint-Étienne,Goalkeeper,58,1394,0.04160688665710186,Win,Win
3900619,Saint-Étienne,Striker,96,1394,0.06886657101865136,Win,Win
3900619,Saint-Étienne,Wide Forward,264,1394,0.18938307030129126,Win,Win
3900620,Caen,Attacking Midfield,79,1207,0.06545153272576636,Loss,Non-Win
3900620,Caen,Center Back,195,1207,0.1615575807787904,Loss,Non-Win
3900620,Caen,Central Midfield,135,1207,0.11184755592377796,Loss,Non-Win
3900620,Caen,Defensive Midfield,179,1207,0.14830157415078707,Loss,Non-Win
3900620,Caen,Fullback,216,1207,0.17895608947804473,Loss,Non-Win
3900620,Caen,Goalkeeper,54,1207,0.04473902236951118,Loss,Non-Win
3900620,Caen,Striker,125,1207,0.1035625517812759,Loss,Non-Win
3900620,Caen,Wide Forward,224,1207,0.1855840927920464,Loss,Non-Win
3900620,Stade de Reims,Attacking Midfield,300,1141,0.26292725679228746,Win,Win
3900620,Stade de Reims,Center Back,173,1141,0.1516213847502191,Win,Win
3900620,Stade de Reims,Defensive Midfield,230,1141,0.20157756354075373,Win,Win
3900620,Stade de Reims,Fullback,219,1141,0.19193689745836984,Win,Win
3900620,Stade de Reims,Goalkeeper,40,1141,0.035056967572304996,Win,Win
3900620,Stade de Reims,Striker,179,1141,0.15687992988606486,Win,Win
3900623,Lorient,Center Back,167,1440,0.11597222222222223,Draw,Non-Win
3900623,Lorient,Defensive Midfield,305,1440,0.21180555555555555,Draw,Non-Win
3900623,Lorient,Fullback,290,1440,0.2013888888888889,Draw,Non-Win
3900623,Lorient,Goalkeeper,66,1440,0.04583333333333333,Draw,Non-Win
3900623,Lorient,Striker,187,1440,0.12986111111111112,Draw,Non-Win
3900623,Lorient,Wide Forward,425,1440,0.2951388888888889,Draw,Non-Win
3900623,Montpellier,Attacking Midfield,131,1558,0.0840821566110398,Draw,Non-Win
3900623,Montpellier,Center Back,239,1558,0.1534017971758665,Draw,Non-Win
3900623,Montpellier,Central Midfield,400,1558,0.25673940949935814,Draw,Non-Win
3900623,Montpellier,Defensive Midfield,185,1558,0.11874197689345314,Draw,Non-Win
3900623,Montpellier,Fullback,262,1558,0.1681643132220796,Draw,Non-Win
3900623,Montpellier,Goalkeeper,38,1558,0.024390243902439025,Draw,Non-Win
3900623,Montpellier,Striker,155,1558,0.09948652118100128,Draw,Non-Win
3900623,Montpellier,Wide Forward,148,1558,0.09499358151476252,Draw,Non-Win
3900624,Angers,Center Back,161,999,0.16116116116116116,Loss,Non-Win
3900624,Angers,Central Midfield,229,999,0.22922922922922923,Loss,Non-Win
3900624,Angers,Defensive Midfield,21,999,0.021021021021021023,Loss,Non-Win
3900624,Angers,Fullback,180,999,0.18018018018018017,Loss,Non-Win
3900624,Angers,Goalkeeper,51,999,0.05105105105105105,Loss,Non-Win
3900624,Angers,Striker,128,999,0.12812812812812813,Loss,Non-Win
3900624,Angers,Wide Forward,229,999,0.22922922922922923,Loss,Non-Win
3900624,Lyon,Center Back,407,2032,0.2002952755905512,Win,Win
3900624,Lyon,Central Midfield,498,2032,0.24507874015748032,Win,Win
3900624,Lyon,Defensive Midfield,217,2032,0.10679133858267717,Win,Win
3900624,Lyon,Fullback,370,2032,0.18208661417322836,Win,Win
3900624,Lyon,Goalkeeper,38,2032,0.018700787401574805,Win,Win
3900624,Lyon,Striker,119,2032,0.05856299212598425,Win,Win
3900624,Lyon,Wide Forward,383,2032,0.18848425196850394,Win,Win
3900628,Lille,Center Back,181,1302,0.1390168970814132,Draw,Non-Win
3900628,Lille,Central Midfield,251,1302,0.19278033794162827,Draw,Non-Win
3900628,Lille,Defensive Midfield,160,1302,0.1228878648233487,Draw,Non-Win
3900628,Lille,Fullback,242,1302,0.1858678955453149,Draw,Non-Win
3900628,Lille,Goalkeeper,60,1302,0.04608294930875576,Draw,Non-Win
3900628,Lille,Striker,136,1302,0.10445468509984639,Draw,Non-Win
3900628,Lille,Wide Forward,272,1302,0.20890937019969277,Draw,Non-Win
3900628,Rennes,Center Back,329,1501,0.21918720852764823,Draw,Non-Win
3900628,Rennes,Central Midfield,313,1501,0.20852764823451034,Draw,Non-Win
3900628,Rennes,Defensive Midfield,158,1501,0.10526315789473684,Draw,Non-Win
3900628,Rennes,Fullback,282,1501,0.18787475016655564,Draw,Non-Win
3900628,Rennes,Goalkeeper,41,1501,0.02731512325116589,Draw,Non-Win
3900628,Rennes,Striker,131,1501,0.08727514990006663,Draw,Non-Win
3900628,Rennes,Wide Forward,247,1501,0.16455696202531644,Draw,Non-Win
3900630,Angers,Center Back,112,817,0.13708690330477355,Loss,Non-Win
3900630,Angers,Central Midfield,170,817,0.20807833537331702,Loss,Non-Win
3900630,Angers,Defensive Midfield,89,817,0.10893512851897184,Loss,Non-Win
3900630,Angers,Fullback,141,817,0.17258261933904528,Loss,Non-Win
3900630,Angers,Goalkeeper,42,817,0.051407588739290085,Loss,Non-Win
3900630,Angers,Striker,72,817,0.08812729498164015,Loss,Non-Win
3900630,Angers,Wide Forward,191,817,0.23378212974296206,Loss,Non-Win
3900630,Rennes,Center Back,416,1907,0.21814368117461982,Win,Win
3900630,Rennes,Central Midfield,413,1907,0.21657052962768747,Win,Win
3900630,Rennes,Defensive Midfield,316,1907,0.16570529627687466,Win,Win
3900630,Rennes,Fullback,328,1907,0.17199790246460409,Win,Win
3900630,Rennes,Goalkeeper,45,1907,0.023597273203985317,Win,Win
3900630,Rennes,Striker,118,1907,0.06187729417933928,Win,Win
3900630,Rennes,Wide Forward,271,1907,0.14210802307288936,Win,Win
3901150,Marseille,Attacking Midfield,86,1329,0.06471030850263355,Draw,Non-Win
3901150,Marseille,Center Back,214,1329,0.16102332580887885,Draw,Non-Win
3901150,Marseille,Defensive Midfield,306,1329,0.23024830699774265,Draw,Non-Win
3901150,Marseille,Fullback,250,1329,0.18811136192626035,Draw,Non-Win
3901150,Marseille,Goalkeeper,66,1329,0.04966139954853273,Draw,Non-Win
3901150,Marseille,Striker,118,1329,0.08878856282919488,Draw,Non-Win
3901150,Marseille,Wide Forward,289,1329,0.21745673438675697,Draw,Non-Win
3901150,Saint-Étienne,Center Back,219,1296,0.16898148148148148,Draw,Non-Win
3901150,Saint-Étienne,Central Midfield,339,1296,0.26157407407407407,Draw,Non-Win
3901150,Saint-Étienne,Defensive Midfield,139,1296,0.10725308641975309,Draw,Non-Win
3901150,Saint-Étienne,Fullback,224,1296,0.1728395061728395,Draw,Non-Win
3901150,Saint-Étienne,Goalkeeper,53,1296,0.04089506172839506,Draw,Non-Win
3901150,Saint-Étienne,Striker,61,1296,0.0470679012345679,Draw,Non-Win
3901150,Saint-Étienne,Wide Forward,261,1296,0.2013888888888889,Draw,Non-Win
3901151,Lille,Attacking Midfield,78,1090,0.07155963302752294,Win,Win
3901151,Lille,Center Back,156,1090,0.14311926605504588,Win,Win
3901151,Lille,Central Midfield,52,1090,0.047706422018348627,Win,Win
3901151,Lille,Defensive Midfield,185,1090,0.16972477064220184,Win,Win
3901151,Lille,Fullback,190,1090,0.1743119266055046,Win,Win
3901151,Lille,Goalkeeper,68,1090,0.062385321100917435,Win,Win
3901151,Lille,Striker,138,1090,0.12660550458715597,Win,Win
3901151,Lille,Wide Forward,223,1090,0.20458715596330276,Win,Win
3901151,Lyon,Attacking Midfield,92,1268,0.07255520504731862,Loss,Non-Win
3901151,Lyon,Center Back,212,1268,0.167192429022082,Loss,Non-Win
3901151,Lyon,Central Midfield,12,1268,0.00946372239747634,Loss,Non-Win
3901151,Lyon,Defensive Midfield,293,1268,0.23107255520504733,Loss,Non-Win
3901151,Lyon,Fullback,266,1268,0.20977917981072555,Loss,Non-Win
3901151,Lyon,Goalkeeper,37,1268,0.02917981072555205,Loss,Non-Win
3901151,Lyon,Striker,137,1268,0.10804416403785488,Loss,Non-Win
3901151,Lyon,Wide Forward,219,1268,0.17271293375394323,Loss,Non-Win
3901161,Caen,Center Back,147,1020,0.14411764705882352,Win,Win
3901161,Caen,Central Midfield,172,1020,0.16862745098039217,Win,Win
3901161,Caen,Fullback,245,1020,0.24019607843137256,Win,Win
3901161,Caen,Goalkeeper,41,1020,0.04019607843137255,Win,Win
3901161,Caen,Striker,177,1020,0.17352941176470588,Win,Win
3901161,Caen,Wide Forward,238,1020,0.23333333333333334,Win,Win
3901161,Saint-Étienne,Attacking Midfield,97,1607,0.060360920970752956,Loss,Non-Win
3901161,Saint-Étienne,Center Back,318,1607,0.19788425637834475,Loss,Non-Win
3901161,Saint-Étienne,Central Midfield,202,1607,0.12570006222775357,Loss,Non-Win
3901161,Saint-Étienne,Defensive Midfield,247,1607,0.1537025513378967,Loss,Non-Win
3901161,Saint-Étienne,Fullback,272,1607,0.16925948973242066,Loss,Non-Win
3901161,Saint-Étienne,Goalkeeper,82,1607,0.05102675793403858,Loss,Non-Win
3901161,Saint-Étienne,Striker,90,1607,0.056004978220286245,Loss,Non-Win
3901161,Saint-Étienne,Wide Forward,299,1607,0.18606098319850653,Loss,Non-Win
3901172,Bastia,Attacking Midfield,128,1239,0.1033091202582728,Draw,Non-Win
3901172,Bastia,Center Back,195,1239,0.15738498789346247,Draw,Non-Win
3901172,Bastia,Defensive Midfield,242,1239,0.19531880548829703,Draw,Non-Win
3901172,Bastia,Fullback,251,1239,0.20258272800645682,Draw,Non-Win
3901172,Bastia,Goalkeeper,57,1239,0.04600484261501211,Draw,Non-Win
3901172,Bastia,Striker,99,1239,0.07990314769975787,Draw,Non-Win
3901172,Bastia,Wide Forward,267,1239,0.21549636803874092,Draw,Non-Win
3901172,Nantes,Attacking Midfield,155,1213,0.12778235779060182,Draw,Non-Win
3901172,Nantes,Center Back,142,1213,0.1170651277823578,Draw,Non-Win
3901172,Nantes,Defensive Midfield,246,1213,0.20280296784830998,Draw,Non-Win
3901172,Nantes,Fullback,228,1213,0.18796372629843364,Draw,Non-Win
3901172,Nantes,Goalkeeper,62,1213,0.051112943116240726,Draw,Non-Win
3901172,Nantes,Striker,129,1213,0.10634789777411377,Draw,Non-Win
3901172,Nantes,Wide Forward,251,1213,0.20692497938994228,Draw,Non-Win
3901174,AS Monaco,Attacking Midfield,121,1170,0.10341880341880341,Draw,Non-Win
3901174,AS Monaco,Center Back,211,1170,0.18034188034188034,Draw,Non-Win
3901174,AS Monaco,Defensive Midfield,232,1170,0.19829059829059828,Draw,Non-Win
3901174,AS Monaco,Fullback,214,1170,0.1829059829059829,Draw,Non-Win
3901174,AS Monaco,Goalkeeper,34,1170,0.02905982905982906,Draw,Non-Win
3901174,AS Monaco,Striker,112,1170,0.09572649572649573,Draw,Non-Win
3901174,AS Monaco,Wide Forward,246,1170,0.21025641025641026,Draw,Non-Win
3901174,Stade de Reims,Attacking Midfield,150,1458,0.102880658436214,Draw,Non-Win
3901174,Stade de Reims,Center Back,337,1458,0.23113854595336078,Draw,Non-Win
3901174,Stade de Reims,Defensive Midfield,272,1458,0.18655692729766804,Draw,Non-Win
3901174,Stade de Reims,Fullback,283,1458,0.19410150891632372,Draw,Non-Win
3901174,Stade de Reims,Goalkeeper,58,1458,0.039780521262002745,Draw,Non-Win
3901174,Stade de Reims,Striker,232,1458,0.15912208504801098,Draw,Non-Win
3901174,Stade de Reims,Wide Forward,126,1458,0.08641975308641975,Draw,Non-Win
3901177,Bastia,Center Back,196,1193,0.16429170159262363,Loss,Non-Win
3901177,Bastia,Central Midfield,106,1193,0.08885163453478626,Loss,Non-Win
3901177,Bastia,Defensive Midfield,202,1193,0.16932103939647947,Loss,Non-Win
3901177,Bastia,Fullback,214,1193,0.17937971500419111,Loss,Non-Win
3901177,Bastia,Goalkeeper,69,1193,0.057837384744341996,Loss,Non-Win
3901177,Bastia,Striker,154,1193,0.12908633696563285,Loss,Non-Win
3901177,Bastia,Wide Forward,252,1193,0.2112321877619447,Loss,Non-Win
3901177,Lille,Center Back,241,1424,0.16924157303370788,Win,Win
3901177,Lille,Central Midfield,316,1424,0.22191011235955055,Win,Win
3901177,Lille,Defensive Midfield,129,1424,0.09058988764044944,Win,Win
3901177,Lille,Fullback,237,1424,0.16643258426966293,Win,Win
3901177,Lille,Goalkeeper,93,1424,0.06530898876404495,Win,Win
3901177,Lille,Striker,128,1424,0.0898876404494382,Win,Win
3901177,Lille,Wide Forward,280,1424,0.19662921348314608,Win,Win
3901184,Marseille,Attacking Midfield,206,1945,0.10591259640102828,Loss,Non-Win
3901184,Marseille,Center Back,271,1945,0.13933161953727508,Loss,Non-Win
3901184,Marseille,Defensive Midfield,458,1945,0.23547557840616967,Loss,Non-Win
3901184,Marseille,Fullback,411,1945,0.21131105398457584,Loss,Non-Win
3901184,Marseille,Goalkeeper,55,1945,0.028277634961439587,Loss,Non-Win
3901184,Marseille,Striker,137,1945,0.07043701799485862,Loss,Non-Win
3901184,Marseille,Wide Forward,407,1945,0.20925449871465296,Loss,Non-Win
3901184,Rennes,Attacking Midfield,78,1194,0.06532663316582915,Win,Win
3901184,Rennes,Center Back,144,1194,0.12060301507537688,Win,Win
3901184,Rennes,Central Midfield,25,1194,0.020938023450586266,Win,Win
3901184,Rennes,Defensive Midfield,286,1194,0.23953098827470687,Win,Win
3901184,Rennes,Fullback,201,1194,0.16834170854271358,Win,Win
3901184,Rennes,Goalkeeper,49,1194,0.04103852596314908,Win,Win
3901184,Rennes,Striker,160,1194,0.13400335008375208,Win,Win
3901184,Rennes,Wide Forward,251,1194,0.2102177554438861,Win,Win
3901192,Bastia,Attacking Midfield,156,1503,0.10379241516966067,Draw,Non-Win
3901192,Bastia,Center Back,270,1503,0.17964071856287425,Draw,Non-Win
3901192,Bastia,Central Midfield,349,1503,0.2322022621423819,Draw,Non-Win
3901192,Bastia,Defensive Midfield,105,1503,0.06986027944111776,Draw,Non-Win
3901192,Bastia,Fullback,345,1503,0.22954091816367264,Draw,Non-Win
3901192,Bastia,Goalkeeper,44,1503,0.02927478376580173,Draw,Non-Win
3901192,Bastia,Striker,234,1503,0.15568862275449102,Draw,Non-Win
3901192,Bordeaux,Attacking Midfield,15,1222,0.012274959083469721,Draw,Non-Win
3901192,Bordeaux,Center Back,172,1222,0.1407528641571195,Draw,Non-Win
3901192,Bordeaux,Central Midfield,259,1222,0.21194762684124385,Draw,Non-Win
3901192,Bordeaux,Defensive Midfield,133,1222,0.1088379705400982,Draw,Non-Win
3901192,Bordeaux,Fullback,174,1222,0.14238952536824878,Draw,Non-Win
3901192,Bordeaux,Goalkeeper,63,1222,0.05155482815057283,Draw,Non-Win
3901192,Bordeaux,Striker,126,1222,0.10310965630114566,Draw,Non-Win
3901192,Bordeaux,Wide Forward,280,1222,0.22913256955810146,Draw,Non-Win
3901193,AS Monaco,Center Back,111,909,0.12211221122112212,Win,Win
3901193,AS Monaco,Defensive Midfield,194,909,0.21342134213421343,Win,Win
3901193,AS Monaco,Fullback,202,909,0.2222222222222222,Win,Win
3901193,AS Monaco,Goalkeeper,54,909,0.0594059405940594,Win,Win
3901193,AS Monaco,Striker,111,909,0.12211221122112212,Win,Win
3901193,AS Monaco,Wide Forward,237,909,0.2607260726072607,Win,Win
3901193,Paris Saint-Germain,Center Back,406,2453,0.16551161842641662,Loss,Non-Win
3901193,Paris Saint-Germain,Central Midfield,462,2453,0.18834080717488788,Loss,Non-Win
3901193,Paris Saint-Germain,Defensive Midfield,427,2453,0.17407256420709336,Loss,Non-Win
3901193,Paris Saint-Germain,Fullback,473,2453,0.19282511210762332,Loss,Non-Win
3901193,Paris Saint-Germain,Goalkeeper,36,2453,0.014675907052588666,Loss,Non-Win
3901193,Paris Saint-Germain,Striker,247,2453,0.10069302894415003,Loss,Non-Win
3901193,Paris Saint-Germain,Wide Forward,402,2453,0.16388096208724012,Loss,Non-Win
3901197,Guingamp,Center Back,98,1090,0.08990825688073395,Draw,Non-Win
3901197,Guingamp,Defensive Midfield,192,1090,0.1761467889908257,Draw,Non-Win
3901197,Guingamp,Fullback,261,1090,0.23944954128440368,Draw,Non-Win
3901197,Guingamp,Goalkeeper,36,1090,0.03302752293577982,Draw,Non-Win
3901197,Guingamp,Striker,218,1090,0.2,Draw,Non-Win
3901197,Guingamp,Wide Forward,285,1090,0.26146788990825687,Draw,Non-Win
3901197,Montpellier,Attacking Midfield,158,1275,0.12392156862745098,Draw,Non-Win
3901197,Montpellier,Center Back,262,1275,0.2054901960784314,Draw,Non-Win
3901197,Montpellier,Central Midfield,255,1275,0.2,Draw,Non-Win
3901197,Montpellier,Defensive Midfield,127,1275,0.0996078431372549,Draw,Non-Win
3901197,Montpellier,Fullback,231,1275,0.1811764705882353,Draw,Non-Win
3901197,Montpellier,Goalkeeper,51,1275,0.04,Draw,Non-Win
3901197,Montpellier,Striker,184,1275,0.14431372549019608,Draw,Non-Win
3901197,Montpellier,Wide Forward,7,1275,0.005490196078431373,Draw,Non-Win
3901198,Angers,Center Back,193,1350,0.14296296296296296,Win,Win
3901198,Angers,Central Midfield,322,1350,0.23851851851851852,Win,Win
3901198,Angers,Defensive Midfield,129,1350,0.09555555555555556,Win,Win
3901198,Angers,Fullback,252,1350,0.18666666666666668,Win,Win
3901198,Angers,Goalkeeper,46,1350,0.034074074074074076,Win,Win
3901198,Angers,Striker,144,1350,0.10666666666666667,Win,Win
3901198,Angers,Wide Forward,264,1350,0.19555555555555557,Win,Win
3901198,Troyes,Attacking Midfield,170,1560,0.10897435897435898,Loss,Non-Win
3901198,Troyes,Center Back,239,1560,0.15320512820512822,Loss,Non-Win
3901198,Troyes,Defensive Midfield,357,1560,0.22884615384615384,Loss,Non-Win
3901198,Troyes,Fullback,302,1560,0.1935897435897436,Loss,Non-Win
3901198,Troyes,Goalkeeper,70,1560,0.04487179487179487,Loss,Non-Win
3901198,Troyes,Striker,120,1560,0.07692307692307693,Loss,Non-Win
3901198,Troyes,Wide Forward,302,1560,0.1935897435897436,Loss,Non-Win
3901203,Lille,Center Back,157,1117,0.1405550581915846,Win,Win
3901203,Lille,Central Midfield,257,1117,0.23008057296329454,Win,Win
3901203,Lille,Defensive Midfield,74,1117,0.06624888093106536,Win,Win
3901203,Lille,Fullback,196,1117,0.17547000895255147,Win,Win
3901203,Lille,Goalkeeper,65,1117,0.05819158460161146,Win,Win
3901203,Lille,Striker,134,1117,0.11996418979409132,Win,Win
3901203,Lille,Wide Forward,234,1117,0.20948970456580127,Win,Win
3901203,Nantes,Center Back,306,1611,0.18994413407821228,Loss,Non-Win
3901203,Nantes,Central Midfield,142,1611,0.08814400993171943,Loss,Non-Win
3901203,Nantes,Defensive Midfield,280,1611,0.17380509000620734,Loss,Non-Win
3901203,Nantes,Fullback,302,1611,0.18746120422098075,Loss,Non-Win
3901203,Nantes,Goalkeeper,88,1611,0.05462445685909373,Loss,Non-Win
3901203,Nantes,Striker,179,1611,0.1111111111111111,Loss,Non-Win
3901203,Nantes,Wide Forward,314,1611,0.19490999379267535,Loss,Non-Win
3901209,Angers,Center Back,284,1400,0.20285714285714285,Draw,Non-Win
3901209,Angers,Central Midfield,257,1400,0.18357142857142858,Draw,Non-Win
3901209,Angers,Defensive Midfield,177,1400,0.12642857142857142,Draw,Non-Win
3901209,Angers,Fullback,296,1400,0.21142857142857144,Draw,Non-Win
3901209,Angers,Goalkeeper,48,1400,0.03428571428571429,Draw,Non-Win
3901209,Angers,Striker,128,1400,0.09142857142857143,Draw,Non-Win
3901209,Angers,Wide Forward,210,1400,0.15,Draw,Non-Win
3901209,Gazélec Ajaccio,Center Back,158,1172,0.1348122866894198,Draw,Non-Win
3901209,Gazélec Ajaccio,Defensive Midfield,208,1172,0.17747440273037543,Draw,Non-Win
3901209,Gazélec Ajaccio,Fullback,205,1172,0.17491467576791808,Draw,Non-Win
3901209,Gazélec Ajaccio,Goalkeeper,83,1172,0.07081911262798635,Draw,Non-Win
3901209,Gazélec Ajaccio,Striker,306,1172,0.26109215017064846,Draw,Non-Win
3901209,Gazélec Ajaccio,Wide Forward,212,1172,0.18088737201365188,Draw,Non-Win
3901211,Bordeaux,Attacking Midfield,91,797,0.11417816813048934,Draw,Non-Win
3901211,Bordeaux,Center Back,40,797,0.050188205771643665,Draw,Non-Win
3901211,Bordeaux,Central Midfield,12,797,0.015056461731493099,Draw,Non-Win
3901211,Bordeaux,Defensive Midfield,153,797,0.191969887076537,Draw,Non-Win
3901211,Bordeaux,Fullback,134,797,0.16813048933500627,Draw,Non-Win
3901211,Bordeaux,Goalkeeper,51,797,0.06398996235884567,Draw,Non-Win
3901211,Bordeaux,Striker,107,797,0.1342534504391468,Draw,Non-Win
3901211,Bordeaux,Wide Forward,209,797,0.26223337515683814,Draw,Non-Win
3901211,Marseille,Attacking Midfield,199,2099,0.09480705097665555,Draw,Non-Win
3901211,Marseille,Center Back,452,2099,0.21534063839923773,Draw,Non-Win
3901211,Marseille,Defensive Midfield,394,2099,0.18770843258694617,Draw,Non-Win
3901211,Marseille,Fullback,506,2099,0.24106717484516435,Draw,Non-Win
3901211,Marseille,Goalkeeper,63,2099,0.03001429252024774,Draw,Non-Win
3901211,Marseille,Striker,118,2099,0.0562172463077656,Draw,Non-Win
3901211,Marseille,Wide Forward,367,2099,0.17484516436398284,Draw,Non-Win
3901215,Gazélec Ajaccio,Center Back,184,1041,0.17675312199807877,Loss,Non-Win
3901215,Gazélec Ajaccio,Defensive Midfield,184,1041,0.17675312199807877,Loss,Non-Win
3901215,Gazélec Ajaccio,Fullback,194,1041,0.18635926993275698,Loss,Non-Win
3901215,Gazélec Ajaccio,Goalkeeper,78,1041,0.07492795389048991,Loss,Non-Win
3901215,Gazélec Ajaccio,Striker,200,1041,0.19212295869356388,Loss,Non-Win
3901215,Gazélec Ajaccio,Wide Forward,201,1041,0.1930835734870317,Loss,Non-Win
3901215,Lille,Center Back,284,1634,0.17380660954712362,Win,Win
3901215,Lille,Central Midfield,354,1634,0.21664626682986537,Win,Win
3901215,Lille,Defensive Midfield,156,1634,0.09547123623011015,Win,Win
3901215,Lille,Fullback,339,1634,0.20746634026927785,Win,Win
3901215,Lille,Goalkeeper,78,1634,0.04773561811505508,Win,Win
3901215,Lille,Striker,114,1634,0.06976744186046512,Win,Win
3901215,Lille,Wide Forward,309,1634,0.18910648714810283,Win,Win
3901222,Montpellier,Attacking Midfield,146,1212,0.12046204620462046,Win,Win
3901222,Montpellier,Center Back,181,1212,0.14933993399339934,Win,Win
3901222,Montpellier,Central Midfield,253,1212,0.20874587458745875,Win,Win
3901222,Montpellier,Defensive Midfield,58,1212,0.04785478547854786,Win,Win
3901222,Montpellier,Fullback,221,1212,0.18234323432343233,Win,Win
3901222,Montpellier,Goalkeeper,57,1212,0.04702970297029703,Win,Win
3901222,Montpellier,Striker,224,1212,0.1848184818481848,Win,Win
3901222,Montpellier,Wide Forward,72,1212,0.0594059405940594,Win,Win
3901222,Nantes,Attacking Midfield,107,1402,0.07631954350927246,Loss,Non-Win
3901222,Nantes,Center Back,222,1402,0.15834522111269614,Loss,Non-Win
3901222,Nantes,Defensive Midfield,278,1402,0.19828815977175462,Loss,Non-Win
3901222,Nantes,Fullback,351,1402,0.25035663338088443,Loss,Non-Win
3901222,Nantes,Goalkeeper,58,1402,0.04136947218259629,Loss,Non-Win
3901222,Nantes,Striker,106,1402,0.07560627674750357,Loss,Non-Win
3901222,Nantes,Wide Forward,280,1402,0.19971469329529243,Loss,Non-Win
3901225,Lyon,Attacking Midfield,52,1643,0.03164942178940962,Win,Win
3901225,Lyon,Center Back,292,1643,0.17772367620206939,Win,Win
3901225,Lyon,Central Midfield,371,1643,0.22580645161290322,Win,Win
3901225,Lyon,Defensive Midfield,104,1643,0.06329884357881924,Win,Win
3901225,Lyon,Fullback,274,1643,0.1667681071211199,Win,Win
3901225,Lyon,Goalkeeper,58,1643,0.03530127814972611,Win,Win
3901225,Lyon,Striker,189,1643,0.11503347534996956,Win,Win
3901225,Lyon,Wide Forward,303,1643,0.18441874619598295,Win,Win
3901225,Toulouse,Attacking Midfield,108,776,0.13917525773195877,Loss,Non-Win
3901225,Toulouse,Center Back,96,776,0.12371134020618557,Loss,Non-Win
3901225,Toulouse,Defensive Midfield,169,776,0.21778350515463918,Loss,Non-Win
3901225,Toulouse,Fullback,91,776,0.1172680412371134,Loss,Non-Win
3901225,Toulouse,Goalkeeper,43,776,0.055412371134020616,Loss,Non-Win
3901225,Toulouse,Striker,102,776,0.13144329896907217,Loss,Non-Win
3901225,Toulouse,Wide Forward,167,776,0.21520618556701032,Loss,Non-Win
3901229,Caen,Center Back,169,1100,0.15363636363636363,Draw,Non-Win
3901229,Caen,Central Midfield,245,1100,0.22272727272727272,Draw,Non-Win
3901229,Caen,Defensive Midfield,104,1100,0.09454545454545454,Draw,Non-Win
3901229,Caen,Fullback,215,1100,0.19545454545454546,Draw,Non-Win
3901229,Caen,Goalkeeper,51,1100,0.046363636363636364,Draw,Non-Win
3901229,Caen,Striker,119,1100,0.10818181818181818,Draw,Non-Win
3901229,Caen,Wide Forward,197,1100,0.17909090909090908,Draw,Non-Win
3901229,Guingamp,Center Back,361,1541,0.23426346528228423,Draw,Non-Win
3901229,Guingamp,Defensive Midfield,301,1541,0.1953277092796885,Draw,Non-Win
3901229,Guingamp,Fullback,273,1541,0.17715768981181051,Draw,Non-Win
3901229,Guingamp,Goalkeeper,50,1541,0.03244646333549643,Draw,Non-Win
3901229,Guingamp,Striker,268,1541,0.17391304347826086,Draw,Non-Win
3901229,Guingamp,Wide Forward,288,1541,0.18689162881245944,Draw,Non-Win
3901230,Bastia,Center Back,268,1202,0.22296173044925124,Loss,Non-Win
3901230,Bastia,Central Midfield,117,1202,0.0973377703826955,Loss,Non-Win
3901230,Bastia,Defensive Midfield,175,1202,0.14559068219633944,Loss,Non-Win
3901230,Bastia,Fullback,276,1202,0.22961730449251247,Loss,Non-Win
3901230,Bastia,Goalkeeper,39,1202,0.0324459234608985,Loss,Non-Win
3901230,Bastia,Striker,211,1202,0.17554076539101499,Loss,Non-Win
3901230,Bastia,Wide Forward,116,1202,0.09650582362728785,Loss,Non-Win
3901230,Gazélec Ajaccio,Attacking Midfield,125,1106,0.11301989150090416,Win,Win
3901230,Gazélec Ajaccio,Center Back,140,1106,0.12658227848101267,Win,Win
3901230,Gazélec Ajaccio,Central Midfield,186,1106,0.16817359855334538,Win,Win
3901230,Gazélec Ajaccio,Defensive Midfield,86,1106,0.07775768535262206,Win,Win
3901230,Gazélec Ajaccio,Fullback,214,1106,0.19349005424954793,Win,Win
3901230,Gazélec Ajaccio,Goalkeeper,93,1106,0.08408679927667269,Win,Win
3901230,Gazélec Ajaccio,Striker,235,1106,0.21247739602169982,Win,Win
3901230,Gazélec Ajaccio,Wide Forward,27,1106,0.024412296564195298,Win,Win
3901235,Gazélec Ajaccio,Center Back,138,890,0.1550561797752809,Loss,Non-Win
3901235,Gazélec Ajaccio,Defensive Midfield,134,890,0.15056179775280898,Loss,Non-Win
3901235,Gazélec Ajaccio,Fullback,198,890,0.22247191011235956,Loss,Non-Win
3901235,Gazélec Ajaccio,Goalkeeper,54,890,0.060674157303370786,Loss,Non-Win
3901235,Gazélec Ajaccio,Striker,216,890,0.24269662921348314,Loss,Non-Win
3901235,Gazélec Ajaccio,Wide Forward,150,890,0.16853932584269662,Loss,Non-Win
3901235,Lyon,Center Back,522,2079,0.2510822510822511,Win,Win
3901235,Lyon,Central Midfield,451,2079,0.21693121693121692,Win,Win
3901235,Lyon,Defensive Midfield,149,2079,0.07166907166907167,Win,Win
3901235,Lyon,Fullback,471,2079,0.22655122655122656,Win,Win
3901235,Lyon,Goalkeeper,35,2079,0.016835016835016835,Win,Win
3901235,Lyon,Striker,121,2079,0.0582010582010582,Win,Win
3901235,Lyon,Wide Forward,330,2079,0.15873015873015872,Win,Win
3901238,AS Monaco,Attacking Midfield,122,1316,0.09270516717325228,Win,Win
3901238,AS Monaco,Center Back,222,1316,0.16869300911854104,Win,Win
3901238,AS Monaco,Defensive Midfield,316,1316,0.24012158054711247,Win,Win
3901238,AS Monaco,Fullback,248,1316,0.1884498480243161,Win,Win
3901238,AS Monaco,Goalkeeper,50,1316,0.037993920972644375,Win,Win
3901238,AS Monaco,Striker,94,1316,0.07142857142857142,Win,Win
3901238,AS Monaco,Wide Forward,264,1316,0.2006079027355623,Win,Win
3901238,Guingamp,Center Back,154,1083,0.14219759926131118,Loss,Non-Win
3901238,Guingamp,Defensive Midfield,285,1083,0.2631578947368421,Loss,Non-Win
3901238,Guingamp,Fullback,231,1083,0.21329639889196675,Loss,Non-Win
3901238,Guingamp,Goalkeeper,78,1083,0.07202216066481995,Loss,Non-Win
3901238,Guingamp,Striker,178,1083,0.16435826408125578,Loss,Non-Win
3901238,Guingamp,Wide Forward,157,1083,0.14496768236380425,Loss,Non-Win
3901240,Lille,Center Back,192,1427,0.1345480028030834,Win,Win
3901240,Lille,Central Midfield,388,1427,0.27189908899789766,Win,Win
3901240,Lille,Defensive Midfield,111,1427,0.07778556412053259,Win,Win
3901240,Lille,Fullback,245,1427,0.17168885774351786,Win,Win
3901240,Lille,Goalkeeper,88,1427,0.06166783461807989,Win,Win
3901240,Lille,Striker,133,1427,0.09320252277505256,Win,Win
3901240,Lille,Wide Forward,270,1427,0.18920812894183603,Win,Win
3901240,Lorient,Center Back,293,1689,0.1734754292480758,Loss,Non-Win
3901240,Lorient,Defensive Midfield,415,1689,0.24570751924215511,Loss,Non-Win
3901240,Lorient,Fullback,329,1689,0.19478981645944346,Loss,Non-Win
3901240,Lorient,Goalkeeper,68,1689,0.04026050917702783,Loss,Non-Win
3901240,Lorient,Striker,242,1689,0.14328004736530492,Loss,Non-Win
3901240,Lorient,Wide Forward,342,1689,0.2024866785079929,Loss,Non-Win
3901245,Bordeaux,Center Back,278,1592,0.17462311557788945,Win,Win
3901245,Bordeaux,Central Midfield,355,1592,0.22298994974874373,Win,Win
3901245,Bordeaux,Defensive Midfield,192,1592,0.12060301507537688,Win,Win
3901245,Bordeaux,Fullback,220,1592,0.13819095477386933,Win,Win
3901245,Bordeaux,Goalkeeper,87,1592,0.05464824120603015,Win,Win
3901245,Bordeaux,Striker,127,1592,0.07977386934673367,Win,Win
3901245,Bordeaux,Wide Forward,333,1592,0.2091708542713568,Win,Win
3901245,Lorient,Center Back,204,1395,0.14623655913978495,Loss,Non-Win
3901245,Lorient,Defensive Midfield,326,1395,0.23369175627240144,Loss,Non-Win
3901245,Lorient,Fullback,288,1395,0.2064516129032258,Loss,Non-Win
3901245,Lorient,Goalkeeper,57,1395,0.04086021505376344,Loss,Non-Win
3901245,Lorient,Striker,202,1395,0.14480286738351256,Loss,Non-Win
3901245,Lorient,Wide Forward,318,1395,0.22795698924731184,Loss,Non-Win
3901262,Bordeaux,Attacking Midfield,99,1740,0.056896551724137934,Loss,Non-Win
3901262,Bordeaux,Center Back,374,1740,0.2149425287356322,Loss,Non-Win
3901262,Bordeaux,Central Midfield,173,1740,0.09942528735632183,Loss,Non-Win
3901262,Bordeaux,Defensive Midfield,322,1740,0.1850574712643678,Loss,Non-Win
3901262,Bordeaux,Fullback,285,1740,0.16379310344827586,Loss,Non-Win
3901262,Bordeaux,Goalkeeper,63,1740,0.03620689655172414,Loss,Non-Win
3901262,Bordeaux,Striker,136,1740,0.07816091954022988,Loss,Non-Win
3901262,Bordeaux,Wide Forward,288,1740,0.16551724137931034,Loss,Non-Win
3901262,Caen,Center Back,173,1105,0.15656108597285068,Win,Win
3901262,Caen,Central Midfield,211,1105,0.19095022624434388,Win,Win
3901262,Caen,Defensive Midfield,91,1105,0.08235294117647059,Win,Win
3901262,Caen,Fullback,231,1105,0.20904977375565612,Win,Win
3901262,Caen,Goalkeeper,48,1105,0.04343891402714932,Win,Win
3901262,Caen,Striker,125,1105,0.11312217194570136,Win,Win
3901262,Caen,Wide Forward,226,1105,0.20452488687782805,Win,Win
3901736,Australia Women's,Center Back,239,1185,0.20168776371308017,Win,Win
3901736,Australia Women's,Defensive Midfield,256,1185,0.2160337552742616,Win,Win
3901736,Australia Women's,Fullback,213,1185,0.17974683544303796,Win,Win
3901736,Australia Women's,Goalkeeper,78,1185,0.06582278481012659,Win,Win
3901736,Australia Women's,Striker,187,1185,0.15780590717299578,Win,Win
3901736,Australia Women's,Wide Forward,212,1185,0.17890295358649788,Win,Win
3901736,Denmark Women's,Attacking Midfield,129,1491,0.08651911468812877,Loss,Non-Win
3901736,Denmark Women's,Center Back,461,1491,0.3091884641180416,Loss,Non-Win
3901736,Denmark Women's,Defensive Midfield,246,1491,0.16498993963782696,Loss,Non-Win
3901736,Denmark Women's,Fullback,339,1491,0.22736418511066397,Loss,Non-Win
3901736,Denmark Women's,Goalkeeper,47,1491,0.031522468142186455,Loss,Non-Win
3901736,Denmark Women's,Striker,80,1491,0.05365526492287056,Loss,Non-Win
3901736,Denmark Women's,Wide Forward,189,1491,0.1267605633802817,Loss,Non-Win
3902968,Australia Women's,Center Back,281,1384,0.20303468208092484,Draw,Non-Win
3902968,Australia Women's,Defensive Midfield,226,1384,0.16329479768786126,Draw,Non-Win
3902968,Australia Women's,Fullback,301,1384,0.217485549132948,Draw,Non-Win
3902968,Australia Women's,Goalkeeper,54,1384,0.03901734104046243,Draw,Non-Win
3902968,Australia Women's,Striker,301,1384,0.217485549132948,Draw,Non-Win
3902968,Australia Women's,Wide Forward,221,1384,0.1596820809248555,Draw,Non-Win
3902968,France Women's,Center Back,258,1442,0.17891816920943135,Draw,Non-Win
3902968,France Women's,Defensive Midfield,260,1442,0.18030513176144244,Draw,Non-Win
3902968,France Women's,Fullback,305,1442,0.21151178918169208,Draw,Non-Win
3902968,France Women's,Goalkeeper,80,1442,0.05547850208044383,Draw,Non-Win
3902968,France Women's,Striker,277,1442,0.19209431345353675,Draw,Non-Win
3902968,France Women's,Wide Forward,262,1442,0.18169209431345354,Draw,Non-Win
3904629,Australia Women's,Center Back,186,1037,0.17936354869816779,Loss,Non-Win
3904629,Australia Women's,Defensive Midfield,209,1037,0.20154291224686596,Loss,Non-Win
3904629,Australia Women's,Fullback,257,1037,0.24783027965284474,Loss,Non-Win
3904629,Australia Women's,Goalkeeper,37,1037,0.03567984570877531,Loss,Non-Win
3904629,Australia Women's,Striker,177,1037,0.17068466730954676,Loss,Non-Win
3904629,Australia Women's,Wide Forward,171,1037,0.16489874638379942,Loss,Non-Win
3904629,England Women's,Attacking Midfield,72,1441,0.04996530187369882,Win,Win
3904629,England Women's,Center Back,558,1441,0.38723108952116586,Win,Win
3904629,England Women's,Central Midfield,51,1441,0.03539208882720333,Win,Win
3904629,England Women's,Defensive Midfield,234,1441,0.16238723108952116,Win,Win
3904629,England Women's,Fullback,235,1441,0.16308119361554477,Win,Win
3904629,England Women's,Goalkeeper,42,1441,0.02914642609299098,Win,Win
3904629,England Women's,Striker,241,1441,0.16724496877168632,Win,Win
3904629,England Women's,Wide Forward,8,1441,0.005551700208188758,Win,Win
3920384,Côte d'Ivoire,Center Back,443,1699,0.2607416127133608,Win,Win
3920384,Côte d'Ivoire,Central Midfield,274,1699,0.1612713360800471,Win,Win
3920384,Côte d'Ivoire,Defensive Midfield,178,1699,0.10476751030017657,Win,Win
3920384,Côte d'Ivoire,Fullback,359,1699,0.2113007651559741,Win,Win
3920384,Côte d'Ivoire,Goalkeeper,53,1699,0.031194820482636845,Win,Win
3920384,Côte d'Ivoire,Striker,98,1699,0.05768098881695115,Win,Win
3920384,Côte d'Ivoire,Wide Forward,294,1699,0.17304296645085343,Win,Win
3920384,Guinea-Bissau,Attacking Midfield,71,1092,0.06501831501831502,Loss,Non-Win
3920384,Guinea-Bissau,Center Back,216,1092,0.1978021978021978,Loss,Non-Win
3920384,Guinea-Bissau,Central Midfield,111,1092,0.10164835164835165,Loss,Non-Win
3920384,Guinea-Bissau,Defensive Midfield,162,1092,0.14835164835164835,Loss,Non-Win
3920384,Guinea-Bissau,Fullback,214,1092,0.19597069597069597,Loss,Non-Win
3920384,Guinea-Bissau,Goalkeeper,39,1092,0.03571428571428571,Loss,Non-Win
3920384,Guinea-Bissau,Striker,86,1092,0.07875457875457875,Loss,Non-Win
3920384,Guinea-Bissau,Wide Forward,193,1092,0.17673992673992675,Loss,Non-Win
3920389,Cameroon,Attacking Midfield,51,1442,0.03536754507628294,Draw,Non-Win
3920389,Cameroon,Center Back,328,1442,0.2274618585298197,Draw,Non-Win
3920389,Cameroon,Central Midfield,122,1442,0.08460471567267684,Draw,Non-Win
3920389,Cameroon,Defensive Midfield,296,1442,0.20527045769764216,Draw,Non-Win
3920389,Cameroon,Fullback,290,1442,0.20110957004160887,Draw,Non-Win
3920389,Cameroon,Goalkeeper,38,1442,0.026352288488210817,Draw,Non-Win
3920389,Cameroon,Striker,81,1442,0.05617198335644938,Draw,Non-Win
3920389,Cameroon,Wide Forward,236,1442,0.1636615811373093,Draw,Non-Win
3920389,Guinea,Attacking Midfield,38,611,0.062193126022913256,Draw,Non-Win
3920389,Guinea,Center Back,75,611,0.12274959083469722,Draw,Non-Win
3920389,Guinea,Defensive Midfield,125,611,0.20458265139116202,Draw,Non-Win
3920389,Guinea,Fullback,95,611,0.15548281505728315,Draw,Non-Win
3920389,Guinea,Goalkeeper,63,611,0.10310965630114566,Draw,Non-Win
3920389,Guinea,Striker,92,611,0.15057283142389524,Draw,Non-Win
3920389,Guinea,Wide Forward,123,611,0.20130932896890344,Draw,Non-Win
3920399,Cape Verde Islands,Center Back,224,1302,0.17204301075268819,Win,Win
3920399,Cape Verde Islands,Central Midfield,249,1302,0.1912442396313364,Win,Win
3920399,Cape Verde Islands,Defensive Midfield,127,1302,0.09754224270353302,Win,Win
3920399,Cape Verde Islands,Fullback,293,1302,0.2250384024577573,Win,Win
3920399,Cape Verde Islands,Goalkeeper,78,1302,0.059907834101382486,Win,Win
3920399,Cape Verde Islands,Striker,92,1302,0.0706605222734255,Win,Win
3920399,Cape Verde Islands,Wide Forward,239,1302,0.1835637480798771,Win,Win
3920399,Mozambique,Attacking Midfield,177,1366,0.1295754026354319,Loss,Non-Win
3920399,Mozambique,Center Back,433,1366,0.3169838945827233,Loss,Non-Win
3920399,Mozambique,Defensive Midfield,308,1366,0.22547584187408493,Loss,Non-Win
3920399,Mozambique,Fullback,253,1366,0.18521229868228403,Loss,Non-Win
3920399,Mozambique,Goalkeeper,43,1366,0.0314787701317716,Loss,Non-Win
3920399,Mozambique,Striker,152,1366,0.11127379209370425,Loss,Non-Win
3920413,Cameroon,Center Back,251,1038,0.2418111753371869,Win,Win
3920413,Cameroon,Central Midfield,23,1038,0.022157996146435453,Win,Win
3920413,Cameroon,Defensive Midfield,210,1038,0.2023121387283237,Win,Win
3920413,Cameroon,Fullback,209,1038,0.20134874759152216,Win,Win
3920413,Cameroon,Goalkeeper,49,1038,0.04720616570327553,Win,Win
3920413,Cameroon,Striker,76,1038,0.07321772639691715,Win,Win
3920413,Cameroon,Wide Forward,220,1038,0.2119460500963391,Win,Win
3920413,Gambia,Attacking Midfield,110,890,0.12359550561797752,Loss,Non-Win
3920413,Gambia,Center Back,110,890,0.12359550561797752,Loss,Non-Win
3920413,Gambia,Defensive Midfield,175,890,0.19662921348314608,Loss,Non-Win
3920413,Gambia,Fullback,147,890,0.1651685393258427,Loss,Non-Win
3920413,Gambia,Goalkeeper,68,890,0.07640449438202247,Loss,Non-Win
3920413,Gambia,Striker,72,890,0.08089887640449438,Loss,Non-Win
3920413,Gambia,Wide Forward,208,890,0.23370786516853934,Loss,Non-Win
3920414,Angola,Attacking Midfield,19,1139,0.016681299385425813,Win,Win
3920414,Angola,Center Back,228,1139,0.20017559262510976,Win,Win
3920414,Angola,Central Midfield,205,1139,0.17998244073748904,Win,Win
3920414,Angola,Defensive Midfield,114,1139,0.10008779631255488,Win,Win
3920414,Angola,Fullback,203,1139,0.17822651448639157,Win,Win
3920414,Angola,Goalkeeper,84,1139,0.07374890254609306,Win,Win
3920414,Angola,Striker,76,1139,0.06672519754170325,Win,Win
3920414,Angola,Wide Forward,210,1139,0.18437225636523266,Win,Win
3920414,Burkina Faso,Attacking Midfield,161,1341,0.12005965697240865,Loss,Non-Win
3920414,Burkina Faso,Center Back,242,1341,0.18046234153616703,Loss,Non-Win
3920414,Burkina Faso,Defensive Midfield,304,1341,0.226696495152871,Loss,Non-Win
3920414,Burkina Faso,Fullback,222,1341,0.16554809843400448,Loss,Non-Win
3920414,Burkina Faso,Goalkeeper,40,1341,0.02982848620432513,Loss,Non-Win
3920414,Burkina Faso,Striker,100,1341,0.07457121551081283,Loss,Non-Win
3920414,Burkina Faso,Wide Forward,272,1341,0.20283370618941088,Loss,Non-Win
3920415,Algeria,Attacking Midfield,22,1765,0.012464589235127478,Loss,Non-Win
3920415,Algeria,Center Back,498,1765,0.2821529745042493,Loss,Non-Win
3920415,Algeria,Central Midfield,122,1765,0.06912181303116147,Loss,Non-Win
3920415,Algeria,Defensive Midfield,312,1765,0.17677053824362607,Loss,Non-Win
3920415,Algeria,Fullback,379,1765,0.21473087818696884,Loss,Non-Win
3920415,Algeria,Goalkeeper,73,1765,0.041359773371104816,Loss,Non-Win
3920415,Algeria,Striker,50,1765,0.028328611898016998,Loss,Non-Win
3920415,Algeria,Wide Forward,309,1765,0.17507082152974504,Loss,Non-Win
3920415,Mauritania,Attacking Midfield,39,579,0.06735751295336788,Win,Win
3920415,Mauritania,Center Back,84,579,0.14507772020725387,Win,Win
3920415,Mauritania,Central Midfield,25,579,0.04317789291882556,Win,Win
3920415,Mauritania,Defensive Midfield,79,579,0.13644214162348878,Win,Win
3920415,Mauritania,Fullback,87,579,0.15025906735751296,Win,Win
3920415,Mauritania,Goalkeeper,27,579,0.046632124352331605,Win,Win
3920415,Mauritania,Striker,98,579,0.1692573402417962,Win,Win
3920415,Mauritania,Wide Forward,140,579,0.24179620034542315,Win,Win
3920417,Mali,Attacking Midfield,33,1380,0.02391304347826087,Draw,Non-Win
3920417,Mali,Center Back,308,1380,0.22318840579710145,Draw,Non-Win
3920417,Mali,Defensive Midfield,313,1380,0.22681159420289856,Draw,Non-Win
3920417,Mali,Fullback,343,1380,0.24855072463768116,Draw,Non-Win
3920417,Mali,Goalkeeper,36,1380,0.02608695652173913,Draw,Non-Win
3920417,Mali,Striker,102,1380,0.07391304347826087,Draw,Non-Win
3920417,Mali,Wide Forward,245,1380,0.17753623188405798,Draw,Non-Win
3920417,Namibia,Center Back,86,698,0.12320916905444126,Draw,Non-Win
3920417,Namibia,Central Midfield,110,698,0.15759312320916904,Draw,Non-Win
3920417,Namibia,Defensive Midfield,46,698,0.0659025787965616,Draw,Non-Win
3920417,Namibia,Fullback,130,698,0.18624641833810887,Draw,Non-Win
3920417,Namibia,Goalkeeper,45,698,0.06446991404011461,Draw,Non-Win
3920417,Namibia,Striker,90,698,0.12893982808022922,Draw,Non-Win
3920417,Namibia,Wide Forward,191,698,0.27363896848137537,Draw,Non-Win
3922240,Congo DR,Attacking Midfield,99,1270,0.07795275590551182,Draw,Non-Win
3922240,Congo DR,Center Back,229,1270,0.18031496062992125,Draw,Non-Win
3922240,Congo DR,Defensive Midfield,225,1270,0.17716535433070865,Draw,Non-Win
3922240,Congo DR,Fullback,350,1270,0.2755905511811024,Draw,Non-Win
3922240,Congo DR,Goalkeeper,50,1270,0.03937007874015748,Draw,Non-Win
3922240,Congo DR,Striker,92,1270,0.07244094488188976,Draw,Non-Win
3922240,Congo DR,Wide Forward,225,1270,0.17716535433070865,Draw,Non-Win
3922240,Egypt,Center Back,342,1603,0.2133499688084841,Draw,Non-Win
3922240,Egypt,Central Midfield,263,1603,0.16406737367436058,Draw,Non-Win
3922240,Egypt,Defensive Midfield,163,1603,0.10168434185901434,Draw,Non-Win
3922240,Egypt,Fullback,337,1603,0.21023081721771678,Draw,Non-Win
3922240,Egypt,Goalkeeper,51,1603,0.031815346225826574,Draw,Non-Win
3922240,Egypt,Striker,110,1603,0.06862133499688085,Draw,Non-Win
3922240,Egypt,Wide Forward,337,1603,0.21023081721771678,Draw,Non-Win
3922242,Côte d'Ivoire,Attacking Midfield,158,1839,0.08591625883632409,Draw,Non-Win
3922242,Côte d'Ivoire,Center Back,453,1839,0.2463295269168026,Draw,Non-Win
3922242,Côte d'Ivoire,Defensive Midfield,370,1839,0.2011963023382273,Draw,Non-Win
3922242,Côte d'Ivoire,Fullback,400,1839,0.21750951604132682,Draw,Non-Win
3922242,Côte d'Ivoire,Goalkeeper,56,1839,0.030451332245785754,Draw,Non-Win
3922242,Côte d'Ivoire,Striker,98,1839,0.05328983143012507,Draw,Non-Win
3922242,Côte d'Ivoire,Wide Forward,304,1839,0.1653072321914084,Draw,Non-Win
3922242,Senegal,Center Back,400,1323,0.30234315948601664,Draw,Non-Win
3922242,Senegal,Defensive Midfield,247,1323,0.18669690098261527,Draw,Non-Win
3922242,Senegal,Fullback,197,1323,0.14890400604686319,Draw,Non-Win
3922242,Senegal,Goalkeeper,98,1323,0.07407407407407407,Draw,Non-Win
3922242,Senegal,Striker,103,1323,0.07785336356764928,Draw,Non-Win
3922242,Senegal,Wide Forward,278,1323,0.21012849584278157,Draw,Non-Win
3922838,Congo DR,Attacking Midfield,42,868,0.04838709677419355,Loss,Non-Win
3922838,Congo DR,Center Back,216,868,0.2488479262672811,Loss,Non-Win
3922838,Congo DR,Defensive Midfield,121,868,0.13940092165898618,Loss,Non-Win
3922838,Congo DR,Fullback,204,868,0.2350230414746544,Loss,Non-Win
3922838,Congo DR,Goalkeeper,49,868,0.056451612903225805,Loss,Non-Win
3922838,Congo DR,Striker,88,868,0.10138248847926268,Loss,Non-Win
3922838,Congo DR,Wide Forward,148,868,0.17050691244239632,Loss,Non-Win
3922838,Côte d'Ivoire,Attacking Midfield,38,1172,0.032423208191126277,Win,Win
3922838,Côte d'Ivoire,Center Back,238,1172,0.2030716723549488,Win,Win
3922838,Côte d'Ivoire,Central Midfield,152,1172,0.1296928327645051,Win,Win
3922838,Côte d'Ivoire,Defensive Midfield,166,1172,0.1416382252559727,Win,Win
3922838,Côte d'Ivoire,Fullback,212,1172,0.18088737201365188,Win,Win
3922838,Côte d'Ivoire,Goalkeeper,23,1172,0.01962457337883959,Win,Win
3922838,Côte d'Ivoire,Striker,91,1172,0.07764505119453925,Win,Win
3922838,Côte d'Ivoire,Wide Forward,252,1172,0.2150170648464164,Win,Win
3930168,Germany,Attacking Midfield,161,2251,0.07152376721457131,Win,Win
3930168,Germany,Center Back,527,2251,0.23411816970235452,Win,Win
3930168,Germany,Defensive Midfield,564,2251,0.25055530875166593,Win,Win
3930168,Germany,Fullback,401,2251,0.17814304753442914,Win,Win
3930168,Germany,Goalkeeper,47,2251,0.02087960906263883,Win,Win
3930168,Germany,Striker,106,2251,0.047090182141270545,Win,Win
3930168,Germany,Wide Forward,445,2251,0.19768991559306975,Win,Win
3930168,Hungary,Attacking Midfield,146,925,0.15783783783783784,Loss,Non-Win
3930168,Hungary,Center Back,271,925,0.292972972972973,Loss,Non-Win
3930168,Hungary,Central Midfield,52,925,0.05621621621621622,Loss,Non-Win
3930168,Hungary,Defensive Midfield,134,925,0.14486486486486486,Loss,Non-Win
3930168,Hungary,Fullback,173,925,0.18702702702702703,Loss,Non-Win
3930168,Hungary,Goalkeeper,67,925,0.07243243243243243,Loss,Non-Win
3930168,Hungary,Striker,82,925,0.08864864864864865,Loss,Non-Win
3930169,Scotland,Attacking Midfield,79,1134,0.06966490299823633,Draw,Non-Win
3930169,Scotland,Center Back,384,1134,0.3386243386243386,Draw,Non-Win
3930169,Scotland,Defensive Midfield,244,1134,0.21516754850088182,Draw,Non-Win
3930169,Scotland,Fullback,218,1134,0.19223985890652556,Draw,Non-Win
3930169,Scotland,Goalkeeper,84,1134,0.07407407407407407,Draw,Non-Win
3930169,Scotland,Striker,125,1134,0.11022927689594356,Draw,Non-Win
3930169,Switzerland,Attacking Midfield,76,1261,0.06026962727993656,Draw,Non-Win
3930169,Switzerland,Center Back,412,1261,0.3267248215701824,Draw,Non-Win
3930169,Switzerland,Defensive Midfield,257,1261,0.20380650277557494,Draw,Non-Win
3930169,Switzerland,Fullback,201,1261,0.15939730372720062,Draw,Non-Win
3930169,Switzerland,Goalkeeper,72,1261,0.057097541633624106,Draw,Non-Win
3930169,Switzerland,Striker,174,1261,0.1379857256145916,Draw,Non-Win
3930169,Switzerland,Wide Forward,69,1261,0.05471847739888977,Draw,Non-Win
3930170,Serbia,Attacking Midfield,202,1704,0.11854460093896714,Draw,Non-Win
3930170,Serbia,Center Back,622,1704,0.36502347417840375,Draw,Non-Win
3930170,Serbia,Defensive Midfield,361,1704,0.21185446009389672,Draw,Non-Win
3930170,Serbia,Fullback,334,1704,0.1960093896713615,Draw,Non-Win
3930170,Serbia,Goalkeeper,45,1704,0.02640845070422535,Draw,Non-Win
3930170,Serbia,Striker,140,1704,0.08215962441314555,Draw,Non-Win
3930170,Slovenia,Attacking Midfield,2,1131,0.0017683465959328027,Draw,Non-Win
3930170,Slovenia,Center Back,165,1131,0.14588859416445624,Draw,Non-Win
3930170,Slovenia,Central Midfield,19,1131,0.016799292661361626,Draw,Non-Win
3930170,Slovenia,Defensive Midfield,258,1131,0.22811671087533156,Draw,Non-Win
3930170,Slovenia,Fullback,278,1131,0.2458001768346596,Draw,Non-Win
3930170,Slovenia,Goalkeeper,50,1131,0.04420866489832007,Draw,Non-Win
3930170,Slovenia,Striker,166,1131,0.14677276746242263,Draw,Non-Win
3930170,Slovenia,Wide Forward,193,1131,0.17064544650751548,Draw,Non-Win
3930182,Denmark,Attacking Midfield,318,1703,0.18672930123311804,Draw,Non-Win
3930182,Denmark,Center Back,513,1703,0.30123311802701114,Draw,Non-Win
3930182,Denmark,Defensive Midfield,429,1703,0.25190839694656486,Draw,Non-Win
3930182,Denmark,Fullback,271,1703,0.1591309453904874,Draw,Non-Win
3930182,Denmark,Goalkeeper,81,1703,0.04756312389900176,Draw,Non-Win
3930182,Denmark,Striker,91,1703,0.05343511450381679,Draw,Non-Win
3930182,Serbia,Center Back,541,1422,0.38045007032348804,Draw,Non-Win
3930182,Serbia,Central Midfield,89,1422,0.06258790436005626,Draw,Non-Win
3930182,Serbia,Defensive Midfield,288,1422,0.20253164556962025,Draw,Non-Win
3930182,Serbia,Fullback,180,1422,0.12658227848101267,Draw,Non-Win
3930182,Serbia,Goalkeeper,116,1422,0.08157524613220815,Draw,Non-Win
3930182,Serbia,Striker,94,1422,0.06610407876230662,Draw,Non-Win
3930182,Serbia,Wide Forward,114,1422,0.08016877637130802,Draw,Non-Win
3930183,Romania,Attacking Midfield,27,1016,0.0265748031496063,Draw,Non-Win
3930183,Romania,Center Back,255,1016,0.25098425196850394,Draw,Non-Win
3930183,Romania,Central Midfield,91,1016,0.08956692913385826,Draw,Non-Win
3930183,Romania,Defensive Midfield,94,1016,0.09251968503937008,Draw,Non-Win
3930183,Romania,Fullback,209,1016,0.20570866141732283,Draw,Non-Win
3930183,Romania,Goalkeeper,72,1016,0.07086614173228346,Draw,Non-Win
3930183,Romania,Striker,88,1016,0.08661417322834646,Draw,Non-Win
3930183,Romania,Wide Forward,180,1016,0.17716535433070865,Draw,Non-Win
3930183,Slovakia,Center Back,421,1335,0.3153558052434457,Draw,Non-Win
3930183,Slovakia,Central Midfield,231,1335,0.17303370786516853,Draw,Non-Win
3930183,Slovakia,Defensive Midfield,146,1335,0.10936329588014981,Draw,Non-Win
3930183,Slovakia,Fullback,212,1335,0.15880149812734082,Draw,Non-Win
3930183,Slovakia,Goalkeeper,85,1335,0.06367041198501873,Draw,Non-Win
3930183,Slovakia,Striker,85,1335,0.06367041198501873,Draw,Non-Win
3930183,Slovakia,Wide Forward,155,1335,0.11610486891385768,Draw,Non-Win
3930184,Czech Republic,Attacking Midfield,35,734,0.047683923705722074,Loss,Non-Win
3930184,Czech Republic,Center Back,210,734,0.28610354223433243,Loss,Non-Win
3930184,Czech Republic,Central Midfield,73,734,0.0994550408719346,Loss,Non-Win
3930184,Czech Republic,Defensive Midfield,78,734,0.10626702997275204,Loss,Non-Win
3930184,Czech Republic,Fullback,168,734,0.22888283378746593,Loss,Non-Win
3930184,Czech Republic,Goalkeeper,97,734,0.13215258855585832,Loss,Non-Win
3930184,Czech Republic,Striker,73,734,0.0994550408719346,Loss,Non-Win
3930184,Turkey,Attacking Midfield,116,1552,0.07474226804123711,Win,Win
3930184,Turkey,Center Back,272,1552,0.17525773195876287,Win,Win
3930184,Turkey,Central Midfield,41,1552,0.026417525773195876,Win,Win
3930184,Turkey,Defensive Midfield,300,1552,0.19329896907216496,Win,Win
3930184,Turkey,Fullback,346,1552,0.22293814432989692,Win,Win
3930184,Turkey,Goalkeeper,88,1552,0.05670103092783505,Win,Win
3930184,Turkey,Striker,144,1552,0.09278350515463918,Win,Win
3930184,Turkey,Wide Forward,245,1552,0.15786082474226804,Win,Win
3938645,Belgium,Attacking Midfield,209,1761,0.11868256672345258,Draw,Non-Win
3938645,Belgium,Center Back,310,1761,0.17603634298693924,Draw,Non-Win
3938645,Belgium,Defensive Midfield,365,1761,0.2072685973878478,Draw,Non-Win
3938645,Belgium,Fullback,379,1761,0.21521862578080636,Draw,Non-Win
3938645,Belgium,Goalkeeper,74,1761,0.04202157864849517,Draw,Non-Win
3938645,Belgium,Striker,75,1761,0.04258943781942078,Draw,Non-Win
3938645,Belgium,Wide Forward,349,1761,0.19818285065303803,Draw,Non-Win
3938645,Ukraine,Center Back,383,1119,0.34226988382484363,Draw,Non-Win
3938645,Ukraine,Central Midfield,210,1119,0.1876675603217158,Draw,Non-Win
3938645,Ukraine,Defensive Midfield,116,1119,0.10366398570151922,Draw,Non-Win
3938645,Ukraine,Fullback,169,1119,0.15102770330652368,Draw,Non-Win
3938645,Ukraine,Goalkeeper,61,1119,0.05451295799821269,Draw,Non-Win
3938645,Ukraine,Striker,141,1119,0.1260053619302949,Draw,Non-Win
3938645,Ukraine,Wide Forward,39,1119,0.03485254691689008,Draw,Non-Win
3939975,Colombia,Attacking Midfield,206,1489,0.13834788448623236,Win,Win
3939975,Colombia,Center Back,322,1489,0.216252518468771,Win,Win
3939975,Colombia,Central Midfield,288,1489,0.19341840161182,Win,Win
3939975,Colombia,Defensive Midfield,172,1489,0.1155137676292814,Win,Win
3939975,Colombia,Fullback,306,1489,0.20550705171255876,Win,Win
3939975,Colombia,Goalkeeper,67,1489,0.04499664204163868,Win,Win
3939975,Colombia,Striker,128,1489,0.08596373404969779,Win,Win
3939975,Paraguay,Attacking Midfield,10,722,0.013850415512465374,Loss,Non-Win
3939975,Paraguay,Center Back,129,722,0.1786703601108033,Loss,Non-Win
3939975,Paraguay,Central Midfield,106,722,0.14681440443213298,Loss,Non-Win
3939975,Paraguay,Defensive Midfield,80,722,0.11080332409972299,Loss,Non-Win
3939975,Paraguay,Fullback,157,722,0.21745152354570638,Loss,Non-Win
3939975,Paraguay,Goalkeeper,31,722,0.04293628808864266,Loss,Non-Win
3939975,Paraguay,Striker,63,722,0.08725761772853186,Loss,Non-Win
3939975,Paraguay,Wide Forward,146,722,0.20221606648199447,Loss,Non-Win
3939981,Panama,Center Back,578,1675,0.34507462686567164,Win,Win
3939981,Panama,Central Midfield,7,1675,0.00417910447761194,Win,Win
3939981,Panama,Defensive Midfield,386,1675,0.23044776119402985,Win,Win
3939981,Panama,Fullback,312,1675,0.1862686567164179,Win,Win
3939981,Panama,Goalkeeper,41,1675,0.02447761194029851,Win,Win
3939981,Panama,Striker,78,1675,0.046567164179104475,Win,Win
3939981,Panama,Wide Forward,273,1675,0.16298507462686568,Win,Win
3939981,United States,Center Back,106,560,0.18928571428571428,Loss,Non-Win
3939981,United States,Central Midfield,79,560,0.14107142857142857,Loss,Non-Win
3939981,United States,Defensive Midfield,74,560,0.13214285714285715,Loss,Non-Win
3939981,United States,Fullback,134,560,0.2392857142857143,Loss,Non-Win
3939981,United States,Goalkeeper,65,560,0.11607142857142858,Loss,Non-Win
3939981,United States,Striker,62,560,0.11071428571428571,Loss,Non-Win
3939981,United States,Wide Forward,40,560,0.07142857142857142,Loss,Non-Win
3939985,Canada,Attacking Midfield,83,1280,0.06484375,Draw,Non-Win
3939985,Canada,Center Back,280,1280,0.21875,Draw,Non-Win
3939985,Canada,Defensive Midfield,318,1280,0.2484375,Draw,Non-Win
3939985,Canada,Fullback,276,1280,0.215625,Draw,Non-Win
3939985,Canada,Goalkeeper,44,1280,0.034375,Draw,Non-Win
3939985,Canada,Striker,80,1280,0.0625,Draw,Non-Win
3939985,Canada,Wide Forward,199,1280,0.15546875,Draw,Non-Win
3939985,Chile,Attacking Midfield,19,910,0.020879120879120878,Draw,Non-Win
3939985,Chile,Center Back,235,910,0.25824175824175827,Draw,Non-Win
3939985,Chile,Defensive Midfield,140,910,0.15384615384615385,Draw,Non-Win
3939985,Chile,Fullback,209,910,0.22967032967032966,Draw,Non-Win
3939985,Chile,Goalkeeper,95,910,0.1043956043956044,Draw,Non-Win
3939985,Chile,Striker,91,910,0.1,Draw,Non-Win
3939985,Chile,Wide Forward,121,910,0.13296703296703297,Draw,Non-Win
3940878,Italy,Attacking Midfield,12,1573,0.007628734901462174,Loss,Non-Win
3940878,Italy,Center Back,368,1573,0.23394787031150668,Loss,Non-Win
3940878,Italy,Central Midfield,150,1573,0.09535918626827718,Loss,Non-Win
3940878,Italy,Defensive Midfield,403,1573,0.256198347107438,Loss,Non-Win
3940878,Italy,Fullback,296,1573,0.18817546090273363,Loss,Non-Win
3940878,Italy,Goalkeeper,47,1573,0.029879211697393517,Loss,Non-Win
3940878,Italy,Striker,76,1573,0.04831532104259377,Loss,Non-Win
3940878,Italy,Wide Forward,221,1573,0.14049586776859505,Loss,Non-Win
3940878,Switzerland,Attacking Midfield,266,1621,0.16409623689080816,Win,Win
3940878,Switzerland,Center Back,463,1621,0.28562615669339914,Win,Win
3940878,Switzerland,Defensive Midfield,421,1621,0.25971622455274523,Win,Win
3940878,Switzerland,Fullback,303,1621,0.18692165330043184,Win,Win
3940878,Switzerland,Goalkeeper,74,1621,0.04565083281924738,Win,Win
3940878,Switzerland,Striker,94,1621,0.05798889574336829,Win,Win
3941017,England,Attacking Midfield,121,2419,0.05002066969822241,Win,Win
3941017,England,Center Back,699,2419,0.2889623811492352,Win,Win
3941017,England,Central Midfield,12,2419,0.004960727573377429,Win,Win
3941017,England,Defensive Midfield,472,2419,0.1951219512195122,Win,Win
3941017,England,Fullback,521,2419,0.21537825547747003,Win,Win
3941017,England,Goalkeeper,169,2419,0.06986357999173212,Win,Win
3941017,England,Striker,103,2419,0.04257957833815626,Win,Win
3941017,England,Wide Forward,322,2419,0.13311285655229432,Win,Win
3941017,Slovakia,Center Back,406,1450,0.28,Loss,Non-Win
3941017,Slovakia,Central Midfield,178,1450,0.12275862068965518,Loss,Non-Win
3941017,Slovakia,Defensive Midfield,238,1450,0.16413793103448276,Loss,Non-Win
3941017,Slovakia,Fullback,217,1450,0.1496551724137931,Loss,Non-Win
3941017,Slovakia,Goalkeeper,80,1450,0.05517241379310345,Loss,Non-Win
3941017,Slovakia,Striker,101,1450,0.0696551724137931,Loss,Non-Win
3941017,Slovakia,Wide Forward,230,1450,0.15862068965517243,Loss,Non-Win
3942226,Germany,Attacking Midfield,114,1826,0.0624315443592552,Loss,Non-Win
3942226,Germany,Center Back,384,1826,0.21029572836801752,Loss,Non-Win
3942226,Germany,Central Midfield,33,1826,0.018072289156626505,Loss,Non-Win
3942226,Germany,Defensive Midfield,374,1826,0.20481927710843373,Loss,Non-Win
3942226,Germany,Fullback,382,1826,0.20920043811610076,Loss,Non-Win
3942226,Germany,Goalkeeper,88,1826,0.04819277108433735,Loss,Non-Win
3942226,Germany,Striker,176,1826,0.0963855421686747,Loss,Non-Win
3942226,Germany,Wide Forward,275,1826,0.15060240963855423,Loss,Non-Win
3942226,Spain,Center Back,322,1714,0.18786464410735124,Win,Win
3942226,Spain,Central Midfield,324,1714,0.18903150525087514,Win,Win
3942226,Spain,Defensive Midfield,222,1714,0.1295215869311552,Win,Win
3942226,Spain,Fullback,266,1714,0.15519253208868145,Win,Win
3942226,Spain,Goalkeeper,122,1714,0.07117852975495916,Win,Win
3942226,Spain,Striker,151,1714,0.088098016336056,Win,Win
3942226,Spain,Wide Forward,307,1714,0.17911318553092181,Win,Win
3942227,England,Attacking Midfield,434,2077,0.208955223880597,Draw,Non-Win
3942227,England,Center Back,673,2077,0.32402503610977373,Draw,Non-Win
3942227,England,Defensive Midfield,465,2077,0.22388059701492538,Draw,Non-Win
3942227,England,Fullback,347,2077,0.16706788637457873,Draw,Non-Win
3942227,England,Goalkeeper,107,2077,0.05151661049590756,Draw,Non-Win
3942227,England,Striker,51,2077,0.02455464612421762,Draw,Non-Win
3942227,Switzerland,Attacking Midfield,258,1960,0.13163265306122449,Draw,Non-Win
3942227,Switzerland,Center Back,713,1960,0.3637755102040816,Draw,Non-Win
3942227,Switzerland,Defensive Midfield,525,1960,0.26785714285714285,Draw,Non-Win
3942227,Switzerland,Fullback,251,1960,0.12806122448979593,Draw,Non-Win
3942227,Switzerland,Goalkeeper,102,1960,0.05204081632653061,Draw,Non-Win
3942227,Switzerland,Striker,111,1960,0.05663265306122449,Draw,Non-Win
3942228,Argentina,Center Back,298,1126,0.26465364120781526,Draw,Non-Win
3942228,Argentina,Defensive Midfield,227,1126,0.20159857904085257,Draw,Non-Win
3942228,Argentina,Fullback,196,1126,0.17406749555950266,Draw,Non-Win
3942228,Argentina,Goalkeeper,61,1126,0.0541740674955595,Draw,Non-Win
3942228,Argentina,Striker,157,1126,0.13943161634103018,Draw,Non-Win
3942228,Argentina,Wide Forward,187,1126,0.1660746003552398,Draw,Non-Win
3942228,Ecuador,Attacking Midfield,116,1091,0.10632447296058661,Draw,Non-Win
3942228,Ecuador,Center Back,296,1091,0.27131072410632445,Draw,Non-Win
3942228,Ecuador,Defensive Midfield,183,1091,0.1677360219981668,Draw,Non-Win
3942228,Ecuador,Fullback,206,1091,0.18881759853345553,Draw,Non-Win
3942228,Ecuador,Goalkeeper,64,1091,0.05866177818515124,Draw,Non-Win
3942228,Ecuador,Striker,59,1091,0.054078826764436295,Draw,Non-Win
3942228,Ecuador,Wide Forward,167,1091,0.15307057745187902,Draw,Non-Win
3943077,Argentina,Center Back,177,1502,0.11784287616511319,Win,Win
3943077,Argentina,Central Midfield,114,1502,0.0758988015978695,Win,Win
3943077,Argentina,Defensive Midfield,349,1502,0.23235685752330226,Win,Win
3943077,Argentina,Fullback,275,1502,0.18308921438082557,Win,Win
3943077,Argentina,Goalkeeper,84,1502,0.0559254327563249,Win,Win
3943077,Argentina,Striker,200,1502,0.13315579227696406,Win,Win
3943077,Argentina,Wide Forward,303,1502,0.20173102529960052,Win,Win
3943077,Colombia,Attacking Midfield,263,1812,0.14514348785871964,Loss,Non-Win
3943077,Colombia,Center Back,393,1812,0.21688741721854304,Loss,Non-Win
3943077,Colombia,Central Midfield,395,1812,0.21799116997792495,Loss,Non-Win
3943077,Colombia,Defensive Midfield,203,1812,0.1120309050772627,Loss,Non-Win
3943077,Colombia,Fullback,296,1812,0.16335540838852097,Loss,Non-Win
3943077,Colombia,Goalkeeper,86,1812,0.04746136865342163,Loss,Non-Win
3943077,Colombia,Striker,176,1812,0.09713024282560706,Loss,Non-Win
3998836,Iceland Women's,Attacking Midfield,58,893,0.06494960806270997,Loss,Non-Win
3998836,Iceland Women's,Center Back,148,893,0.16573348264277715,Loss,Non-Win
3998836,Iceland Women's,Central Midfield,37,893,0.04143337066069429,Loss,Non-Win
3998836,Iceland Women's,Defensive Midfield,134,893,0.15005599104143338,Loss,Non-Win
3998836,Iceland Women's,Fullback,193,893,0.21612541993281076,Loss,Non-Win
3998836,Iceland Women's,Goalkeeper,109,893,0.12206047032474804,Loss,Non-Win
3998836,Iceland Women's,Striker,75,893,0.083986562150056,Loss,Non-Win
3998836,Iceland Women's,Wide Forward,139,893,0.15565509518477044,Loss,Non-Win
3998836,WNT Finland,Attacking Midfield,96,1229,0.07811228641171684,Win,Win
3998836,WNT Finland,Center Back,290,1229,0.23596419853539463,Win,Win
3998836,WNT Finland,Central Midfield,253,1229,0.20585842148087877,Win,Win
3998836,WNT Finland,Defensive Midfield,148,1229,0.12042310821806347,Win,Win
3998836,WNT Finland,Fullback,236,1229,0.1920260374288039,Win,Win
3998836,WNT Finland,Goalkeeper,46,1229,0.03742880390561432,Win,Win
3998836,WNT Finland,Striker,160,1229,0.13018714401952808,Win,Win
3998844,Iceland Women's,Attacking Midfield,74,807,0.09169764560099132,Loss,Non-Win
3998844,Iceland Women's,Center Back,165,807,0.20446096654275092,Loss,Non-Win
3998844,Iceland Women's,Central Midfield,12,807,0.01486988847583643,Loss,Non-Win
3998844,Iceland Women's,Defensive Midfield,110,807,0.13630731102850063,Loss,Non-Win
3998844,Iceland Women's,Fullback,150,807,0.18587360594795538,Loss,Non-Win
3998844,Iceland Women's,Goalkeeper,79,807,0.09789343246592318,Loss,Non-Win
3998844,Iceland Women's,Striker,95,807,0.11771995043370508,Loss,Non-Win
3998844,Iceland Women's,Wide Forward,122,807,0.15117719950433706,Loss,Non-Win
3998844,Switzerland Women's,Center Back,271,1145,0.2366812227074236,Win,Win
3998844,Switzerland Women's,Central Midfield,169,1145,0.14759825327510917,Win,Win
3998844,Switzerland Women's,Defensive Midfield,141,1145,0.12314410480349346,Win,Win
3998844,Switzerland Women's,Fullback,259,1145,0.2262008733624454,Win,Win
3998844,Switzerland Women's,Goalkeeper,60,1145,0.05240174672489083,Win,Win
3998844,Switzerland Women's,Striker,190,1145,0.16593886462882096,Win,Win
3998844,Switzerland Women's,Wide Forward,55,1145,0.048034934497816595,Win,Win
3998852,Switzerland Women's,Attacking Midfield,18,1303,0.013814274750575594,Draw,Non-Win
3998852,Switzerland Women's,Center Back,312,1303,0.23944742900997698,Draw,Non-Win
3998852,Switzerland Women's,Central Midfield,126,1303,0.09669992325402917,Draw,Non-Win
3998852,Switzerland Women's,Defensive Midfield,261,1303,0.2003069838833461,Draw,Non-Win
3998852,Switzerland Women's,Fullback,261,1303,0.2003069838833461,Draw,Non-Win
3998852,Switzerland Women's,Goalkeeper,34,1303,0.026093630084420567,Draw,Non-Win
3998852,Switzerland Women's,Striker,225,1303,0.17267843438219493,Draw,Non-Win
3998852,Switzerland Women's,Wide Forward,66,1303,0.05065234075211052,Draw,Non-Win
3998852,WNT Finland,Attacking Midfield,112,1396,0.08022922636103152,Draw,Non-Win
3998852,WNT Finland,Center Back,368,1396,0.2636103151862464,Draw,Non-Win
3998852,WNT Finland,Central Midfield,18,1396,0.012893982808022923,Draw,Non-Win
3998852,WNT Finland,Defensive Midfield,267,1396,0.19126074498567336,Draw,Non-Win
3998852,WNT Finland,Fullback,275,1396,0.1969914040114613,Draw,Non-Win
3998852,WNT Finland,Goalkeeper,58,1396,0.04154727793696275,Draw,Non-Win
3998852,WNT Finland,Striker,90,1396,0.06446991404011461,Draw,Non-Win
3998852,WNT Finland,Wide Forward,208,1396,0.1489971346704871,Draw,Non-Win
3998854,Belgium Women's,Center Back,214,898,0.2383073496659243,Win,Win
3998854,Belgium Women's,Central Midfield,159,898,0.17706013363028952,Win,Win
3998854,Belgium Women's,Defensive Midfield,65,898,0.07238307349665925,Win,Win
3998854,Belgium Women's,Fullback,198,898,0.22048997772828507,Win,Win
3998854,Belgium Women's,Goalkeeper,74,898,0.08240534521158129,Win,Win
3998854,Belgium Women's,Striker,174,898,0.19376391982182628,Win,Win
3998854,Belgium Women's,Wide Forward,14,898,0.015590200445434299,Win,Win
3998854,Portugal Women's,Attacking Midfield,192,1313,0.14623000761614624,Loss,Non-Win
3998854,Portugal Women's,Center Back,310,1313,0.2361005331302361,Loss,Non-Win
3998854,Portugal Women's,Central Midfield,146,1313,0.11119573495811119,Loss,Non-Win
3998854,Portugal Women's,Defensive Midfield,170,1313,0.12947448591012947,Loss,Non-Win
3998854,Portugal Women's,Fullback,274,1313,0.2086824067022087,Loss,Non-Win
3998854,Portugal Women's,Goalkeeper,33,1313,0.02513328255902513,Loss,Non-Win
3998854,Portugal Women's,Striker,188,1313,0.1431835491241432,Loss,Non-Win
4018354,Italy Women's,Center Back,290,1183,0.2451394759087067,Win,Win
4018354,Italy Women's,Central Midfield,227,1183,0.19188503803888418,Win,Win
4018354,Italy Women's,Defensive Midfield,135,1183,0.11411665257819104,Win,Win
4018354,Italy Women's,Fullback,193,1183,0.16314454775993237,Win,Win
4018354,Italy Women's,Goalkeeper,77,1183,0.0650887573964497,Win,Win
4018354,Italy Women's,Striker,85,1183,0.07185122569737955,Win,Win
4018354,Italy Women's,Wide Forward,176,1183,0.14877430262045646,Win,Win
4018354,Norway Women's,Attacking Midfield,24,1099,0.02183803457688808,Loss,Non-Win
4018354,Norway Women's,Center Back,225,1099,0.20473157415832574,Loss,Non-Win
4018354,Norway Women's,Central Midfield,128,1099,0.1164695177434031,Loss,Non-Win
4018354,Norway Women's,Defensive Midfield,112,1099,0.10191082802547771,Loss,Non-Win
4018354,Norway Women's,Fullback,232,1099,0.2111010009099181,Loss,Non-Win
4018354,Norway Women's,Goalkeeper,60,1099,0.0545950864422202,Loss,Non-Win
4018354,Norway Women's,Striker,81,1099,0.07370336669699727,Loss,Non-Win
4018354,Norway Women's,Wide Forward,237,1099,0.2156505914467698,Loss,Non-Win
4018355,England Women's,Attacking Midfield,159,1656,0.09601449275362318,Draw,Non-Win
4018355,England Women's,Center Back,340,1656,0.20531400966183574,Draw,Non-Win
4018355,England Women's,Central Midfield,65,1656,0.0392512077294686,Draw,Non-Win
4018355,England Women's,Defensive Midfield,244,1656,0.1473429951690821,Draw,Non-Win
4018355,England Women's,Fullback,353,1656,0.21316425120772947,Draw,Non-Win
4018355,England Women's,Goalkeeper,114,1656,0.06884057971014493,Draw,Non-Win
4018355,England Women's,Striker,150,1656,0.09057971014492754,Draw,Non-Win
4018355,England Women's,Wide Forward,231,1656,0.13949275362318841,Draw,Non-Win
4018355,Sweden Women's,Attacking Midfield,100,1113,0.08984725965858041,Draw,Non-Win
4018355,Sweden Women's,Center Back,157,1113,0.14106019766397124,Draw,Non-Win
4018355,Sweden Women's,Defensive Midfield,206,1113,0.18508535489667566,Draw,Non-Win
4018355,Sweden Women's,Fullback,205,1113,0.18418688230008984,Draw,Non-Win
4018355,Sweden Women's,Goalkeeper,74,1113,0.0664869721473495,Draw,Non-Win
4018355,Sweden Women's,Striker,130,1113,0.11680143755615453,Draw,Non-Win
4018355,Sweden Women's,Wide Forward,241,1113,0.2165318957771788,Draw,Non-Win
