match_id,team,outcome,wide_progression_share,build_up_share,max_progression_share,central_midfield_touch_share
7480,OL Reign,Win,0.49122807017543857,0.3972267536704731,0.2675438596491228,0.2911908646003263
7480,Utah Royals,Loss,0.42920353982300885,0.6054298642533936,0.2787610619469026,0.1285067873303167
7494,Houston Dash,Loss,0.4413145539906103,0.4212488350419385,0.272300469483568,0.3252562907735321
7494,Utah Royals,Win,0.36212624584717606,0.5199556541019955,0.2292358803986711,0.35753880266075383
7497,Chicago Red Stars,Draw,0.37872340425531914,0.2652892561983471,0.2127659574468085,0.2429752066115702
7497,North Carolina Courage,Draw,0.45934959349593496,0.42505947660586835,0.2723577235772357,0.2093576526566217
7521,NJ/NY Gotham FC,Loss,0.42857142857142855,0.3422131147540984,0.2698412698412698,0.305327868852459
7521,Utah Royals,Win,0.5,0.3856317093311313,0.308411214953271,0.4987613542526837
7522,Houston Dash,Draw,0.5271317829457365,0.5892307692307692,0.3720930232558139,0.0876923076923077
7522,North Carolina Courage,Draw,0.4697508896797153,0.6080870917573873,0.3451957295373665,
7523,OL Reign,Draw,0.4772727272727273,0.3746268656716418,0.2613636363636363,0.2753731343283582
7523,Orlando Pride,Draw,0.640625,0.5278810408921933,0.23046875,0.1403345724907063
7524,Houston Dash,Win,0.42924528301886794,0.4696132596685083,0.2594339622641509,0.1215469613259668
7524,Orlando Pride,Loss,0.4444444444444444,0.4600715137067938,0.3020833333333333,0.2562574493444577
7549,Iceland,Loss,0.5185185185185185,0.5821697099892589,0.2645502645502645,0.0010741138560687
7549,Nigeria,Win,0.44017094017094016,0.24265734265734265,0.3675213675213675,0.3790209790209789
7555,Colombia,Win,0.53125,0.45996275605214154,0.2008928571428571,0.1427684667908131
7555,Poland,Loss,0.4416243654822335,0.35284139100932993,0.4467005076142132,0.183206106870229
7557,Iran,Draw,0.4930555555555556,0.42038216560509556,0.2430555555555555,0.1783439490445859
7557,Portugal,Draw,0.4495798319327731,0.6601941747572816,0.3067226890756303,
7563,Denmark,Draw,0.5133333333333333,0.42459893048128344,0.2533333333333333,0.2213903743315508
7563,France,Draw,0.4618055555555556,0.655241935483871,0.3159722222222222,0.094758064516129
7570,Belgium,Win,0.47368421052631576,0.35765124555160144,0.4122807017543859,0.228944246737841
7570,England,Loss,0.423963133640553,0.4375,0.3594470046082949,0.1848404255319149
7571,Colombia,Win,0.44954128440366975,0.44525547445255476,0.2844036697247706,0.2311435523114355
7571,Senegal,Loss,0.5405405405405406,0.394919168591224,0.2810810810810811,0.1939953810623556
7572,Japan,Loss,0.4439252336448598,0.4602272727272727,0.2990654205607476,0.2398989898989899
7572,Poland,Win,0.507177033492823,0.6226148409893993,0.3014354066985646,0.0975265017667844
7576,Portugal,Draw,0.5,0.3747697974217311,0.2356321839080459,0.2191528545119705
7576,Spain,Draw,0.4462809917355372,0.4868830591373944,0.4132231404958678,0.2352156514006225
7580,Argentina,Loss,0.4268292682926829,0.47225725094577553,0.3048780487804878,0.2175283732660781
7580,France,Win,0.3374233128834356,0.6804222648752399,0.2883435582822086,
8649,France,Win,0.4954545454545455,0.3444857496902107,0.2681818181818182,0.3351920693928128
8649,Uruguay,Loss,0.5108695652173914,0.4100877192982456,0.25,0.2686403508771929
8651,England,Win,0.40086206896551724,0.4190163934426229,0.3448275862068966,0.1908196721311475
8651,Sweden,Loss,0.5377358490566038,0.45233463035019456,0.3160377358490566,0.169260700389105
8657,Belgium,Win,0.38738738738738737,0.6123822341857336,0.3378378378378378,
8657,England,Loss,0.375,0.6104594330400782,0.3571428571428571,0.2297165200391006
9602,Barcelona,Win,0.3682170542635659,0.5360721442885772,0.3488372093023256,0.2244488977955911
9602,Getafe,Loss,0.55625,0.4457409568261377,0.2875,0.0676779463243874
9620,Barcelona,Win,0.33043478260869563,0.6404066073697586,0.3695652173913043,
9620,Girona,Loss,0.4098360655737705,0.5158878504672897,0.3770491803278688,0.3635514018691588
9695,Barcelona,Draw,0.4108527131782946,0.5618279569892473,0.2015503875968992,
9695,Valencia,Draw,0.45604395604395603,0.5873983739837398,0.2252747252747252,
9783,Barcelona,Draw,0.44813278008298757,0.486827661909989,0.2489626556016597,0.2788144895718989
9783,Espanyol,Draw,0.5319148936170213,0.4658753709198813,0.2411347517730496,
9827,Barcelona,Draw,0.3112033195020747,0.5714285714285714,0.2116182572614107,
9827,Las Palmas,Draw,0.48366013071895425,0.5831578947368421,0.2418300653594771,0.091578947368421
9889,Barcelona,Draw,0.41284403669724773,0.436,0.2064220183486238,0.25
9889,Celta Vigo,Draw,0.48739495798319327,0.37212643678160917,0.407563025210084,0.1875
16073,Atlético Madrid,Draw,0.4838709677419355,0.3133004926108374,0.2709677419354839,0.205911330049261
16073,Barcelona,Draw,0.36213991769547327,0.39865771812080536,0.2880658436213992,0.2214765100671141
16079,Barcelona,Win,0.4106280193236715,0.4642683519688867,0.2415458937198067,0.2153621779290228
16079,Villarreal,Loss,0.4861878453038674,0.4987633965375103,0.2430939226519337,0.201154163231657
16109,Barcelona,Win,0.38009049773755654,0.5290841584158416,0.2398190045248869,0.1875
16109,Celta Vigo,Loss,0.42857142857142855,0.5818422796554009,0.2275132275132275,0.0556660039761431
16120,Barcelona,Win,0.37407407407407406,0.49303996407723394,0.2851851851851852,0.2388863942523574
16120,Getafe,Loss,0.5035971223021583,0.4503597122302158,0.3309352517985611,
16131,Barcelona,Win,0.36904761904761907,0.5494565217391304,0.2857142857142857,0.1565217391304348
16131,Eibar,Loss,0.5544554455445545,0.5701892744479495,0.3663366336633663,0.112776025236593
16196,Barcelona,Win,0.3333333333333333,0.40385812072184196,0.215962441314554,0.2252644679527069
16196,Real Madrid,Loss,0.42410714285714285,0.433112582781457,0.2723214285714285,0.2834437086092715
16240,Barcelona,Draw,0.4057377049180328,0.48206599713055953,0.2008196721311475,0.228598756575801
16240,Villarreal,Draw,0.4268292682926829,0.5238589211618258,0.3414634146341463,0.1566390041493776
18235,Bayern Munich,Loss,0.36826347305389223,0.6790190735694823,0.3263473053892216,
18235,Inter Milan,Win,0.327683615819209,0.42045454545454547,0.2033898305084746,0.1452020202020202
18245,Liverpool,Loss,0.5612903225806452,0.47219413549039435,0.2645161290322581,0.2093023255813953
18245,Real Madrid,Win,0.5130434782608696,0.48373333333333335,0.2826086956521739,0.3317333333333333
19714,Chelsea FCW,Draw,0.4892703862660944,0.4533333333333333,0.2317596566523605,0.1541666666666666
19714,Manchester City WFC,Draw,0.3925925925925926,0.44312630844382417,0.3074074074074074,0.2505233775296581
19725,Brighton & Hove Albion WFC,Loss,0.5320754716981132,0.3906030855539972,0.3018867924528302,0.2959326788218794
19725,Liverpool WFC,Win,0.5887445887445888,0.32809611829944546,0.2727272727272727,0.2726432532347504
19727,Birmingham City WFC,Win,0.5257731958762887,0.4440203562340967,0.2938144329896907,0.1017811704834605
19727,Reading WFC,Loss,0.46619217081850534,0.40957886044591246,0.3487544483985765,0.213047068538398
19747,Manchester City WFC,Draw,0.5413533834586466,0.445480631276901,0.2481203007518796,0.2202295552367288
19747,Reading WFC,Draw,0.4068627450980392,0.3902671755725191,0.230392156862745,0.183206106870229
19754,Arsenal WFC,Win,0.40236686390532544,0.5544871794871795,0.4053254437869822,0.1978021978021978
19754,Liverpool WFC,Loss,0.5477707006369427,0.45157068062827227,0.2738853503184713,0.1413612565445026
19761,Bristol City WFC,Win,0.53,0.24969987995198079,0.26,0.2941176470588234
19761,Liverpool WFC,Loss,0.6577777777777778,0.38,0.2933333333333333,0.2339130434782608
19763,Birmingham City WFC,Win,0.3722943722943723,0.6268093140339837,0.2727272727272727,0.1076148521082441
19763,West Ham United LFC,Loss,0.46842105263157896,0.44202180376610506,0.3631578947368421,0.1833498513379583
19767,Everton LFC,Loss,0.46551724137931033,0.5667351129363449,0.3318965517241379,0.1067761806981519
19767,Reading WFC,Win,0.44274809160305345,0.52099533437014,0.3167938931297709,0.1026438569206843
19769,Brighton & Hove Albion WFC,Loss,0.5526315789473685,0.5269814502529511,0.2719298245614035,0.16441821247892058
19769,West Ham United LFC,Win,0.5921052631578947,0.44763513513513514,0.2719298245614035,0.1706081081081081
19770,Arsenal WFC,Loss,0.44360902255639095,0.5327573794096472,0.3082706766917293,0.21238300935925108
19770,Manchester City WFC,Win,0.38636363636363635,0.39473684210526316,0.2818181818181818,0.27558479532163727
19774,Bristol City WFC,Win,0.44,0.4984552008238929,0.2666666666666666,0.1153450051493305
19774,Everton LFC,Loss,0.6159695817490495,0.4135115070527097,0.2699619771863117,0.1766889383815887
19782,Birmingham City WFC,Win,0.515625,0.33768844221105526,0.34375,0.29045226130653257
19782,Reading WFC,Loss,0.47474747474747475,0.37362637362637363,0.2525252525252525,0.38095238095238093
19784,Brighton & Hove Albion WFC,Draw,0.5915492957746479,0.3438368860055607,0.3708920187793427,0.30583873957367924
19784,Everton LFC,Draw,0.6084905660377359,0.5484171322160148,0.4009433962264151,0.0716945996275605
19785,Arsenal WFC,Loss,0.5821596244131455,0.6011146496815286,0.2488262910798122,0.1122611464968152
19785,Chelsea FCW,Win,0.6276150627615062,0.4727551803530315,0.2970711297071129,0.1634689178818112
19787,Birmingham City WFC,Loss,0.5017667844522968,0.5015556938394524,0.2826855123674912,0.1817050404480398
19787,Bristol City WFC,Win,0.5286624203821656,0.3474025974025974,0.2802547770700637,0.1899350649350649
19789,Birmingham City WFC,Win,0.5263157894736842,0.4006092916984006,0.2583732057416268,0.2703731911652703
19789,Chelsea FCW,Loss,0.5371024734982333,0.513681592039801,0.2862190812720848,0.2077114427860696
19793,Liverpool WFC,Win,0.5466666666666666,0.5106796116504855,0.2266666666666666,0.1145631067961165
19793,West Ham United LFC,Loss,0.5551948051948052,0.4974715549936789,0.2857142857142857,0.1580278128950695
19795,Reading WFC,Loss,0.44398340248962653,0.5284191829484902,0.2697095435684647,
19795,West Ham United LFC,Win,0.536036036036036,0.36926360725720386,0.3063063063063063,0.2422625400213447
19796,Birmingham City WFC,Loss,0.47419354838709676,0.6838383838383838,0.3548387096774194,0.0787878787878787
19796,Brighton & Hove Albion WFC,Win,0.4928909952606635,0.48478260869565215,0.2938388625592417,
19803,Everton LFC,Win,0.441025641025641,0.6624015748031497,0.3282051282051282,0.171259842519685
19803,West Ham United LFC,Loss,0.5308056872037915,0.43663366336633663,0.2511848341232227,0.1831683168316831
19817,Everton LFC,Win,0.5577889447236181,0.3244019138755981,0.3266331658291457,0.2918660287081339
19817,Reading WFC,Loss,0.4959349593495935,0.35247524752475246,0.2439024390243902,0.3188118811881187
19821,Arsenal WFC,Win,0.537117903930131,0.5841446453407511,0.2925764192139738,0.1022253129346314
19821,Manchester City WFC,Loss,0.43243243243243246,0.5402379286214136,0.2747747747747748,0.1252624212736179
22912,Liverpool,Win,0.4574468085106383,0.4323699421965318,0.3723404255319149,0.1757225433526011
22912,Tottenham Hotspur,Loss,0.42016806722689076,0.494006309148265,0.2436974789915966,0.1924290220820189
22924,Nigeria Women's,Loss,0.6218905472636815,0.33153928955866524,0.308457711442786,0.3207750269106566
22924,Norway Women's,Win,0.4262295081967213,0.37416974169741696,0.2868852459016393,0.2413284132841328
22940,Argentina Women's,Draw,0.6114649681528662,0.3188585607940447,0.3184713375796178,0.1488833746898263
22940,Japan Women's,Draw,0.4338235294117647,0.49214145383104124,0.3933823529411764,0.1866404715127701
22945,Korea Republic Women's,Loss,0.42570281124497994,0.4169259489732421,0.2570281124497992,0.3341630367143746
22945,Nigeria Women's,Win,0.3872832369942196,0.46258503401360546,0.2485549132947976,0.2018140589569161
22981,Korea Republic Women's,Loss,0.5238095238095238,0.5515961395694136,0.3073593073593073,
22981,Norway Women's,Win,0.32954545454545453,0.3619957537154989,0.2670454545454545,0.2377919320594479
68320,Barcelona,Win,0.5371428571428571,0.3457364341085271,0.2971428571428571,0.2589147286821705
68320,Villarreal,Loss,0.5076923076923077,0.324212271973466,0.2153846153846154,0.36815920398009944
68326,Barcelona,Win,0.403921568627451,0.45007602635580335,0.2784313725490196,0.2868727825646224
68326,Celta Vigo,Loss,0.5023255813953489,0.4896755162241888,0.227906976744186,0.1209439528023598
68330,Barcelona,Loss,0.3359683794466403,0.4288343558282209,0.2411067193675889,0.2460122699386503
68330,Real Madrid,Win,0.3496932515337423,0.34486607142857145,0.2576687116564417,0.2265624999999999
68331,Barcelona,Win,0.3992248062015504,0.4538595473012188,0.3062015503875969,0.2576900754497969
68331,Real Zaragoza,Loss,0.514792899408284,0.26970033296337403,0.3609467455621302,0.2275249722530521
68341,Barcelona,Win,0.4605263157894737,0.5297318305479984,0.2236842105263158,0.2452390205985231
68341,Recreativo Huelva,Loss,0.3697916666666667,0.5852216748768473,0.2708333333333333,
68344,Canada Women's,Loss,0.4095238095238095,0.5801704105344694,0.2666666666666666,0.0255615801704105
68344,Netherlands Women's,Win,0.39790575916230364,0.5298804780876494,0.2827225130890052,0.1920318725099601
69171,Barcelona,Win,0.41911764705882354,0.45765563656758274,0.3713235294117647,0.2299495232753785
69171,Sevilla,Loss,0.49760765550239233,0.5036344755970924,0.215311004784689,0.1370716510903426
69179,Barcelona,Loss,0.3065134099616858,0.5464044253226797,0.2720306513409962,0.1727105101413645
69179,Real Zaragoza,Win,0.4358974358974359,0.3840186190845617,0.2478632478632478,0.2211016291698991
69180,Barcelona,Draw,0.39805825242718446,0.4561991383437051,0.2686084142394822,0.2680708472953566
69180,Racing Santander,Draw,0.5113636363636364,0.2526595744680851,0.3125,0.2074468085106383
69182,Barcelona,Win,0.36693548387096775,0.5012406947890818,0.4153225806451613,0.2506203473945409
69182,Real Zaragoza,Loss,0.43119266055045874,0.5400728597449909,0.2339449541284403,
69191,China PR Women's,Loss,0.5366795366795367,0.2896039603960396,0.2471042471042471,0.2691831683168317
69191,Italy Women's,Win,0.4630541871921182,0.40537745604963804,0.2758620689655172,0.2740434332988624
69208,Germany Women's,Loss,0.4409448818897638,0.42893240682248895,0.2086614173228346,0.1699305116866708
69208,Sweden Women's,Win,0.4175257731958763,0.5280777537796977,0.2783505154639175,0.0896328293736501
69217,Barcelona,Draw,0.5282258064516129,0.41766109785202865,0.3185483870967742,0.2171837708830549
69217,Villarreal,Draw,0.44565217391304346,0.3856041131105398,0.233695652173913,0.3941730934018852
69233,Barcelona,Win,0.4908424908424908,0.4620793571069814,0.3186813186813186,0.2536413862380713
69233,Racing Santander,Loss,0.436046511627907,0.31079717457114026,0.2383720930232558,0.3168516649848637
69235,Barcelona,Win,0.4660633484162896,0.31891348088531185,0.3031674208144796,0.2635814889336016
69235,Málaga,Loss,0.5355450236966824,0.4821664464993395,0.3412322274881517,0.107001321003963
69237,Atlético Madrid,Win,0.4489795918367347,0.2302439024390244,0.2857142857142857,0.1824390243902439
69237,Barcelona,Loss,0.35877862595419846,0.4238952536824877,0.2671755725190839,0.2684124386252046
69240,Barcelona,Win,0.4494949494949495,0.33493479752916955,0.3232323232323232,0.2594371997254633
69240,Getafe,Loss,0.545045045045045,0.4426450742240216,0.2612612612612612,0.3218623481781375
69245,Barcelona,Draw,0.2612244897959184,0.4547738693467337,0.2938775510204082,0.2964824120603015
69245,Real Madrid,Draw,0.3870967741935484,0.3590462833099579,0.2258064516129032,0.1837307152875175
69271,Barcelona,Win,0.4689655172413793,0.48717948717948717,0.2551724137931034,0.2243589743589743
69271,Osasuna,Loss,0.5760869565217391,0.4933171324422843,0.3478260869565217,0.1105710814094775
69272,Barcelona,Draw,0.24382716049382716,0.5457373988799005,0.345679012345679,0.2507778469197262
69272,Levante UD,Draw,0.46825396825396826,0.31347962382445144,0.2222222222222222,0.225705329153605
69280,Barcelona,Win,0.40186915887850466,0.49222177901874753,0.2959501557632398,0.2397287594734742
69280,RC Deportivo La Coruña,Loss,0.5064102564102564,0.4812108559498956,0.2884615384615384,0.1325678496868476
69286,Barcelona,Win,0.41568627450980394,0.5015495867768595,0.2941176470588235,0.2040289256198347
69286,Racing Santander,Loss,0.48677248677248675,0.6097987751531059,0.2433862433862433,
69287,Barcelona,Loss,0.4342857142857143,0.5470967741935484,0.2742857142857143,0.22150537634408599
69287,Hércules,Win,0.4472049689440994,0.27015558698727016,0.2795031055900621,0.3026874115983026
69292,Atlético Madrid,Loss,0.4230769230769231,0.38197767145135564,0.2252747252747252,0.37559808612440193
69292,Barcelona,Win,0.4489795918367347,0.4909297052154195,0.2938775510204082,0.2233560090702948
69301,England Women's,Loss,0.5072992700729927,0.5262828535669587,0.2773722627737226,0.2290362953692115
69301,Sweden Women's,Win,0.504950495049505,0.483402489626556,0.2376237623762376,0.1192946058091285
69304,Barcelona,Win,0.3993055555555556,0.4542821679768308,0.2326388888888889,0.2759619362846504
69304,Villarreal,Loss,0.5243243243243243,0.5463414634146342,0.2972972972972973,0.0712195121951219
69319,Barcelona,Draw,0.3305785123966942,0.4435857805255023,0.256198347107438,0.2921174652241113
69319,Real Betis,Draw,0.5024154589371981,0.36153846153846153,0.2415458937198067,0.2269230769230769
70287,Barcelona,Loss,0.3521739130434783,0.44152854511970535,0.2130434782608695,0.2334254143646408
70287,Real Sociedad,Win,0.4567901234567901,0.48869752421959095,0.2469135802469135,0.0968783638320775
70296,Atlético Madrid,Loss,0.4900662251655629,0.4538922155688623,0.23841059602649,0.0934131736526946
70296,Barcelona,Win,0.43416370106761565,0.484393063583815,0.3202846975088968,0.2824662813102119
70300,Barcelona,Draw,0.25806451612903225,0.42023346303501946,0.3317972350230415,0.2908560311284047
70300,Real Madrid,Draw,0.4528301886792453,0.321978021978022,0.2075471698113207,0.3197802197802197
70304,Barcelona,Win,0.28174603174603174,0.4374735057227639,0.2817460317460317,0.3340398473929631
70304,RC Deportivo La Coruña,Loss,0.34054054054054056,0.3475887170154686,0.2918918918918919,0.2848043676069153
70309,Barcelona,Win,0.34901960784313724,0.5034722222222222,0.2352941176470588,0.2413194444444444
70309,Real Zaragoza,Loss,0.45348837209302323,0.5832012678288431,0.25,0.0919175911251981
265830,Atlético Madrid,Draw,0.5136612021857924,0.2741273100616016,0.2185792349726776,0.2186858316221765
265830,Barcelona,Draw,0.3203125,0.4698681732580038,0.29296875,0.3540489642184557
266160,Barcelona,Win,0.46691176470588236,0.4415862808145766,0.2389705882352941,0.2181136120042872
266160,Levante UD,Loss,0.4619883040935672,0.4225028702640643,0.2456140350877192,0.1963260619977037
266256,Atlético Madrid,Draw,0.5393939393939394,0.48342857142857143,0.2545454545454545,
266256,Barcelona,Draw,0.3769230769230769,0.5465049104563836,0.2269230769230769,0.23165800115540142
266467,Barcelona,Loss,0.31275720164609055,0.40949759119064005,0.3004115226337449,0.2050929112181693
266467,Celta Vigo,Win,0.42995169082125606,0.431740614334471,0.2318840579710145,0.0281569965870307
266603,Barcelona,Loss,0.259927797833935,0.5343183984747378,0.3321299638989169,0.2106768350810295
266603,Real Valladolid,Win,0.49079754601226994,0.3527080581241744,0.2392638036809816,
266874,Athletic Club,Loss,0.44607843137254904,0.5885129819040126,0.2401960784313725,0.0786782061369
266874,Barcelona,Win,0.4155844155844156,0.5023537323470074,0.2251082251082251,0.1042367182246133
266961,Barcelona,Draw,0.4119718309859155,0.41473783656117147,0.2992957746478873,0.2862541332073689
266961,RC Deportivo La Coruña,Draw,0.4397905759162304,0.36057201225740554,0.2198952879581152,0.3421859039836567
267076,Barcelona,Draw,0.3333333333333333,0.47714808043875684,0.2523809523809524,0.2352224253503961
267076,Real Madrid,Draw,0.46601941747572817,0.5933908045977011,0.2233009708737864,0.1321839080459769
267502,Athletic Club,Draw,0.45701357466063347,0.5534995977473853,0.2307692307692307,0.0691874497184231
267502,Barcelona,Draw,0.3629032258064516,0.40951339529797703,0.2459677419354838,0.2722799343903772
267576,Atlético Madrid,Loss,0.6231884057971014,0.46964490263459335,0.2826086956521739,
267576,Barcelona,Win,0.4603174603174603,0.5340855665256229,0.3095238095238095,0.1965209214856605
267660,Barcelona,Loss,0.2920634920634921,0.5162966461974492,0.4634920634920635,0.1733585262163438
267660,RC Deportivo La Coruña,Win,0.4,0.4394977168949772,0.2285714285714285,0.1415525114155251
267675,Barcelona,Win,0.403921568627451,0.4509415262636274,0.2588235294117647,0.2784935579781962
267675,Sevilla,Loss,0.4311377245508982,0.358974358974359,0.2275449101796407,0.3351648351648351
303400,Barcelona,Loss,0.39015151515151514,0.6285148514851485,0.4545454545454545,0.219009900990099
303400,Valencia,Win,0.42758620689655175,0.4531422271223815,0.2551724137931034,0.1907386990077177
303430,Barcelona,Win,0.4127659574468085,0.47333333333333333,0.3191489361702128,0.2384615384615384
303430,Villarreal,Loss,0.3981042654028436,0.42445054945054944,0.3459715639810427,0.3042582417582417
303470,Barcelona,Loss,0.3147410358565737,0.5812053115423902,0.2749003984063745,0.0255362614913176
303470,Real Madrid,Win,0.545,0.44407233757535164,0.29,0.2377762893503014
303473,Barcelona,Win,0.3784860557768924,0.4496567505720824,0.2231075697211155,0.2202517162471396
303473,Sevilla,Loss,0.5136363636363637,0.4324734446130501,0.3318181818181818,0.3057663125948406
303524,Atlético Madrid,Loss,0.5121951219512195,0.307177033492823,0.2682926829268293,0.2755980861244019
303524,Barcelona,Win,0.37349397590361444,0.5281488549618321,0.3253012048192771,0.2189885496183206
303596,Barcelona,Draw,0.3333333333333333,0.48350398179749715,0.2786069651741293,0.2104664391353811
303596,Real Madrid,Draw,0.4326923076923077,0.44066749072929545,0.2451923076923076,0.3454882571075401
303674,Barcelona,Draw,0.35135135135135137,0.38447488584474887,0.3088803088803089,0.2232876712328767
303674,Sevilla,Draw,0.5376884422110553,0.5058724832214765,0.2512562814070351,0.2130872483221476
2275036,Everton LFC,Win,0.5797101449275363,0.42857142857142855,0.3091787439613526,0.1463700234192037
2275036,Reading WFC,Loss,0.5743801652892562,0.5086655112651647,0.3140495867768595,0.2417677642980935
2275083,Birmingham City WFC,Loss,0.4868421052631579,0.47030716723549487,0.4035087719298245,0.1419795221843003
2275083,Bristol City WFC,Win,0.5187165775401069,0.5552083333333333,0.2887700534759358,
2275105,Chelsea FCW,Draw,0.463519313304721,0.5458745874587458,0.3562231759656652,0.2448844884488448
2275105,Manchester City WFC,Draw,0.509009009009009,0.6720183486238532,0.2927927927927928,
2275116,Liverpool WFC,Loss,0.44086021505376344,0.44424620874219445,0.2204301075268817,0.231935771632471
2275116,Manchester City WFC,Win,0.4538152610441767,0.5907873594001071,0.357429718875502,0.1478307445099089
2275120,Birmingham City WFC,Loss,0.45714285714285713,0.3851261620185923,0.2653061224489796,0.3313413014608233
2275120,Everton LFC,Win,0.5575757575757576,0.4819277108433735,0.296969696969697,0.1686746987951807
2275136,Manchester City WFC,Win,0.5040983606557377,0.4351320321469575,0.4262295081967213,0.24052812858783001
2275136,Manchester United,Loss,0.5051546391752577,0.5371428571428571,0.2371134020618556,0.14952380952380942
2275144,Everton LFC,Loss,0.6502463054187192,0.5220243673851921,0.3300492610837438,0.1396438612933458
2275144,Manchester United,Win,0.59375,0.3006993006993007,0.2552083333333333,0.3026973026973026
2275157,Manchester United,Win,0.518324607329843,0.2776381909547739,0.2722513089005235,0.2701005025125628
2275157,Reading WFC,Loss,0.46632124352331605,0.5212962962962963,0.3056994818652849,0.125
3749117,Arsenal,Draw,0.3562753036437247,0.4984567901234568,0.2064777327935222,
3749117,Everton,Draw,0.4188034188034188,0.42446709916589437,0.2649572649572649,0.1723818350324374
3749448,Arsenal,Win,0.4637096774193548,0.5980042765502495,0.2298387096774193,
3749448,Liverpool,Loss,0.5337078651685393,0.5650364203954215,0.3146067415730337,
3749603,Arsenal,Win,0.4669421487603306,0.6163475699558174,0.2975206611570248,
3749603,Fulham,Loss,0.5172413793103449,0.2688330871491876,0.3275862068965517,0.3604135893648449
3750201,Barcelona,Win,0.40186915887850466,0.3882270497547302,0.2429906542056074,0.3090399439383322
3750201,Manchester United,Loss,0.43243243243243246,0.5643024162120032,0.2882882882882883,0.0888542478565861
3750240,Fiorentina,Win,0.43555555555555553,0.544290288153682,0.2355555555555555,
3750240,Manchester United,Loss,0.4551083591331269,0.5897720956086715,0.2693498452012384,
3750248,Athletic Club,Win,0.4716981132075472,0.41278065630397237,0.2389937106918239,0.1018998272884283
3750248,Barcelona,Loss,0.4008097165991903,0.5744514106583072,0.2793522267206478,
3752619,AS Monaco,Loss,0.5204460966542751,0.5174625801853172,0.2676579925650557,0.1646471846044191
3752619,FC Porto,Win,0.5619469026548672,0.37488457987072943,0.2566371681415929,0.3361034164358263
3753976,Arsenal,Loss,0.4532871972318339,0.5878594249201278,0.259515570934256,0.1155484558040468
3753976,Swansea City,Win,0.4846938775510204,0.4208298052497883,0.2346938775510204,0.3293818797629127
3753978,Southampton,Win,0.4088888888888889,0.5199306759098787,0.1955555555555555,0.108318890814558
3753978,Swansea City,Loss,0.37358490566037733,0.4647802528597231,0.260377358490566,0.4286574352799518
3753981,Aston Villa,Win,0.5040322580645161,0.4394856278366112,0.2661290322580645,0.2534039334341906
3753981,Crystal Palace,Loss,0.4537037037037037,0.38595106550907654,0.25,0.2809786898184688
3753985,Liverpool,Win,0.46443514644351463,0.5223463687150838,0.2133891213389121,0.17178770949720662
3753985,Stoke City,Loss,0.51931330472103,0.6110659072416599,0.3090128755364807,0.1041497152156224
3754002,Leicester City,Win,0.568075117370892,0.33357664233576645,0.2582159624413145,0.2357664233576642
3754002,Newcastle United,Loss,0.4647887323943662,0.537546468401487,0.2347417840375587,0.1063197026022304
3754005,Newcastle United,Loss,0.4260089686098655,0.26334208223972005,0.2242152466367713,0.3254593175853018
3754005,Stoke City,Win,0.48518518518518516,0.5628491620111732,0.2666666666666666,0.1270949720670391
3754007,Stoke City,Loss,0.4217391304347826,0.5160567587752054,0.2652173913043478,0.1672890216579536
3754007,West Bromwich Albion,Win,0.47685185185185186,0.6180555555555556,0.2962962962962963,0.0402777777777777
3754010,Newcastle United,Loss,0.4755700325732899,0.5019354838709678,0.250814332247557,0.1767741935483871
3754010,Watford,Win,0.3979591836734694,0.43545279383429675,0.2602040816326531,
3754011,Manchester United,Win,0.4246575342465753,0.6253635834787667,0.228310502283105,0.0977312390924956
3754011,Southampton,Loss,0.4846938775510204,0.3559322033898305,0.25,0.3152542372881355
3754014,Manchester United,Loss,0.44052863436123346,0.3061527057079318,0.224669603524229,0.3565604151223128
3754014,Stoke City,Win,0.44505494505494503,0.26403326403326405,0.2417582417582417,0.35446985446985435
3754015,Manchester City,Draw,0.44565217391304346,0.541095890410959,0.2771739130434782,0.1070205479452054
3754015,Manchester United,Draw,0.5546875,0.6057866184448463,0.24609375,0.1115129596142254
3754022,Crystal Palace,Win,0.5507246376811594,0.4297606659729448,0.2125603864734299,0.2310093652445369
3754022,Norwich City,Loss,0.4845360824742268,0.47592385218365063,0.2577319587628865,0.1231802911534154
3754024,Newcastle United,Win,0.5911602209944752,0.4507531865585168,0.2651933701657458,0.115874855156431
3754024,Swansea City,Loss,0.5277777777777778,0.6722222222222223,0.373015873015873,0.0407407407407407
3754026,Crystal Palace,Win,0.4264705882352941,0.5588235294117647,0.230392156862745,0.1282679738562091
3754026,Stoke City,Loss,0.3333333333333333,0.34782608695652173,0.208955223880597,0.2584541062801932
3754034,Everton,Win,0.45535714285714285,0.4982758620689655,0.2008928571428571,0.1482758620689655
3754034,Southampton,Loss,0.49224806201550386,0.6334745762711864,0.3062015503875969,0.086864406779661
3754044,Manchester United,Loss,0.4964788732394366,0.6185567010309279,0.2394366197183098,0.0982094411285946
3754044,Norwich City,Win,0.47058823529411764,0.4525205158264947,0.2058823529411764,0.2157092614302461
3754050,Crystal Palace,Draw,0.4688995215311005,0.4449818621523579,0.2057416267942583,0.1112454655380894
3754050,Sunderland,Draw,0.42386831275720166,0.4027576197387518,0.1975308641975308,0.2249637155297532
3754052,Norwich City,Win,0.6157407407407407,0.2541484716157205,0.2777777777777778,0.2183406113537118
3754052,West Bromwich Albion,Loss,0.4794520547945205,0.4914448669201521,0.2876712328767123,0.1007604562737642
3754061,Chelsea,Draw,0.405982905982906,0.47133283693224126,0.2393162393162393,0.1087118391660461
3754061,Stoke City,Draw,0.4074074074074074,0.5624558927311221,0.2139917695473251,0.1192660550458715
3754074,Swansea City,Draw,0.5255813953488372,0.4001713796058269,0.2976744186046511,0.2596401028277634
3754074,Tottenham Hotspur,Draw,0.4765625,0.38824333561175667,0.23046875,0.3164730006835269
3754083,Chelsea,Loss,0.4249084249084249,0.6040070713022981,0.282051282051282,0.0860341779611078
3754083,Crystal Palace,Win,0.44680851063829785,0.43995859213250516,0.2127659574468085,0.1335403726708074
3754084,Aston Villa,Draw,0.5748987854251012,0.3647752394988946,0.2672064777327935,0.2866617538688283
3754084,West Bromwich Albion,Draw,0.5026737967914439,0.46557759626604434,0.2406417112299465,0.1295215869311552
3754088,Manchester United,Draw,0.505,0.35891286970423664,0.235,0.3125499600319744
3754088,Newcastle United,Draw,0.4279661016949153,0.39111111111111113,0.3771186440677966,0.33587301587301577
3754090,Newcastle United,Draw,0.3651452282157676,0.29632525410476934,0.2365145228215767,0.2181391712275215
3754090,Stoke City,Draw,0.4166666666666667,0.4775613886536833,0.2592592592592592,0.1414055884843353
3754093,Chelsea,Draw,0.5656565656565656,0.4448563484708063,0.2474747474747475,0.1028730305838739
3754093,Tottenham Hotspur,Draw,0.5350553505535055,0.5009771986970684,0.2915129151291513,0.3648208469055374
3754097,Manchester United,Win,0.5,0.4723684210526316,0.2589285714285714,0.1914473684210525
3754097,Tottenham Hotspur,Loss,0.5344827586206896,0.39327385037748797,0.2801724137931034,0.29993136582017843
3754101,Norwich City,Win,0.5911330049261084,0.5301764159702879,0.3399014778325123,0.1272051996285979
3754101,Southampton,Loss,0.5414847161572053,0.5797413793103449,0.2314410480349345,0.1336206896551724
3754103,Chelsea,Draw,0.5521235521235521,0.5462857142857143,0.2548262548262548,0.1417142857142857
3754103,Watford,Draw,0.4409090909090909,0.45355587808417996,0.2409090909090909,0.3047895500725688
3754106,Aston Villa,Loss,0.5309734513274337,0.5211267605633803,0.2610619469026549,0.19483568075117358
3754106,Leicester City,Win,0.45217391304347826,0.5610328638497653,0.2521739130434782,
3754107,Aston Villa,Loss,0.4642857142857143,0.5357406042741342,0.2723214285714285,0.2291820191599115
3754107,Manchester United,Win,0.47560975609756095,0.48034398034398035,0.2682926829268293,0.2002457002457002
3754108,Chelsea,Loss,0.37735849056603776,0.5065934065934066,0.2113207547169811,0.1434065934065934
3754108,Sunderland,Win,0.4,0.39289558665231433,0.1894736842105263,0.2346609257265877
3754111,Arsenal,Loss,0.38626609442060084,0.5743626062322946,0.2360515021459227,0.0722379603399433
3754111,Chelsea,Win,0.4155844155844156,0.5052307692307693,0.2164502164502164,0.1532307692307692
3754112,Newcastle United,Draw,0.5482625482625483,0.4038208168642951,0.2664092664092664,0.27931488801054
3754112,Southampton,Draw,0.41414141414141414,0.32722513089005234,0.2323232323232323,0.3621291448516578
3754116,Chelsea,Loss,0.3707482993197279,0.6291955247735749,0.272108843537415,0.0985615343633457
3754116,Swansea City,Win,0.4166666666666667,0.4909688013136289,0.2037037037037037,0.1116584564860427
3754120,Southampton,Win,0.42138364779874216,0.6269146608315098,0.2955974842767295,0.1892778993435448
3754120,West Ham United,Loss,0.47186147186147187,0.71078114912847,0.2943722943722944,0.0839251129761136
3754121,AFC Bournemouth,Draw,0.6512605042016807,0.4065180102915952,0.3109243697478991,0.1963979416809605
3754121,Watford,Draw,0.6105263157894737,0.37969094922737306,0.2473684210526315,0.3289183222958056
3754130,Aston Villa,Loss,0.5248868778280543,0.5723738626964433,0.2579185520361991,0.108354011579818
3754130,Norwich City,Win,0.46153846153846156,0.5198863636363636,0.2259615384615384,0.1287878787878787
3754133,Norwich City,Loss,0.5531135531135531,0.5208475734791524,0.2893772893772894,0.1790840738209159
3754133,West Bromwich Albion,Win,0.5046728971962616,0.48346636259977194,0.2383177570093458,
3754140,Everton,Draw,0.40186915887850466,0.4166666666666667,0.2009345794392523,0.2183641975308642
3754140,Tottenham Hotspur,Draw,0.3793103448275862,0.6256830601092896,0.2911877394636015,0.0907103825136612
3754143,Liverpool,Loss,0.4862068965517241,0.5544135429262395,0.2137931034482758,0.16868198307134208
3754143,Newcastle United,Win,0.4409090909090909,0.4394966118102614,0.2409090909090909,0.10551790900290409
3754146,Leicester City,Draw,0.4351464435146444,0.5726141078838174,0.2887029288702928,
3754146,Stoke City,Draw,0.5275590551181102,0.5127055306427504,0.2519685039370078,0.1255605381165919
3754150,Stoke City,Loss,0.42857142857142855,0.3178991015894955,0.29004329004329,0.3331029716655147
3754150,Sunderland,Win,0.3878504672897196,0.5297427652733119,0.2710280373831775,0.2250803858520899
3754151,Norwich City,Loss,0.5185185185185185,0.3421309872922776,0.2129629629629629,0.2512218963831866
3754151,Swansea City,Win,0.5851528384279476,0.5187207488299532,0.2838427947598253,0.1201248049921996
3754158,Swansea City,Win,0.3915094339622642,0.3993660855784469,0.2122641509433962,0.225039619651347
3754158,West Ham United,Loss,0.42152466367713004,0.5435897435897435,0.2152466367713004,0.1106227106227106
3754161,Swansea City,Win,0.5863636363636363,0.47647448641484424,0.2590909090909091,0.3227302849569251
3754161,Watford,Loss,0.5217391304347826,0.3323643410852713,0.2608695652173913,0.1957364341085271
3754163,Everton,Loss,0.4605263157894737,0.4997298757428417,0.2993421052631579,0.2004321988114532
3754163,Swansea City,Win,0.4888888888888889,0.44972288202692,0.2444444444444444,0.2311955661124307
3754165,Leicester City,Draw,0.46835443037974683,0.2098092643051771,0.2468354430379747,0.2356948228882834
3754165,Manchester United,Draw,0.5359712230215827,0.507799892415277,0.2410071942446043,0.2157073695535234
3754169,AFC Bournemouth,Win,0.49130434782608695,0.5770065075921909,0.2826086956521739,0.0911062906724512
3754169,Sunderland,Loss,0.37117903930131,0.5613747954173486,0.2620087336244541,0.0875613747954173
3754176,Crystal Palace,Draw,0.5111111111111111,0.37225274725274726,0.2222222222222222,0.1346153846153846
3754176,West Ham United,Draw,0.423728813559322,0.4611748818365969,0.2415254237288135,0.2599594868332208
3754177,AFC Bournemouth,Win,0.5,0.3882588392261508,0.2795275590551181,0.1914609739826551
3754177,Newcastle United,Loss,0.4588744588744589,0.5256124721603563,0.2424242424242424,0.0846325167037861
3754178,Aston Villa,Loss,0.5531914893617021,0.46683673469387754,0.2482269503546099,0.2404336734693877
3754178,Watford,Win,0.5512820512820513,0.5490483162518301,0.2564102564102564,
3754184,Arsenal,Win,0.36900369003690037,0.5753830944142363,0.2214022140221402,0.1334651507661888
3754184,Norwich City,Loss,0.40606060606060607,0.29152148664343785,0.2424242424242424,0.2984901277584204
3754188,Southampton,Loss,0.48214285714285715,0.5273916598528209,0.3035714285714285,0.1128372853638593
3754188,Tottenham Hotspur,Win,0.45622119815668205,0.49619611158072696,0.2672811059907834,0.1005917159763313
3754189,Southampton,Draw,0.4780701754385965,0.6425636811832375,0.293859649122807,0.1068200493015612
3754189,Watford,Draw,0.528,0.5219619326500732,0.324,0.0717423133235724
3754190,Aston Villa,Loss,0.44495412844036697,0.4105902777777778,0.2477064220183486,0.3741319444444444
3754190,Crystal Palace,Win,0.5099009900990099,0.5205992509363296,0.2722772277227723,0.1638576779026217
3754191,AFC Bournemouth,Loss,0.4182692307692308,0.6217616580310881,0.2980769230769231,0.1126943005181347
3754191,Southampton,Win,0.45145631067961167,0.5290055248618785,0.3155339805825243,0.154696132596685
3754206,Manchester City,Draw,0.4660633484162896,0.5863213811420983,0.2714932126696832,0.1088977423638778
3754206,Newcastle United,Draw,0.5317073170731708,0.4987190435525192,0.3268292682926829,0.125533731853117
3754215,Tottenham Hotspur,Draw,0.40808823529411764,0.6153381642512077,0.2647058823529412,0.0797101449275362
3754215,West Bromwich Albion,Draw,0.5195530726256983,0.38488372093023254,0.3631284916201117,0.1895348837209302
3754216,AFC Bournemouth,Loss,0.4505928853754941,0.5253122945430638,0.2134387351778656,0.165680473372781
3754216,Liverpool,Win,0.44642857142857145,0.32977303070761016,0.21875,0.3277703604806408
3754218,Crystal Palace,Win,0.5329949238578681,0.2802950474183351,0.2690355329949238,0.1791359325605901
3754218,Southampton,Loss,0.4222222222222222,0.6501572327044025,0.3866666666666666,
3754221,Manchester United,Loss,0.4852941176470588,0.4930733709594664,0.2647058823529412,0.2083119548486403
3754221,Swansea City,Win,0.4019607843137255,0.34178403755868547,0.2549019607843137,0.2741784037558684
3754223,Crystal Palace,Draw,0.44554455445544555,0.3471731448763251,0.2673267326732673,0.3409893992932861
3754223,Manchester United,Draw,0.4595744680851064,0.3624161073825503,0.2553191489361702,0.3430275913497389
3754229,Chelsea,Draw,0.47555555555555556,0.28270303781773093,0.3333333333333333,0.4066955982641041
3754229,Leicester City,Draw,0.5,0.2865248226950355,0.2654867256637168,0.36453900709219855
3754236,Crystal Palace,Loss,0.4878048780487805,0.520066889632107,0.2682926829268293,0.0836120401337792
3754236,West Bromwich Albion,Win,0.49767441860465117,0.3519924098671727,0.2604651162790697,0.2163187855787476
3754247,Southampton,Loss,0.4700854700854701,0.5628703094140882,0.2521367521367521,0.1125740618828176
3754247,Stoke City,Win,0.4528301886792453,0.5092674315975286,0.2216981132075471,0.1085613415710503
3754248,AFC Bournemouth,Draw,0.452991452991453,0.4571016582552271,0.282051282051282,0.2148521989906272
3754248,Crystal Palace,Draw,0.4824120603015075,0.3721770551038844,0.2261306532663316,0.1869918699186991
3754253,AFC Bournemouth,Loss,0.5307692307692308,0.49146110056925996,0.2576923076923076,0.2080961416824794
3754253,Arsenal,Win,0.47161572052401746,0.5339273474982865,0.2358078602620087,0.1322823851953392
3754256,Everton,Loss,0.38990825688073394,0.4785714285714286,0.4220183486238532,0.2628571428571428
3754256,Manchester United,Win,0.5478260869565217,0.32550761421319796,0.2869565217391304,0.3667512690355329
3754267,Watford,Draw,0.48863636363636365,0.6206482593037215,0.2537878787878788,0.0654261704681872
3754267,West Bromwich Albion,Draw,0.4484848484848485,0.4339622641509434,0.2727272727272727,
3754277,Everton,Loss,0.40609137055837563,0.3628076572470374,0.2233502538071066,0.2388331814038285
3754277,West Ham United,Win,0.49586776859504134,0.5097906819716408,0.2190082644628099,0.2228224172856178
3754278,AFC Bournemouth,Draw,0.6159695817490495,0.6299161831076725,0.2813688212927757,0.0786589297227595
3754278,Watford,Draw,0.5285714285714286,0.5353946297803092,0.2285714285714285,
3754280,Chelsea,Win,0.43859649122807015,0.5217983651226158,0.2324561403508772,0.1226158038147139
3754280,Norwich City,Loss,0.5185185185185185,0.3667844522968198,0.2386831275720164,0.381625441696113
3754288,Chelsea,Loss,0.40669856459330145,0.5631349782293179,0.2248803827751196,0.1081277213352684
3754288,West Ham United,Win,0.4807692307692308,0.55,0.2548076923076923,0.1129310344827586
3754293,Chelsea,Loss,0.38009049773755654,0.27808219178082194,0.2352941176470588,0.3575342465753424
3754293,Stoke City,Win,0.5079365079365079,0.2848904267589389,0.2539682539682539,0.3079584775086504
3754296,Arsenal,Win,0.47029702970297027,0.3431542461005199,0.2722772277227723,0.3743500866551125
3754296,Manchester City,Loss,0.5102040816326531,0.38979591836734695,0.2979591836734694,0.3515306122448979
3754299,Everton,Loss,0.44017094017094016,0.4044943820224719,0.2435897435897435,0.23820224719101118
3754299,Manchester United,Win,0.5579399141630901,0.4361147327249022,0.2317596566523605,0.2216427640156453
3754300,Everton,Draw,0.5392156862745098,0.6175972927241963,0.2745098039215686,0.0964467005076142
3754300,Watford,Draw,0.4810810810810811,0.29938900203665986,0.3459459459459459,0.28920570264765777
3754314,Arsenal,Draw,0.42391304347826086,0.516042780748663,0.1902173913043478,0.1114081996434937
3754314,Manchester City,Draw,0.5375,0.6015473887814313,0.2291666666666666,
3754331,Sunderland,Loss,0.4460093896713615,0.4529616724738676,0.2065727699530516,0.2073170731707317
3754331,West Ham United,Win,0.4009009009009009,0.45418950665622554,0.2432432432432432,0.2145653876272513
3754332,Tottenham Hotspur,Draw,0.47547169811320755,0.5854092526690391,0.2641509433962264,0.0794780545670225
3754332,West Bromwich Albion,Draw,0.4153846153846154,0.30604026845637583,0.2153846153846154,0.2577181208053691
3754334,AFC Bournemouth,Win,0.6086956521739131,0.3298578199052133,0.2826086956521739,0.314691943127962
3754334,Southampton,Loss,0.49514563106796117,0.5334407735697019,0.2815533980582524,0.17324738114423852
3754339,AFC Bournemouth,Loss,0.45136186770428016,0.5939435650378527,0.2957198443579766,0.0805230557467309
3754339,Stoke City,Win,0.5192307692307693,0.5582222222222222,0.2548076923076923,0.0933333333333333
3754346,Manchester City,Win,0.4956896551724138,0.5252830188679245,0.2413793103448276,0.13358490566037728
3754346,Watford,Loss,0.5227272727272727,0.4026687598116169,0.2136363636363636,0.1483516483516483
3764230,Tottenham Hotspur Women,Draw,0.5,0.5707282913165266,0.2966101694915254,0.0980392156862745
3764230,West Ham United LFC,Draw,0.5283842794759825,0.4705407586763519,0.2270742358078602,0.2146892655367231
3773466,Barcelona,Win,0.3541666666666667,0.3440986494421609,0.2239583333333333,0.3176746917204931
3773466,Celta Vigo,Loss,0.39487179487179486,0.5257890685142417,0.2871794871794871,0.22940723633564272
3773497,Barcelona,Loss,0.2992125984251969,0.674301420064132,0.3346456692913386,0.0618415025194686
3773497,Real Madrid,Win,0.47586206896551725,0.3684210526315789,0.2275862068965517,0.253227408142999
3773661,Barcelona,Win,0.4406779661016949,0.694078947368421,0.5,0.1549707602339181
3773661,Getafe,Loss,0.5583333333333333,0.43211920529801323,0.3083333333333333,0.1688741721854304
3773665,Barcelona,Win,0.3967611336032389,0.5401624548736462,0.3481781376518219,0.210740072202166
3773665,Osasuna,Loss,0.4381443298969072,0.5417680454176804,0.2319587628865979,
3775549,Birmingham City WFC,Loss,0.5157232704402516,0.3823088455772114,0.2830188679245283,0.2128935532233883
3775549,Tottenham Hotspur Women,Win,0.4804270462633452,0.5507835171213,0.4092526690391459,0.1526407428903076
3775563,Everton LFC,Loss,0.5414634146341464,0.5295815295815296,0.3560975609756097,0.1875901875901875
3775563,Manchester United,Win,0.4393939393939394,0.47556528081692195,0.2121212121212121,0.1896425966447848
3775592,Reading WFC,Draw,0.4915254237288136,0.49508196721311476,0.2711864406779661,0.2754098360655737
3775592,Tottenham Hotspur Women,Draw,0.6088888888888889,0.5926640926640927,0.3733333333333333,0.1071428571428571
3775608,Tottenham Hotspur Women,Win,0.5741626794258373,0.5606531881804043,0.3779904306220095,0.093312597200622
3775608,West Ham United LFC,Loss,0.5848214285714286,0.6318638824439289,0.4553571428571428,0.1075019334880123
3775617,Brighton & Hove Albion WFC,Win,0.46710526315789475,0.57001414427157,0.2434210526315789,0.0735502121640735
3775617,Manchester United,Loss,0.502283105022831,0.6286689419795222,0.3105022831050228,0.0866894197952218
3775633,Aston Villa,Win,0.524390243902439,0.4283746556473829,0.274390243902439,0.2148760330578512
3775633,Tottenham Hotspur Women,Loss,0.5945017182130584,0.5884749708963911,0.3058419243986254,0.1018626309662398
3775640,Manchester United,Loss,0.502262443438914,0.5647359454855196,0.2714932126696832,0.1320272572402044
3775640,Reading WFC,Win,0.42780748663101603,0.5630630630630631,0.2727272727272727,0.0369369369369369
3775653,Birmingham City WFC,Loss,0.6068965517241379,0.3800738007380074,0.2551724137931034,0.3075030750307503
3775653,Everton LFC,Win,0.5201465201465202,0.49319066147859925,0.4322344322344322,0.2524319066147859
3788753,Finland,Loss,0.4358974358974359,0.5224006762468301,0.3282051282051282,0.2704987320371936
3788753,Russia,Win,0.5645756457564576,0.679384965831435,0.4428044280442804,0.2078587699316628
3788759,England,Draw,0.5128205128205128,0.6133415688696726,0.2863247863247863,0.1408276714021
3788759,Scotland,Draw,0.5180722891566265,0.7111742424242424,0.2771084337349397,0.0757575757575757
3788764,Germany,Win,0.3869346733668342,0.6691772885283893,0.3668341708542713,0.21205098493626873
3788764,Portugal,Loss,0.5689655172413793,0.4782608695652174,0.2528735632183908,0.2132895816242822
3788772,Czech Republic,Loss,0.5804597701149425,0.617828773168579,0.2816091954022988,0.1112091791703442
3788772,England,Win,0.43564356435643564,0.6217277486910995,0.3118811881188119,0.0791884816753926
3794686,Croatia,Loss,0.46382978723404256,0.48278443113772457,0.2085106382978723,0.2013473053892215
3794686,Spain,Win,0.3944099378881988,0.5627435697583788,0.3726708074534161,0.1773187840997661
3794688,England,Win,0.4975609756097561,0.7215282880235121,0.3951219512195122,
3794688,Germany,Loss,0.3761467889908257,0.7249495628782784,0.3486238532110092,
3795109,Czech Republic,Loss,0.45416666666666666,0.51954513148543,0.275,0.1506751954513148
3795109,Denmark,Win,0.5130890052356021,0.5719591457753017,0.2617801047120419,0.2274837511606313
3795220,Italy,Draw,0.4734042553191489,0.48934356351236147,0.2819148936170212,0.1670929241261722
3795220,Spain,Draw,0.4035608308605341,0.5688578773411679,0.400593471810089,0.1792141020932794
3802795,Paris Saint-Germain,Win,0.43911439114391143,0.5664172123479888,0.2988929889298893,0.16791393826005607
3802795,Rennes,Loss,0.45652173913043476,0.48717948717948717,0.233695652173913,0.1829059829059829
3802805,OGC Nice,Win,0.5202020202020202,0.615849563465413,0.2373737373737373,
3802805,Paris Saint-Germain,Loss,0.4279475982532751,0.5329341317365269,0.3187772925764192,0.1756487025948103
3802902,Marseille,Draw,0.42452830188679247,0.6014784946236559,0.2594339622641509,0.1391129032258064
3802902,Paris Saint-Germain,Draw,0.38,0.5927960927960928,0.265,0.0708180708180708
3813265,East Bengal,Draw,0.5202702702702703,0.34067796610169493,0.277027027027027,0.2135593220338983
3813265,Mumbai City,Draw,0.5057471264367817,0.6196610169491525,0.3409961685823754,0.1138983050847457
3813272,Goa,Draw,0.47549019607843135,0.6622418879056047,0.3088235294117647,0.1231563421828908
3813272,Hyderabad,Draw,0.5426829268292683,0.5303225806451612,0.2865853658536585,0.1174193548387096
3813274,Bengaluru,Loss,0.5845070422535211,0.4457831325301205,0.3591549295774648,0.180722891566265
3813274,Mumbai City,Win,0.4024390243902439,0.6006493506493507,0.274390243902439,0.0984848484848484
3813277,Hyderabad,Win,0.5272727272727272,0.45871559633027525,0.2424242424242424,
3813277,Mumbai City,Loss,0.4780701754385965,0.660105980317941,0.3684210526315789,0.0719152157456472
3813281,ATK Mohun Bagan,Draw,0.41784037558685444,0.5776458951533135,0.244131455399061,
3813281,Chennaiyin,Draw,0.4855769230769231,0.5980015372790162,0.3653846153846153,0.2144504227517294
3813282,Kerala Blasters,Win,0.4025157232704403,0.4639905548996458,0.1949685534591195,
3813282,Mumbai City,Loss,0.5043478260869565,0.6059001512859304,0.2608695652173913,0.1074130105900151
3813284,Jamshedpur,Loss,0.5168539325842697,0.5216473072861668,0.2078651685393258,
3813284,Mumbai City,Win,0.5077720207253886,0.3322734499205087,0.2487046632124352,0.38473767885532595
3813286,Chennaiyin,Loss,0.5384615384615384,0.5334174022698613,0.2840236686390532,0.1765447667087011
3813286,Mumbai City,Win,0.4911660777385159,0.729343220338983,0.3533568904593639,0.0757415254237288
3813291,ATK Mohun Bagan,Win,0.4752475247524752,0.6499595796281326,0.4059405940594059,0.2263540824575586
3813291,East Bengal,Loss,0.4646017699115044,0.7033660589060309,0.3584070796460177,0.0974754558204768
3813299,Bengaluru,Loss,0.42105263157894735,0.44658493870402804,0.2248803827751196,0.2110332749562171
3813299,Hyderabad,Win,0.5355450236966824,0.528052805280528,0.3175355450236967,0.1144114411441144
3813300,Kerala Blasters,Win,0.5387755102040817,0.5946153846153847,0.2448979591836734,
3813300,Odisha,Loss,0.5979899497487438,0.5948434622467772,0.2412060301507537,0.0994475138121546
3813304,East Bengal,Draw,0.547486033519553,0.3053977272727273,0.2569832402234637,0.1860795454545454
3813304,Hyderabad,Draw,0.5035460992907801,0.6697923643670463,0.3049645390070922,0.0589417280643
3813307,Bengaluru,Draw,0.4713114754098361,0.5562231759656653,0.3565573770491803,0.10643776824034329
3813307,Jamshedpur,Draw,0.4779874213836478,0.4516574585635359,0.2264150943396226,0.1837016574585635
3813308,Goa,Draw,0.3510204081632653,0.7141009055627425,0.3265306122448979,0.1313065976714101
3813308,Odisha,Draw,0.49528301886792453,0.36736641221374045,0.3396226415094339,0.2633587786259542
3813309,Chennaiyin,Win,0.5192307692307693,0.3647711511789182,0.2179487179487179,0.2510402219140083
3813309,Hyderabad,Loss,0.49372384937238495,0.4790764790764791,0.2845188284518828,0.1984126984126984
3813310,East Bengal,Draw,0.41830065359477125,0.4660493827160494,0.261437908496732,0.1280864197530864
3813310,Kerala Blasters,Draw,0.47863247863247865,0.6653171390013495,0.329059829059829,
3813317,East Bengal,Loss,0.5300546448087432,0.5973904939422181,0.3278688524590163,
3813317,Odisha,Win,0.45348837209302323,0.38253477588871715,0.3023255813953488,0.3663060278207109
3813318,Mumbai City,Draw,0.39763779527559057,0.616562282533055,0.3425196850393701,0.1127348643006263
3813318,NorthEast United,Draw,0.445859872611465,0.4114713216957606,0.2165605095541401,0.1957605985037406
3817851,Kerala Blasters,Win,0.4492753623188406,0.5279593318809005,0.2463768115942029,
3817851,Odisha,Loss,0.49572649572649574,0.48650858544562553,0.2777777777777778,0.2199509403107113
3817854,ATK Mohun Bagan,Win,0.4521276595744681,0.574757281553398,0.2659574468085106,0.0699029126213592
3817854,Bengaluru,Loss,0.4852941176470588,0.5337423312883436,0.2892156862745098,0.2116564417177914
3817859,Jamshedpur,Win,0.47029702970297027,0.49236192714453586,0.3019801980198019,0.1750881316098707
3817859,NorthEast United,Loss,0.3526570048309179,0.5315555555555556,0.2705314009661835,0.37244444444444436
3817864,ATK Mohun Bagan,Draw,0.5373831775700935,0.5180722891566265,0.2336448598130841,0.1293172690763052
3817864,Mumbai City,Draw,0.425,0.5759438103599649,0.24,0.1369622475856014
3817866,Kerala Blasters,Win,0.5,0.43112244897959184,0.2470588235294117,
3817866,Mumbai City,Loss,0.45726495726495725,0.6287944492627927,0.3034188034188034,0.1621856027753685
3817872,Bengaluru,Win,0.4700460829493088,0.5045372050816697,0.2580645161290322,0.1778584392014519
3817872,Odisha,Loss,0.43147208121827413,0.5723684210526315,0.3197969543147208,0.1278195488721804
3817883,Bengaluru,Win,0.4585365853658537,0.5004476275738585,0.3268292682926829,0.1745747538048343
3817883,Jamshedpur,Loss,0.49714285714285716,0.5294117647058824,0.2514285714285714,0.0960384153661464
3817885,East Bengal,Loss,0.49444444444444446,0.5932377049180327,0.25,0.0543032786885245
3817885,Mumbai City,Win,0.5833333333333334,0.5373376623376623,0.3375,0.2029220779220779
3817892,ATK Mohun Bagan,Draw,0.46613545816733065,0.6017229953611664,0.3027888446215139,0.0947647448641484
3817892,Odisha,Draw,0.453416149068323,0.5150537634408602,0.2732919254658385,0.1129032258064516
3817894,Goa,Draw,0.38223938223938225,0.611353711790393,0.2471042471042471,0.1288209606986899
3817894,Odisha,Draw,0.46629213483146065,0.4800531914893617,0.2696629213483146,0.139627659574468
3817897,Hyderabad,Win,0.55,0.5822401614530777,0.2666666666666666,0.0938446014127144
3817897,Kerala Blasters,Loss,0.4808743169398907,0.5834018077239113,0.2622950819672131,
3817901,Jamshedpur,Win,0.573170731707317,0.44233576642335765,0.2621951219512195,0.1868613138686131
3817901,Mumbai City,Loss,0.46551724137931033,0.5768976897689769,0.3189655172413793,0.14455445544554452
3817902,East Bengal,Loss,0.46534653465346537,0.5948352626892253,0.2475247524752475,0.082813891362422
3817902,Kerala Blasters,Win,0.4807692307692308,0.5409691629955947,0.2163461538461538,
3825563,Atlético Madrid,Win,0.5191489361702127,0.5343633457645178,0.2297872340425532,0.11507725093233881
3825563,Las Palmas,Loss,0.40963855421686746,0.5125324114088159,0.3192771084337349,0.1797752808988763
3825582,Real Betis,Win,0.48026315789473684,0.5133037694013304,0.2039473684210526,
3825582,Real Sociedad,Loss,0.5384615384615384,0.592114208021754,0.2510121457489878,0.0999320190346702
3825584,Granada,Loss,0.5808080808080808,0.5136986301369864,0.2373737373737373,0.1412671232876712
3825584,Villarreal,Win,0.41624365482233505,0.46017699115044247,0.233502538071066,
3825586,Eibar,Draw,0.47804878048780486,0.492725509214355,0.2292682926829268,0.0969932104752667
3825586,Málaga,Draw,0.5521739130434783,0.5751004016064257,0.2913043478260869,0.0971887550200803
3825596,RC Deportivo La Coruña,Loss,0.516245487364621,0.6001287830006439,0.2635379061371841,0.1043142305215711
3825596,Sporting Gijón,Win,0.42391304347826086,0.5356773526370218,0.2065217391304347,
3825600,Málaga,Loss,0.5595238095238095,0.6068027210884354,0.2738095238095238,0.0972789115646258
3825600,Villarreal,Win,0.4166666666666667,0.50390625,0.2156862745098039,
3825607,Atlético Madrid,Loss,0.46875,0.6198563030698889,0.25,
3825607,Villarreal,Win,0.45217391304347826,0.6161812297734628,0.2304347826086956,
3825608,Celta Vigo,Draw,0.3841059602649007,0.5704506560182544,0.2086092715231788,0.1699942954934398
3825608,Eibar,Draw,0.4854368932038835,0.4708423326133909,0.2669902912621359,0.0226781857451403
3825610,Real Betis,Win,0.4010152284263959,0.35512510088781274,0.233502538071066,0.2808716707021791
3825610,Sporting Gijón,Loss,0.4979919678714859,0.6245210727969349,0.2449799196787148,
3825613,Celta Vigo,Draw,0.39792387543252594,0.5078787878787879,0.2629757785467128,0.2
3825613,Getafe,Draw,0.5681818181818182,0.45901639344262296,0.3125,0.1235813366960908
3825615,Espanyol,Loss,0.42570281124497994,0.5971267957526546,0.2369477911646586,0.1242973141786383
3825615,Sporting Gijón,Win,0.45320197044334976,0.6195899772209568,0.2857142857142857,0.0926347760060744
3825618,Eibar,Win,0.5247524752475248,0.4577114427860697,0.292079207920792,0.1283582089552238
3825618,Las Palmas,Loss,0.4188679245283019,0.5594170403587444,0.3547169811320754,0.2208520179372197
3825623,Málaga,Loss,0.5144230769230769,0.5397350993377483,0.2211538461538461,0.1572847682119205
3825623,Valencia,Win,0.5550239234449761,0.48996913580246915,0.3349282296650718,0.2330246913580247
3825625,Levante UD,Loss,0.5147679324894515,0.5869037995149555,0.2784810126582278,0.2037186742118027
3825625,Real Madrid,Win,0.5129151291512916,0.5351862803075104,0.2915129151291513,0.1750443524541691
3825634,Granada,Draw,0.5228426395939086,0.324974924774323,0.2233502538071066,0.2246740220661986
3825634,Real Betis,Draw,0.42616033755274263,0.5258379888268156,0.2531645569620253,0.047486033519553
3825636,Málaga,Win,0.5020576131687243,0.6192250372578242,0.2633744855967078,0.1005961251862891
3825636,RC Deportivo La Coruña,Loss,0.5224489795918368,0.5544989027066569,0.236734693877551,0.0526700804681784
3825639,Las Palmas,Draw,0.5363636363636364,0.6194427978660344,0.3090909090909091,0.1173681090693538
3825639,Villarreal,Draw,0.5270935960591133,0.5651785714285714,0.2364532019704433,
3825644,Celta Vigo,Win,0.3888888888888889,0.4336917562724014,0.235042735042735,0.2458781362007168
3825644,Real Sociedad,Loss,0.5076142131979695,0.467204843592331,0.2893401015228426,0.1352169525731584
3825652,Las Palmas,Win,0.46846846846846846,0.4980544747081712,0.2117117117117117,
3825652,Real Sociedad,Loss,0.596958174904943,0.549276361130255,0.2737642585551331,0.1233631977946244
3825654,Celta Vigo,Loss,0.41304347826086957,0.484984984984985,0.3304347826086956,0.1764264264264264
3825654,Valencia,Win,0.47904191616766467,0.3459335624284078,0.2514970059880239,0.2577319587628865
3825657,Málaga,Loss,0.45662100456621,0.6201492537313433,0.2876712328767123,0.0134328358208955
3825657,Real Betis,Win,0.5248618784530387,0.4685598377281947,0.2265193370165746,0.1348884381338742
3825659,Athletic Club,Win,0.4,0.4894859813084112,0.2324324324324324,0.1238317757009345
3825659,Espanyol,Loss,0.4951923076923077,0.5564373897707231,0.2548076923076923,0.1428571428571428
3825662,Celta Vigo,Loss,0.3861788617886179,0.6157929661579297,0.2439024390243902,0.0962176509621765
3825662,RC Deportivo La Coruña,Win,0.4388888888888889,0.5290322580645161,0.2722222222222222,0.0935483870967742
3825663,Espanyol,Win,0.48223350253807107,0.5228480340063762,0.2233502538071066,0.1402763018065887
3825663,Málaga,Loss,0.46218487394957986,0.5839260312944523,0.3025210084033613,
3825664,Real Sociedad,Win,0.5405405405405406,0.5649054142204827,0.2657657657657657,0.1180691454664057
3825664,Sevilla,Loss,0.5482233502538071,0.5493387589013224,0.2639593908629442,0.1119023397761953
3825668,Levante UD,Win,0.4563106796116505,0.421608448415922,0.1990291262135922,0.2526401299756295
3825668,Sporting Gijón,Loss,0.44,0.5972644376899696,0.356,0.1299392097264437
3825686,Athletic Club,Draw,0.49504950495049505,0.5732177263969171,0.2227722772277227,0.1136801541425818
3825686,Málaga,Draw,0.5212355212355212,0.6275395033860045,0.2702702702702703,
3825687,Espanyol,Draw,0.49159663865546216,0.5644310474755087,0.2436974789915966,0.121326299924642
3825687,Levante UD,Draw,0.4272300469483568,0.33152173913043476,0.2018779342723004,0.2536231884057971
3825696,Málaga,Win,0.5474137931034483,0.5045685279187817,0.2155172413793103,
3825696,Rayo Vallecano,Loss,0.5375494071146245,0.49953746530989823,0.2292490118577075,0.1082331174838112
3825702,Real Sociedad,Loss,0.5288135593220339,0.5216710182767624,0.2677966101694915,0.218798955613577
3825702,Villarreal,Win,0.425,0.48083941605839414,0.215,
3825713,Valencia,Loss,0.5120772946859904,0.6198003327787022,0.2270531400966183,0.192179700499168
3825713,Villarreal,Win,0.49074074074074076,0.6229007633587786,0.2546296296296296,
3825716,Rayo Vallecano,Draw,0.5652173913043478,0.3671444321940463,0.2222222222222222,0.1885336273428886
3825716,Real Sociedad,Draw,0.48878923766816146,0.47555129434324067,0.2242152466367713,0.1313518696069031
3825725,Getafe,Win,0.5818965517241379,0.5095087163232963,0.2844827586206896,0.1061806656101426
3825725,Real Betis,Loss,0.48514851485148514,0.494902687673772,0.2772277227722772,
3825733,Málaga,Loss,0.4723618090452261,0.5444664031620553,0.2261306532663316,
3825733,Sevilla,Win,0.4611872146118721,0.552366175329713,0.1917808219178082,0.1474010861132661
3825735,Real Betis,Draw,0.5176991150442478,0.5698461538461539,0.2345132743362832,0.0916923076923077
3825735,Villarreal,Draw,0.47863247863247865,0.6221322537112011,0.2948717948717949,
3825744,Espanyol,Draw,0.504950495049505,0.5616776315789473,0.3069306930693069,0.09375
3825744,Villarreal,Draw,0.4979253112033195,0.6252602359472589,0.2406639004149377,
3825745,RC Deportivo La Coruña,Draw,0.46638655462184875,0.5079239302694136,0.2184873949579832,0.1259904912836767
3825745,Valencia,Draw,0.4728682170542636,0.523312456506611,0.2403100775193798,0.1294363256784968
3825751,Athletic Club,Win,0.4517766497461929,0.5202369200394866,0.2385786802030456,0.1589338598223099
3825751,Getafe,Loss,0.5152838427947598,0.6004319654427646,0.2751091703056768,0.1065514758819294
3825758,RC Deportivo La Coruña,Draw,0.4641350210970464,0.536,0.2194092827004219,0.088
3825758,Rayo Vallecano,Draw,0.514018691588785,0.5076628352490421,0.2149532710280373,0.1178160919540229
3825766,Real Betis,Win,0.6142131979695431,0.5723140495867769,0.2131979695431472,
3825766,Valencia,Loss,0.5818181818181818,0.5301837270341208,0.2409090909090909,0.1251093613298337
3825768,Rayo Vallecano,Draw,0.525691699604743,0.6335697399527187,0.2727272727272727,0.1052009456264775
3825768,Sporting Gijón,Draw,0.5340909090909091,0.5340909090909091,0.2556818181818182,0.0929752066115702
3825770,Athletic Club,Loss,0.4215686274509804,0.6265876375952583,0.2990196078431372,0.0821337849280271
3825770,Real Madrid,Win,0.3888888888888889,0.47208931419457734,0.2264957264957265,0.2466772993088782
3825777,Getafe,Loss,0.5875,0.5584725536992841,0.2833333333333333,0.1535401750198886
3825777,Levante UD,Win,0.5282051282051282,0.44285714285714284,0.2051282051282051,
3825783,Athletic Club,Loss,0.40160642570281124,0.5700076511094109,0.2248995983935743,0.088752869166029
3825783,Real Sociedad,Win,0.5700483091787439,0.4353448275862069,0.2415458937198067,0.170258620689655
3825785,Málaga,Draw,0.5204081632653061,0.4867358708189158,0.2295918367346938,
3825785,Real Madrid,Draw,0.5450819672131147,0.48484848484848486,0.2991803278688524,0.2172791747259832
3825787,Atlético Madrid,Win,0.4662576687116564,0.4608247422680412,0.2453987730061349,
3825787,Real Madrid,Loss,0.5035460992907801,0.5673624288425048,0.2695035460992908,0.159392789373814
3825800,Celta Vigo,Draw,0.45195729537366547,0.6405433646812957,0.2562277580071174,0.1379310344827586
3825800,Villarreal,Draw,0.3837837837837838,0.4877232142857143,0.2378378378378378,
3825802,Espanyol,Loss,0.4745098039215686,0.6575907590759076,0.2784313725490196,0.0354785478547854
3825802,Real Betis,Win,0.470873786407767,0.463898916967509,0.2524271844660194,0.157942238267148
3825809,Granada,Loss,0.44298245614035087,0.6237154150197628,0.2280701754385964,
3825809,Real Betis,Win,0.5421052631578948,0.5837615621788284,0.2578947368421053,0.0174717368961973
3825815,Levante UD,Win,0.46184738955823296,0.5111308993766697,0.2489959839357429,
3825815,Valencia,Loss,0.5361702127659574,0.4585511575802838,0.2553191489361702,0.274085138162808
3825826,Granada,Draw,0.45248868778280543,0.5549180327868852,0.2307692307692307,0.101639344262295
3825826,Málaga,Draw,0.4928909952606635,0.5238879736408567,0.2180094786729857,
3825828,Atlético Madrid,Win,0.5091743119266054,0.41345365053322397,0.2614678899082568,0.2387202625102543
3825828,Espanyol,Loss,0.47345132743362833,0.5581039755351682,0.3716814159292035,0.1804281345565749
3825839,Sevilla,Loss,0.4431818181818182,0.5442321302193913,0.2159090909090909,0.1146496815286624
3825839,Sporting Gijón,Win,0.49583333333333335,0.5354523227383863,0.1916666666666666,0.1116544417277913
3825843,Málaga,Draw,0.49514563106796117,0.5812553740326741,0.2184466019417475,
3825843,Rayo Vallecano,Draw,0.4230769230769231,0.5283381364073007,0.2252747252747252,
3825847,Eibar,Draw,0.5707964601769911,0.53774385072095,0.3053097345132743,0.107718405428329
3825847,RC Deportivo La Coruña,Draw,0.5127118644067796,0.5161048689138577,0.1991525423728813,
3825848,Eibar,Draw,0.5217391304347826,0.5061391541609823,0.2826086956521739,0.1077762619372442
3825848,Levante UD,Draw,0.5330396475770925,0.6660268714011516,0.4273127753303964,0.165067178502879
3825849,Real Sociedad,Win,0.4933920704845815,0.48148148148148145,0.2158590308370044,0.1307634164777022
3825849,Valencia,Loss,0.37727272727272726,0.4737642585551331,0.2363636363636363,0.244106463878327
3825851,RC Deportivo La Coruña,Win,0.47770700636942676,0.5117021276595745,0.2420382165605095,0.1734042553191489
3825851,Villarreal,Loss,0.3882783882783883,0.6672185430463576,0.3406593406593406,
3825859,Granada,Win,0.5052631578947369,0.5179786200194364,0.2105263157894736,
3825859,Las Palmas,Loss,0.3967611336032389,0.5770975056689343,0.2145748987854251,0.1303854875283446
3825861,Rayo Vallecano,Loss,0.5484949832775919,0.620327868852459,0.2575250836120401,0.11737704918032779
3825861,Real Sociedad,Win,0.45365853658536587,0.4312849162011173,0.2341463414634146,0.1217877094972067
3825866,Athletic Club,Draw,0.46551724137931033,0.5686440677966101,0.2025862068965517,0.0932203389830508
3825866,Las Palmas,Draw,0.46484375,0.6041025641025641,0.26953125,0.1102564102564102
3825875,Real Sociedad,Draw,0.5128205128205128,0.5009369144284822,0.2521367521367521,0.1836352279825109
3825875,Villarreal,Draw,0.5077720207253886,0.5762273901808785,0.2590673575129533,
3825878,Atlético Madrid,Win,0.4973544973544973,0.5020491803278688,0.2116402116402116,
3825878,Rayo Vallecano,Loss,0.5830258302583026,0.5850480109739369,0.2656826568265683,0.0973936899862825
3825881,Espanyol,Draw,0.5531914893617021,0.49034749034749037,0.2808510638297872,0.1822393822393822
3825881,Granada,Draw,0.5079365079365079,0.5367965367965368,0.238095238095238,
3825888,Las Palmas,Draw,0.4880952380952381,0.5757743362831859,0.3373015873015873,0.1006637168141593
3825888,Valencia,Draw,0.4427083333333333,0.44809228039041704,0.2447916666666666,0.2555456965394853
3825894,Getafe,Win,0.4742268041237113,0.4457034938621341,0.2319587628865979,0.182247403210576
3825894,RC Deportivo La Coruña,Loss,0.5652173913043478,0.5478119935170178,0.2222222222222222,
3825901,Real Madrid,Win,0.3791469194312796,0.499390243902439,0.2464454976303317,0.2359756097560975
3825901,Valencia,Loss,0.4186991869918699,0.46001103143960287,0.2439024390243902,0.2857142857142857
3825902,Levante UD,Loss,0.4460093896713615,0.46682847896440127,0.2300469483568075,0.1877022653721682
3825902,Rayo Vallecano,Win,0.5101214574898786,0.5684803001876173,0.2550607287449393,0.1344590368980612
3825908,Eibar,Loss,0.5294117647058824,0.5677257525083612,0.2352941176470588,
3825908,Espanyol,Win,0.44144144144144143,0.4164687252573238,0.2792792792792792,0.1947743467933491
3827337,Jamshedpur,Loss,0.54,0.5125408942202835,0.26,0.1374045801526717
3827337,Kerala Blasters,Win,0.44776119402985076,0.5455580865603644,0.3134328358208955,0.0056947608200455
3829415,Bastia,Win,0.5246636771300448,0.5146048109965635,0.242152466367713,0.1417525773195875
3829415,Rennes,Loss,0.5539906103286385,0.6924355777223608,0.3896713615023474,
3829418,Guingamp,Loss,0.5504587155963303,0.5515463917525774,0.2935779816513761,
3829418,Nantes,Win,0.5703125,0.4959893048128342,0.2578125,0.1911764705882352
3829421,Saint-Étienne,Loss,0.532,0.6889952153110048,0.356,
3829421,Toulouse,Win,0.46846846846846846,0.46172441579371476,0.2477477477477477,0.3803384367445608
3829425,Angers,Draw,0.5296442687747036,0.47200566973777464,0.2608695652173913,0.2104890148830616
3829425,Nantes,Draw,0.4609375,0.620713305898491,0.3046875,
3829426,Guingamp,Loss,0.47058823529411764,0.43013365735115433,0.267379679144385,0.1154313487241798
3829426,Lyon,Win,0.48945147679324896,0.43847722637661457,0.2658227848101265,0.398368456832087
3829428,Caen,Win,0.5236220472440944,0.4241935483870968,0.326771653543307,0.2330645161290322
3829428,Toulouse,Loss,0.39649122807017545,0.5112328767123288,0.2771929824561403,0.3830136986301369
3829431,Bastia,Draw,0.5280373831775701,0.38949671772428884,0.2757009345794392,0.1663019693654266
3829431,Lorient,Draw,0.4392523364485981,0.6710114702815433,0.2772585669781931,0.0125130344108446
3829435,Lyon,Loss,0.4389312977099237,0.5121293800539084,0.2786259541984733,0.27978436657681927
3829435,Rennes,Win,0.47333333333333333,0.6388888888888888,0.24,
3829437,Angers,Win,0.5806451612903226,0.25240384615384615,0.2473118279569892,0.2824519230769231
3829437,Gazélec Ajaccio,Loss,0.4758364312267658,0.5714285714285714,0.2379182156133829,0.1014405762304922
3829438,Caen,Loss,0.5129533678756477,0.441432720232333,0.2487046632124352,0.1665053242981607
3829438,OGC Nice,Win,0.3803921568627451,0.526709935097354,0.3019607843137254,0.3384922616075885
3829444,Caen,Loss,0.48677248677248675,0.45374449339207046,0.2645502645502645,0.1828193832599119
3829444,Lyon,Win,0.44782608695652176,0.4826254826254826,0.2782608695652174,0.323037323037323
3829446,Montpellier,Draw,0.5547169811320755,0.44298245614035087,0.2566037735849056,0.47180451127819534
3829446,Troyes,Draw,0.5618556701030928,0.5162708883025505,0.211340206185567,
3829453,Bordeaux,Draw,0.5028571428571429,0.5472972972972973,0.2171428571428571,0.1069819819819819
3829453,Paris Saint-Germain,Draw,0.4051094890510949,0.4862981885740827,0.2554744525547445,0.2652113330236879
3829454,Lille,Draw,0.5681818181818182,0.5950118764845606,0.2840909090909091,
3829454,Lyon,Draw,0.5220883534136547,0.47644683714670255,0.2449799196787148,0.3209959623149393
3829456,Angers,Loss,0.5393700787401575,0.4726810673443456,0.2401574803149606,0.2458703939008894
3829456,Lorient,Win,0.5131086142322098,0.5576230492196879,0.250936329588015,
3829457,Montpellier,Loss,0.4911504424778761,0.576103500761035,0.2876106194690265,0.124048706240487
3829457,Saint-Étienne,Win,0.5272727272727272,0.5416666666666666,0.2590909090909091,0.1422955974842767
3829468,Gazélec Ajaccio,Loss,0.4411764705882353,0.49187432286023836,0.2254901960784313,0.1126760563380281
3829468,Guingamp,Win,0.5057034220532319,0.5952525867315885,0.2281368821292775,0.0091296409007912
3829479,Caen,Loss,0.5714285714285714,0.6339285714285714,0.2895752895752895,0.0868506493506493
3829479,Lorient,Win,0.516260162601626,0.4649859943977591,0.2357723577235772,0.1064425770308123
3829506,Guingamp,Draw,0.569060773480663,0.5,0.3425414364640884,
3829506,Lille,Draw,0.502127659574468,0.7053140096618358,0.3361702127659574,
3829513,Caen,Loss,0.5433962264150943,0.5821138211382114,0.2377358490566037,0.0886178861788618
3829513,Nantes,Win,0.5800865800865801,0.432258064516129,0.2424242424242424,0.1382488479262673
3829515,Bastia,Loss,0.456,0.5346666666666666,0.26,0.03
3829515,Montpellier,Win,0.36666666666666664,0.5890034364261169,0.25,0.1250859106529209
3829516,Lorient,Draw,0.5381526104417671,0.5535465924895688,0.2289156626506024,
3829516,Rennes,Draw,0.4728682170542636,0.6325802615933412,0.2286821705426356,0.1278240190249703
3829520,AS Monaco,Win,0.48660714285714285,0.4591049382716049,0.2053571428571428,0.1751543209876543
3829520,Stade de Reims,Loss,0.5060240963855421,0.5967252880533657,0.2449799196787148,0.1152213462704669
3829521,Bordeaux,Win,0.5207547169811321,0.568,0.2188679245283019,0.0186666666666666
3829521,Troyes,Loss,0.45539906103286387,0.5273708558211256,0.2300469483568075,0.1025443330763299
3835332,Netherlands Women's,Win,0.5023923444976076,0.6187290969899666,0.3062200956937799,0.094314381270903
3835332,Portugal Women's,Loss,0.5375722543352601,0.4479166666666667,0.3179190751445087,0.2280092592592592
3835334,Iceland Women's,Draw,0.5098039215686274,0.40929535232383807,0.2549019607843137,0.1724137931034483
3835334,Italy Women's,Draw,0.6092436974789915,0.634965034965035,0.2815126050420168,
3835337,Denmark Women's,Loss,0.43037974683544306,0.41219158200290273,0.2784810126582278,0.2089985486211901
3835337,Spain Women's,Win,0.4784172661870504,0.6418115279048491,0.4280575539568345,0.20860018298261662
3837839,Paris Saint-Germain,Draw,0.39183673469387753,0.5812124016658954,0.2693877551020408,0.1550208236927348
3837839,Stade de Reims,Draw,0.4585152838427948,0.47745358090185674,0.2314410480349345,0.2175066312997347
3837918,Paris Saint-Germain,Loss,0.37083333333333335,0.5929471032745592,0.3958333333333333,0.1732997481108312
3837918,Rennes,Win,0.47738693467336685,0.6645569620253164,0.2763819095477386,
3837947,Lens,Loss,0.4186046511627907,0.6816479400749064,0.3837209302325581,0.2067415730337078
3837947,Paris Saint-Germain,Win,0.3694581280788177,0.6371965185524507,0.3399014778325123,0.0371049015116811
3844384,England Women's,Win,0.5338983050847458,0.6612244897959184,0.3432203389830508,0.0551020408163265
3844384,Spain Women's,Loss,0.49645390070921985,0.5463541666666667,0.3439716312056737,0.1697916666666666
3845507,France Women's,Loss,0.5333333333333333,0.5987460815047022,0.2622222222222222,0.0721003134796238
3845507,Germany Women's,Win,0.5520361990950227,0.4966887417218543,0.3167420814479638,0.2019867549668874
3847567,England Women's,Win,0.5,0.6397562833206397,0.3099173553719008,0.0769230769230769
3847567,Germany Women's,Loss,0.5254901960784314,0.4696969696969697,0.3019607843137254,0.2454545454545454
3857257,Australia,Win,0.47619047619047616,0.46799116997792495,0.2169312169312169,0.0309050772626931
3857257,Denmark,Loss,0.4812286689419795,0.6331184928111055,0.3583617747440273,0.1348537431829449
3857270,Portugal,Win,0.4298642533936652,0.4737752161383285,0.2352941176470588,0.2703170028818443
3857270,Uruguay,Loss,0.398989898989899,0.6443202979515829,0.3636363636363636,0.0856610800744879
3857272,England,Draw,0.45495495495495497,0.7040942928039702,0.3693693693693693,0.0682382133995037
3857272,United States,Draw,0.5076142131979695,0.6106333072713057,0.233502538071066,
3857275,France,Loss,0.4067796610169492,0.5885193133047211,0.2711864406779661,0.1727467811158797
3857275,Tunisia,Win,0.5297619047619048,0.7243523316062176,0.2797619047619047,0.1761658031088082
3857278,Iran,Loss,0.5271966527196653,0.6174496644295302,0.2719665271966527,0.111111111111111
3857278,United States,Win,0.484,0.5585215605749486,0.324,0.1540041067761807
3857287,South Korea,Draw,0.5210526315789473,0.6116352201257862,0.2947368421052631,0.095125786163522
3857287,Uruguay,Draw,0.42290748898678415,0.6728316326530612,0.2907488986784141,0.1090561224489796
3857289,Argentina,Win,0.484304932735426,0.6536277602523659,0.2869955156950672,0.0271293375394321
3857289,Mexico,Loss,0.5588235294117647,0.6237623762376238,0.4176470588235294,0.12781278127812779
3857293,Ghana,Loss,0.4458874458874459,0.679136690647482,0.2857142857142857,0.0863309352517985
3857293,Uruguay,Win,0.49038461538461536,0.6406995230524642,0.2788461538461538,
3857297,Poland,Win,0.423841059602649,0.5109070034443168,0.23841059602649,0.044776119402985
3857297,Saudi Arabia,Loss,0.5481171548117155,0.625154130702836,0.2845188284518828,0.1017262638717632
3857299,Ghana,Win,0.6164383561643836,0.659957627118644,0.2945205479452055,0.0783898305084745
3857299,South Korea,Loss,0.528,0.7248645394340758,0.328,0.0602046959662853
3857301,Qatar,Loss,0.45794392523364486,0.5874403815580286,0.397196261682243,0.1899841017488076
3857301,Senegal,Win,0.5527426160337553,0.6715561224489796,0.3755274261603376,0.0905612244897958
3869117,Netherlands,Win,0.5048076923076923,0.6471103327495622,0.2884615384615384,0.0893169877408056
3869117,United States,Loss,0.3870967741935484,0.562894887995405,0.2974910394265233,0.1792073520964962
3869118,England,Win,0.5,0.5711098717233687,0.326271186440678,0.146681539319576
3869118,Senegal,Loss,0.4861878453038674,0.647329650092081,0.4088397790055249,0.1104972375690607
3869219,Croatia,Draw,0.42724458204334365,0.5856668248694826,0.3188854489164087,0.2135738016136687
3869219,Japan,Draw,0.46215139442231074,0.7135450421257291,0.3107569721115538,
3869486,Morocco,Win,0.48299319727891155,0.441726618705036,0.2312925170068027,0.1438848920863309
3869486,Portugal,Loss,0.35766423357664234,0.6866336633663367,0.291970802919708,0.11881188118811871
3869684,Croatia,Win,0.43601895734597157,0.6831275720164609,0.2748815165876777,0.0631001371742112
3869684,Morocco,Loss,0.5120772946859904,0.5255878284923928,0.2850241545893719,0.1784232365145228
3877060,Inter Miami,Win,0.5228426395939086,0.6754966887417219,0.2791878172588832,
3877060,New York Red Bulls,Loss,0.4342857142857143,0.6154949784791965,0.2457142857142857,0.1463414634146341
3877072,Inter Miami,Draw,0.33203125,0.6669811320754717,0.3046875,
3877072,Nashville SC,Draw,0.4014084507042254,0.526775956284153,0.2394366197183098,0.0546448087431693
3877090,Inter Miami,Win,0.37988826815642457,0.5284306292645944,0.3407821229050279,0.2084912812736921
3877090,LAFC,Loss,0.46534653465346537,0.5325396825396825,0.2326732673267326,0.1984126984126984
3877115,Inter Miami,Win,0.3614457831325301,0.5492175668854115,0.3132530120481928,0.2332155477031802
3877115,Toronto FC,Loss,0.375,0.47985865724381627,0.2608695652173913,0.2014134275618374
3877194,Charlotte,Win,0.5085714285714286,0.4159132007233273,0.2285714285714285,0.2215189873417721
3877194,Inter Miami,Loss,0.36018957345971564,0.49063231850117095,0.3033175355450237,0.2031615925058548
3878541,AS Roma,Draw,0.3381294964028777,0.4570751924215512,0.2266187050359712,0.2634695085849615
3878541,Hellas Verona,Draw,0.43956043956043955,0.3811230585424134,0.1978021978021978,0.2281959378733572
3878551,AC Milan,Win,0.5286343612334802,0.4558599695585997,0.2599118942731278,0.3500761035007609
3878551,Empoli,Loss,0.49321266968325794,0.4792691496837667,0.3122171945701357,0.3176387912860154
3878555,AS Roma,Win,0.44129554655870445,0.49498525073746313,0.2550607287449393,0.2188790560471976
3878555,Juventus,Loss,0.41420118343195267,0.6477732793522267,0.3964497041420118,0.1923076923076923
3878556,Fiorentina,Loss,0.47391304347826085,0.8058095750403442,0.4652173913043478,0.1231845077998924
3878556,Torino,Win,0.611764705882353,0.6566332218506131,0.3705882352941176,0.1716833890746934
3878592,Fiorentina,Win,0.3942307692307692,0.511023622047244,0.3557692307692308,0.1755905511811023
3878592,Genoa,Loss,0.5822222222222222,0.7010526315789474,0.3644444444444444,
3878595,Lazio,Win,0.5142857142857142,0.6352159468438539,0.275,0.0611295681063122
3878595,Udinese,Loss,0.5277777777777778,0.4681684622918707,0.2916666666666667,0.2037218413320274
3878596,Hellas Verona,Draw,0.5408163265306123,0.5758293838862559,0.2397959183673469,0.1974723538704581
3878596,Torino,Draw,0.3613861386138614,0.7115544472152951,0.4653465346534653,0.1238570241064006
3878597,Empoli,Draw,0.45739910313901344,0.4326241134751773,0.3049327354260089,0.3238770685579196
3878597,Napoli,Draw,0.4557377049180328,0.4901185770750988,0.2590163934426229,0.29870129870129863
3878599,Atalanta,Draw,0.5517241379310345,0.4956896551724138,0.2528735632183908,0.1066810344827586
3878599,Sassuolo,Draw,0.47555555555555556,0.5390211640211641,0.2311111111111111,0.1891534391534391
3878600,AC Milan,Loss,0.5852534562211982,0.4483648881239243,0.3133640552995391,0.3201376936316695
3878600,Inter Milan,Win,0.5409090909090909,0.4334841628959276,0.3227272727272727,0.3158371040723981
3878602,AC Milan,Win,0.5291666666666667,0.43305029392553884,0.3375,0.3585891574134552
3878602,Palermo,Loss,0.5643564356435643,0.41962077493816985,0.3316831683168317,0.3660346248969497
3878603,Empoli,Win,0.3795918367346939,0.5160642570281124,0.2326530612244897,0.2998661311914323
3878603,Udinese,Loss,0.4950980392156863,0.5614194722474978,0.2941176470588235,0.2283894449499545
3878610,Atalanta,Draw,0.6,0.413884007029877,0.225,0.2073813708260105
3878610,Hellas Verona,Draw,0.4696969696969697,0.47310756972111556,0.2525252525252525,0.2350597609561752
3878611,Chievo,Loss,0.5089820359281437,0.43644444444444447,0.2634730538922156,0.3279999999999999
3878611,Inter Milan,Win,0.5215311004784688,0.4886113152094049,0.2727272727272727,0.2307127112417339
3879546,Atalanta,Win,0.525691699604743,0.4001354096140826,0.2687747035573122,0.1746784021665538
3879546,Empoli,Loss,0.328125,0.5263157894736842,0.23828125,0.294736842105263
3879549,AC Milan,Loss,0.47959183673469385,0.457807953443259,0.2806122448979591,0.2667313288069834
3879549,Genoa,Win,0.5091743119266054,0.6164725457570716,0.2339449541284403,0.1347753743760399
3879554,Palermo,Loss,0.502127659574468,0.6761768901569187,0.3531914893617021,0.158345221112696
3879554,Torino,Win,0.3991031390134529,0.6933235509904622,0.4080717488789238,0.1489361702127659
3879557,Chievo,Draw,0.46502057613168724,0.5163398692810458,0.2716049382716049,0.2897603485838779
3879557,Hellas Verona,Draw,0.5223214285714286,0.6696944673823286,0.2991071428571428,
3879569,Bologna,Loss,0.39194139194139194,0.5164348925410872,0.2197802197802197,0.3653603034134007
3879569,Palermo,Win,0.5270935960591133,0.5662063363119415,0.2512315270935961,0.3208773354995938
3879589,Carpi,Loss,0.5797101449275363,0.4625246548323471,0.3478260869565217,0.1321499013806705
3879589,Frosinone,Win,0.514018691588785,0.5786852589641435,0.308411214953271,0.045816733067729
3879590,Genoa,Draw,0.49282296650717705,0.6837481698389458,0.3110047846889952,
3879590,Torino,Draw,0.49074074074074076,0.5953372189841799,0.3611111111111111,0.1656952539550374
3879591,Juventus,Loss,0.48854961832061067,0.5646842427958307,0.3053435114503817,0.1483752299202943
3879591,Sassuolo,Win,0.5517241379310345,0.44908350305498984,0.2816091954022988,0.175152749490835
3879596,Empoli,Draw,0.36796536796536794,0.5102932002495322,0.2813852813852814,0.3094198378041172
3879596,Sampdoria,Draw,0.5,0.47785714285714287,0.247787610619469,0.1585714285714285
3879601,Atalanta,Loss,0.4533333333333333,0.5669577874818049,0.2266666666666666,0.131004366812227
3879601,Bologna,Win,0.4801762114537445,0.4176182707993475,0.237885462555066,0.2030995106035889
3879605,Empoli,Win,0.42290748898678415,0.4332587621178225,0.2422907488986784,0.325876211782252
3879605,Palermo,Loss,0.46586345381526106,0.5550493545937737,0.3012048192771084,0.2452543659832953
3879606,Chievo,Draw,0.5390625,0.4691270404542229,0.24609375,0.3066004258339248
3879606,Sampdoria,Draw,0.53125,0.45558739255014324,0.2633928571428571,0.1948424068767908
3879619,Genoa,Win,0.5025380710659898,0.6151111111111112,0.2538071065989847,
3879619,Sassuolo,Loss,0.44715447154471544,0.5600292825768668,0.2560975609756097,0.054904831625183
3879622,Carpi,Loss,0.5875,0.5881870385561936,0.4208333333333333,0.0869565217391304
3879622,Chievo,Win,0.5144230769230769,0.47586872586872586,0.2259615384615384,0.23552123552123538
3879625,Sampdoria,Loss,0.3895131086142322,0.496045197740113,0.1835205992509363,0.17457627118644048
3879625,Udinese,Win,0.5560538116591929,0.4972477064220184,0.2511210762331838,0.191743119266055
3879631,Chievo,Loss,0.5088495575221239,0.37316017316017314,0.2300884955752212,0.3662337662337662
3879631,Udinese,Win,0.48760330578512395,0.5362997658079626,0.2975206611570248,0.1881342701014832
3879635,Inter Milan,Loss,0.49295774647887325,0.5209665955934613,0.2535211267605634,0.107320540156361
3879635,Napoli,Win,0.4305555555555556,0.5557053009883198,0.3159722222222222,0.2102425876010781
3879637,Juventus,Win,0.515625,0.5368814192343604,0.328125,0.1643323996265172
3879637,Lazio,Loss,0.5502008032128514,0.6820175438596491,0.2690763052208835,0.0794956140350877
3879640,Chievo,Win,0.5023041474654378,0.4850187265917603,0.2995391705069124,0.29026217228464424
3879640,Frosinone,Loss,0.5327102803738317,0.526369168356998,0.308411214953271,0.0091277890466531
3879645,Bologna,Win,0.4607329842931937,0.3683127572016461,0.2198952879581152,0.2139917695473251
3879645,Napoli,Loss,0.4271186440677966,0.5482307319437713,0.335593220338983,0.2161900145419292
3879650,Carpi,Loss,0.5754716981132075,0.4942932396839333,0.2924528301886792,
3879650,Empoli,Win,0.41,0.5219650448748229,0.29,0.300425129900803
3879655,Lazio,Draw,0.48616600790513836,0.5991535671100363,0.2924901185770751,0.090689238210399
3879655,Sampdoria,Draw,0.49514563106796117,0.44862155388471175,0.233009708737864,0.1787802840434419
3879663,Hellas Verona,Draw,0.4649122807017544,0.5512118842845973,0.2850877192982456,0.0531665363565285
3879663,Sassuolo,Draw,0.5551181102362205,0.4748102139406487,0.2244094488188976,0.196687370600414
3879669,Napoli,Win,0.3770491803278688,0.5588865096359743,0.3278688524590163,0.1536402569593147
3879669,Torino,Loss,0.3641304347826087,0.6514195583596214,0.4184782608695652,0.1782334384858044
3879674,AC Milan,Loss,0.5104166666666666,0.6204033214709371,0.2534722222222222,
3879674,Bologna,Win,0.4881516587677725,0.475020475020475,0.2417061611374407,0.1728091728091728
3879681,Inter Milan,Loss,0.4864864864864865,0.4320388349514563,0.2316602316602316,0.2128987517337031
3879681,Sassuolo,Win,0.4864864864864865,0.3513770180436847,0.2792792792792792,0.2564102564102564
3879689,Carpi,Win,0.5052631578947369,0.46110484780157834,0.2842105263157894,0.1273957158962796
3879689,Sampdoria,Loss,0.4460431654676259,0.5296187683284458,0.3381294964028777,0.1472140762463343
3879690,AC Milan,Win,0.5771428571428572,0.45164835164835165,0.2457142857142857,0.0296703296703296
3879690,Fiorentina,Loss,0.43014705882352944,0.756596661281637,0.3455882352941176,0.1583198707592892
3879697,Atalanta,Draw,0.49173553719008267,0.5438448566610455,0.2644628099173554,0.3220910623946036
3879697,Frosinone,Draw,0.5219298245614035,0.45670789724072314,0.2368421052631578,0.2274024738344433
3879698,AC Milan,Draw,0.5380710659898477,0.5236768802228412,0.299492385786802,0.034354688950789095
3879698,Empoli,Draw,0.39662447257383965,0.5296108291032149,0.2827004219409282,0.3045685279187816
3879712,AC Milan,Win,0.5381165919282511,0.5245901639344263,0.2780269058295964,
3879712,Inter Milan,Loss,0.5410628019323671,0.6091205211726385,0.2560386473429952,0.0757328990228012
3879717,AS Roma,Win,0.4808510638297872,0.560478199718706,0.2,0.20253164556962022
3879717,Sassuolo,Loss,0.5357142857142857,0.5334370139968896,0.2544642857142857,0.160964230171073
3879722,Atalanta,Loss,0.36796536796536794,0.5901234567901235,0.3463203463203463,
3879722,Hellas Verona,Win,0.46747967479674796,0.5923623445825933,0.2479674796747967,
3879727,Genoa,Draw,0.4110169491525424,0.6247049567269867,0.3347457627118644,0.1266719118804091
3879727,Lazio,Draw,0.45714285714285713,0.4778156996587031,0.2408163265306122,0.1825938566552901
3879728,Bologna,Draw,0.5394190871369294,0.44096728307254623,0.2655601659751037,0.2446657183499288
3879728,Fiorentina,Draw,0.48132780082987553,0.6744336569579288,0.3236514522821577,0.062135922330097
3879732,Chievo,Win,0.4507042253521127,0.6284518828451883,0.2769953051643192,
3879732,Torino,Loss,0.5078125,0.6827685652487383,0.48046875,0.1557317952415284
3879735,Atalanta,Draw,0.48148148148148145,0.3691460055096419,0.2314814814814814,0.2001836547291092
3879735,Empoli,Draw,0.2891566265060241,0.47867600254614895,0.2449799196787148,0.3227243793761934
3879739,Juventus,Win,0.45145631067961167,0.55198973042362,0.2184466019417475,0.0096277278562259
3879739,Napoli,Loss,0.4426877470355731,0.5234501347708895,0.2964426877470356,0.2167115902964959
3879749,Inter Milan,Win,0.5989847715736041,0.5862068965517241,0.3604060913705584,0.0490018148820326
3879749,Sampdoria,Loss,0.40350877192982454,0.6224066390041494,0.3464912280701754,0.0262793914246195
3879752,Genoa,Win,0.5146443514644351,0.6467391304347826,0.3514644351464435,0.09035326086956509
3879752,Udinese,Loss,0.46938775510204084,0.5455445544554456,0.2551020408163265,0.2227722772277227
3879755,Frosinone,Draw,0.5373134328358209,0.39163916391639164,0.2437810945273631,0.1672167216721672
3879755,Lazio,Draw,0.4340277777777778,0.5130979498861048,0.2673611111111111,0.1919134396355353
3879765,Fiorentina,Draw,0.4367816091954023,0.6423357664233577,0.2681992337164751,0.0769230769230769
3879765,Napoli,Draw,0.48484848484848486,0.5264035575319622,0.3295454545454545,0.2217898832684824
3879771,AC Milan,Loss,0.49137931034482757,0.6182572614107884,0.2543103448275862,
3879771,Sassuolo,Win,0.4883720930232558,0.4670999187652315,0.2837209302325581,0.149471974004874
3879775,Empoli,Loss,0.4298245614035088,0.538047138047138,0.25,0.2538720538720538
3879775,Genoa,Win,0.5579399141630901,0.5139911634756995,0.3090128755364807,0.1966126656848306
3879780,Fiorentina,Draw,0.4895397489539749,0.6634460547504025,0.2970711297071129,0.0751476113794954
3879780,Hellas Verona,Draw,0.49444444444444446,0.5301094890510949,0.2666666666666666,0.1240875912408759
3879785,Atalanta,Loss,0.5579399141630901,0.4008333333333333,0.3090128755364807,0.2049999999999999
3879785,Lazio,Win,0.5078740157480315,0.5319913731128685,0.2283464566929134,0.1020848310567936
3879788,Empoli,Draw,0.3231441048034934,0.6457699330493001,0.37117903930131,0.22337188070602548
3879788,Palermo,Draw,0.5,0.4120135363790186,0.2696078431372549,0.1810490693739424
3879790,Juventus,Win,0.5161290322580645,0.5854732208363903,0.4470046082949309,0.1870873074101247
3879790,Torino,Loss,0.5405405405405406,0.6022155085599195,0.4162162162162162,0.1732124874118832
3879795,Carpi,Win,0.4264705882352941,0.3225058004640371,0.2156862745098039,0.2076566125290023
3879795,Hellas Verona,Loss,0.4797507788161994,0.6395833333333333,0.2803738317757009,0.0354166666666666
3879797,Carpi,Loss,0.5412844036697247,0.5527896995708155,0.2752293577981651,0.1072961373390557
3879797,Sassuolo,Win,0.4618181818181818,0.44024767801857584,0.1890909090909091,0.1795665634674922
3879801,Inter Milan,Loss,0.5155038759689923,0.748314606741573,0.3100775193798449,0.0646067415730337
3879801,Torino,Win,0.5148514851485149,0.6570723684210527,0.3762376237623762,0.1883223684210526
3879806,Bologna,Loss,0.4224137931034483,0.545045045045045,0.3017241379310345,0.1776061776061776
3879806,Hellas Verona,Win,0.5172413793103449,0.49765258215962443,0.2463054187192118,0.0892018779342722
3879815,Atalanta,Loss,0.4888888888888889,0.6801566579634465,0.2622222222222222,0.095953002610966
3879815,Torino,Win,0.4362745098039216,0.6366145354185833,0.4264705882352941,0.1591536338546458
3879821,Fiorentina,Win,0.4766355140186916,0.5755131964809385,0.2149532710280373,0.1143695014662756
3879821,Sassuolo,Loss,0.5656565656565656,0.4938474159146842,0.1919191919191919,0.1788351107465135
3879828,AS Roma,Win,0.5,0.5021834061135371,0.2479338842975206,0.1848617176128092
3879828,Torino,Loss,0.43805309734513276,0.6129518072289156,0.331858407079646,0.1792168674698795
3879829,Empoli,Win,0.41702127659574467,0.5252206809583859,0.2765957446808511,0.3032786885245901
3879829,Hellas Verona,Loss,0.5625,0.6051724137931035,0.3125,0.0603448275862068
3879830,Genoa,Win,0.601010101010101,0.6337890625,0.2474747474747475,
3879830,Inter Milan,Loss,0.4618181818181818,0.62890625,0.2690909090909091,0.1216517857142857
3879840,Bologna,Win,0.599009900990099,0.4717425431711146,0.2623762376237624,0.173469387755102
3879840,Genoa,Loss,0.5155038759689923,0.6985074626865672,0.3643410852713178,0.0811940298507462
3879841,Frosinone,Loss,0.5353982300884956,0.5626767200754006,0.2654867256637168,0.1432610744580583
3879841,Palermo,Win,0.4017467248908297,0.5626151012891344,0.2183406113537118,0.2826887661141805
3879843,Sassuolo,Win,0.5339366515837104,0.5404002965159377,0.2941176470588235,0.1586360266864344
3879843,Torino,Loss,0.44206008583690987,0.637379002233805,0.4120171673819742,0.1883842144452717
3879847,Torino,Win,0.34523809523809523,0.6795440151994934,0.4206349206349206,0.1659278024065864
3879847,Udinese,Loss,0.4010152284263959,0.6026241799437676,0.3857868020304568,0.2099343955014057
3879848,Chievo,Draw,0.5638297872340425,0.4369114877589454,0.3085106382978723,0.3531073446327683
3879848,Fiorentina,Draw,0.4641350210970464,0.6042666666666666,0.3755274261603376,0.3141333333333333
3879849,Bologna,Draw,0.40476190476190477,0.5257575757575758,0.2333333333333333,0.0856060606060606
3879849,Empoli,Draw,0.4150197628458498,0.5681694731124389,0.3201581027667984,0.2976643128734382
3879868,Inter Milan,Loss,0.4727272727272727,0.5389344262295082,0.2590909090909091,0.1557377049180328
3879868,Sassuolo,Win,0.4305555555555556,0.4844106463878327,0.199074074074074,0.2068441064638783
3879871,Carpi,Win,0.4957627118644068,0.5075939248601119,0.2669491525423729,0.3509192645883293
3879871,Udinese,Loss,0.4981684981684982,0.6307578008915304,0.3956043956043956,0.1144130757800891
3879872,Bologna,Draw,0.41818181818181815,0.5806261075014767,0.2436363636363636,0.0962787950383933
3879872,Chievo,Draw,0.48704663212435234,0.5158620689655172,0.2746113989637305,0.2972413793103448
3879874,Fiorentina,Win,0.37339055793991416,0.5109662122110255,0.2060085836909871,0.2205097806757557
3879874,Lazio,Loss,0.4473684210526316,0.5085227272727273,0.2675438596491228,0.14488636363636362
3879875,Hellas Verona,Loss,0.45147679324894513,0.7017231134878193,0.3248945147679324,0.0196078431372549
3879875,Palermo,Win,0.5409836065573771,0.6936585365853658,0.2841530054644808,
3888719,Brazil,Loss,0.3222748815165877,0.6213206046141607,0.3649289099526066,
3888719,Netherlands,Win,0.5113122171945701,0.4651898734177215,0.2624434389140271,0.2262658227848101
3889082,Boca Juniors,Win,0.378698224852071,0.3577075098814229,0.3727810650887574,0.4822134387351778
3889082,River Plate,Loss,0.3641304347826087,0.5406574394463668,0.2771739130434782,0.1306228373702422
3889149,Argentina,Win,0.36809815950920244,0.47026431718061673,0.2515337423312883,0.1685022026431718
3889149,Germany,Loss,0.46798029556650245,0.7430830039525692,0.438423645320197,0.0662055335968379
3890262,Darmstadt 98,Draw,0.6079545454545454,0.4522760646108664,0.2613636363636363,0.1262848751835536
3890262,Hannover 96,Draw,0.5253456221198156,0.556420233463035,0.2442396313364055,0.046692607003891
3890263,FSV Mainz 05,Loss,0.3978494623655914,0.6186504927975739,0.3548387096774194,0.0712661106899166
3890263,Ingolstadt,Win,0.5064377682403434,0.3102439024390244,0.2317596566523605,0.2097560975609756
3890264,Schalke 04,Win,0.47706422018348627,0.549172346640701,0.2201834862385321,0.0262901655306718
3890264,Werder Bremen,Loss,0.4576923076923077,0.5808997632202052,0.3038461538461538,0.0339384372533543
3890266,FC Köln,Win,0.4577114427860697,0.4819672131147541,0.208955223880597,0.1311475409836064
3890266,VfB Stuttgart,Loss,0.5179282868525896,0.5799676898222941,0.2828685258964143,0.0096930533117932
3890267,Eintracht Frankfurt,Loss,0.4858490566037736,0.5245454545454545,0.2688679245283019,0.0672727272727272
3890267,Wolfsburg,Win,0.5309090909090909,0.625350532809871,0.3236363636363636,0.1177790241166573
3890268,Hertha Berlin,Draw,0.5787234042553191,0.5562962962962963,0.2382978723404255,
3890268,Werder Bremen,Draw,0.44155844155844154,0.524390243902439,0.264069264069264,0.2455284552845527
3890272,Augsburg,Draw,0.4427083333333333,0.5133120340788072,0.2708333333333333,0.0915867944621938
3890272,Eintracht Frankfurt,Draw,0.5972850678733032,0.5389221556886228,0.2579185520361991,0.166809238665526
3890276,Borussia Mönchengladbach,Loss,0.4045307443365696,0.7064803049555273,0.3203883495145631,
3890276,FSV Mainz 05,Win,0.4973821989528796,0.6240458015267175,0.2879581151832461,0.0839694656488549
3890281,Augsburg,Loss,0.4149377593360996,0.6364261168384879,0.2738589211618257,0.0797250859106528
3890281,Ingolstadt,Win,0.5588235294117647,0.3333333333333333,0.2352941176470588,0.26578073089701
3890290,Hertha Berlin,Win,0.4810126582278481,0.608119304059652,0.2489451476793249,
3890290,VfB Stuttgart,Loss,0.5020576131687243,0.4620408163265306,0.242798353909465,0.2277551020408163
3890295,FSV Mainz 05,Win,0.47232472324723246,0.5675074183976261,0.2693726937269373,0.0853115727002967
3890295,Hoffenheim,Loss,0.47368421052631576,0.45634920634920634,0.2368421052631578,0.1746031746031745
3890300,Ingolstadt,Win,0.5416666666666666,0.3125,0.28125,0.2280701754385964
3890300,Werder Bremen,Loss,0.5,0.40425531914893614,0.2913043478260869,0.2950971322849213
3890308,Augsburg,Loss,0.4057971014492754,0.6557142857142857,0.2463768115942029,0.0971428571428571
3890308,Borussia Mönchengladbach,Win,0.485,0.5722419928825623,0.245,
3890311,Eintracht Frankfurt,Loss,0.46215139442231074,0.5262738853503185,0.2231075697211155,0.1488853503184713
3890311,Schalke 04,Win,0.5576208178438662,0.4782608695652174,0.2156133828996282,0.2643758765778401
3890314,Augsburg,Loss,0.45724907063197023,0.6911220715166461,0.312267657992565,0.0425400739827373
3890314,Hoffenheim,Win,0.48704663212435234,0.45397225725094575,0.233160621761658,
3890320,Eintracht Frankfurt,Draw,0.5228426395939086,0.49362786745964315,0.2791878172588832,0.2293967714528462
3890320,Hertha Berlin,Draw,0.524,0.6151849448410124,0.228,0.1187540558079169
3890327,Hoffenheim,Draw,0.514018691588785,0.4294117647058823,0.2289719626168224,
3890327,VfB Stuttgart,Draw,0.45977011494252873,0.5512544802867384,0.2528735632183908,0.1691756272401433
3890328,FC Köln,Win,0.41899441340782123,0.5287896592244419,0.2234636871508379,0.099882491186839
3890328,Schalke 04,Loss,0.41403508771929826,0.7216924910607867,0.4561403508771929,0.0399284862932061
3890343,Hertha Berlin,Win,0.5043103448275862,0.535548686244204,0.2413793103448276,0.106646058732612
3890343,Ingolstadt,Loss,0.5481481481481482,0.46885465505693236,0.2518518518518518,0.3395847287340923
3890345,Eintracht Frankfurt,Win,0.5,0.6447007138934652,0.2447552447552447,0.0499725425590334
3890345,Hannover 96,Loss,0.4810126582278481,0.6321922796795338,0.270042194092827,
3890360,Darmstadt 98,Draw,0.5123152709359606,0.4438138479001135,0.270935960591133,0.1191827468785471
3890360,Hamburger SV,Draw,0.45081967213114754,0.6266937669376694,0.2377049180327868,0.0372628726287262
3890363,Borussia Mönchengladbach,Draw,0.5220883534136547,0.523312456506611,0.2690763052208835,0.0751565762004175
3890363,Ingolstadt,Draw,0.5125628140703518,0.2894472361809045,0.236180904522613,0.2613065326633166
3890365,Borussia Dortmund,Win,0.4157303370786517,0.5045188729399256,0.3857677902621723,0.276448697501329
3890365,Schalke 04,Loss,0.49473684210526314,0.6434108527131783,0.3105263157894737,
3890377,Borussia Mönchengladbach,Draw,0.47750865051903113,0.5265508684863524,0.3183391003460207,0.2635235732009925
3890377,Hoffenheim,Draw,0.5520833333333334,0.4141304347826087,0.25,
3890379,Hamburger SV,Win,0.41706161137440756,0.5385878489326765,0.2132701421800948,0.1116584564860427
3890379,Werder Bremen,Loss,0.5447154471544715,0.5809225957779516,0.2398373983739837,
3890386,FSV Mainz 05,Win,0.5280373831775701,0.5579886455798865,0.2616822429906542,0.1005677210056772
3890386,Hamburger SV,Loss,0.5241635687732342,0.6752136752136753,0.2899628252788104,0.0871794871794871
3890390,Bayer Leverkusen,Loss,0.5288461538461539,0.6272,0.2836538461538461,0.0192
3890390,Hertha Berlin,Win,0.5076923076923077,0.667740203972088,0.3576923076923077,
3890392,VfB Stuttgart,Draw,0.4939271255060729,0.5049786628733998,0.2105263157894736,0.2076813655761024
3890392,Werder Bremen,Draw,0.4801980198019802,0.4763819095477387,0.2178217821782178,0.2120603015075376
3890397,Hannover 96,Loss,0.5421686746987951,0.6527977044476327,0.321285140562249,0.0674318507890961
3890397,Hoffenheim,Win,0.5263157894736842,0.5377777777777778,0.2583732057416268,0.1146666666666666
3890400,FC Köln,Draw,0.5035211267605634,0.6813725490196079,0.2852112676056338,0.0747549019607843
3890400,Werder Bremen,Draw,0.5091743119266054,0.46672428694900603,0.1926605504587156,0.1884183232497839
3890402,Augsburg,Win,0.47572815533980584,0.4801548886737657,0.1941747572815534,0.1161665053242981
3890402,Schalke 04,Loss,0.47674418604651164,0.6445530726256983,0.2674418604651162,0.0844972067039106
3890403,Hoffenheim,Loss,0.43253968253968256,0.5942513368983957,0.2619047619047619,0.0868983957219251
3890403,Schalke 04,Win,0.4835164835164835,0.6574136763710223,0.3223443223443223,0.0040622884224779
3890408,VfB Stuttgart,Win,0.4745762711864407,0.46620689655172415,0.2033898305084746,0.1103448275862069
3890408,Wolfsburg,Loss,0.44785276073619634,0.7400468384074942,0.3374233128834356,0.07494145199063221
3890409,Bayer Leverkusen,Win,0.5309278350515464,0.4554759467758444,0.2731958762886597,
3890409,Ingolstadt,Loss,0.48598130841121495,0.3330206378986867,0.2289719626168224,0.2279549718574108
3890414,Augsburg,Draw,0.4685714285714286,0.5373737373737374,0.24,0.1222222222222222
3890414,Hertha Berlin,Draw,0.4496124031007752,0.6709070796460177,0.3643410852713178,0.1078539823008849
3890432,Schalke 04,Win,0.4885057471264368,0.5496031746031746,0.2586206896551724,0.115079365079365
3890432,Wolfsburg,Loss,0.5021097046413502,0.6211096075778079,0.3164556962025316,0.1224627875507442
3890435,Borussia Dortmund,Draw,0.46474358974358976,0.5635036496350365,0.2756410256410256,0.2092457420924573
3890435,Hertha Berlin,Draw,0.48223350253807107,0.5059523809523809,0.2538071065989847,0.1081349206349206
3890444,Bayer Leverkusen,Win,0.4880382775119617,0.5661512027491409,0.2679425837320574,0.0163230240549828
3890444,Darmstadt 98,Loss,0.4583333333333333,0.43123209169054444,0.2142857142857142,0.1074498567335243
3890451,Hertha Berlin,Draw,0.35609756097560974,0.5565217391304348,0.2780487804878049,
3890451,Wolfsburg,Draw,0.4519230769230769,0.579454253611557,0.2740384615384615,
3890454,Augsburg,Win,0.5502183406113537,0.5520169851380042,0.2445414847161572,0.1153573956121726
3890454,Hannover 96,Loss,0.5504201680672269,0.47740963855421686,0.2815126050420168,0.279367469879518
3890457,FC Köln,Loss,0.4823008849557522,0.6393713813068652,0.2610619469026549,0.1009098428453267
3890457,Hertha Berlin,Win,0.45416666666666666,0.576163610719323,0.2541666666666666,
3890458,Bayern Munich,Win,0.4965986394557823,0.5628117913832199,0.3605442176870748,0.1628117913832199
3890458,Wolfsburg,Loss,0.5,0.5475956820412169,0.2797619047619047,0.0961727183513248
3890461,Hamburger SV,Draw,0.4883720930232558,0.5271317829457365,0.2837209302325581,0.1104651162790697
3890461,Ingolstadt,Draw,0.5128205128205128,0.34466477809254015,0.2692307692307692,0.2379603399433427
3890462,Augsburg,Draw,0.4931506849315068,0.5888524590163935,0.2191780821917808,0.0904918032786885
3890462,Borussia Mönchengladbach,Draw,0.5082644628099173,0.6135118685331711,0.2727272727272727,
3890467,FC Köln,Draw,0.5347826086956522,0.4910122989593188,0.3304347826086956,0.0898770104068117
3890467,Ingolstadt,Draw,0.4981949458483754,0.3310554290053151,0.2310469314079422,0.2133637053910402
3890469,Augsburg,Loss,0.5353982300884956,0.6106128550074739,0.2964601769911504,0.0919282511210762
3890469,Hoffenheim,Win,0.4859437751004016,0.6036161335187761,0.3333333333333333,0.1356050069541028
3890474,Bayern Munich,Loss,0.3967391304347826,0.5858964741185296,0.3125,0.1781695423855964
3890474,FSV Mainz 05,Win,0.38509316770186336,0.5142002989536621,0.2608695652173913,0.2675635276532137
3890480,FC Köln,Loss,0.573394495412844,0.6349325337331334,0.3211009174311927,0.0772113943028485
3890480,Schalke 04,Win,0.5040650406504065,0.6002498438475953,0.2682926829268293,0.1055590256089943
3890482,Darmstadt 98,Draw,0.5668449197860963,0.4624505928853755,0.2780748663101604,0.077733860342556
3890482,FSV Mainz 05,Draw,0.5327868852459017,0.6241084165477889,0.2663934426229508,0.0477888730385164
3890484,Hertha Berlin,Win,0.4711111111111111,0.5753105590062112,0.2311111111111111,0.125
3890484,Schalke 04,Loss,0.5086206896551724,0.6375929682217715,0.2629310344827586,0.1413116970926301
3890487,Augsburg,Draw,0.33653846153846156,0.6744847192608386,0.3028846153846153,0.0611229566453447
3890487,Darmstadt 98,Draw,0.484472049689441,0.4052924791086351,0.2236024844720497,0.1142061281337047
3890490,FC Köln,Win,0.5047619047619047,0.4217573221757322,0.2809523809523809,0.209205020920502
3890490,Hannover 96,Loss,0.4758364312267658,0.6357022943480694,0.2899628252788104,0.0833799664241746
3890492,Bayer Leverkusen,Win,0.5228426395939086,0.3949843260188088,0.3197969543147208,0.1118077324973876
3890492,Hamburger SV,Loss,0.47465437788018433,0.5230496453900709,0.2211981566820276,0.17996453900709208
3890495,Bayern Munich,Win,0.46474358974358976,0.5729941291585127,0.3653846153846153,0.1843444227005871
3890495,FC Köln,Loss,0.5723270440251572,0.5870165745856354,0.2830188679245283,
3890496,Hertha Berlin,Win,0.43359375,0.5763934426229508,0.24609375,0.100327868852459
3890496,Ingolstadt,Loss,0.5492957746478874,0.40812870448772226,0.2676056338028169,0.239627434377646
3890498,Darmstadt 98,Draw,0.4594594594594595,0.3295081967213115,0.2972972972972973,0.1295081967213114
3890498,Wolfsburg,Draw,0.47194719471947194,0.5898684851436922,0.2442244224422442,0.16463711641500228
3890501,Augsburg,Loss,0.5256410256410257,0.5500618046971569,0.2628205128205128,
3890501,Borussia Dortmund,Win,0.44816053511705684,0.6836772983114446,0.3645484949832775,0.1245778611632269
3890502,Bayer Leverkusen,Win,0.565,0.5395622895622896,0.205,0.1001683501683501
3890502,Wolfsburg,Loss,0.42790697674418604,0.6160397444996452,0.3116279069767442,0.0809084457061745
3890515,Darmstadt 98,Win,0.49707602339181284,0.44337016574585636,0.2046783625730994,0.1519337016574585
3890515,Hamburger SV,Loss,0.42950819672131146,0.6320321469575201,0.2950819672131147,0.10505166475315719
3890516,Bayern Munich,Win,0.35986159169550175,0.7458053691275168,0.4256055363321799,0.1409395973154362
3890516,VfB Stuttgart,Loss,0.5068493150684932,0.503125,0.2534246575342466,
3890519,Bayer Leverkusen,Win,0.5083333333333333,0.5481111903064861,0.2,0.0812544547398431
3890519,FC Köln,Loss,0.5192307692307693,0.5934738273283481,0.25,0.09109449354180821
3890521,Bayer Leverkusen,Win,0.46382978723404256,0.6083333333333333,0.2553191489361702,0.0958333333333333
3890521,Eintracht Frankfurt,Loss,0.5027932960893855,0.39120631341600903,0.2402234636871508,0.1837655016910935
3890524,Hertha Berlin,Loss,0.3901345291479821,0.601063829787234,0.273542600896861,0.1094224924012158
3890524,Hoffenheim,Win,0.4369747899159664,0.6426351771286514,0.4789915966386555,0.1609695463020509
3890527,FC Köln,Win,0.4523809523809524,0.6436865021770682,0.2666666666666666,0.0899854862119012
3890527,FSV Mainz 05,Loss,0.44907407407407407,0.6296006264682851,0.2824074074074074,0.0704776820673453
3890532,Hannover 96,Draw,0.4227941176470588,0.5269382391590013,0.2977941176470588,0.19513797634691188
3890532,Ingolstadt,Draw,0.5300546448087432,0.38404907975460123,0.3114754098360656,0.0981595092024539
3890533,Bayern Munich,Win,0.41365461847389556,0.715884631941455,0.2690763052208835,0.0667240637107189
3890533,Hertha Berlin,Loss,0.5342465753424658,0.3913630229419703,0.3493150684931507,0.2577597840755735
3890535,Augsburg,Win,0.47513812154696133,0.5419198055893074,0.2320441988950276,0.198055893074119
3890535,Wolfsburg,Loss,0.49137931034482757,0.6481140754369825,0.3160919540229885,0.1508739650413983
3890536,Borussia Mönchengladbach,Win,0.48523206751054854,0.7001187648456056,0.379746835443038,0.14904988123515428
3890536,Hoffenheim,Loss,0.410958904109589,0.5273159144893111,0.3378995433789954,0.1393507521773555
3890544,Hoffenheim,Win,0.5338983050847458,0.4958813838550247,0.2796610169491525,0.1013179571663921
3890544,Ingolstadt,Loss,0.5652173913043478,0.323164918970448,0.2077294685990338,0.2383222116301239
3890554,FC Köln,Draw,0.4098360655737705,0.6290201944652206,0.2950819672131147,0.0957367240089753
3890554,Werder Bremen,Draw,0.3333333333333333,0.4600197433366239,0.3282828282828283,0.1707798617966436
3890555,Darmstadt 98,Win,0.4012345679012346,0.3625,0.2407407407407407,0.1017857142857142
3890555,Hertha Berlin,Loss,0.4013377926421405,0.5677451971688574,0.3411371237458194,0.1991911021233569
3890558,FSV Mainz 05,Draw,0.5210526315789473,0.5249457700650759,0.3052631578947368,0.0867678958785249
3890558,Hertha Berlin,Draw,0.5543071161048689,0.5649819494584838,0.2883895131086142,0.1137184115523465
3890562,Borussia Dortmund,Draw,0.33223684210526316,0.7304163726182075,0.3322368421052631,0.1093860268172194
3890562,FC Köln,Draw,0.42748091603053434,0.5107142857142857,0.2366412213740458,
3890563,Bayer Leverkusen,Win,0.4714285714285714,0.4558659217877095,0.2428571428571428,
3890563,Ingolstadt,Loss,0.47465437788018433,0.42857142857142855,0.2534562211981567,0.216867469879518
3893804,Norway Women's,Draw,0.4578313253012048,0.6409185803757829,0.3293172690763052,0.1593597773138483
3893804,Switzerland Women's,Draw,0.5244444444444445,0.498567335243553,0.3066666666666666,0.3789398280802292
3893815,Brazil Women's,Loss,0.5647668393782384,0.5697247706422018,0.3160621761658031,
3893815,France Women's,Win,0.5376884422110553,0.5444785276073619,0.2964824120603015,0.026840490797546
3895052,Bayer Leverkusen,Win,0.4427860696517413,0.679372197309417,0.3830845771144278,0.030642750373692
3895052,RB Leipzig,Loss,0.5223214285714286,0.7120234604105572,0.3660714285714285,0.0504398826979472
3895074,Bayer Leverkusen,Draw,0.35348837209302325,0.6576989124212936,0.2883720930232558,0.0663995420721236
3895074,Bayern Munich,Draw,0.3515625,0.6659192825112108,0.34765625,0.0734304932735426
3895134,Bayer Leverkusen,Win,0.40082644628099173,0.7010435850214856,0.371900826446281,0.1958256599140576
3895134,Hoffenheim,Loss,0.34552845528455284,0.625,0.3739837398373983,0.2005347593582887
3895250,Bayer Leverkusen,Win,0.36199095022624433,0.7339268051434223,0.3800904977375565,0.1864490603363006
3895250,FSV Mainz 05,Loss,0.4624277456647399,0.6631376323387873,0.3583815028901734,0.1857555341674686
3895320,Bayer Leverkusen,Draw,0.495,0.7240663900414938,0.455,0.1839557399723375
3895320,VfB Stuttgart,Draw,0.42424242424242425,0.6139682539682539,0.2575757575757575,0.1326984126984127
3900494,Bordeaux,Loss,0.5392857142857143,0.48573466476462196,0.2428571428571428,0.2767475035663338
3900494,Gazélec Ajaccio,Win,0.5088495575221239,0.42857142857142855,0.2831858407079646,0.27387996618765853
3900496,Montpellier,Draw,0.5898617511520737,0.6106526631657915,0.2811059907834101,0.1305326331582895
3900496,Toulouse,Draw,0.6255924170616114,0.44835868694955966,0.2701421800947867,0.2882305844675739
3900499,Marseille,Win,0.49783549783549785,0.630315500685871,0.2251082251082251,0.1015089163237311
3900499,Nantes,Loss,0.4908256880733945,0.508300395256917,0.2477064220183486,0.1185770750988142
3900505,Caen,Win,0.5302325581395348,0.3287526427061311,0.213953488372093,0.2389006342494714
3900505,Guingamp,Loss,0.44081632653061226,0.6321094312455003,0.2816326530612245,
3900508,AS Monaco,Loss,0.51953125,0.5409145607701564,0.26171875,0.16305655836341748
3900508,Bordeaux,Win,0.4327485380116959,0.42843040473840077,0.239766081871345,0.192497532082922
3900514,Guingamp,Win,0.526595744680851,0.5576923076923077,0.2287234042553191,
3900514,Toulouse,Loss,0.49282296650717705,0.41935483870967744,0.1961722488038277,0.3697875688434303
3900518,Angers,Draw,0.4417808219178082,0.47200878155872666,0.25,0.2458836443468715
3900518,Caen,Draw,0.5442477876106194,0.5464716006884681,0.2787610619469026,0.21256454388984503
3900519,Bordeaux,Draw,0.45132743362831856,0.5372191011235955,0.2566371681415929,0.0533707865168539
3900519,Rennes,Draw,0.5067264573991032,0.5594020456333596,0.2376681614349775,0.1369000786782061
3900523,Rennes,Draw,0.4658119658119658,0.4434782608695652,0.2692307692307692,0.2746376811594203
3900523,Stade de Reims,Draw,0.47844827586206895,0.5234741784037559,0.2413793103448276,0.0633802816901408
3900524,Gazélec Ajaccio,Draw,0.5813953488372093,0.4055397727272727,0.2596899224806202,0.3401988636363635
3900524,Lorient,Draw,0.5215827338129496,0.4706886738759249,0.2338129496402877,0.2105862265224815
3900535,Lille,Win,0.59375,0.3897196261682243,0.25,0.208411214953271
3900535,Saint-Étienne,Loss,0.6140350877192983,0.5407882676443629,0.3114035087719298,0.1329055912007332
3900539,Marseille,Win,0.543778801843318,0.49298737727910236,0.2304147465437788,0.155680224403927
3900539,Rennes,Loss,0.5585585585585585,0.4714693295292439,0.2387387387387387,0.2467902995720399
3900545,Angers,Win,0.5132743362831859,0.3698146513680494,0.2168141592920354,0.2294792586054722
3900545,Lyon,Loss,0.4136690647482014,0.4405888538380652,0.276978417266187,0.33333333333333326
3900546,Gazélec Ajaccio,Draw,0.4892086330935252,0.39250936329588015,0.302158273381295,0.2666666666666666
3900546,Nantes,Draw,0.4219409282700422,0.5897435897435898,0.2362869198312236,0.1074950690335305
3900548,Bordeaux,Win,0.4460431654676259,0.47451227186910006,0.276978417266187,0.23788546255506599
3900548,Guingamp,Loss,0.5,0.4849056603773585,0.2121212121212121,0.1245283018867924
3900559,Gazélec Ajaccio,Draw,0.4334763948497854,0.5399673735725938,0.2532188841201717,0.19412724306688411
3900559,Marseille,Draw,0.538135593220339,0.5798371947401377,0.3389830508474576,0.1484032561051971
3900560,Montpellier,Loss,0.398989898989899,0.5543831168831169,0.2171717171717171,0.1282467532467532
3900560,OGC Nice,Win,0.43119266055045874,0.5748541801685029,0.3577981651376147,0.1885936487362281
3900561,Lille,Draw,0.572463768115942,0.4367601246105919,0.2318840579710145,0.2311526479750778
3900561,Toulouse,Draw,0.45226130653266333,0.48216106014271154,0.2261306532663316,0.1233435270132517
3900563,Guingamp,Loss,0.5,0.4707818930041152,0.2342342342342342,0.1325102880658436
3900563,Rennes,Win,0.43037974683544306,0.5155993431855501,0.2278481012658227,0.174055829228243
3900566,Bastia,Win,0.49056603773584906,0.39313984168865435,0.2594339622641509,0.2620932277924361
3900566,Stade de Reims,Loss,0.5674603174603174,0.4877216916780355,0.3253968253968254,0.1541609822646657
3900571,Lorient,Draw,0.45982142857142855,0.404047976011994,0.2678571428571428,0.2443778110944527
3900571,Rennes,Draw,0.4883720930232558,0.4300807955251709,0.3209302325581395,0.307644499689248
3900573,Angers,Win,0.4728682170542636,0.4813172894236859,0.2015503875968992,0.1969601013299556
3900573,Caen,Loss,0.4908256880733945,0.4036697247706422,0.2110091743119266,0.2165137614678899
3900578,Lille,Draw,0.616580310880829,0.4954379562043796,0.2227979274611398,0.1231751824817518
3900578,OGC Nice,Draw,0.6272727272727273,0.5869565217391305,0.2727272727272727,0.1574440052700921
3900585,Paris Saint-Germain,Win,0.3763837638376384,0.5271285475792988,0.2619926199261992,0.2308013355592654
3900585,Toulouse,Loss,0.4857142857142857,0.5963923337091319,0.2857142857142857,
3900588,AS Monaco,Win,0.4830508474576271,0.5214007782101168,0.2033898305084746,0.1245136186770428
3900588,Lorient,Loss,0.5132075471698113,0.3987654320987654,0.2188679245283019,0.2401234567901234
3900594,Bordeaux,Draw,0.5454545454545454,0.5672025723472669,0.2943722943722944,0.1536977491961414
3900594,Nantes,Draw,0.5459459459459459,0.45261984392419174,0.2756756756756757,0.1315496098104793
3900602,Lorient,Win,0.5566037735849056,0.5273200346921075,0.240566037735849,0.0641803989592367
3900602,Stade de Reims,Loss,0.5111111111111111,0.6428065201984409,0.2740740740740741,0.0659107016300496
3900605,Bastia,Win,0.5193370165745856,0.40684931506849314,0.292817679558011,0.1178082191780822
3900605,Lyon,Loss,0.36879432624113473,0.5715795034337031,0.3120567375886525,0.1595351294241943
3900606,Nantes,Win,0.5451127819548872,0.5197060788243153,0.225563909774436,0.1162324649298597
3900606,Troyes,Loss,0.5748031496062992,0.5832298136645963,0.2204724409448819,0.0993788819875776
3900610,Marseille,Win,0.48412698412698413,0.5720691864189622,0.2619047619047619,0.1063420884048686
3900610,Montpellier,Loss,0.4358974358974359,0.40601503759398494,0.2564102564102564,0.3116123642439431
3900614,Caen,Loss,0.4803921568627451,0.4369918699186992,0.2401960784313725,0.1371951219512195
3900614,Lille,Win,0.504,0.42764705882352944,0.236,0.2576470588235294
3900619,Rennes,Loss,0.497907949790795,0.5256024096385542,0.2845188284518828,0.1325301204819276
3900619,Saint-Étienne,Win,0.5836909871244635,0.4340028694404591,0.3047210300429184,0.2661406025824964
3900620,Caen,Loss,0.5113122171945701,0.4888152444076222,0.2669683257918552,0.1772990886495442
3900620,Stade de Reims,Win,0.5787037037037037,0.5451358457493427,0.2638888888888889,0.2629272567922874
3900623,Lorient,Draw,0.5362903225806451,0.5291666666666667,0.2459677419354838,
3900623,Montpellier,Draw,0.43911439114391143,0.44030808729139925,0.2509225092250922,0.3408215661103979
3900624,Angers,Loss,0.5307262569832403,0.36236236236236236,0.2122905027932961,0.2292292292292292
3900624,Lyon,Win,0.3969465648854962,0.4891732283464567,0.2709923664122137,0.2450787401574803
3900628,Lille,Draw,0.4537037037037037,0.4477726574500768,0.2222222222222222,0.1927803379416282
3900628,Rennes,Draw,0.4976958525345622,0.5123251165889408,0.2857142857142857,0.2085276482345103
3900630,Angers,Loss,0.4124293785310734,0.4186046511627907,0.2146892655367231,0.208078335373317
3900630,Rennes,Win,0.36162361623616235,0.5558468799160986,0.3431734317343173,0.2165705296276874
3901150,Marseille,Draw,0.4955357142857143,0.5793829947328819,0.2276785714285714,0.0647103085026335
3901150,Saint-Étienne,Draw,0.5066666666666667,0.44907407407407407,0.2533333333333333,0.261574074074074
3901151,Lille,Win,0.4595959595959596,0.4871559633027523,0.207070707070707,0.1192660550458715
3901151,Lyon,Loss,0.5405405405405406,0.6080441640378549,0.2747747747747748,0.0820189274447949
3901161,Caen,Win,0.5360824742268041,0.3843137254901961,0.2731958762886597,0.1686274509803921
3901161,Saint-Étienne,Loss,0.4897959183673469,0.5208462974486621,0.2489795918367346,0.18606098319850642
3901172,Bastia,Draw,0.4730290456431535,0.5552865213882163,0.2323651452282157,0.1033091202582728
3901172,Nantes,Draw,0.5474137931034483,0.5078318219291014,0.293103448275862,0.1277823577906018
3901174,AS Monaco,Draw,0.5,0.5615384615384615,0.2247706422018348,0.1034188034188034
3901174,Stade de Reims,Draw,0.5324675324675324,0.6117969821673526,0.3116883116883117,0.102880658436214
3901177,Bastia,Loss,0.4611872146118721,0.5129924559932942,0.228310502283105,0.0888516345347862
3901177,Lille,Win,0.48132780082987553,0.4262640449438202,0.2074688796680498,0.2219101123595505
3901184,Marseille,Loss,0.4696969696969697,0.5861182519280206,0.2840909090909091,0.1059125964010282
3901184,Rennes,Win,0.5056179775280899,0.5284757118927973,0.196629213483146,0.0862646566164153
3901192,Bastia,Draw,0.55,0.47904191616766467,0.2423076923076923,0.3359946773120425
3901192,Bordeaux,Draw,0.4175257731958763,0.39198036006546644,0.2216494845360824,0.2242225859247135
3901193,AS Monaco,Win,0.48333333333333334,0.5577557755775577,0.2611111111111111,
3901193,Paris Saint-Germain,Loss,0.36363636363636365,0.5324092947411333,0.2727272727272727,0.1883408071748878
3901197,Guingamp,Draw,0.5933014354066986,0.5055045871559632,0.3492822966507177,
3901197,Montpellier,Draw,0.45041322314049587,0.48627450980392156,0.3140495867768595,0.3239215686274509
3901198,Angers,Win,0.5182186234817814,0.42518518518518517,0.2186234817813765,0.2385185185185185
3901198,Troyes,Loss,0.4037735849056604,0.5756410256410256,0.2264150943396226,0.1089743589743589
3901203,Lille,Win,0.5144230769230769,0.38227394807520143,0.2115384615384615,0.2300805729632945
3901203,Nantes,Loss,0.5634328358208955,0.5512104283054003,0.2723880597014925,0.0881440099317194
3901209,Angers,Draw,0.5198412698412699,0.5407142857142857,0.2738095238095238,0.1835714285714285
3901209,Gazélec Ajaccio,Draw,0.4672489082969432,0.4872013651877133,0.2882096069868995,
3901211,Bordeaux,Draw,0.48633879781420764,0.410288582183187,0.2568306010928962,0.1292346298619823
3901211,Marseille,Draw,0.5451505016722408,0.6441162458313483,0.2876254180602006,0.0948070509766555
3901215,Gazélec Ajaccio,Loss,0.5485436893203883,0.5398655139289145,0.2524271844660194,
3901215,Lille,Win,0.4689922480620155,0.47674418604651164,0.2403100775193798,0.2166462668298653
3901222,Montpellier,Win,0.48672566371681414,0.3795379537953795,0.2212389380530973,0.32920792079207906
3901222,Nantes,Loss,0.4847328244274809,0.6069900142653353,0.2938931297709923,0.0763195435092724
3901225,Lyon,Win,0.47307692307692306,0.4077906269020085,0.3423076923076923,0.2574558734023128
3901225,Toulouse,Loss,0.5,0.4587628865979381,0.2010309278350515,0.1391752577319587
3901229,Caen,Draw,0.45217391304347826,0.44363636363636366,0.2782608695652174,0.2227272727272727
3901229,Guingamp,Draw,0.4827586206896552,0.6067488643737833,0.2873563218390804,
3901230,Bastia,Loss,0.592741935483871,0.5981697171381032,0.2862903225806452,0.0973377703826955
3901230,Gazélec Ajaccio,Win,0.5694444444444444,0.39783001808318263,0.25,0.2811934900542494
3901235,Gazélec Ajaccio,Loss,0.5263157894736842,0.5280898876404494,0.2631578947368421,
3901235,Lyon,Win,0.521594684385382,0.5493025493025493,0.3222591362126246,0.2169312169312169
3901238,AS Monaco,Win,0.5278969957081545,0.5972644376899696,0.2532188841201717,0.0927051671732522
3901238,Guingamp,Loss,0.4583333333333333,0.61865189289012,0.28125,
3901240,Lille,Win,0.44398340248962653,0.3840224246671338,0.2531120331950207,0.2718990889978976
3901240,Lorient,Loss,0.5486111111111112,0.6139727649496743,0.2465277777777778,
3901245,Bordeaux,Win,0.42990654205607476,0.4334170854271357,0.2336448598130841,0.2229899497487437
3901245,Lorient,Loss,0.4909090909090909,0.5863799283154122,0.2590909090909091,
3901262,Bordeaux,Loss,0.41015625,0.5637931034482758,0.33203125,0.1563218390804597
3901262,Caen,Win,0.5303030303030303,0.4479638009049774,0.2373737373737373,0.1909502262443438
3901736,Australia Women's,Win,0.45263157894736844,0.5974683544303797,0.2263157894736842,
3901736,Denmark Women's,Loss,0.5175438596491229,0.7015425888665325,0.3157894736842105,0.0865191146881287
3902968,Australia Women's,Draw,0.5515695067264574,0.5838150289017341,0.358744394618834,
3902968,France Women's,Draw,0.5630252100840336,0.5707350901525658,0.2226890756302521,
3904629,Australia Women's,Loss,0.6276595744680851,0.6287367405978785,0.3191489361702128,
3904629,England Women's,Win,0.5412371134020618,0.7126995142262318,0.4484536082474227,0.08535739070090209
3920384,Côte d'Ivoire,Win,0.5321100917431193,0.5768098881695115,0.2431192660550458,0.1612713360800471
3920384,Guinea-Bissau,Loss,0.45901639344262296,0.5421245421245421,0.2295081967213114,0.1666666666666666
3920389,Cameroon,Draw,0.48497854077253216,0.6338418862690708,0.2703862660944206,0.1199722607489597
3920389,Guinea,Draw,0.3880597014925373,0.4828150572831424,0.3134328358208955,0.0621931260229132
3920399,Cape Verde Islands,Win,0.4451219512195122,0.4946236559139785,0.2134146341463414,0.1912442396313364
3920399,Mozambique,Loss,0.4782608695652174,0.7276720351390923,0.3719806763285024,0.1295754026354319
3920413,Cameroon,Win,0.5028571428571429,0.6454720616570327,0.2685714285714285,0.0221579961464354
3920413,Gambia,Loss,0.4161490683229814,0.4853932584269663,0.2670807453416149,0.1235955056179775
3920414,Angola,Win,0.49743589743589745,0.4784899034240562,0.2205128205128205,0.19666374012291482
3920414,Burkina Faso,Loss,0.41201716738197425,0.5727069351230425,0.3476394849785407,0.1200596569724086
3920415,Algeria,Loss,0.44129554655870445,0.6736543909348441,0.2712550607287449,0.0815864022662888
3920415,Mauritania,Win,0.484375,0.4317789291882556,0.234375,0.11053540587219329
3920417,Mali,Draw,0.544973544973545,0.6985507246376812,0.3333333333333333,0.0239130434782608
3920417,Namibia,Draw,0.6277372262773723,0.3753581661891118,0.291970802919708,0.157593123209169
3922240,Congo DR,Draw,0.5021459227467812,0.6330708661417322,0.3390557939914163,0.0779527559055118
3922240,Egypt,Draw,0.44214876033057854,0.5252651278852152,0.3677685950413223,0.1640673736743605
3922242,Côte d'Ivoire,Draw,0.5054545454545455,0.6650353452963567,0.2981818181818181,0.085916258836324
3922242,Senegal,Draw,0.49344978165938863,0.6379440665154951,0.388646288209607,
3922838,Congo DR,Loss,0.4647058823529412,0.6232718894009217,0.3117647058823529,0.0483870967741935
3922838,Côte d'Ivoire,Win,0.5439560439560439,0.5255972696245734,0.3076923076923077,0.1621160409556313
3930168,Germany,Win,0.3559322033898305,0.6628165259884495,0.3008474576271186,0.0715237672145713
3930168,Hungary,Loss,0.6319444444444444,0.6248648648648648,0.3541666666666667,0.214054054054054
3930169,Scotland,Draw,0.48175182481751827,0.746031746031746,0.3722627737226277,0.0696649029982363
3930169,Switzerland,Draw,0.6020942408376964,0.689928628072958,0.4450261780104712,0.0602696272799365
3930170,Serbia,Draw,0.5738396624472574,0.772887323943662,0.4894514767932489,0.1185446009389671
3930170,Slovenia,Draw,0.5,0.6198054818744474,0.2717391304347826,0.0185676392572944
3930182,Denmark,Draw,0.3737864077669903,0.7122724603640634,0.3398058252427184,0.186729301233118
3930182,Serbia,Draw,0.4377880184331797,0.709563994374121,0.3686635944700461,0.0625879043600562
3930183,Romania,Draw,0.474025974025974,0.5492125984251969,0.2727272727272727,0.1161417322834645
3930183,Slovakia,Draw,0.46153846153846156,0.5835205992509364,0.4358974358974359,0.1730337078651685
3930184,Czech Republic,Loss,0.42948717948717946,0.6212534059945504,0.2884615384615384,0.1471389645776566
3930184,Turkey,Win,0.4256410256410256,0.5914948453608248,0.2512820512820513,0.1011597938144329
3938645,Belgium,Draw,0.4854368932038835,0.5985235661555934,0.2233009708737864,0.1186825667234525
3938645,Ukraine,Draw,0.3090909090909091,0.5969615728328865,0.3818181818181818,0.1876675603217158
3939975,Colombia,Win,0.4142857142857143,0.5372733378106112,0.2714285714285714,0.3317662860980523
3939975,Paraguay,Loss,0.5515151515151515,0.5069252077562327,0.2484848484848484,0.1606648199445982
3939981,Panama,Win,0.45,0.7617910447761194,0.4,0.0041791044776119
3939981,United States,Loss,0.44776119402985076,0.5607142857142857,0.3059701492537313,0.1410714285714285
3939985,Canada,Draw,0.4368932038834951,0.6828125,0.3106796116504854,0.06484375
3939985,Chile,Draw,0.47953216374269003,0.6417582417582418,0.2807017543859649,0.0208791208791208
3940878,Italy,Loss,0.38071065989847713,0.6783216783216783,0.299492385786802,0.10298792116973919
3940878,Switzerland,Win,0.4666666666666667,0.7322640345465762,0.3487179487179487,0.1640962368908081
3941017,England,Win,0.48109965635738833,0.6994625878462174,0.281786941580756,0.0549813972715998
3941017,Slovakia,Loss,0.41203703703703703,0.5937931034482758,0.3101851851851852,0.1227586206896551
3942226,Germany,Loss,0.5379310344827586,0.624315443592552,0.2413793103448276,0.0805038335158817
3942226,Spain,Win,0.39768339768339767,0.4725787631271879,0.2123552123552123,0.1890315052508751
3942227,England,Draw,0.4307692307692308,0.7149735194992778,0.35,0.208955223880597
3942227,Switzerland,Draw,0.4391304347826087,0.7596938775510204,0.4913043478260869,0.1316326530612244
3942228,Argentina,Draw,0.44666666666666666,0.6403197158081705,0.3133333333333333,
3942228,Ecuador,Draw,0.4967741935483871,0.6278643446379468,0.3677419354838709,0.1063244729605866
3943077,Argentina,Win,0.4163265306122449,0.533288948069241,0.2122448979591836,0.0758988015978695
3943077,Colombia,Loss,0.3828996282527881,0.4922737306843267,0.2490706319702602,0.3631346578366445
3998836,Iceland Women's,Loss,0.6439024390243903,0.5319148936170213,0.3024390243902439,0.1063829787234041
3998836,WNT Finland,Win,0.47297297297297297,0.548413344182262,0.2747747747747748,0.2839707078925955
3998844,Iceland Women's,Loss,0.524390243902439,0.5266418835192069,0.2560975609756097,0.1065675340768277
3998844,Switzerland Women's,Win,0.55,0.5860262008733624,0.29,0.1475982532751091
3998852,Switzerland Women's,Draw,0.6612021857923497,0.6400613967766692,0.3278688524590163,0.1105141980046046
3998852,WNT Finland,Draw,0.5314285714285715,0.6518624641833811,0.3085714285714285,0.0931232091690544
3998854,Belgium Women's,Win,0.46706586826347307,0.5311804008908686,0.3173652694610778,0.1770601336302895
3998854,Portugal Women's,Loss,0.48756218905472637,0.5742574257425742,0.3880597014925373,0.2574257425742573
4018354,Italy Women's,Win,0.41798941798941797,0.5224006762468301,0.3227513227513227,0.1918850380388841
4018354,Norway Women's,Loss,0.5748502994011976,0.5177434030937216,0.3353293413173652,0.1383075523202911
4018355,England Women's,Draw,0.5445205479452054,0.5658212560386473,0.2945205479452055,0.1352657004830917
4018355,Sweden Women's,Draw,0.5215686274509804,0.5103324348607368,0.2039215686274509,0.0898472596585804
